iteration,total,hold_success,dropped,time_out,r_face_alignment,r_hold_bonus,r_dropped_penalty,mean_reward,mean_ep_len,iter_time_s,steps_per_s,invalid_state,r_hold_progress,r_grasp_contact,r_excess_force,r_joint_limits,value_loss,surrogate_loss,action_std
699,3199,0.0,0.3586,0.0296,0.0207,0.0,-0.1908,-3.54,14.26,1.75,56230.0,0.0,0.0001,0.0013,-0.0003,-0.0023,8.7706,0.0404,1.15
700,3199,0.0,0.7102,0.0387,0.0361,0.0,-0.2001,-3.55,17.32,0.79,123849.0,0.0,0.0008,0.004,-0.0004,-0.0056,3.6446,0.0143,1.15
701,3199,0.0116,0.7759,0.0378,0.0602,0.074,-0.1861,-2.28,26.92,0.77,126911.0,0.0,0.0204,0.0075,-0.0005,-0.0106,3.5961,0.0047,1.15
702,3199,0.0464,0.8069,0.0354,0.0745,0.1121,-0.1802,-2.32,26.82,0.78,126815.0,0.0,0.0306,0.0089,-0.0006,-0.0133,3.2248,0.0022,1.15
703,3199,0.0566,0.8245,0.0359,0.0769,0.1021,-0.1818,-2.56,28.06,0.79,125184.0,0.0,0.0291,0.0101,-0.0013,-0.0155,2.875,-0.0006,1.15
704,3199,0.0622,0.8401,0.0362,0.0814,0.0976,-0.1821,-0.54,37.79,0.77,127172.0,0.0,0.0282,0.0115,-0.0006,-0.0179,2.1676,-0.0056,1.15
705,3199,0.0688,0.8523,0.0361,0.09,0.1046,-0.1814,-2.37,32.12,0.75,130526.0,0.0,0.031,0.0127,-0.0006,-0.0201,1.9389,-0.0093,1.14
706,3199,0.072,0.8634,0.0365,0.0945,0.1079,-0.1796,-2.55,32.62,0.75,131022.0,0.0,0.033,0.0139,-0.0005,-0.022,1.6122,-0.0044,1.14
707,3199,0.0752,0.8733,0.0366,0.0911,0.101,-0.1823,-1.24,43.96,0.74,132381.0,0.0,0.0309,0.0138,-0.0007,-0.0223,1.5547,-0.0061,1.14
708,3199,0.077,0.8835,0.0351,0.1032,0.1046,-0.1807,-1.66,46.18,0.79,124119.0,0.0,0.0312,0.0157,-0.0007,-0.0259,1.2594,-0.0061,1.14
709,3199,0.078,0.8561,0.0663,0.1502,0.0781,-0.1451,-1.44,71.84,0.79,124240.0,0.0,0.0249,0.0322,-0.0006,-0.0571,1.3567,-0.0072,1.14
710,3199,0.0792,0.8217,0.0991,0.1251,0.0605,-0.1589,-2.58,67.38,0.76,128888.0,0.0,0.0208,0.026,-0.0009,-0.0465,1.3912,-0.0067,1.14
711,3199,0.0773,0.8153,0.1074,0.1098,0.0649,-0.1652,-2.68,72.64,0.76,128732.0,0.0,0.0203,0.0223,-0.0004,-0.0391,1.3991,-0.0102,1.14
712,3199,0.0702,0.8127,0.1171,0.1118,0.0652,-0.1653,-2.9,48.67,0.79,123662.0,0.0,0.0205,0.0231,-0.0005,-0.0396,1.3598,-0.0043,1.14
713,3199,0.073,0.8105,0.1165,0.0989,0.0778,-0.1689,-1.21,52.27,0.77,128140.0,0.0,0.0227,0.0199,-0.0004,-0.0339,1.3103,-0.0073,1.14
714,3199,0.0797,0.8031,0.1172,0.1069,0.073,-0.1683,-2.12,48.06,0.76,129475.0,0.0,0.0229,0.0207,-0.0005,-0.0364,1.319,-0.007,1.14
715,3199,0.0791,0.8055,0.1154,0.0982,0.0737,-0.1701,-2.56,53.94,0.81,121014.0,0.0,0.0225,0.0204,-0.0005,-0.0356,1.2119,-0.0067,1.14
716,3199,0.0786,0.8055,0.1159,0.1051,0.093,-0.1666,-2.0,51.59,0.78,125740.0,0.0,0.0278,0.0209,-0.0006,-0.0352,1.1851,-0.011,1.14
717,3199,0.0803,0.8009,0.1189,0.1077,0.0882,-0.165,-1.58,58.86,0.74,132963.0,0.0,0.0268,0.0214,-0.0004,-0.0365,1.0634,-0.0118,1.13
718,3199,0.0784,0.7951,0.1267,0.103,0.0897,-0.1644,-2.55,48.69,0.77,128311.0,0.0,0.0257,0.0211,-0.0007,-0.0361,0.945,-0.0112,1.13
719,3199,0.0794,0.7877,0.1332,0.1198,0.0911,-0.1557,-2.19,93.57,0.76,129522.0,0.0,0.0284,0.025,-0.0004,-0.0433,0.9201,-0.0114,1.13
720,3199,0.0789,0.7869,0.1344,0.1156,0.075,-0.1604,-1.42,69.78,0.75,130929.0,0.0,0.0248,0.0242,-0.0005,-0.0433,0.8642,-0.0116,1.13
721,3199,0.0775,0.79,0.1327,0.1013,0.0743,-0.1669,-2.68,56.36,0.74,133399.0,0.0,0.0231,0.0219,-0.0007,-0.0376,0.9416,-0.0112,1.12
722,3199,0.0767,0.7902,0.1335,0.1124,0.0815,-0.1603,-1.97,72.68,0.74,133031.0,0.0,0.0251,0.0245,-0.0004,-0.0421,0.9677,-0.0127,1.12
723,3199,0.0733,0.7889,0.1383,0.1123,0.0774,-0.1619,-1.58,70.49,0.74,133580.0,0.0,0.0236,0.0235,-0.0005,-0.0412,0.8947,-0.0084,1.12
724,3199,0.0729,0.7842,0.1435,0.1062,0.077,-0.1591,-2.1,63.67,0.78,125944.0,0.0,0.024,0.0249,-0.0006,-0.0435,0.941,-0.0071,1.12
725,3199,0.0727,0.7804,0.1474,0.1034,0.065,-0.163,-2.89,63.99,0.76,129324.0,0.0,0.0195,0.0231,-0.0005,-0.0397,0.8561,-0.0118,1.12
726,3199,0.0728,0.7741,0.1534,0.1081,0.0838,-0.1602,-2.03,56.98,0.78,125699.0,0.0,0.0257,0.0235,-0.0008,-0.0406,0.8695,-0.0116,1.12
727,3199,0.0747,0.7748,0.1506,0.1059,0.0878,-0.1604,-1.98,63.27,0.81,120657.0,0.0,0.0249,0.023,-0.0006,-0.0401,0.8624,-0.0108,1.11
728,3199,0.0747,0.7761,0.1493,0.1127,0.081,-0.1595,-1.59,75.18,0.78,125838.0,0.0,0.0241,0.0242,-0.0007,-0.0426,0.8579,-0.0114,1.11
729,3199,0.0759,0.7756,0.1485,0.1011,0.0923,-0.1606,-2.49,45.92,0.75,131068.0,0.0,0.0263,0.0216,-0.0005,-0.0382,0.8614,-0.0121,1.11
730,3199,0.0736,0.7842,0.1422,0.1,0.0819,-0.1619,-1.86,57.74,0.78,125574.0,0.0,0.0237,0.0226,-0.0005,-0.0392,0.8353,-0.0121,1.11
731,3199,0.0744,0.7847,0.141,0.1075,0.0786,-0.162,-1.81,54.32,0.78,125670.0,0.0,0.0232,0.0234,-0.0005,-0.0415,0.7526,-0.0118,1.1
732,3199,0.0772,0.777,0.1458,0.1091,0.0885,-0.155,-2.09,53.6,0.76,129611.0,0.0,0.0254,0.0252,-0.0005,-0.0438,0.8068,-0.0113,1.1
733,3199,0.0778,0.7748,0.1474,0.1171,0.0882,-0.1564,-0.71,74.0,0.81,121891.0,0.0,0.0257,0.0251,-0.0007,-0.0433,0.8246,-0.0103,1.1
734,3199,0.08,0.7744,0.1456,0.1078,0.0801,-0.1609,-1.76,53.61,0.78,125522.0,0.0,0.0236,0.0238,-0.0008,-0.0398,0.8673,-0.0116,1.1
735,3199,0.0784,0.7796,0.142,0.1176,0.0746,-0.1588,-2.18,64.51,0.74,132211.0,0.0,0.0237,0.0257,-0.0007,-0.0441,0.8692,-0.0116,1.1
736,3199,0.0771,0.7745,0.1484,0.1128,0.0893,-0.1541,-2.57,54.91,0.75,131863.0,0.0,0.0257,0.0259,-0.0006,-0.0435,0.8356,-0.0129,1.1
737,3199,0.0774,0.7704,0.1522,0.1105,0.0872,-0.1553,-2.49,57.41,0.76,128677.0,0.0,0.0251,0.0247,-0.0004,-0.041,0.8218,-0.0114,1.09
738,3199,0.082,0.7645,0.1535,0.1095,0.0998,-0.1563,-1.8,55.85,0.75,131340.0,0.0,0.0283,0.0239,-0.0004,-0.0391,0.793,-0.0109,1.09
739,3199,0.086,0.7583,0.1557,0.1156,0.0942,-0.1541,-1.61,68.37,0.75,130978.0,0.0,0.0289,0.0256,-0.0008,-0.0425,0.8126,-0.0124,1.09
740,3199,0.0873,0.7534,0.1593,0.1142,0.0813,-0.1547,-2.35,60.18,0.77,127114.0,0.0,0.024,0.0261,-0.0007,-0.0432,0.7432,-0.0116,1.09
741,3199,0.0874,0.7536,0.159,0.119,0.0934,-0.1548,-2.1,69.12,0.76,129973.0,0.0,0.0269,0.0259,-0.0003,-0.0429,0.8011,-0.0109,1.09
742,3199,0.0851,0.7528,0.1621,0.1244,0.088,-0.1531,-1.76,72.76,0.82,119294.0,0.0,0.0261,0.0263,-0.0004,-0.0438,0.7907,-0.0122,1.09
743,3199,0.0872,0.7484,0.1644,0.1188,0.0927,-0.1547,-1.99,59.27,0.77,127886.0,0.0,0.0276,0.0256,-0.0006,-0.042,0.7139,-0.0122,1.08
744,3199,0.0922,0.7434,0.1644,0.122,0.0994,-0.1515,-1.47,74.34,0.74,133197.0,0.0,0.0293,0.0251,-0.0008,-0.0427,0.7421,-0.0128,1.08
745,3199,0.0919,0.7357,0.1724,0.1207,0.089,-0.1508,-2.94,73.26,0.75,131045.0,0.0,0.026,0.027,-0.0004,-0.0451,0.6773,-0.0122,1.08
746,3199,0.0906,0.742,0.1675,0.1162,0.0943,-0.1546,-1.15,68.99,0.79,124098.0,0.0,0.0274,0.0246,-0.0003,-0.0408,0.7042,-0.0126,1.08
747,3199,0.0889,0.7389,0.1725,0.1226,0.0854,-0.149,-1.91,65.83,0.76,129468.0,0.0,0.0244,0.0285,-0.0006,-0.0478,0.7481,-0.0109,1.08
748,3199,0.0896,0.7361,0.1745,0.1309,0.102,-0.1471,-0.36,82.22,0.77,127403.0,0.0,0.0308,0.0276,-0.0006,-0.0459,0.7188,-0.0128,1.08
749,3199,0.0905,0.7345,0.1752,0.1212,0.1085,-0.1483,-0.67,68.95,0.81,121138.0,0.0,0.0328,0.0261,-0.0004,-0.0423,0.7092,-0.0114,1.08
750,3199,0.0896,0.729,0.1817,0.128,0.0841,-0.149,-1.78,69.09,0.79,124065.0,0.0,0.0266,0.0279,-0.0019,-0.0459,0.7236,-0.0102,1.07
751,3199,0.0862,0.7252,0.1889,0.1239,0.0886,-0.1484,-1.36,83.78,0.76,129262.0,0.0,0.027,0.0272,-0.0007,-0.0451,0.7013,-0.011,1.07
752,3199,0.0895,0.7155,0.1954,0.1239,0.1093,-0.1457,-1.5,74.33,0.76,129636.0,0.0,0.0313,0.0269,-0.0007,-0.0448,0.7017,-0.0124,1.07
753,3199,0.0897,0.7151,0.1958,0.1311,0.0978,-0.1484,-1.2,96.06,0.76,129722.0,0.0,0.0306,0.0271,-0.0005,-0.0452,0.6987,-0.0129,1.07
754,3199,0.0902,0.7131,0.1972,0.1286,0.1172,-0.1473,-1.02,63.87,0.78,125231.0,0.0,0.0343,0.0268,-0.0004,-0.0442,0.701,-0.011,1.07
755,3199,0.0899,0.7131,0.1974,0.124,0.0908,-0.1487,-1.89,69.52,0.79,125127.0,0.0,0.0269,0.0272,-0.0005,-0.0452,0.6927,-0.0113,1.07
756,3199,0.0941,0.702,0.2042,0.1309,0.0946,-0.1446,-2.54,72.65,0.8,122434.0,0.0,0.0278,0.0286,-0.0007,-0.049,0.6845,-0.0124,1.06
757,3199,0.0924,0.6993,0.2085,0.1218,0.093,-0.1458,-0.91,88.99,0.76,129939.0,0.0,0.0272,0.028,-0.0005,-0.0459,0.6542,-0.0122,1.06
758,3199,0.0926,0.7019,0.2057,0.1218,0.0945,-0.1509,-1.88,74.19,0.74,133218.0,0.0,0.027,0.0275,-0.0003,-0.0442,0.7236,-0.0117,1.06
759,3199,0.0964,0.6969,0.2069,0.1309,0.1102,-0.1438,-2.54,61.46,0.75,130574.0,0.0,0.0314,0.0282,-0.0006,-0.0469,0.6632,-0.0115,1.06
760,3199,0.1003,0.6961,0.2039,0.1336,0.1148,-0.1408,-1.11,92.05,0.77,127591.0,0.0,0.0341,0.0291,-0.0005,-0.047,0.6442,-0.0118,1.06
761,3199,0.1034,0.6938,0.2032,0.1364,0.0954,-0.1446,-0.72,85.71,0.76,128796.0,0.0,0.0303,0.0295,-0.0006,-0.0505,0.6048,-0.0115,1.06
762,3199,0.1029,0.6939,0.2034,0.1352,0.1133,-0.1404,-0.8,75.46,0.74,132664.0,0.0,0.0339,0.0292,-0.0006,-0.0496,0.6848,-0.0119,1.05
763,3199,0.105,0.6917,0.2033,0.1219,0.105,-0.1455,-2.07,67.2,0.77,127926.0,0.0,0.0303,0.0277,-0.0005,-0.0448,0.6655,-0.0125,1.05
764,3199,0.1013,0.692,0.2066,0.1277,0.1016,-0.1438,-1.5,95.65,0.77,127057.0,0.0,0.0299,0.0284,-0.0004,-0.0481,0.69,-0.012,1.05
765,3199,0.1014,0.6885,0.2102,0.1284,0.1105,-0.142,-1.06,87.19,0.75,131569.0,0.0,0.032,0.0289,-0.0005,-0.0481,0.6566,-0.0111,1.05
766,3199,0.1024,0.6851,0.2125,0.1445,0.1175,-0.1384,-0.67,64.98,0.73,134784.0,0.0,0.0347,0.0296,-0.0005,-0.0506,0.6325,-0.0138,1.05
767,3199,0.1062,0.6872,0.2066,0.1261,0.092,-0.145,-2.74,63.76,0.75,130410.0,0.0,0.0278,0.0282,-0.0007,-0.0485,0.6802,-0.0133,1.05
768,3199,0.1038,0.6893,0.2069,0.1343,0.0945,-0.1461,-0.49,72.4,0.74,133505.0,0.0,0.0276,0.0288,-0.0005,-0.0487,0.6381,-0.012,1.04
769,3199,0.1028,0.6851,0.2121,0.1413,0.1183,-0.1401,-0.4,84.74,0.73,134758.0,0.0,0.0327,0.0293,-0.0006,-0.0492,0.6435,-0.0122,1.04
770,3199,0.1017,0.6833,0.215,0.1342,0.1012,-0.1415,-0.47,72.49,0.74,132474.0,0.0,0.0291,0.0297,-0.0005,-0.0503,0.6337,-0.0134,1.04
771,3199,0.1032,0.6791,0.2177,0.1456,0.119,-0.137,-1.52,71.44,0.76,129141.0,0.0,0.0343,0.0316,-0.0006,-0.0522,0.6809,-0.0124,1.04
772,3199,0.1014,0.6839,0.2148,0.1375,0.1161,-0.1403,-0.98,91.55,0.74,133725.0,0.0,0.0338,0.0287,-0.0007,-0.0474,0.6889,-0.0115,1.04
773,3199,0.1038,0.6805,0.2158,0.1347,0.116,-0.1414,-1.09,78.81,0.77,126857.0,0.0,0.0341,0.0292,-0.0005,-0.048,0.632,-0.0128,1.03
774,3199,0.1035,0.6849,0.2115,0.133,0.109,-0.147,-2.29,62.41,0.73,135183.0,0.0,0.0332,0.027,-0.0006,-0.0436,0.6309,-0.012,1.03
775,3199,0.1017,0.6851,0.2132,0.1385,0.1113,-0.1413,-1.41,82.57,0.73,134847.0,0.0,0.0333,0.0298,-0.0004,-0.0482,0.5822,-0.0126,1.03
776,3199,0.1031,0.6813,0.2156,0.1333,0.1143,-0.1385,-1.51,67.23,0.79,125223.0,0.0,0.0316,0.0296,-0.0004,-0.0505,0.5856,-0.011,1.03
777,3199,0.1046,0.682,0.2134,0.1341,0.1198,-0.138,-2.03,74.65,0.78,126734.0,0.0,0.0333,0.0302,-0.0004,-0.049,0.6146,-0.011,1.03
778,3199,0.104,0.6824,0.2136,0.1356,0.1055,-0.1413,-1.76,87.77,0.76,130067.0,0.0,0.0312,0.0297,-0.0009,-0.0472,0.6276,-0.013,1.03
779,3199,0.1037,0.6864,0.2101,0.1417,0.1232,-0.1391,-0.89,75.39,0.81,121773.0,0.0,0.0356,0.0293,-0.0007,-0.0483,0.5966,-0.0129,1.03
780,3199,0.1054,0.6829,0.2121,0.1399,0.1167,-0.1353,-0.67,74.45,0.81,121063.0,0.0,0.0356,0.0316,-0.0004,-0.0522,0.672,-0.0112,1.03
781,3199,0.1059,0.6788,0.2158,0.1439,0.1104,-0.1333,-2.16,66.69,0.75,131265.0,0.0,0.033,0.0322,-0.0003,-0.0515,0.5962,-0.0122,1.03
782,3199,0.1076,0.6726,0.2203,0.1296,0.107,-0.1384,-0.58,79.58,0.76,130040.0,0.0,0.0315,0.0301,-0.0004,-0.049,0.6375,-0.0109,1.03
783,3199,0.1113,0.67,0.2192,0.1318,0.1133,-0.1442,-1.59,70.37,0.72,135874.0,0.0,0.0332,0.0273,-0.0005,-0.0456,0.6478,-0.0123,1.02
784,3199,0.1144,0.6646,0.2216,0.145,0.1245,-0.133,-1.3,86.78,0.73,134718.0,0.0,0.0366,0.0312,-0.0006,-0.0509,0.6789,-0.013,1.02
785,3199,0.1152,0.6588,0.2265,0.136,0.1258,-0.1367,-1.49,75.12,0.73,135176.0,0.0,0.035,0.0299,-0.0005,-0.0488,0.8076,-0.0091,1.02
786,3199,0.1157,0.656,0.2288,0.1399,0.1195,-0.1337,-1.97,77.1,0.72,136095.0,0.0,0.0344,0.0312,-0.0005,-0.0505,0.6253,-0.0127,1.02
787,3199,0.1152,0.6585,0.2269,0.1345,0.1179,-0.1396,-0.39,90.04,0.73,134512.0,0.0,0.0335,0.0289,-0.0006,-0.0484,1.403,-0.004,1.02
788,3199,0.1166,0.6561,0.228,0.1439,0.1241,-0.1359,-0.64,76.59,0.77,128247.0,0.0,0.0384,0.0309,-0.0006,-0.0509,0.634,-0.0128,1.02
789,3199,0.115,0.6561,0.2293,0.14,0.1165,-0.1365,-0.4,77.23,0.76,129893.0,0.0,0.0325,0.0301,-0.0005,-0.0506,0.6368,-0.0125,1.02
790,3199,0.1134,0.6607,0.226,0.1348,0.1185,-0.1383,-1.44,77.74,0.73,134885.0,0.0,0.0341,0.0295,-0.0004,-0.0493,0.6404,-0.0116,1.02
791,3199,0.1145,0.6627,0.2228,0.1351,0.1194,-0.134,-3.9,78.15,0.77,127292.0,0.0,0.0343,0.0296,-0.0005,-0.0486,1.0667,-0.0081,1.02
792,3199,0.1138,0.6635,0.2227,0.1354,0.1134,-0.1355,-1.27,76.42,0.79,123815.0,0.0,0.0329,0.0313,-0.0009,-0.0505,0.6821,-0.009,1.01
793,3199,0.1145,0.6588,0.2267,0.1394,0.1139,-0.1372,-0.46,98.33,0.75,130937.0,0.0,0.0318,0.0302,-0.0007,-0.0495,0.6806,-0.008,1.01
794,3199,0.1143,0.6569,0.229,0.1437,0.1298,-0.1308,-0.24,82.98,0.76,128944.0,0.0,0.0361,0.0316,-0.0004,-0.0519,0.6156,-0.0123,1.01
795,3199,0.1171,0.6518,0.2314,0.1449,0.1263,-0.1306,-1.92,83.28,0.74,132216.0,0.0,0.0348,0.0315,-0.0006,-0.0513,0.6847,-0.0121,1.01
796,3199,0.1156,0.6516,0.2331,0.1404,0.111,-0.1345,-2.7,67.88,0.75,130801.0,0.0,0.031,0.0303,-0.0004,-0.0501,0.8373,-0.0082,1.01
797,3199,0.1134,0.649,0.2378,0.1379,0.1026,-0.1368,-1.22,73.23,0.76,128977.0,0.0,0.03,0.0294,-0.0006,-0.0481,0.6063,-0.0124,1.01
798,3199,0.1114,0.6437,0.2452,0.1549,0.1236,-0.1279,-0.82,85.1,0.74,132745.0,0.0,0.0359,0.0333,-0.0006,-0.0549,0.6363,-0.0099,1.01
799,3199,0.1161,0.6378,0.2463,0.1429,0.1181,-0.1331,-1.83,74.59,0.73,133829.0,0.0,0.033,0.0305,-0.0004,-0.0502,0.6461,-0.0089,1.01
800,3199,0.1149,0.6348,0.2508,0.1482,0.1201,-0.1314,-0.94,78.81,0.76,129744.0,0.0,0.0337,0.0323,-0.0006,-0.0517,0.6082,-0.0125,1.01
801,3199,0.1141,0.6366,0.2498,0.1463,0.113,-0.1333,-1.26,99.74,0.74,133075.0,0.0,0.0334,0.0314,-0.0006,-0.0505,0.6318,-0.0082,1.01
802,3199,0.1139,0.637,0.2496,0.1514,0.1286,-0.13,-0.34,82.98,0.72,135653.0,0.0,0.0389,0.0309,-0.0004,-0.0505,0.627,-0.0082,1.01
803,3199,0.1129,0.6364,0.2512,0.1492,0.1074,-0.1335,-1.58,86.85,0.72,136353.0,0.0,0.0321,0.0316,-0.0005,-0.0509,0.6219,-0.0124,1.0
804,3199,0.1118,0.6392,0.2494,0.1447,0.1161,-0.1318,-1.29,79.85,0.73,134752.0,0.0,0.033,0.031,-0.0003,-0.05,0.6499,-0.013,1.0
805,3199,0.1153,0.636,0.2491,0.1504,0.129,-0.1307,-0.98,69.53,0.73,134456.0,0.0,0.036,0.0322,-0.0007,-0.0506,0.6707,-0.0136,1.0
806,3199,0.1158,0.6341,0.2506,0.1382,0.1138,-0.1318,-1.47,68.92,0.75,130462.0,0.0,0.0329,0.0314,-0.0004,-0.0489,0.6597,-0.0084,1.0
807,3199,0.1168,0.6376,0.2462,0.1461,0.1138,-0.1355,-0.49,77.6,0.77,127006.0,0.0,0.0336,0.0295,-0.0006,-0.0483,0.6505,-0.0079,1.0
808,3199,0.113,0.644,0.2436,0.1543,0.1112,-0.1307,-0.24,95.96,0.81,121702.0,0.0,0.0329,0.0326,-0.0004,-0.0535,0.6173,-0.0127,1.0
809,3199,0.1123,0.6427,0.2457,0.1508,0.104,-0.1331,-0.89,93.73,0.77,127531.0,0.0,0.0312,0.032,-0.0008,-0.05,0.7214,-0.0111,1.0
810,3199,0.1164,0.6368,0.2473,0.1402,0.1335,-0.1303,-0.95,74.74,0.77,127529.0,0.0,0.0375,0.0304,-0.0004,-0.0473,0.6727,-0.0127,1.0
811,3199,0.1154,0.6364,0.2484,0.1436,0.1148,-0.1372,-0.93,94.46,0.74,132155.0,0.0,0.0333,0.0306,-0.0006,-0.0477,0.7195,-0.011,0.99
812,3199,0.116,0.6365,0.2478,0.1431,0.1172,-0.1343,-1.22,65.86,0.74,133160.0,0.0,0.0327,0.0303,-0.0006,-0.047,0.6893,-0.0134,0.99
813,3199,0.1139,0.6413,0.245,0.1477,0.1182,-0.129,-0.66,78.46,0.74,132913.0,0.0,0.0335,0.0324,-0.0003,-0.0505,0.6886,-0.012,0.99
814,3199,0.1112,0.6382,0.2507,0.1515,0.1339,-0.1306,-1.17,74.35,0.75,131794.0,0.0,0.0391,0.0318,-0.0004,-0.0493,0.7151,-0.0107,0.99
815,3199,0.1161,0.634,0.2499,0.1612,0.1503,-0.126,-0.65,74.08,0.75,131882.0,0.0,0.0429,0.0318,-0.0004,-0.0498,0.8264,-0.0083,0.99
816,3199,0.1202,0.6289,0.2509,0.1689,0.1429,-0.1276,-0.24,90.75,0.76,128800.0,0.0,0.0403,0.0331,-0.0006,-0.0519,0.6759,-0.0126,0.99
817,3199,0.1202,0.6282,0.2518,0.1479,0.1143,-0.1319,-1.49,88.31,0.76,129768.0,0.0,0.0336,0.0321,-0.0005,-0.0515,0.7789,-0.013,0.99
818,3199,0.12,0.6302,0.2501,0.1455,0.1338,-0.1325,-0.43,79.25,0.72,136114.0,0.0,0.0377,0.0312,-0.0008,-0.0494,0.7073,-0.0104,0.99
819,3199,0.1217,0.6331,0.2456,0.15,0.1234,-0.1325,-1.42,75.99,0.74,133722.0,0.0,0.0353,0.0304,-0.0006,-0.0494,0.6676,-0.0085,0.99
820,3199,0.1209,0.6317,0.2478,0.1547,0.1417,-0.13,-0.2,85.01,0.76,129444.0,0.0,0.0396,0.0317,-0.0004,-0.0487,0.6841,-0.0123,0.98
821,3199,0.1233,0.6337,0.2432,0.1511,0.126,-0.1339,-0.65,67.93,0.78,126495.0,0.0,0.0375,0.03,-0.0005,-0.0477,1.078,-0.0084,0.98
822,3199,0.1242,0.6317,0.2443,0.1551,0.1389,-0.1274,-1.04,62.03,0.77,127622.0,0.0,0.0391,0.0331,-0.0006,-0.0515,0.7513,-0.0128,0.98
823,3199,0.1225,0.63,0.2478,0.1638,0.1244,-0.1259,-0.11,86.59,0.77,128329.0,0.0,0.0375,0.0348,-0.0006,-0.0543,0.6606,-0.0128,0.98
824,3199,0.1214,0.6267,0.2521,0.1553,0.1222,-0.1314,-0.06,92.56,0.75,130267.0,0.0,0.0341,0.0313,-0.0005,-0.0491,0.6396,-0.0125,0.98
825,3199,0.1237,0.624,0.2528,0.1718,0.1557,-0.1228,-0.95,83.17,0.74,133284.0,0.0,0.0449,0.034,-0.0004,-0.0537,0.6601,-0.0124,0.98
826,3199,0.1243,0.6218,0.2545,0.1638,0.1389,-0.1302,-0.83,88.99,0.73,134367.0,0.0,0.0399,0.0312,-0.0005,-0.0489,0.6388,-0.0119,0.98
827,3199,0.1232,0.6239,0.2536,0.1583,0.1307,-0.1344,-0.58,78.66,0.75,130594.0,0.0,0.0384,0.0303,-0.0009,-0.0477,0.6309,-0.0117,0.97
828,3199,0.1207,0.6259,0.2539,0.1577,0.1445,-0.127,-1.03,74.41,0.75,131513.0,0.0,0.0403,0.0322,-0.0007,-0.0498,0.6475,-0.0124,0.97
829,3199,0.1207,0.6234,0.2562,0.1692,0.1319,-0.1247,-0.44,105.41,0.74,132009.0,0.0,0.0389,0.034,-0.0006,-0.0528,0.7603,-0.011,0.97
830,3199,0.1237,0.6201,0.2565,0.1566,0.1353,-0.1267,-0.82,93.73,0.75,131889.0,0.0,0.0382,0.032,-0.0005,-0.0495,0.6672,-0.0128,0.97
831,3199,0.1206,0.6176,0.262,0.1535,0.1237,-0.126,-1.05,86.67,0.74,132732.0,0.0,0.0342,0.0337,-0.0004,-0.052,0.6904,-0.0119,0.97
832,3199,0.1248,0.6122,0.2633,0.1563,0.1325,-0.1264,-1.36,85.59,0.78,126739.0,0.0,0.036,0.0335,-0.0004,-0.0514,0.7297,-0.012,0.97
833,3199,0.1256,0.6109,0.264,0.1634,0.1213,-0.1262,-0.95,93.08,0.74,133525.0,0.0,0.0349,0.0345,-0.0007,-0.0536,0.6884,-0.012,0.97
834,3199,0.1257,0.6175,0.2575,0.1521,0.1266,-0.1292,-1.74,91.89,0.74,133476.0,0.0,0.0356,0.0318,-0.0005,-0.0491,0.7747,-0.0129,0.97
835,3199,0.1235,0.6164,0.2608,0.1573,0.1421,-0.1285,-0.83,88.39,0.77,128313.0,0.0,0.0391,0.0323,-0.0005,-0.0489,0.8564,-0.0081,0.97
836,3199,0.1196,0.6228,0.2583,0.1545,0.1168,-0.1332,-0.78,80.68,0.72,136086.0,0.0,0.0331,0.0318,-0.0009,-0.0495,0.7313,-0.0083,0.96
837,3199,0.1202,0.6186,0.2617,0.1581,0.1259,-0.1259,-1.36,85.33,0.74,133523.0,0.0,0.0364,0.034,-0.0006,-0.0525,0.6573,-0.0097,0.96
838,3199,0.1219,0.6236,0.2552,0.1485,0.1398,-0.1317,-0.47,80.77,0.79,124820.0,0.0,0.0389,0.031,-0.0005,-0.0464,0.6428,-0.0109,0.96
839,3199,0.1259,0.6204,0.2544,0.1688,0.1397,-0.1265,-1.25,72.63,0.75,130303.0,0.0,0.0411,0.0342,-0.0005,-0.0518,0.6767,-0.0117,0.96
840,3199,0.1246,0.6259,0.2502,0.1497,0.1217,-0.1314,-0.37,72.22,0.75,130302.0,0.0,0.0342,0.0307,-0.0008,-0.0461,0.6248,-0.0121,0.96
841,3199,0.1238,0.624,0.2532,0.157,0.1216,-0.1293,-1.1,88.85,0.76,128540.0,0.0,0.0353,0.0323,-0.0004,-0.0495,0.6823,-0.0121,0.96
842,3199,0.1243,0.6221,0.2548,0.169,0.1428,-0.1227,-0.04,87.59,0.73,134378.0,0.0,0.0413,0.0352,-0.0004,-0.0534,0.6626,-0.0116,0.96
843,3199,0.1239,0.6201,0.2567,0.1588,0.1237,-0.1271,-0.77,83.22,0.77,128149.0,0.0,0.0364,0.0327,-0.0003,-0.0516,0.6473,-0.0099,0.96
844,3199,0.1238,0.624,0.2528,0.158,0.1216,-0.1298,-0.15,86.13,0.77,128033.0,0.0,0.0363,0.0327,-0.0006,-0.0516,0.7672,-0.0102,0.96
845,3199,0.1221,0.6242,0.2542,0.1628,0.119,-0.1276,-0.2,96.43,0.81,121422.0,0.0,0.035,0.0336,-0.0005,-0.0525,0.7621,-0.0126,0.96
846,3199,0.1201,0.6258,0.2546,0.1596,0.1247,-0.1269,-0.7,80.62,0.77,127548.0,0.0,0.0358,0.0335,-0.0003,-0.0514,0.6384,-0.0116,0.96
847,3199,0.1168,0.63,0.2537,0.1501,0.1324,-0.1306,-0.64,95.46,0.72,136011.0,0.0,0.0366,0.0317,-0.0005,-0.0498,0.6884,-0.0116,0.96
848,3199,0.1175,0.6284,0.2543,0.1623,0.1346,-0.1281,-0.51,78.59,0.72,135832.0,0.0,0.0398,0.0331,-0.0005,-0.0512,0.7011,-0.0126,0.95
849,3199,0.1171,0.629,0.2542,0.1631,0.1448,-0.1253,-0.95,90.08,0.75,130207.0,0.0,0.0413,0.0325,-0.0004,-0.0505,0.729,-0.0133,0.95
850,3199,0.1175,0.6292,0.2535,0.144,0.121,-0.1365,-1.51,76.6,0.77,128479.0,0.0,0.0348,0.0297,-0.0005,-0.0453,0.7631,-0.0114,0.95
851,3199,0.1181,0.6322,0.25,0.1594,0.1209,-0.1321,-0.2,77.88,0.77,127573.0,0.0,0.0362,0.0313,-0.0004,-0.0482,0.7158,-0.0133,0.95
852,3199,0.118,0.6342,0.2478,0.1583,0.1279,-0.1305,-0.22,85.13,0.77,127577.0,0.0,0.0351,0.0317,-0.0004,-0.05,0.7402,-0.012,0.95
853,3199,0.1208,0.6329,0.2463,0.1538,0.1347,-0.1314,-1.09,77.29,0.75,130207.0,0.0,0.0377,0.0315,-0.0005,-0.0481,0.6949,-0.0128,0.95
854,3199,0.1209,0.6322,0.2469,0.1634,0.1292,-0.1275,-0.17,81.33,0.75,130476.0,0.0,0.0367,0.0338,-0.0008,-0.0497,0.7291,-0.013,0.95
855,3199,0.117,0.6353,0.2477,0.155,0.1264,-0.1294,-0.98,100.57,0.75,131924.0,0.0,0.0358,0.0326,-0.0004,-0.0485,0.7216,-0.0126,0.95
856,3199,0.1208,0.6319,0.2473,0.1507,0.1254,-0.1335,0.06,73.33,0.78,126714.0,0.0,0.0344,0.0303,-0.0006,-0.047,0.7498,-0.0118,0.95
857,3199,0.1238,0.6324,0.2438,0.1587,0.1242,-0.1306,-1.15,97.9,0.76,129431.0,0.0,0.0349,0.0335,-0.0007,-0.0508,0.7252,-0.0125,0.95
858,3199,0.1258,0.6253,0.249,0.1702,0.1479,-0.1257,-0.71,76.72,0.73,135012.0,0.0,0.0451,0.0334,-0.0004,-0.0514,0.7523,-0.0101,0.95
859,3199,0.1274,0.6211,0.2516,0.1731,0.1541,-0.1244,-0.91,75.2,0.75,130923.0,0.0,0.044,0.0329,-0.0007,-0.0507,0.712,-0.0097,0.95
860,3199,0.1264,0.6208,0.2528,0.1599,0.142,-0.1275,-0.68,87.87,0.76,130130.0,0.0,0.0405,0.0329,-0.0004,-0.0486,0.7144,-0.0116,0.95
861,3199,0.1262,0.6196,0.2542,0.1717,0.1446,-0.1247,-0.27,77.11,0.76,128849.0,0.0,0.0422,0.0346,-0.0007,-0.0527,0.8012,-0.0133,0.95
862,3199,0.128,0.6211,0.251,0.1631,0.137,-0.1324,-0.83,81.02,0.73,134459.0,0.0,0.0404,0.031,-0.0006,-0.0475,0.783,-0.0135,0.95
863,3199,0.1281,0.6211,0.2509,0.1639,0.1306,-0.1295,-0.77,92.43,0.73,133933.0,0.0,0.0369,0.033,-0.0004,-0.0493,0.7934,-0.0126,0.95
864,3199,0.1283,0.6158,0.256,0.1551,0.1248,-0.1292,-0.34,94.49,0.76,130069.0,0.0,0.0355,0.0325,-0.0005,-0.049,0.7199,-0.0133,0.95
865,3199,0.1324,0.6148,0.2529,0.1613,0.1524,-0.1252,0.12,90.9,0.74,132715.0,0.0,0.0423,0.0331,-0.0007,-0.0522,0.7878,-0.0127,0.95
866,3199,0.1298,0.6213,0.2491,0.1587,0.1159,-0.1331,-1.14,82.34,0.75,130333.0,0.0,0.0347,0.031,-0.0005,-0.0478,0.7734,-0.0119,0.95
867,3199,0.1264,0.6227,0.2511,0.1589,0.1283,-0.1295,-0.84,97.35,0.77,128488.0,0.0,0.0378,0.0323,-0.0005,-0.0487,0.7753,-0.0129,0.94
868,3199,0.1275,0.6269,0.2458,0.1507,0.1371,-0.1317,-0.87,74.39,0.74,132553.0,0.0,0.039,0.0302,-0.0006,-0.0453,0.7011,-0.0126,0.95
869,3199,0.1327,0.6245,0.2429,0.1599,0.1498,-0.1314,0.63,88.66,0.74,133192.0,0.0,0.0413,0.0312,-0.0004,-0.0468,0.7597,-0.0115,0.94
870,3199,0.1318,0.6223,0.2459,0.1742,0.143,-0.1235,0.27,90.34,0.74,133321.0,0.0,0.0395,0.0347,-0.0005,-0.0511,0.7065,-0.0119,0.94
871,3199,0.131,0.6196,0.2494,0.1591,0.1373,-0.128,0.03,80.36,0.74,132366.0,0.0,0.0393,0.0324,-0.0004,-0.0493,0.7801,-0.0127,0.94
872,3199,0.135,0.6169,0.2482,0.171,0.1512,-0.1249,0.96,94.57,0.73,134005.0,0.0,0.043,0.034,-0.0004,-0.0498,0.7668,-0.0134,0.94
873,3199,0.1309,0.6193,0.25,0.1605,0.1299,-0.1309,-0.72,84.69,0.73,133885.0,0.0,0.0392,0.0327,-0.0005,-0.0483,0.7693,-0.0131,0.94
874,3199,0.1348,0.6176,0.2479,0.1813,0.155,-0.1253,-0.5,84.5,0.72,136730.0,0.0,0.0458,0.0339,-0.0005,-0.0527,0.7831,-0.0112,0.94
875,3199,0.1336,0.6154,0.2514,0.1563,0.1163,-0.1306,-0.7,91.72,0.75,130379.0,0.0,0.0337,0.0324,-0.0004,-0.0496,0.686,-0.0124,0.94
876,3199,0.1326,0.6161,0.2518,0.1628,0.1276,-0.132,-0.65,79.46,0.75,130383.0,0.0,0.0383,0.032,-0.0003,-0.0459,0.703,-0.0131,0.94
877,3199,0.1304,0.6207,0.2494,0.1649,0.1315,-0.1294,-1.49,69.49,0.74,131979.0,0.0,0.0402,0.0327,-0.0008,-0.0495,0.7284,-0.0138,0.94
878,3199,0.1269,0.6234,0.2502,0.161,0.1222,-0.131,-1.23,95.27,0.76,128679.0,0.0,0.0364,0.0328,-0.0004,-0.0496,0.793,-0.0128,0.94
879,3199,0.13,0.6209,0.2495,0.1714,0.1513,-0.1269,-0.45,91.98,0.72,136023.0,0.0,0.0432,0.0339,-0.0004,-0.0505,0.7433,-0.0129,0.94
880,3199,0.1325,0.6155,0.2525,0.1693,0.131,-0.1275,-1.2,82.47,0.73,134751.0,0.0,0.0376,0.0343,-0.0006,-0.0512,0.745,-0.0121,0.94
881,3199,0.13,0.6221,0.2484,0.1604,0.1224,-0.1318,-0.46,87.15,0.73,134620.0,0.0,0.0346,0.0313,-0.0004,-0.0482,0.7266,-0.0129,0.94
882,3199,0.1302,0.6234,0.2469,0.1701,0.1429,-0.1304,-0.61,75.17,0.73,135499.0,0.0,0.0425,0.0329,-0.0005,-0.048,0.8152,-0.0122,0.94
883,3199,0.1264,0.6295,0.2447,0.1605,0.1317,-0.1312,-1.28,104.47,0.74,132296.0,0.0,0.038,0.0329,-0.0002,-0.0471,0.6957,-0.0121,0.94
884,3199,0.1272,0.6284,0.2445,0.1643,0.1408,-0.1338,-1.49,76.67,0.72,136133.0,0.0,0.0418,0.031,-0.0005,-0.0462,0.7215,-0.0116,0.94
885,3199,0.1267,0.627,0.2463,0.1612,0.1378,-0.1297,-0.91,69.55,0.72,136074.0,0.0,0.0377,0.032,-0.0003,-0.047,0.7164,-0.013,0.94
886,3199,0.1266,0.6264,0.2469,0.1665,0.1417,-0.1283,-0.58,91.36,0.73,133999.0,0.0,0.0403,0.0325,-0.0006,-0.0483,0.7066,-0.0133,0.94
887,3199,0.1287,0.6242,0.2471,0.1823,0.1515,-0.1236,-1.24,76.0,0.75,130279.0,0.0,0.0436,0.0355,-0.0005,-0.0504,0.7505,-0.0131,0.94
888,3199,0.1249,0.629,0.2461,0.1727,0.1353,-0.13,-0.83,87.79,0.74,132722.0,0.0,0.0383,0.0335,-0.0007,-0.0502,0.6994,-0.0112,0.94
889,3199,0.1279,0.6231,0.2489,0.1858,0.1468,-0.1237,0.31,96.66,0.79,125155.0,0.0,0.0453,0.0351,-0.0006,-0.0502,0.8039,-0.0117,0.94
890,3199,0.129,0.6207,0.2503,0.1619,0.1365,-0.1297,-0.58,79.29,0.75,130581.0,0.0,0.0388,0.0328,-0.0003,-0.0472,0.8078,-0.0119,0.93
891,3199,0.1298,0.6283,0.242,0.1553,0.1239,-0.1355,-0.14,71.25,0.75,131619.0,0.0,0.0355,0.0309,-0.0005,-0.0445,0.6957,-0.0123,0.94
892,3199,0.1278,0.631,0.2412,0.1595,0.1151,-0.1345,-1.2,92.61,0.77,128143.0,0.0,0.0338,0.0315,-0.0006,-0.0467,0.7107,-0.0134,0.93
893,3199,0.128,0.6315,0.2409,0.1649,0.1301,-0.1346,-1.17,94.13,0.79,123997.0,0.0,0.0378,0.0308,-0.0007,-0.0448,0.6961,-0.012,0.93
894,3199,0.1294,0.6346,0.2365,0.1763,0.1463,-0.1262,0.04,94.4,0.74,132414.0,0.0,0.0432,0.0341,-0.0007,-0.0484,1.4282,-0.0028,0.93
895,3199,0.1306,0.6317,0.2382,0.1673,0.1459,-0.1295,0.19,76.77,0.73,133840.0,0.0,0.0402,0.0322,-0.0003,-0.0457,0.7554,-0.009,0.93
896,3199,0.1336,0.6269,0.24,0.1671,0.1498,-0.1283,-1.51,84.11,0.74,132425.0,0.0,0.0441,0.0326,-0.0005,-0.0458,0.7308,-0.0124,0.93
897,3199,0.1311,0.6296,0.2398,0.1682,0.1297,-0.1319,-0.84,81.37,0.75,130210.0,0.0,0.04,0.0321,-0.0004,-0.0461,0.7436,-0.0126,0.93
898,3199,0.1279,0.6308,0.2421,0.1736,0.1354,-0.1318,-0.09,83.47,0.74,132493.0,0.0,0.0414,0.0322,-0.0003,-0.047,0.7411,-0.0125,0.93
899,3199,0.1287,0.6306,0.2415,0.1801,0.1539,-0.1247,1.27,109.08,0.74,132508.0,0.0,0.0442,0.0351,-0.0006,-0.0509,0.7119,-0.0127,0.93
900,3199,0.1271,0.6261,0.2478,0.1876,0.1484,-0.1232,-0.7,97.13,0.73,133833.0,0.0,0.0471,0.0349,-0.0008,-0.0502,0.8443,-0.0124,0.93
901,3199,0.1252,0.6251,0.2507,0.172,0.1357,-0.1286,-0.12,94.81,0.74,132335.0,0.0,0.04,0.0337,-0.0005,-0.0475,0.7707,-0.0121,0.93
902,3199,0.1247,0.6256,0.2507,0.1637,0.1287,-0.1327,-0.15,92.41,0.81,121607.0,0.0,0.0381,0.0325,-0.0005,-0.0455,0.779,-0.0125,0.93
903,3199,0.1294,0.6207,0.2506,0.1739,0.1571,-0.1291,0.09,81.08,0.77,128299.0,0.0,0.0478,0.0314,-0.0004,-0.0463,0.689,-0.0127,0.93
904,3199,0.1269,0.6243,0.2496,0.175,0.1293,-0.1303,-0.4,98.12,0.73,135433.0,0.0,0.0395,0.034,-0.0004,-0.0502,0.784,-0.0132,0.93
905,3199,0.1288,0.6197,0.2523,0.1726,0.1344,-0.1295,-0.44,105.14,0.79,124995.0,0.0,0.0396,0.0336,-0.0004,-0.0492,0.7216,-0.0111,0.93
906,3199,0.1275,0.6176,0.2556,0.1792,0.1423,-0.1267,-0.14,77.05,0.76,129238.0,0.0,0.0423,0.0345,-0.0002,-0.0485,0.6939,-0.0129,0.93
907,3199,0.1266,0.6208,0.2536,0.1728,0.1241,-0.1308,-0.75,82.43,0.76,130178.0,0.0,0.0384,0.0335,-0.0005,-0.0486,0.7268,-0.0125,0.93
908,3199,0.1272,0.6226,0.2515,0.1732,0.1345,-0.1338,-0.02,80.06,0.74,133497.0,0.0,0.0412,0.0332,-0.0006,-0.046,0.7322,-0.0145,0.92
909,3199,0.1264,0.6231,0.251,0.1692,0.1172,-0.1306,-0.69,80.92,0.75,130580.0,0.0,0.0363,0.0344,-0.0005,-0.0475,0.7585,-0.013,0.92
910,3199,0.1222,0.6279,0.2502,0.1729,0.1242,-0.1347,-0.0,94.43,0.75,131793.0,0.0,0.039,0.0326,-0.0004,-0.0473,0.7495,-0.01,0.92
911,3199,0.1253,0.6288,0.2464,0.1694,0.1375,-0.1298,-1.07,76.37,0.74,132027.0,0.0,0.0404,0.0332,-0.0006,-0.0467,0.7462,-0.0122,0.92
912,3199,0.1233,0.63,0.2473,0.1818,0.1351,-0.1277,-0.72,87.18,0.77,127229.0,0.0,0.0412,0.0354,-0.0005,-0.0503,1.0809,-0.01,0.92
913,3199,0.1232,0.6293,0.2486,0.1709,0.1315,-0.1291,-0.96,91.79,0.75,130239.0,0.0,0.0386,0.0333,-0.0005,-0.0472,0.7511,-0.0137,0.92
914,3199,0.1252,0.626,0.2496,0.1846,0.127,-0.1259,0.63,96.95,0.76,128506.0,0.0,0.0392,0.0362,-0.0003,-0.0505,0.7192,-0.0108,0.92
915,3199,0.1283,0.6197,0.2528,0.1845,0.1473,-0.1237,-0.16,90.45,0.72,136016.0,0.0,0.0435,0.0359,-0.0006,-0.0502,0.739,-0.0095,0.92
916,3199,0.1322,0.6203,0.2484,0.1731,0.1449,-0.1312,-0.21,83.16,0.76,128860.0,0.0,0.0435,0.0326,-0.0007,-0.0445,0.6926,-0.0137,0.92
917,3199,0.1339,0.621,0.2455,0.1797,0.1493,-0.1276,-0.63,83.83,0.74,132882.0,0.0,0.0459,0.0345,-0.0005,-0.0481,0.7343,-0.0142,0.92
918,3199,0.13,0.6226,0.2474,0.1727,0.1326,-0.1323,0.56,84.74,0.75,130395.0,0.0,0.0405,0.0327,-0.0005,-0.0472,0.7241,-0.0091,0.92
919,3199,0.13,0.6236,0.2463,0.1834,0.1395,-0.127,-0.49,88.16,0.74,132401.0,0.0,0.0406,0.035,-0.0005,-0.0491,0.7324,-0.0132,0.92
920,3199,0.1292,0.6228,0.248,0.1731,0.1341,-0.1303,-1.38,85.47,0.75,130245.0,0.0,0.0389,0.0336,-0.0006,-0.0464,0.7663,-0.0135,0.92
921,3199,0.1264,0.6259,0.2478,0.1843,0.1279,-0.1292,-1.08,75.11,0.73,135482.0,0.0,0.0396,0.0343,-0.0005,-0.0474,0.7715,-0.0117,0.92
922,3199,0.1265,0.6306,0.2431,0.1774,0.1335,-0.1291,-0.44,90.18,0.73,134718.0,0.0,0.0404,0.0341,-0.0007,-0.0471,0.8338,-0.0115,0.92
923,3199,0.1248,0.6348,0.2404,0.1715,0.1326,-0.1323,-0.65,76.91,0.77,127269.0,0.0,0.0396,0.0327,-0.0007,-0.0461,0.7761,-0.0129,0.92
924,3199,0.1263,0.6366,0.2371,0.1711,0.1377,-0.132,0.15,95.78,0.79,124559.0,0.0,0.0419,0.033,-0.0006,-0.0461,1.2518,-0.0094,0.92
925,3199,0.1274,0.6342,0.2385,0.1776,0.1337,-0.1278,-0.41,97.05,0.76,128805.0,0.0,0.0396,0.0339,-0.0004,-0.0484,0.6898,-0.012,0.92
926,3199,0.1282,0.6304,0.2414,0.1736,0.149,-0.1256,-0.95,74.64,0.75,130839.0,0.0,0.0436,0.0329,-0.0004,-0.0467,0.7283,-0.0124,0.92
927,3199,0.1275,0.6257,0.2469,0.1748,0.1469,-0.1302,0.67,95.02,0.75,131781.0,0.0,0.0428,0.0326,-0.0007,-0.0459,0.6758,-0.0135,0.92
928,3199,0.1277,0.6189,0.2536,0.1771,0.1248,-0.1268,-0.46,78.15,0.74,133283.0,0.0,0.0377,0.0357,-0.0006,-0.0501,0.7905,-0.0119,0.91
929,3199,0.1278,0.6184,0.2543,0.1845,0.147,-0.127,-0.11,101.58,0.78,126292.0,0.0,0.0433,0.0342,-0.0005,-0.0486,0.7269,-0.0133,0.91
930,3199,0.1308,0.6206,0.2491,0.1737,0.1536,-0.1294,-0.12,78.66,0.78,125371.0,0.0,0.0456,0.0321,-0.0004,-0.0442,0.7367,-0.0131,0.91
931,3199,0.1342,0.6259,0.2404,0.1933,0.1621,-0.125,0.06,107.3,0.74,132908.0,0.0,0.0474,0.0342,-0.0006,-0.0493,0.7829,-0.0125,0.91
932,3199,0.1366,0.6206,0.2433,0.181,0.127,-0.1292,0.29,91.49,0.76,129537.0,0.0,0.0389,0.0348,-0.0006,-0.0499,0.7972,-0.0127,0.91
933,3199,0.1324,0.6236,0.2446,0.1776,0.1341,-0.1307,-0.35,95.98,0.75,130945.0,0.0,0.0402,0.0332,-0.0004,-0.0475,0.7815,-0.013,0.91
934,3199,0.1343,0.6186,0.2481,0.187,0.1452,-0.1257,0.41,92.64,0.76,128859.0,0.0,0.043,0.0341,-0.0006,-0.0483,0.7986,-0.0139,0.91
935,3199,0.1361,0.6165,0.2486,0.1721,0.1547,-0.129,-0.07,90.09,0.76,129356.0,0.0,0.0433,0.0325,-0.0004,-0.0462,0.7137,-0.0097,0.91
936,3199,0.1395,0.6148,0.2469,0.1886,0.1553,-0.1233,-0.07,102.3,0.75,131582.0,0.0,0.0455,0.0358,-0.0006,-0.0494,0.7674,-0.0086,0.91
937,3199,0.1387,0.6164,0.2466,0.1847,0.1379,-0.1278,-0.62,81.76,0.77,128205.0,0.0,0.043,0.0354,-0.0007,-0.049,0.7675,-0.0127,0.91
938,3199,0.1417,0.617,0.2429,0.1771,0.1348,-0.1311,-0.24,100.28,0.73,134877.0,0.0,0.0398,0.0321,-0.0006,-0.0446,0.8003,-0.0134,0.91
939,3199,0.1393,0.6187,0.243,0.1761,0.1514,-0.131,0.57,82.68,0.75,130566.0,0.0,0.0453,0.0332,-0.0007,-0.0465,0.7547,-0.0121,0.91
940,3199,0.1375,0.6241,0.2395,0.1748,0.1232,-0.1305,-0.03,102.66,0.77,128247.0,0.0,0.0373,0.0333,-0.0003,-0.0475,0.7289,-0.0114,0.91
941,3199,0.139,0.6159,0.246,0.188,0.139,-0.1272,-1.29,84.11,0.76,129094.0,0.0,0.0431,0.0342,-0.0006,-0.0507,0.7734,-0.0124,0.91
942,3199,0.1382,0.6168,0.2462,0.1804,0.1346,-0.1255,0.29,94.17,0.74,133340.0,0.0,0.04,0.0355,-0.0005,-0.0511,0.7867,-0.0128,0.91
943,3199,0.1368,0.6207,0.2435,0.1856,0.1478,-0.1273,0.7,101.98,0.75,131679.0,0.0,0.0452,0.0336,-0.0005,-0.0478,0.748,-0.0115,0.91
944,3199,0.1369,0.6192,0.2445,0.1663,0.1197,-0.134,-0.58,77.03,0.75,130950.0,0.0,0.0355,0.0324,-0.0005,-0.0453,0.7892,-0.0129,0.91
945,3199,0.1377,0.6164,0.2463,0.1848,0.1464,-0.1253,-0.14,82.34,0.76,129645.0,0.0,0.0433,0.0348,-0.0005,-0.0484,0.7211,-0.0133,0.91
946,3199,0.1387,0.618,0.2438,0.1864,0.1497,-0.127,-0.19,100.16,0.77,128470.0,0.0,0.0463,0.035,-0.0004,-0.0495,0.7632,-0.0137,0.91
947,3199,0.1377,0.6217,0.2409,0.1872,0.1637,-0.1272,0.37,93.06,0.73,134166.0,0.0,0.0492,0.0341,-0.0006,-0.047,0.8159,-0.0136,0.91
948,3199,0.1321,0.629,0.2391,0.172,0.1399,-0.1317,-0.96,70.1,0.76,129335.0,0.0,0.0432,0.0336,-0.0008,-0.0457,0.7823,-0.0123,0.91
949,3199,0.1284,0.631,0.2409,0.175,0.1285,-0.1337,-1.25,90.36,0.74,133416.0,0.0,0.0399,0.0334,-0.0005,-0.0463,0.9869,-0.0113,0.91
950,3199,0.1307,0.6346,0.235,0.1867,0.1495,-0.1301,-0.47,99.83,0.74,132519.0,0.0,0.0447,0.0336,-0.0006,-0.0463,0.7894,-0.0129,0.91
951,3199,0.1313,0.6372,0.2317,0.1695,0.134,-0.1329,-1.03,81.55,0.73,134120.0,0.0,0.0388,0.0317,-0.0006,-0.0447,0.8063,-0.013,0.91
952,3199,0.1306,0.6344,0.2349,0.1801,0.1381,-0.1303,-0.79,87.75,0.72,135934.0,0.0,0.0412,0.0334,-0.0007,-0.0464,0.7607,-0.0124,0.91
953,3199,0.1303,0.6334,0.2363,0.1776,0.1308,-0.1283,-0.26,92.93,0.73,134469.0,0.0,0.0394,0.0348,-0.0011,-0.048,0.7845,-0.0128,0.9
954,3199,0.1308,0.6335,0.2357,0.19,0.1489,-0.1252,-0.43,73.18,0.72,135972.0,0.0,0.0461,0.0353,-0.0005,-0.0503,0.794,-0.0128,0.9
955,3199,0.132,0.6351,0.2329,0.1847,0.1516,-0.1297,-0.39,99.11,0.72,136486.0,0.0,0.045,0.0339,-0.0012,-0.0472,0.7848,-0.0129,0.9
956,3199,0.1315,0.6348,0.2337,0.1784,0.1276,-0.1276,-0.05,89.15,0.73,135326.0,0.0,0.037,0.0374,-0.0006,-0.0505,0.7811,-0.0114,0.9
957,3199,0.1357,0.6305,0.2338,0.1816,0.1538,-0.1289,-0.27,72.87,0.73,134758.0,0.0,0.0472,0.0335,-0.0006,-0.0472,0.8372,-0.0123,0.9
958,3199,0.1355,0.6327,0.2319,0.1813,0.14,-0.1309,-0.48,95.99,0.72,136044.0,0.0,0.0423,0.0329,-0.0004,-0.0456,0.7649,-0.0122,0.9
959,3199,0.1306,0.635,0.2346,0.1791,0.1307,-0.1301,0.35,101.23,0.73,134505.0,0.0,0.0395,0.0341,-0.0005,-0.0477,0.8309,-0.0127,0.9
960,3199,0.1275,0.6345,0.2382,0.1742,0.1377,-0.1325,-0.01,87.12,0.73,135295.0,0.0,0.0392,0.0328,-0.0005,-0.0455,0.7902,-0.0133,0.9
961,3199,0.129,0.6342,0.237,0.1897,0.1618,-0.1243,1.05,96.58,0.72,136046.0,0.0,0.0481,0.0342,-0.0004,-0.0463,0.8107,-0.0139,0.9
962,3199,0.1291,0.6353,0.2359,0.1744,0.1226,-0.1309,-0.26,80.45,0.72,135747.0,0.0,0.0373,0.0353,-0.0005,-0.0485,0.7686,-0.0116,0.9
963,3199,0.129,0.632,0.2393,0.1816,0.1551,-0.1258,1.83,85.75,0.74,132288.0,0.0,0.0454,0.0351,-0.0009,-0.0486,0.7928,-0.0102,0.9
964,3199,0.1314,0.6321,0.237,0.1826,0.1347,-0.128,-0.57,92.68,0.74,132255.0,0.0,0.0413,0.0347,-0.0009,-0.0473,0.8656,-0.0113,0.9
965,3199,0.1315,0.6286,0.2405,0.1746,0.1452,-0.1287,0.42,93.25,0.73,135227.0,0.0,0.0421,0.0337,-0.0005,-0.0475,0.8036,-0.0123,0.9
966,3199,0.1356,0.6298,0.2354,0.1887,0.159,-0.1275,0.28,100.06,0.74,133371.0,0.0,0.0489,0.0351,-0.0005,-0.0479,0.7392,-0.0135,0.9
967,3199,0.1361,0.6311,0.2336,0.1869,0.1495,-0.1293,-0.53,89.24,0.74,132894.0,0.0,0.0448,0.0359,-0.0008,-0.0498,0.8315,-0.0116,0.9
968,3199,0.1417,0.6283,0.2307,0.1723,0.1422,-0.1321,-0.27,110.02,0.74,132233.0,0.0,0.0406,0.0338,-0.0008,-0.0473,0.7637,-0.0141,0.9
969,3199,0.1415,0.6239,0.2354,0.1908,0.1378,-0.1284,-0.57,77.28,0.72,136582.0,0.0,0.0422,0.0341,-0.0004,-0.0488,0.8018,-0.0138,0.9
970,3199,0.144,0.6217,0.2348,0.1826,0.1424,-0.131,-0.21,81.38,0.75,131401.0,0.0,0.0429,0.0345,-0.0006,-0.0475,0.7796,-0.0118,0.9
971,3199,0.1428,0.6208,0.2368,0.1855,0.1292,-0.1306,-1.22,85.2,0.75,131261.0,0.0,0.0412,0.0349,-0.0005,-0.0486,0.7705,-0.0129,0.9
972,3199,0.1402,0.6217,0.2385,0.1736,0.1227,-0.1311,-0.77,86.75,0.77,127276.0,0.0,0.0372,0.0334,-0.0004,-0.0469,0.8014,-0.0131,0.89
973,3199,0.1394,0.6262,0.2349,0.1684,0.1363,-0.1331,-0.36,74.02,0.77,126915.0,0.0,0.0398,0.0324,-0.0008,-0.0451,0.795,-0.0121,0.89
974,3199,0.1374,0.6256,0.2375,0.1889,0.1461,-0.1274,-0.78,92.69,0.74,132995.0,0.0,0.0438,0.0346,-0.0005,-0.0493,0.7697,-0.0129,0.89
975,3199,0.1382,0.6222,0.2401,0.184,0.1434,-0.1282,-0.28,104.25,0.73,134769.0,0.0,0.042,0.0343,-0.0005,-0.0477,0.7773,-0.0094,0.89
976,3199,0.1363,0.6211,0.2427,0.1772,0.1351,-0.1274,-0.58,97.14,0.74,132156.0,0.0,0.0397,0.0358,-0.0005,-0.0486,0.7725,-0.0081,0.89
977,3199,0.1367,0.616,0.2473,0.2004,0.141,-0.1243,-0.18,80.08,0.73,135517.0,0.0,0.0431,0.0359,-0.0006,-0.0504,0.8016,-0.0124,0.89
978,3199,0.1376,0.6161,0.2464,0.1897,0.144,-0.1288,-1.54,79.07,0.74,132912.0,0.0,0.0434,0.0345,-0.0005,-0.0483,0.8213,-0.0125,0.89
979,3199,0.1391,0.619,0.2419,0.1954,0.1656,-0.1245,0.31,101.72,0.74,132312.0,0.0,0.0493,0.0353,-0.0006,-0.0487,0.7969,-0.0131,0.89
980,3199,0.1404,0.6179,0.2417,0.1833,0.1417,-0.1269,-1.3,93.06,0.73,133932.0,0.0,0.0405,0.0347,-0.0004,-0.0465,0.7479,-0.013,0.89
981,3199,0.1422,0.6128,0.245,0.185,0.163,-0.1271,-1.24,71.81,0.72,137149.0,0.0,0.048,0.0343,-0.0006,-0.0468,0.7932,-0.012,0.89
982,3199,0.1418,0.6112,0.247,0.2008,0.148,-0.121,0.66,95.02,0.76,129860.0,0.0,0.0436,0.0389,-0.0006,-0.0513,0.7946,-0.0105,0.89
983,3199,0.1419,0.6087,0.2494,0.1734,0.1393,-0.1317,-1.0,82.09,0.73,134729.0,0.0,0.0421,0.0336,-0.0006,-0.0449,0.7731,-0.0092,0.89
984,3199,0.1417,0.6086,0.2497,0.1952,0.1462,-0.1225,0.27,101.38,0.75,131089.0,0.0,0.0443,0.038,-0.0006,-0.0504,0.7693,-0.0126,0.89
985,3199,0.1416,0.6096,0.2488,0.1783,0.1414,-0.1287,-0.78,95.49,0.75,131837.0,0.0,0.041,0.0344,-0.0006,-0.0481,0.8056,-0.0129,0.89
986,3199,0.141,0.6117,0.2473,0.1717,0.1238,-0.1343,-0.47,76.34,0.76,128818.0,0.0,0.0359,0.0327,-0.0005,-0.0445,0.7809,-0.0119,0.89
987,3199,0.1399,0.6176,0.2427,0.1864,0.1383,-0.1273,-0.42,84.05,0.73,134444.0,0.0,0.0422,0.0354,-0.0008,-0.0481,0.7704,-0.0122,0.89
988,3199,0.1377,0.6257,0.237,0.1787,0.1477,-0.1334,0.01,79.49,0.73,134926.0,0.0,0.0432,0.0324,-0.0006,-0.0434,0.8288,-0.009,0.89
989,3199,0.1349,0.6302,0.2354,0.179,0.1449,-0.1294,0.22,87.45,0.72,136637.0,0.0,0.0424,0.0337,-0.0007,-0.0462,0.8055,-0.009,0.89
990,3199,0.1286,0.6372,0.2345,0.1741,0.1269,-0.1333,-0.3,84.41,0.79,124929.0,0.0,0.0373,0.0324,-0.0006,-0.044,0.8244,-0.0129,0.89
991,3199,0.1299,0.6373,0.2331,0.1834,0.139,-0.1302,-0.96,85.81,0.76,129786.0,0.0,0.0425,0.0344,-0.0005,-0.0477,0.7712,-0.0137,0.89
992,3199,0.1322,0.6338,0.2343,0.1944,0.14,-0.1254,0.19,100.64,0.78,125804.0,0.0,0.0429,0.0375,-0.0007,-0.0509,0.791,-0.0135,0.89
993,3199,0.1332,0.6358,0.2312,0.1732,0.1488,-0.1326,-1.12,68.02,0.78,126786.0,0.0,0.0428,0.0328,-0.0007,-0.044,0.8603,-0.0135,0.89
994,3199,0.1345,0.6363,0.2295,0.1894,0.142,-0.1285,-0.23,83.64,0.76,128913.0,0.0,0.0436,0.0364,-0.0007,-0.0485,0.7702,-0.0143,0.88
995,3199,0.136,0.6385,0.2258,0.1672,0.1473,-0.1361,-0.25,71.98,0.78,126085.0,0.0,0.0438,0.0307,-0.0005,-0.0414,0.794,-0.0128,0.88
996,3199,0.1408,0.6348,0.2246,0.1876,0.138,-0.1288,-1.15,89.13,0.74,132935.0,0.0,0.0408,0.0342,-0.0005,-0.0469,0.8242,-0.0125,0.89
997,3199,0.1422,0.6307,0.2272,0.1821,0.1299,-0.1317,-0.89,86.04,0.75,131156.0,0.0,0.037,0.0346,-0.0007,-0.0482,0.827,-0.0125,0.89
998,3199,0.1371,0.6318,0.2312,0.1797,0.137,-0.1297,-1.18,83.07,0.75,131100.0,0.0,0.039,0.0361,-0.0009,-0.0477,0.7593,-0.0137,0.88
999,3199,0.1379,0.6322,0.2299,0.1833,0.1561,-0.1274,-0.57,79.06,0.76,128968.0,0.0,0.0465,0.0343,-0.0008,-0.0455,0.7956,-0.0131,0.88
1000,3199,0.1394,0.6273,0.2333,0.194,0.1466,-0.1271,-0.45,79.96,0.76,129976.0,0.0,0.0455,0.0346,-0.0009,-0.0483,0.8729,-0.0111,0.88
1001,3199,0.1379,0.6239,0.2383,0.194,0.1625,-0.1268,0.21,79.54,0.77,127791.0,0.0,0.0491,0.0349,-0.0007,-0.0475,0.8843,-0.0118,0.88
1002,3199,0.1368,0.625,0.2382,0.182,0.1464,-0.126,-0.78,92.59,0.76,129361.0,0.0,0.0433,0.0356,-0.0008,-0.0486,0.7904,-0.0133,0.88
1003,3199,0.1365,0.6264,0.2372,0.1964,0.1485,-0.1246,-0.29,91.88,0.72,135693.0,0.0,0.0435,0.0354,-0.0005,-0.0486,0.7886,-0.0128,0.88
1004,3199,0.1352,0.6313,0.2336,0.1837,0.1465,-0.1314,-0.33,92.28,0.72,136873.0,0.0,0.0427,0.0346,-0.0008,-0.0467,0.8036,-0.0135,0.88
1005,3199,0.1326,0.6307,0.2371,0.1827,0.1456,-0.1294,-0.71,95.62,0.72,137094.0,0.0,0.0416,0.0332,-0.0005,-0.0457,0.8455,-0.0132,0.88
1006,3199,0.1358,0.6282,0.2363,0.2039,0.1589,-0.1222,-0.3,92.78,0.74,132997.0,0.0,0.0464,0.0367,-0.0009,-0.0506,0.7871,-0.0132,0.88
1007,3199,0.1372,0.6242,0.2389,0.184,0.1488,-0.129,-1.04,71.38,0.77,127438.0,0.0,0.0452,0.0343,-0.0006,-0.0475,0.8246,-0.0127,0.88
1008,3199,0.136,0.6306,0.2337,0.1721,0.1409,-0.1323,-1.64,65.82,0.8,123259.0,0.0,0.0397,0.0337,-0.0006,-0.0471,0.872,-0.0116,0.88
1009,3199,0.1345,0.6275,0.2383,0.1841,0.1494,-0.1289,0.76,77.01,0.74,132465.0,0.0,0.0426,0.0337,-0.0007,-0.0465,0.8098,-0.0105,0.88
1010,3199,0.1369,0.6285,0.2348,0.1874,0.1419,-0.129,-1.1,81.87,0.75,131696.0,0.0,0.0431,0.0345,-0.0007,-0.0483,0.8071,-0.0111,0.88
1011,3199,0.1392,0.627,0.234,0.1862,0.1398,-0.1297,-0.19,86.16,0.74,132498.0,0.0,0.043,0.0338,-0.0005,-0.0472,0.7559,-0.0109,0.88
1012,3199,0.1392,0.6231,0.2379,0.2045,0.1524,-0.1199,-0.52,96.77,0.75,131590.0,0.0,0.046,0.0387,-0.0007,-0.0523,0.7717,-0.012,0.88
1013,3199,0.1386,0.6208,0.2408,0.1808,0.1411,-0.1313,-0.91,79.64,0.78,126463.0,0.0,0.0412,0.0331,-0.0005,-0.0452,0.8746,-0.0131,0.88
1014,3199,0.1365,0.6193,0.2442,0.1804,0.1386,-0.1307,-0.46,83.76,0.75,130813.0,0.0,0.0411,0.0344,-0.0005,-0.0473,0.8974,-0.0121,0.88
1015,3199,0.1345,0.6185,0.2472,0.1907,0.1416,-0.1282,-0.61,84.6,0.74,132304.0,0.0,0.0421,0.0341,-0.001,-0.0484,0.8262,-0.0133,0.88
1016,3199,0.1336,0.6207,0.2459,0.1769,0.1404,-0.1296,-0.18,77.49,0.77,128208.0,0.0,0.0395,0.0345,-0.0005,-0.0463,0.7777,-0.0125,0.88
1017,3199,0.1324,0.6228,0.2453,0.1853,0.1521,-0.1267,0.12,78.83,0.76,128689.0,0.0,0.043,0.0339,-0.0006,-0.0471,0.7551,-0.0137,0.88
1018,3199,0.1327,0.6235,0.2443,0.191,0.1382,-0.1286,-0.58,87.37,0.75,131421.0,0.0,0.0421,0.0352,-0.0008,-0.0486,0.7349,-0.0129,0.88
1019,3199,0.1332,0.6197,0.2476,0.1937,0.1332,-0.1287,-0.22,69.0,0.74,132394.0,0.0,0.0434,0.0347,-0.0007,-0.0478,0.7987,-0.0125,0.88
1020,3199,0.1328,0.6159,0.252,0.2022,0.132,-0.1259,-0.84,87.56,0.77,128011.0,0.0,0.042,0.0385,-0.0008,-0.0515,0.7623,-0.0131,0.88
1021,3199,0.1331,0.6213,0.2463,0.1925,0.1511,-0.1281,0.62,98.22,0.76,130050.0,0.0,0.0457,0.0351,-0.0008,-0.0491,0.8061,-0.0136,0.88
1022,3199,0.13,0.6266,0.2441,0.175,0.1219,-0.1365,-0.37,86.1,0.75,130271.0,0.0,0.0379,0.0321,-0.0006,-0.0457,0.8059,-0.0119,0.88
1023,3199,0.13,0.6331,0.2376,0.1907,0.1411,-0.1275,-0.01,88.4,0.74,133216.0,0.0,0.0416,0.0361,-0.0008,-0.0493,0.8194,-0.013,0.88
1024,3199,0.1337,0.6261,0.2411,0.1956,0.1602,-0.1277,-0.53,80.82,0.74,133304.0,0.0,0.0474,0.035,-0.0006,-0.0481,0.8754,-0.0132,0.87
1025,3199,0.135,0.6242,0.2415,0.1811,0.1575,-0.1309,0.61,89.76,0.73,135215.0,0.0,0.045,0.0328,-0.0008,-0.0438,0.825,-0.0118,0.87
1026,3199,0.1405,0.6206,0.2398,0.1915,0.171,-0.1271,0.19,92.73,0.74,132685.0,0.0,0.0497,0.0342,-0.0004,-0.0457,0.8047,-0.0123,0.87
1027,3199,0.1371,0.6224,0.2412,0.1827,0.1376,-0.1305,-0.94,86.68,0.74,132116.0,0.0,0.0408,0.0333,-0.0006,-0.0446,0.8188,-0.0125,0.87
1028,3199,0.1369,0.624,0.2397,0.1785,0.1475,-0.133,-0.3,86.41,0.75,130945.0,0.0,0.0446,0.033,-0.0005,-0.045,0.8308,-0.0125,0.87
1029,3199,0.1378,0.6245,0.2386,0.1876,0.1468,-0.128,-0.49,78.37,0.78,126071.0,0.0,0.0454,0.0347,-0.0005,-0.0457,0.8302,-0.0133,0.87
1030,3199,0.1381,0.6262,0.2361,0.1819,0.138,-0.1314,-1.49,74.31,0.78,126421.0,0.0,0.0417,0.0344,-0.0006,-0.0446,0.8688,-0.0127,0.87
1031,3199,0.1345,0.6288,0.237,0.1788,0.1182,-0.1344,-1.14,77.25,0.75,131133.0,0.0,0.0364,0.0349,-0.001,-0.0466,0.8666,-0.0124,0.87
1032,3199,0.1315,0.6301,0.2384,0.1837,0.1226,-0.133,-0.97,72.31,0.75,130910.0,0.0,0.0368,0.0343,-0.0011,-0.0443,0.7691,-0.0127,0.87
1033,3199,0.1325,0.6274,0.2401,0.1921,0.1579,-0.1248,0.25,90.72,0.77,127458.0,0.0,0.0477,0.037,-0.0007,-0.0497,0.7564,-0.0114,0.87
1034,3199,0.1379,0.6202,0.2422,0.2046,0.1596,-0.1218,-0.93,96.71,0.77,128397.0,0.0,0.0495,0.0374,-0.0005,-0.0505,0.8402,-0.0095,0.87
1035,3199,0.1403,0.62,0.2401,0.1826,0.1456,-0.1316,-0.49,75.89,0.75,130502.0,0.0,0.0444,0.0339,-0.0006,-0.0448,0.8861,-0.0123,0.87
1036,3199,0.1398,0.6217,0.2391,0.1834,0.1381,-0.1313,-0.81,62.63,0.78,125855.0,0.0,0.0413,0.0335,-0.0005,-0.0462,0.803,-0.0128,0.87
1037,3199,0.1417,0.6215,0.2372,0.1985,0.1316,-0.1286,-0.64,95.79,0.75,130346.0,0.0,0.0405,0.0365,-0.0006,-0.0493,0.8728,-0.0127,0.87
1038,3199,0.1415,0.621,0.2378,0.1972,0.1464,-0.1282,-0.76,79.96,0.77,128219.0,0.0,0.0453,0.035,-0.0006,-0.0467,0.7621,-0.0137,0.87
1039,3199,0.1395,0.6228,0.238,0.1845,0.1394,-0.1273,-0.31,97.9,0.78,125744.0,0.0,0.0411,0.0356,-0.0007,-0.0486,0.8675,-0.0097,0.87
1040,3199,0.1398,0.6219,0.2385,0.1888,0.137,-0.1311,-0.38,75.72,0.74,133640.0,0.0,0.0413,0.0343,-0.0007,-0.0472,0.8255,-0.0104,0.87
1041,3199,0.1372,0.6291,0.2342,0.1886,0.1231,-0.1327,-0.26,81.81,0.76,128686.0,0.0,0.0396,0.0352,-0.0013,-0.0469,0.8114,-0.0131,0.87
1042,3199,0.1411,0.6248,0.2346,0.1951,0.1405,-0.1274,-0.42,86.51,0.75,130744.0,0.0,0.0437,0.0373,-0.0008,-0.0493,0.8495,-0.0107,0.87
1043,3199,0.1366,0.6278,0.2359,0.1851,0.1418,-0.1329,-0.16,77.21,0.82,119181.0,0.0,0.0429,0.0348,-0.0005,-0.0464,0.8456,-0.0092,0.87
1044,3199,0.1363,0.6321,0.2321,0.1874,0.1491,-0.1294,0.23,73.83,0.78,126130.0,0.0,0.045,0.0346,-0.0008,-0.0456,0.8204,-0.0132,0.87
1045,3199,0.1318,0.6363,0.2324,0.1835,0.1319,-0.1334,-1.1,88.24,0.79,124348.0,0.0,0.0398,0.0342,-0.0004,-0.045,0.8212,-0.0123,0.87
1046,3199,0.1317,0.6361,0.2327,0.1913,0.1386,-0.1286,-0.68,77.7,0.75,131251.0,0.0,0.0406,0.0356,-0.0006,-0.0467,0.8216,-0.0117,0.87
1047,3199,0.136,0.6347,0.23,0.1941,0.1615,-0.1271,0.31,86.03,0.73,135405.0,0.0,0.0475,0.0349,-0.0007,-0.047,0.9266,-0.0093,0.87
1048,3199,0.1396,0.6317,0.2294,0.1962,0.1348,-0.1297,0.3,102.92,0.74,132833.0,0.0,0.0428,0.0357,-0.001,-0.0471,0.8178,-0.0111,0.87
1049,3199,0.1341,0.6309,0.2357,0.1926,0.1408,-0.1285,-0.77,87.68,0.76,128819.0,0.0,0.0436,0.0349,-0.0008,-0.047,0.8557,-0.0118,0.87
1050,3199,0.1313,0.6314,0.2379,0.1895,0.1428,-0.129,-0.75,79.0,0.77,127657.0,0.0,0.0426,0.0358,-0.0008,-0.0483,0.8435,-0.0142,0.87
1051,3199,0.1337,0.6348,0.2322,0.181,0.1524,-0.134,-0.05,74.15,0.76,129634.0,0.0,0.0455,0.033,-0.0005,-0.0439,0.9027,-0.014,0.87
1052,3199,0.1323,0.636,0.2322,0.1939,0.1285,-0.1302,0.98,108.05,0.78,125556.0,0.0,0.0404,0.0349,-0.0006,-0.0473,0.8406,-0.0136,0.87
1053,3199,0.1312,0.638,0.2313,0.1733,0.1385,-0.1367,-0.67,65.17,0.77,127115.0,0.0,0.0415,0.0317,-0.001,-0.0419,0.802,-0.0132,0.87
1054,3199,0.1325,0.6368,0.2309,0.1927,0.1503,-0.1267,-0.26,70.53,0.77,127835.0,0.0,0.0449,0.0355,-0.0007,-0.0472,0.8365,-0.0127,0.87
1055,3199,0.1342,0.6321,0.2341,0.1876,0.1438,-0.1284,1.1,91.85,0.75,130720.0,0.0,0.0445,0.0349,-0.0006,-0.046,0.8253,-0.012,0.86
1056,3199,0.1368,0.6309,0.2327,0.1975,0.1454,-0.129,-0.12,85.63,0.76,129837.0,0.0,0.0446,0.0345,-0.0005,-0.0468,0.782,-0.0123,0.86
1057,3199,0.1351,0.6304,0.2349,0.1987,0.1459,-0.1262,-0.25,79.66,0.73,134420.0,0.0,0.044,0.0383,-0.0008,-0.0487,0.8853,-0.0116,0.87
1058,3199,0.1344,0.6309,0.2352,0.2074,0.1502,-0.1241,1.24,108.22,0.73,134508.0,0.0,0.047,0.0374,-0.0006,-0.0482,0.7283,-0.0127,0.86
1059,3199,0.1391,0.6248,0.2366,0.1971,0.1452,-0.127,-0.64,80.64,0.72,135715.0,0.0,0.0427,0.0369,-0.0006,-0.047,0.7708,-0.0135,0.86
1060,3199,0.1413,0.6258,0.2332,0.196,0.1349,-0.1278,-0.55,100.07,0.73,135370.0,0.0,0.0413,0.0353,-0.0005,-0.0475,0.7713,-0.0133,0.86
1061,3199,0.135,0.6258,0.2395,0.1941,0.1129,-0.1298,-0.49,81.84,0.77,128061.0,0.0,0.0361,0.0365,-0.0009,-0.048,0.7751,-0.013,0.86
1062,3199,0.1316,0.6286,0.24,0.1919,0.1318,-0.1308,-0.31,88.16,0.76,129954.0,0.0,0.0423,0.0353,-0.0007,-0.0436,0.8243,-0.014,0.86
1063,3199,0.133,0.6262,0.2411,0.1951,0.1367,-0.1277,-0.03,104.17,0.74,133399.0,0.0,0.0421,0.0365,-0.0007,-0.0484,0.8263,-0.014,0.86
1064,3199,0.1312,0.6261,0.2429,0.1923,0.1355,-0.129,0.29,84.35,0.75,131220.0,0.0,0.0406,0.037,-0.0006,-0.0475,0.732,-0.0141,0.86
1065,3199,0.1329,0.6237,0.2438,0.1987,0.137,-0.1279,-0.72,97.97,0.73,133757.0,0.0,0.0412,0.038,-0.001,-0.0474,0.7755,-0.0134,0.86
1066,3199,0.1277,0.6206,0.2521,0.1989,0.1116,-0.1314,1.07,95.66,0.74,132761.0,0.0,0.0369,0.0381,-0.0007,-0.049,0.7929,-0.0133,0.86
1067,3199,0.1246,0.6252,0.2509,0.1987,0.1178,-0.1296,-1.11,82.66,0.76,129648.0,0.0,0.0378,0.0369,-0.0007,-0.048,0.7839,-0.0124,0.86
1068,3199,0.1256,0.6226,0.2524,0.2009,0.145,-0.1296,1.07,86.84,0.81,120935.0,0.0,0.0481,0.0352,-0.0007,-0.0436,0.8095,-0.0129,0.86
1069,3199,0.1268,0.621,0.2528,0.2019,0.1489,-0.127,-0.38,86.11,0.75,131636.0,0.0,0.0458,0.0365,-0.0008,-0.0464,0.7891,-0.0127,0.86
1070,3199,0.1267,0.6229,0.251,0.1975,0.1485,-0.1313,-0.57,86.5,0.78,125889.0,0.0,0.0459,0.0355,-0.0008,-0.0456,0.9164,-0.0126,0.86
1071,3199,0.1322,0.6236,0.2445,0.1978,0.1371,-0.1283,-1.24,85.96,0.8,122804.0,0.0,0.0416,0.0359,-0.0008,-0.0465,0.8533,-0.014,0.86
1072,3199,0.1312,0.6231,0.2463,0.1934,0.129,-0.1291,-1.11,91.68,0.73,134259.0,0.0,0.0406,0.0368,-0.0009,-0.0468,0.7867,-0.0136,0.86
1073,3199,0.1329,0.6297,0.2381,0.205,0.1585,-0.1251,0.3,99.27,0.74,132233.0,0.0,0.0451,0.0369,-0.0008,-0.047,0.8197,-0.0134,0.86
1074,3199,0.1373,0.6233,0.2396,0.1781,0.1431,-0.1342,-1.58,78.32,0.77,128277.0,0.0,0.0431,0.0337,-0.0008,-0.0421,1.0231,-0.0128,0.86
1075,3199,0.1368,0.6252,0.2383,0.186,0.1404,-0.1314,-0.87,78.11,0.8,122514.0,0.0,0.0421,0.0348,-0.0009,-0.0441,1.1087,-0.0108,0.86
1076,3199,0.136,0.6304,0.2342,0.1978,0.1435,-0.132,-0.15,82.8,0.76,130108.0,0.0,0.0439,0.0341,-0.0004,-0.0441,0.881,-0.01,0.86
1077,3199,0.134,0.6361,0.2299,0.1787,0.1294,-0.1371,-0.04,83.3,0.75,131415.0,0.0,0.0398,0.033,-0.0005,-0.0426,0.841,-0.0126,0.86
1078,3199,0.1358,0.637,0.2273,0.2034,0.1515,-0.1271,-0.21,83.68,0.74,132813.0,0.0,0.0481,0.0366,-0.0004,-0.0473,0.8391,-0.0146,0.86
1079,3199,0.1388,0.6363,0.2249,0.1916,0.1592,-0.1297,-0.22,84.37,0.73,134598.0,0.0,0.0454,0.0344,-0.0008,-0.0443,0.8021,-0.0133,0.86
1080,3199,0.1394,0.6358,0.2249,0.1985,0.1359,-0.1281,-1.2,86.75,0.74,132425.0,0.0,0.0398,0.0355,-0.0006,-0.0461,0.83,-0.0137,0.86
1081,3199,0.1345,0.634,0.2316,0.2004,0.1432,-0.1307,-1.43,87.28,0.74,132277.0,0.0,0.047,0.0357,-0.0008,-0.0451,0.8588,-0.0136,0.86
1082,3199,0.137,0.6345,0.2287,0.1965,0.1482,-0.1275,0.03,98.23,0.75,130632.0,0.0,0.0452,0.0364,-0.0008,-0.0458,0.8125,-0.0137,0.86
1083,3199,0.1308,0.6299,0.2393,0.2026,0.1355,-0.1282,0.28,88.22,0.73,133967.0,0.0,0.043,0.0367,-0.0005,-0.0467,0.884,-0.0135,0.86
1084,3199,0.1304,0.6273,0.2423,0.2035,0.1488,-0.1262,-0.01,80.94,0.76,130137.0,0.0,0.044,0.0369,-0.0007,-0.0469,0.8755,-0.0125,0.86
1085,3199,0.1324,0.6276,0.24,0.1941,0.138,-0.1305,-1.52,88.1,0.77,127706.0,0.0,0.0414,0.0363,-0.0006,-0.0453,0.8722,-0.0128,0.86
1086,3199,0.133,0.6217,0.2454,0.2004,0.1315,-0.1265,0.15,80.93,0.77,128119.0,0.0,0.0412,0.0375,-0.0011,-0.0464,0.8,-0.0127,0.86
1087,3199,0.1374,0.6152,0.2475,0.1966,0.1524,-0.1269,-0.36,84.32,0.76,129563.0,0.0,0.0467,0.0359,-0.0007,-0.0454,0.8978,-0.0096,0.86
1088,3199,0.1381,0.6161,0.2461,0.1852,0.1402,-0.1332,-0.09,69.88,0.76,128533.0,0.0,0.0428,0.0336,-0.0007,-0.0437,0.8454,-0.0095,0.86
1089,3199,0.1435,0.6173,0.2399,0.2004,0.1578,-0.1297,-0.27,91.05,0.79,124373.0,0.0,0.0493,0.0335,-0.0008,-0.0433,0.8598,-0.0136,0.86
1090,3199,0.1393,0.6209,0.2405,0.1957,0.1311,-0.129,-1.01,91.48,0.76,129599.0,0.0,0.0401,0.0358,-0.001,-0.0458,0.8076,-0.0139,0.86
1091,3199,0.142,0.625,0.2339,0.1998,0.1545,-0.1333,-0.41,76.64,0.74,132161.0,0.0,0.0483,0.0334,-0.0006,-0.0438,0.905,-0.0132,0.86
1092,3199,0.1441,0.6268,0.2301,0.1938,0.1511,-0.1304,0.46,93.98,0.73,133763.0,0.0,0.0458,0.035,-0.0007,-0.0438,0.8534,-0.0133,0.86
1093,3199,0.1463,0.6207,0.2339,0.2007,0.1452,-0.1264,1.1,89.49,0.77,128466.0,0.0,0.0455,0.0359,-0.0005,-0.0462,0.9308,-0.0126,0.86
1094,3199,0.1469,0.6171,0.237,0.209,0.1423,-0.1251,0.28,99.75,0.77,127200.0,0.0,0.0448,0.0385,-0.0009,-0.0462,0.817,-0.0136,0.86
1095,3199,0.1465,0.6165,0.2379,0.1971,0.1656,-0.1279,-0.41,85.79,0.76,129503.0,0.0,0.049,0.0353,-0.0004,-0.0447,0.869,-0.0144,0.86
1096,3199,0.1493,0.6194,0.2323,0.1847,0.1464,-0.1352,-0.14,76.37,0.77,127269.0,0.0,0.0454,0.0324,-0.0005,-0.0409,0.9142,-0.0116,0.86
1097,3199,0.1504,0.6222,0.2282,0.2047,0.1523,-0.1275,0.88,90.35,0.79,124570.0,0.0,0.0484,0.037,-0.0007,-0.0463,0.8148,-0.0137,0.86
1098,3199,0.1499,0.6211,0.2299,0.1993,0.1343,-0.1279,-0.39,88.4,0.74,132296.0,0.0,0.0414,0.0359,-0.0006,-0.0456,0.7804,-0.0142,0.86
1099,3199,0.1445,0.6223,0.234,0.1857,0.1474,-0.1324,-0.45,82.76,0.77,127953.0,0.0,0.0443,0.0335,-0.0005,-0.0442,0.873,-0.0138,0.86
1100,3199,0.1443,0.6254,0.231,0.1971,0.1385,-0.1312,-0.55,82.56,0.77,127920.0,0.0,0.042,0.0346,-0.0005,-0.044,0.8125,-0.0127,0.86
1101,3199,0.1436,0.621,0.2354,0.2001,0.1522,-0.1276,-0.21,98.47,0.79,124247.0,0.0,0.0492,0.0363,-0.0004,-0.0447,0.8175,-0.0134,0.86
1102,3199,0.1406,0.6309,0.2286,0.1958,0.149,-0.1317,0.25,90.12,0.79,124252.0,0.0,0.0457,0.0347,-0.0008,-0.0451,0.8146,-0.0139,0.86
1103,3199,0.1412,0.6302,0.229,0.2017,0.1395,-0.1275,-0.41,88.26,0.75,130395.0,0.0,0.0421,0.0357,-0.0007,-0.0445,0.8222,-0.0137,0.86
1104,3199,0.1411,0.6281,0.2311,0.1929,0.1485,-0.1306,-0.35,74.73,0.76,129092.0,0.0,0.0455,0.0358,-0.0007,-0.0453,0.8254,-0.0148,0.86
1105,3199,0.138,0.6241,0.2383,0.2043,0.1495,-0.1265,0.25,91.88,0.77,127523.0,0.0,0.0459,0.037,-0.001,-0.0473,0.921,-0.0128,0.86
1106,3199,0.1322,0.6216,0.2466,0.1992,0.1264,-0.1295,-1.02,80.93,0.76,129631.0,0.0,0.0433,0.0365,-0.0008,-0.0453,0.9152,-0.0099,0.85
1107,3199,0.1323,0.6181,0.2499,0.2037,0.1364,-0.1273,0.03,103.19,0.79,124540.0,0.0,0.0432,0.0386,-0.0007,-0.0463,0.8546,-0.0096,0.85
1108,3199,0.1343,0.6143,0.2518,0.2023,0.1319,-0.1269,-0.01,79.55,0.8,123126.0,0.0,0.042,0.0372,-0.0007,-0.0473,0.8791,-0.0093,0.85
1109,3199,0.1342,0.6156,0.2504,0.1928,0.1407,-0.129,0.81,97.56,0.79,124294.0,0.0,0.0412,0.036,-0.0005,-0.044,0.7574,-0.0115,0.85
1110,3199,0.1402,0.6117,0.2484,0.2094,0.1808,-0.1209,1.17,106.11,0.73,134431.0,0.0,0.0529,0.0377,-0.0007,-0.0476,0.7993,-0.0108,0.85
1111,3199,0.1434,0.6058,0.251,0.205,0.174,-0.1225,1.1,89.21,0.74,132168.0,0.0,0.0523,0.0371,-0.0008,-0.0465,0.8426,-0.0139,0.85
1112,3199,0.1456,0.6027,0.252,0.201,0.1517,-0.1256,1.17,101.11,0.76,129758.0,0.0,0.0468,0.0384,-0.0008,-0.0457,0.8236,-0.0135,0.85
1113,3199,0.1438,0.6045,0.2521,0.2032,0.1475,-0.1264,-0.6,82.18,0.75,131402.0,0.0,0.0483,0.0379,-0.0007,-0.0452,0.894,-0.0147,0.85
1114,3199,0.1459,0.6078,0.2467,0.205,0.1585,-0.1258,-0.86,85.94,0.82,120068.0,0.0,0.0512,0.0372,-0.001,-0.0451,0.8989,-0.0145,0.85
1115,3199,0.1418,0.6107,0.2477,0.1959,0.1362,-0.1296,-1.65,79.15,0.78,126243.0,0.0,0.0411,0.0366,-0.0008,-0.045,0.9787,-0.0124,0.85
1116,3199,0.1449,0.6049,0.2504,0.214,0.1532,-0.1249,-0.36,75.97,0.8,123330.0,0.0,0.0483,0.0381,-0.0007,-0.0479,0.909,-0.0108,0.85
1117,3199,0.1424,0.6091,0.2487,0.1912,0.1274,-0.1325,0.33,84.92,0.77,127224.0,0.0,0.0399,0.0351,-0.0007,-0.0444,0.833,-0.0106,0.85
1118,3199,0.1417,0.6128,0.2455,0.2002,0.1609,-0.1291,-0.48,74.83,0.75,130598.0,0.0,0.0493,0.0357,-0.0007,-0.0438,0.8126,-0.0123,0.85
1119,3199,0.1423,0.6169,0.2408,0.1872,0.1478,-0.1317,0.12,93.47,0.76,129674.0,0.0,0.0433,0.0345,-0.0015,-0.0426,0.8781,-0.009,0.85
1120,3199,0.1463,0.616,0.2378,0.1996,0.1506,-0.1252,0.31,102.88,0.8,122560.0,0.0,0.0451,0.0366,-0.0008,-0.0454,0.8773,-0.0132,0.85
1121,3199,0.1446,0.6174,0.238,0.1897,0.1432,-0.1332,-1.22,85.24,0.75,130946.0,0.0,0.0444,0.0331,-0.0009,-0.0418,0.8894,-0.0111,0.85
1122,3199,0.145,0.6143,0.2408,0.2015,0.1477,-0.127,-0.0,77.92,0.74,132206.0,0.0,0.0462,0.0385,-0.0007,-0.046,0.7625,-0.0122,0.85
1123,3199,0.1402,0.6171,0.2427,0.2048,0.1529,-0.1265,-0.13,86.73,0.8,122192.0,0.0,0.0461,0.0375,-0.0007,-0.0452,0.8286,-0.0132,0.85
1124,3199,0.1408,0.618,0.2412,0.2056,0.1484,-0.1257,-1.23,75.06,0.76,129595.0,0.0,0.0451,0.0373,-0.0006,-0.046,0.8642,-0.0141,0.85
1125,3199,0.1405,0.6136,0.246,0.219,0.1298,-0.1244,-0.43,91.34,0.73,134333.0,0.0,0.0422,0.0399,-0.0009,-0.0485,0.7831,-0.0133,0.85
1126,3199,0.1396,0.6138,0.2469,0.206,0.1478,-0.1255,0.55,77.56,0.73,134098.0,0.0,0.0432,0.0377,-0.001,-0.0475,0.8561,-0.0123,0.85
1127,3199,0.1442,0.6087,0.2475,0.2082,0.1385,-0.1253,0.27,107.89,0.76,128646.0,0.0,0.0432,0.041,-0.001,-0.0487,0.889,-0.013,0.85
1128,3199,0.1453,0.6143,0.2406,0.1849,0.1286,-0.1342,0.48,97.86,0.74,132208.0,0.0,0.039,0.0343,-0.0007,-0.0418,0.8968,-0.0114,0.85
1129,3199,0.1454,0.6154,0.2395,0.1968,0.1509,-0.1293,-0.42,76.47,0.75,130214.0,0.0,0.047,0.0363,-0.0007,-0.0436,0.8706,-0.0104,0.85
1130,3199,0.1423,0.6153,0.2426,0.2037,0.1434,-0.1274,0.06,80.9,0.75,130276.0,0.0,0.0442,0.0382,-0.0012,-0.0456,0.8988,-0.0132,0.85
1131,3199,0.143,0.6157,0.2416,0.2045,0.1533,-0.1264,-0.08,93.29,0.72,136476.0,0.0,0.0461,0.0381,-0.0008,-0.0471,0.8978,-0.0141,0.85
1132,3199,0.1414,0.6172,0.2416,0.19,0.1242,-0.1324,-0.36,103.52,0.73,134921.0,0.0,0.0368,0.0366,-0.0005,-0.0436,0.8114,-0.0129,0.85
1133,3199,0.14,0.6186,0.2416,0.196,0.1441,-0.1285,-1.47,88.52,0.79,124117.0,0.0,0.0435,0.0369,-0.0005,-0.0458,0.7877,-0.0138,0.85
1134,3199,0.1385,0.6227,0.239,0.2131,0.1601,-0.1256,-0.04,93.46,0.75,130403.0,0.0,0.0486,0.0387,-0.0006,-0.0474,0.7783,-0.0137,0.85
1135,3199,0.137,0.6276,0.2356,0.1969,0.137,-0.1299,-0.45,82.02,0.76,128889.0,0.0,0.0436,0.0373,-0.0006,-0.0454,0.7996,-0.0131,0.85
1136,3199,0.1408,0.6212,0.2383,0.2038,0.1604,-0.126,1.59,101.03,0.8,123371.0,0.0,0.0505,0.0381,-0.0005,-0.0467,0.8223,-0.0109,0.85
1137,3199,0.1417,0.6184,0.2404,0.2192,0.1347,-0.1233,-0.7,79.3,0.75,130307.0,0.0,0.0414,0.0406,-0.0004,-0.0507,0.8253,-0.0095,0.85
1138,3199,0.1386,0.6178,0.2441,0.2183,0.1514,-0.1232,0.55,106.49,0.79,125071.0,0.0,0.0478,0.0401,-0.0005,-0.0509,0.8787,-0.0121,0.85
1139,3199,0.1404,0.617,0.2433,0.1987,0.1322,-0.1301,-0.42,96.46,0.78,126692.0,0.0,0.0406,0.0377,-0.0006,-0.0465,0.8865,-0.0128,0.85
1140,3199,0.1395,0.6175,0.2438,0.208,0.1357,-0.1295,0.32,80.89,0.76,129274.0,0.0,0.0426,0.0372,-0.0009,-0.0474,0.8619,-0.0124,0.85
1141,3199,0.1393,0.6149,0.2464,0.2029,0.1409,-0.126,-0.92,79.96,0.75,131793.0,0.0,0.0424,0.04,-0.0006,-0.0488,0.9211,-0.0126,0.85
1142,3199,0.1385,0.6158,0.2464,0.1991,0.1382,-0.1308,-0.86,75.85,0.78,125257.0,0.0,0.0435,0.0362,-0.0007,-0.0456,0.906,-0.0108,0.85
1143,3199,0.137,0.6196,0.2441,0.1909,0.1413,-0.1325,-1.22,63.29,0.78,126541.0,0.0,0.0434,0.036,-0.0009,-0.0453,0.8594,-0.0122,0.85
1144,3199,0.1346,0.6242,0.2421,0.207,0.1413,-0.1272,-0.2,87.06,0.75,131299.0,0.0,0.0468,0.0387,-0.0007,-0.047,0.8124,-0.0126,0.85
1145,3199,0.1361,0.6223,0.2424,0.212,0.1598,-0.1234,-0.56,94.59,0.76,128664.0,0.0,0.0465,0.0397,-0.0011,-0.0481,0.8033,-0.0141,0.85
1146,3199,0.1319,0.6244,0.2445,0.2094,0.1599,-0.1241,0.2,94.81,0.74,132816.0,0.0,0.0492,0.0404,-0.0005,-0.0488,0.8164,-0.0141,0.85
1147,3199,0.1323,0.6207,0.2478,0.2164,0.1604,-0.1208,0.72,85.68,0.77,128455.0,0.0,0.05,0.0407,-0.0009,-0.0495,0.7959,-0.012,0.84
1148,3199,0.1348,0.6192,0.2467,0.203,0.1485,-0.1282,-1.26,78.56,0.77,128424.0,0.0,0.0434,0.0385,-0.0011,-0.047,0.7474,-0.0121,0.85
1149,3199,0.136,0.6195,0.2448,0.21,0.155,-0.1269,0.34,101.09,0.76,130040.0,0.0,0.047,0.0398,-0.0006,-0.0482,0.8531,-0.0099,0.85
1150,3199,0.1355,0.6225,0.2422,0.1908,0.1244,-0.1315,-0.66,100.21,0.76,128662.0,0.0,0.0351,0.0375,-0.0005,-0.0449,0.844,-0.0093,0.85
1151,3199,0.1343,0.6224,0.2437,0.1993,0.1282,-0.1288,-0.83,83.68,0.76,129936.0,0.0,0.0404,0.0379,-0.0009,-0.0457,0.8043,-0.0128,0.84
1152,3199,0.1353,0.6223,0.2426,0.2017,0.1462,-0.1263,-0.47,98.33,0.77,127577.0,0.0,0.0436,0.0391,-0.0007,-0.046,0.8616,-0.0123,0.84
1153,3199,0.1372,0.6136,0.2495,0.2038,0.1576,-0.1242,-0.22,93.05,0.79,123927.0,0.0,0.0477,0.0383,-0.0007,-0.0467,0.881,-0.0126,0.84
1154,3199,0.1377,0.608,0.2546,0.206,0.1349,-0.1255,-0.48,95.11,0.75,131680.0,0.0,0.0398,0.0397,-0.0009,-0.0466,0.8293,-0.0127,0.85
1155,3199,0.1386,0.6104,0.2513,0.1947,0.1629,-0.1304,0.53,101.68,0.76,129929.0,0.0,0.0484,0.0344,-0.0007,-0.0435,0.8483,-0.0121,0.85
1156,3199,0.1371,0.6132,0.25,0.1993,0.1442,-0.1279,-0.2,85.02,0.73,134283.0,0.0,0.0418,0.0359,-0.0006,-0.0452,0.8943,-0.0137,0.84
1157,3199,0.1333,0.6148,0.2519,0.214,0.122,-0.1274,-0.78,82.79,0.73,134499.0,0.0,0.0385,0.0409,-0.0006,-0.0484,0.9337,-0.0116,0.84
1158,3199,0.1324,0.6214,0.2462,0.2035,0.14,-0.1294,-0.04,80.48,0.79,125051.0,0.0,0.0401,0.0375,-0.001,-0.0452,0.9201,-0.0114,0.84
1159,3199,0.1319,0.6255,0.2425,0.2145,0.1515,-0.1239,0.29,102.84,0.82,120306.0,0.0,0.048,0.0395,-0.0026,-0.0487,0.832,-0.012,0.84
1160,3199,0.1362,0.6203,0.2435,0.2096,0.1748,-0.1231,-0.54,79.05,0.75,131552.0,0.0,0.0504,0.0375,-0.0007,-0.0448,0.8107,-0.0139,0.84
1161,3199,0.1359,0.6152,0.2489,0.2086,0.1312,-0.1266,-0.83,87.71,0.75,130765.0,0.0,0.0408,0.0401,-0.0009,-0.0463,0.8633,-0.0137,0.84
1162,3199,0.1379,0.6141,0.248,0.206,0.1567,-0.1259,-0.59,78.89,0.79,123875.0,0.0,0.0487,0.0388,-0.0011,-0.0483,0.8381,-0.0121,0.84
1163,3199,0.1362,0.6098,0.254,0.2064,0.1388,-0.1277,-0.75,81.19,0.77,128232.0,0.0,0.0428,0.0371,-0.0008,-0.0457,0.8779,-0.0129,0.84
1164,3199,0.1335,0.6139,0.2528,0.2084,0.1575,-0.1258,1.5,100.08,0.74,133672.0,0.0,0.0464,0.0385,-0.0007,-0.0471,0.8376,-0.0139,0.84
1165,3199,0.1375,0.611,0.2518,0.2187,0.1634,-0.1205,0.46,114.34,0.73,134077.0,0.0,0.0487,0.0417,-0.0008,-0.0501,0.9022,-0.0135,0.84
1166,3199,0.1369,0.6116,0.2519,0.194,0.1481,-0.1312,-0.56,73.66,0.73,134555.0,0.0,0.0457,0.0367,-0.0007,-0.0456,0.8584,-0.01,0.84
1167,3199,0.1391,0.6092,0.2519,0.2154,0.1443,-0.1224,0.5,91.27,0.73,134009.0,0.0,0.0436,0.0409,-0.0007,-0.0484,0.8488,-0.0086,0.84
1168,3199,0.1443,0.6011,0.2549,0.2116,0.1663,-0.1248,1.45,94.8,0.76,130148.0,0.0,0.0516,0.0384,-0.0008,-0.0471,0.8273,-0.0093,0.84
1169,3199,0.1443,0.605,0.251,0.2066,0.1469,-0.1281,0.2,104.58,0.76,130083.0,0.0,0.0452,0.0387,-0.0009,-0.047,0.8455,-0.0131,0.84
1170,3199,0.1458,0.6016,0.2528,0.2098,0.1505,-0.1244,-0.96,85.24,0.77,127804.0,0.0,0.044,0.0389,-0.0007,-0.0485,0.8198,-0.0115,0.84
1171,3199,0.1402,0.61,0.2498,0.2052,0.1449,-0.1284,0.36,100.54,0.76,130032.0,0.0,0.0458,0.0378,-0.001,-0.0472,0.8704,-0.0096,0.84
1172,3199,0.1385,0.6073,0.2542,0.2215,0.1456,-0.1225,0.51,106.13,0.75,131500.0,0.0,0.0438,0.0425,-0.0005,-0.0493,0.8575,-0.01,0.84
1173,3199,0.1343,0.6112,0.2547,0.2001,0.1295,-0.1307,0.38,92.07,0.77,128442.0,0.0,0.0387,0.0366,-0.0011,-0.0457,0.815,-0.0086,0.84
1174,3199,0.137,0.612,0.2513,0.2175,0.152,-0.1234,0.83,89.57,0.76,129994.0,0.0,0.0469,0.0398,-0.001,-0.0487,0.7953,-0.0103,0.84
1175,3199,0.136,0.6127,0.2515,0.2093,0.136,-0.126,-1.72,85.08,0.77,128421.0,0.0,0.039,0.0396,-0.0008,-0.0473,0.847,-0.0114,0.84
1176,3199,0.1307,0.6141,0.2555,0.2022,0.1253,-0.1296,-1.02,77.05,0.74,132529.0,0.0,0.0381,0.0391,-0.0012,-0.0466,0.8164,-0.0112,0.84
1177,3199,0.1286,0.6128,0.2589,0.2144,0.1044,-0.1267,-1.42,97.72,0.77,127770.0,0.0,0.0332,0.0421,-0.0011,-0.0489,0.9291,-0.0092,0.84
1178,3199,0.128,0.6173,0.255,0.2023,0.1525,-0.1261,0.07,79.23,0.74,133136.0,0.0,0.0455,0.0383,-0.0016,-0.0444,0.8666,-0.012,0.84
1179,3199,0.1306,0.6182,0.2514,0.2164,0.151,-0.1252,0.31,81.88,0.74,131982.0,0.0,0.0462,0.0408,-0.0007,-0.0477,0.9344,-0.0123,0.84
1180,3199,0.1304,0.6187,0.2512,0.2064,0.1483,-0.1297,-0.39,101.21,0.74,133608.0,0.0,0.0431,0.0374,-0.0005,-0.0456,0.8649,-0.0116,0.84
1181,3199,0.1339,0.6113,0.2551,0.2264,0.1628,-0.1163,-0.13,97.39,0.73,134926.0,0.0,0.0495,0.0429,-0.0011,-0.0513,0.8523,-0.01,0.84
1182,3199,0.1329,0.6109,0.2566,0.2098,0.1413,-0.1252,-0.56,102.97,0.73,135085.0,0.0,0.043,0.0389,-0.0006,-0.0456,0.8695,-0.014,0.84
1183,3199,0.1345,0.6068,0.2589,0.2035,0.1453,-0.128,1.16,99.81,0.73,134391.0,0.0,0.0414,0.0384,-0.0013,-0.0461,0.8242,-0.0086,0.84
1184,3199,0.136,0.608,0.2559,0.2127,0.1442,-0.126,-0.08,93.83,0.81,121646.0,0.0,0.0411,0.0401,-0.0011,-0.0463,0.8495,-0.0093,0.84
1185,3199,0.1353,0.6129,0.2518,0.2053,0.1507,-0.1269,-0.01,88.9,0.78,125894.0,0.0,0.0457,0.0384,-0.001,-0.0455,1.1669,-0.0078,0.84
1186,3199,0.1374,0.6141,0.2486,0.2011,0.1292,-0.1309,-0.24,91.4,0.77,127949.0,0.0,0.0391,0.0397,-0.001,-0.0464,0.8172,-0.0085,0.84
1187,3199,0.1367,0.6197,0.2436,0.212,0.1473,-0.1239,0.29,96.92,0.74,133644.0,0.0,0.045,0.0419,-0.0013,-0.0484,0.9377,-0.0124,0.84
1188,3199,0.138,0.6158,0.2462,0.2149,0.1385,-0.1256,-0.17,99.02,0.73,135547.0,0.0,0.0411,0.0401,-0.001,-0.0474,0.8718,-0.0138,0.84
1189,3199,0.1392,0.6158,0.245,0.2178,0.1448,-0.1232,-0.73,87.74,0.74,132959.0,0.0,0.0426,0.0411,-0.0008,-0.0485,0.8837,-0.011,0.84
1190,3199,0.1393,0.6183,0.2424,0.2044,0.1542,-0.1261,1.08,106.63,0.74,132756.0,0.0,0.0467,0.0376,-0.0008,-0.0451,0.8996,-0.0127,0.84
1191,3199,0.1412,0.6209,0.2379,0.1997,0.1425,-0.1303,-1.91,65.86,0.78,125947.0,0.0,0.0416,0.0369,-0.001,-0.044,0.9502,-0.0124,0.84
1192,3199,0.1433,0.6168,0.2398,0.2084,0.1434,-0.1266,-0.38,103.76,0.81,121512.0,0.0,0.0445,0.0385,-0.001,-0.0466,0.9366,-0.0131,0.84
1193,3199,0.1417,0.6136,0.2449,0.208,0.1515,-0.1283,0.54,79.91,0.76,129543.0,0.0,0.0438,0.0377,-0.001,-0.0444,0.8426,-0.0124,0.84
1194,3199,0.1408,0.6172,0.242,0.1954,0.1375,-0.131,1.38,104.55,0.77,128151.0,0.0,0.0409,0.0366,-0.001,-0.0431,0.8671,-0.0125,0.84
1195,3199,0.1419,0.6169,0.2412,0.209,0.1471,-0.1255,0.46,93.4,0.75,131570.0,0.0,0.0436,0.038,-0.0007,-0.0445,0.8568,-0.0112,0.84
1196,3199,0.1441,0.6176,0.2383,0.1923,0.1458,-0.1316,-0.86,72.6,0.73,134973.0,0.0,0.0424,0.0364,-0.0007,-0.0444,0.8543,-0.014,0.84
1197,3199,0.144,0.6168,0.2392,0.2072,0.1429,-0.1297,-0.38,72.98,0.73,134433.0,0.0,0.0454,0.0374,-0.0007,-0.0452,0.879,-0.0137,0.84
1198,3199,0.1463,0.6159,0.2378,0.2244,0.1518,-0.1204,0.64,104.45,0.73,134084.0,0.0,0.0463,0.0413,-0.001,-0.0469,0.8559,-0.0137,0.84
1199,3199,0.1434,0.614,0.2427,0.2108,0.1285,-0.1271,0.17,93.39,0.73,135195.0,0.0,0.0398,0.04,-0.001,-0.0478,0.8939,-0.0136,0.84
1200,3199,0.1462,0.6129,0.2411,0.2172,0.145,-0.124,0.31,94.49,0.73,134681.0,0.0,0.0437,0.0403,-0.0015,-0.0474,0.881,-0.0127,0.84
1201,3199,0.1496,0.6084,0.2422,0.2205,0.1419,-0.1227,1.6,111.05,0.76,130193.0,0.0,0.0451,0.0418,-0.001,-0.0492,0.8298,-0.0094,0.84
1202,3199,0.1475,0.6049,0.2479,0.2184,0.1418,-0.1243,-0.93,79.48,0.73,134540.0,0.0,0.0439,0.0406,-0.0007,-0.0486,0.8736,-0.0098,0.84
1203,3199,0.1453,0.6122,0.2427,0.2087,0.1548,-0.127,0.92,92.71,0.72,135939.0,0.0,0.047,0.0387,-0.0011,-0.0448,0.8867,-0.0063,0.84
1204,3199,0.1453,0.6096,0.2454,0.2095,0.1475,-0.1278,-0.16,95.9,0.73,134216.0,0.0,0.0423,0.0394,-0.0007,-0.0463,0.8893,-0.0091,0.84
1205,3199,0.1454,0.6034,0.2515,0.2183,0.1448,-0.1227,0.57,113.93,0.73,134896.0,0.0,0.0423,0.0417,-0.002,-0.0481,0.8389,-0.0129,0.84
1206,3199,0.1425,0.6035,0.2544,0.2033,0.1508,-0.1286,0.16,62.12,0.73,134631.0,0.0,0.0441,0.0366,-0.001,-0.0422,0.8462,-0.0142,0.84
1207,3199,0.1384,0.6114,0.2504,0.1982,0.1327,-0.1317,0.04,87.16,0.73,134446.0,0.0,0.0402,0.0368,-0.0009,-0.0424,0.8394,-0.0142,0.84
1208,3199,0.1317,0.6176,0.2509,0.2073,0.1346,-0.1268,0.09,85.88,0.75,130944.0,0.0,0.0405,0.0404,-0.001,-0.0464,0.8812,-0.0144,0.84
1209,3199,0.1327,0.6156,0.252,0.2048,0.1468,-0.1258,-1.31,79.39,0.73,134755.0,0.0,0.0449,0.0398,-0.0016,-0.0446,0.8389,-0.0111,0.84
1210,3199,0.1293,0.6171,0.2538,0.206,0.124,-0.1304,0.02,91.02,0.74,133157.0,0.0,0.0374,0.0396,-0.0009,-0.045,0.8963,-0.009,0.84
1211,3199,0.1336,0.6157,0.251,0.2164,0.1699,-0.123,-0.16,83.81,0.73,134560.0,0.0,0.05,0.0388,-0.0007,-0.0449,0.8204,-0.0114,0.84
1212,3199,0.1347,0.6185,0.247,0.2129,0.1333,-0.1283,0.16,89.52,0.73,134672.0,0.0,0.0398,0.0391,-0.0009,-0.0445,0.8538,-0.0075,0.84
1213,3199,0.134,0.614,0.2522,0.2183,0.1345,-0.126,-1.07,82.87,0.74,132281.0,0.0,0.0412,0.0396,-0.0015,-0.0486,0.8771,-0.0093,0.84
1214,3199,0.1318,0.6144,0.2541,0.2126,0.1425,-0.1253,0.14,94.08,0.73,134000.0,0.0,0.043,0.0392,-0.0006,-0.0453,0.8742,-0.0108,0.84
1215,3199,0.1311,0.6128,0.2563,0.2226,0.1322,-0.1247,-0.58,89.01,0.73,134366.0,0.0,0.042,0.0405,-0.0006,-0.0468,0.8916,-0.0088,0.84
1216,3199,0.1312,0.6138,0.2552,0.2125,0.1413,-0.1226,-0.67,97.21,0.73,133754.0,0.0,0.0415,0.0405,-0.0009,-0.046,1.3029,-0.0085,0.84
1217,3199,0.1351,0.6068,0.2588,0.2109,0.1596,-0.1232,-0.12,85.74,0.77,128007.0,0.0,0.048,0.0378,-0.0007,-0.0443,0.8802,-0.0096,0.84
1218,3199,0.1362,0.6087,0.2557,0.214,0.1312,-0.1269,-0.25,94.9,0.77,127509.0,0.0,0.0413,0.0399,-0.0008,-0.0463,0.8969,-0.0121,0.84
1219,3199,0.1289,0.6142,0.2575,0.2118,0.1153,-0.1281,0.51,94.08,0.76,129793.0,0.0,0.0369,0.0401,-0.0009,-0.0459,0.8388,-0.0132,0.84
1220,3199,0.132,0.6112,0.2577,0.2084,0.1617,-0.1241,-0.36,90.96,0.75,130737.0,0.0,0.0476,0.0397,-0.0007,-0.0451,0.8916,-0.0137,0.84
1221,3199,0.1292,0.6174,0.2542,0.211,0.1443,-0.1253,0.83,91.31,0.76,128981.0,0.0,0.0419,0.0388,-0.0009,-0.046,0.8086,-0.0126,0.84
1222,3199,0.1274,0.6148,0.2586,0.2117,0.1395,-0.1227,-0.06,103.89,0.74,132316.0,0.0,0.041,0.0412,-0.001,-0.0462,0.837,-0.0128,0.84
1223,3199,0.129,0.6093,0.2625,0.2163,0.1478,-0.1274,-0.59,80.84,0.74,132204.0,0.0,0.0446,0.0395,-0.0006,-0.0464,0.8409,-0.0113,0.84
1224,3199,0.1293,0.6091,0.2624,0.2116,0.1442,-0.1266,0.17,96.34,0.76,129689.0,0.0,0.0427,0.0384,-0.0009,-0.0457,0.8911,-0.0131,0.83
1225,3199,0.1271,0.6135,0.2601,0.2174,0.1472,-0.1242,-0.55,96.23,0.76,129759.0,0.0,0.0444,0.04,-0.0011,-0.047,0.8637,-0.0121,0.83
1226,3199,0.1269,0.6172,0.2567,0.2129,0.1531,-0.1278,0.79,96.28,0.76,129920.0,0.0,0.0452,0.0379,-0.0008,-0.0449,0.9051,-0.0118,0.83
1227,3199,0.1316,0.6115,0.2574,0.224,0.1698,-0.1201,-0.05,83.27,0.74,133037.0,0.0,0.0507,0.0408,-0.001,-0.046,0.84,-0.01,0.83
1228,3199,0.134,0.6085,0.2583,0.2215,0.1447,-0.1237,-0.99,102.83,0.75,130666.0,0.0,0.0458,0.0404,-0.001,-0.0488,0.8667,-0.0123,0.83
1229,3199,0.1373,0.6043,0.2592,0.222,0.1637,-0.1209,-0.27,110.17,0.8,122703.0,0.0,0.0478,0.0398,-0.0008,-0.0478,0.913,-0.012,0.83
1230,3199,0.1354,0.6011,0.264,0.2203,0.1406,-0.1243,0.02,97.07,0.76,129316.0,0.0,0.0454,0.0409,-0.0012,-0.0477,0.8509,-0.0133,0.83
1231,3199,0.1388,0.6011,0.2604,0.2191,0.1379,-0.1254,-0.17,88.02,0.76,129735.0,0.0,0.0449,0.0404,-0.0006,-0.0454,1.0363,-0.0096,0.83
1232,3199,0.1358,0.6085,0.2559,0.2265,0.1397,-0.1238,-1.11,96.39,0.77,127148.0,0.0,0.0449,0.0417,-0.0008,-0.0496,0.9115,-0.0143,0.83
1233,3199,0.1346,0.606,0.2597,0.2088,0.1298,-0.1277,-0.68,94.79,0.76,128839.0,0.0,0.0386,0.0406,-0.0014,-0.0438,0.8379,-0.014,0.83
1234,3199,0.1339,0.6077,0.2586,0.2085,0.1478,-0.1276,0.19,88.74,0.79,124537.0,0.0,0.0451,0.0389,-0.001,-0.0447,0.8636,-0.0134,0.83
1235,3199,0.1333,0.6095,0.2574,0.2133,0.1375,-0.1266,1.28,95.9,0.74,132152.0,0.0,0.0425,0.0397,-0.0007,-0.0467,0.8487,-0.0092,0.83
1236,3199,0.1325,0.6106,0.2574,0.2103,0.1261,-0.1274,-0.13,112.96,0.79,124827.0,0.0,0.039,0.0394,-0.0008,-0.0453,0.9616,-0.0091,0.83
1237,3199,0.1308,0.615,0.2546,0.211,0.1407,-0.1263,0.44,100.26,0.76,129837.0,0.0,0.0423,0.0398,-0.0009,-0.0467,0.8203,-0.0095,0.83
1238,3199,0.1318,0.6088,0.26,0.2221,0.1509,-0.1219,0.48,104.03,0.75,131316.0,0.0,0.045,0.0412,-0.0008,-0.0474,0.8458,-0.0086,0.83
1239,3199,0.1361,0.606,0.2579,0.215,0.1629,-0.1235,0.78,90.08,0.73,135399.0,0.0,0.0482,0.0401,-0.0012,-0.0457,0.8934,-0.0093,0.83
1240,3199,0.1405,0.6044,0.2551,0.2178,0.1424,-0.1247,-0.28,90.75,0.74,133613.0,0.0,0.0436,0.0398,-0.0009,-0.0472,0.9185,-0.012,0.83
1241,3199,0.1404,0.604,0.2556,0.2186,0.1426,-0.1244,0.08,100.23,0.75,131270.0,0.0,0.044,0.0407,-0.0008,-0.0477,0.8823,-0.0145,0.83
1242,3199,0.141,0.6044,0.2546,0.2215,0.1479,-0.1249,-0.06,97.23,0.76,129135.0,0.0,0.0462,0.0416,-0.001,-0.0479,0.9294,-0.0137,0.83
1243,3199,0.1427,0.6027,0.2546,0.2254,0.1439,-0.1231,-0.49,89.06,0.82,119520.0,0.0,0.0492,0.0417,-0.0009,-0.0486,0.8785,-0.0093,0.83
1244,3199,0.1451,0.5943,0.2605,0.2305,0.1559,-0.1232,1.05,78.81,0.8,122559.0,0.0,0.0491,0.0416,-0.001,-0.0483,0.9136,-0.009,0.83
1245,3199,0.1442,0.595,0.2608,0.2144,0.1414,-0.1265,0.39,80.78,0.77,127774.0,0.0,0.042,0.04,-0.0009,-0.045,0.8637,-0.0125,0.83
1246,3199,0.1456,0.597,0.2574,0.2145,0.1603,-0.1242,0.59,79.76,0.79,124854.0,0.0,0.0482,0.0393,-0.0012,-0.0451,0.8348,-0.014,0.83
1247,3199,0.1445,0.5993,0.2562,0.22,0.1372,-0.1257,0.38,88.24,0.75,130335.0,0.0,0.0417,0.0403,-0.0006,-0.0473,0.8602,-0.0118,0.83
1248,3199,0.1436,0.6003,0.2561,0.2193,0.1551,-0.1223,0.38,103.32,0.75,131895.0,0.0,0.047,0.0407,-0.0008,-0.0461,0.8803,-0.0111,0.83
1249,3199,0.143,0.6017,0.2553,0.2344,0.1513,-0.1222,0.4,109.18,0.75,131047.0,0.0,0.0468,0.0408,-0.0007,-0.0483,0.8623,-0.0133,0.83
1250,3199,0.1424,0.599,0.2586,0.2112,0.1459,-0.128,0.7,103.35,0.77,127388.0,0.0,0.0448,0.0397,-0.001,-0.0446,0.8754,-0.0129,0.83
1251,3199,0.1419,0.6024,0.2557,0.2019,0.1234,-0.1317,-0.77,86.5,0.76,129144.0,0.0,0.0368,0.0386,-0.0007,-0.0433,0.7984,-0.0119,0.83
1252,3199,0.1421,0.6041,0.2539,0.2204,0.1557,-0.1244,0.07,89.18,0.78,125592.0,0.0,0.0459,0.0397,-0.0017,-0.0457,0.8611,-0.0127,0.83
1253,3199,0.1412,0.6015,0.2573,0.2143,0.1281,-0.1256,-0.15,100.09,0.74,132932.0,0.0,0.0389,0.042,-0.001,-0.0471,0.8657,-0.013,0.83
1254,3199,0.141,0.6028,0.2563,0.2161,0.1388,-0.1259,1.15,103.15,0.73,134825.0,0.0,0.0436,0.0409,-0.0008,-0.0469,0.9133,-0.0129,0.83
1255,3199,0.1429,0.6057,0.2519,0.2035,0.1545,-0.1278,0.7,104.51,0.73,134818.0,0.0,0.0456,0.0385,-0.001,-0.0443,0.8383,-0.013,0.83
1256,3199,0.1387,0.6157,0.2462,0.2065,0.1537,-0.1296,0.6,85.54,0.75,131049.0,0.0,0.0459,0.0386,-0.0009,-0.0442,0.8693,-0.0138,0.83
1257,3199,0.1359,0.6168,0.2478,0.2116,0.1415,-0.1274,0.32,81.72,0.76,128654.0,0.0,0.0425,0.0384,-0.0009,-0.0463,0.8515,-0.0121,0.83
1258,3199,0.134,0.6206,0.2461,0.2196,0.1518,-0.1231,0.93,101.26,0.76,128690.0,0.0,0.0459,0.0406,-0.0009,-0.0451,0.9053,-0.0115,0.83
1259,3199,0.135,0.6195,0.2464,0.2199,0.1358,-0.1249,-0.13,87.51,0.74,132016.0,0.0,0.0411,0.0412,-0.0007,-0.0479,0.8774,-0.0096,0.83
1260,3199,0.1344,0.6172,0.2493,0.2233,0.1619,-0.1211,-0.12,87.23,0.76,129597.0,0.0,0.0505,0.0408,-0.001,-0.0458,0.8964,-0.0122,0.83
1261,3199,0.1345,0.615,0.2513,0.2169,0.1523,-0.1267,0.41,99.79,0.74,132879.0,0.0,0.0469,0.0396,-0.0007,-0.0461,0.9588,-0.013,0.83
1262,3199,0.1366,0.6183,0.2461,0.2069,0.1509,-0.1273,0.48,99.04,0.82,120447.0,0.0,0.0441,0.0394,-0.0008,-0.0446,0.8814,-0.0104,0.83
1263,3199,0.136,0.6206,0.2444,0.2115,0.1462,-0.1247,-0.25,91.82,0.76,129596.0,0.0,0.043,0.0409,-0.0008,-0.0453,0.8208,-0.0091,0.83
1264,3199,0.1326,0.6225,0.2457,0.2212,0.1238,-0.1244,-1.16,91.05,0.78,125892.0,0.0,0.0374,0.0424,-0.0009,-0.0481,0.8873,-0.0129,0.83
1265,3199,0.1303,0.6192,0.251,0.2211,0.1422,-0.1224,0.7,97.28,0.8,123015.0,0.0,0.0437,0.0419,-0.0006,-0.0465,0.8075,-0.0134,0.83
1266,3199,0.1322,0.6187,0.2497,0.2034,0.1431,-0.1299,-0.15,94.68,0.76,129870.0,0.0,0.0441,0.038,-0.0009,-0.0431,0.8753,-0.0096,0.83
1267,3199,0.1374,0.6139,0.2495,0.2232,0.1542,-0.1218,0.74,107.86,0.77,128493.0,0.0,0.0489,0.041,-0.0006,-0.0446,0.818,-0.0125,0.83
1268,3199,0.1388,0.6085,0.2533,0.2201,0.1446,-0.1239,0.42,100.77,0.73,133808.0,0.0,0.0441,0.0413,-0.0009,-0.0462,0.8371,-0.0128,0.83
1269,3199,0.1391,0.608,0.2533,0.2181,0.152,-0.1254,1.0,94.2,0.77,127067.0,0.0,0.0469,0.0388,-0.0011,-0.0446,0.8957,-0.0119,0.83
1270,3199,0.139,0.6152,0.2462,0.2103,0.1404,-0.1294,-0.34,100.05,0.76,129601.0,0.0,0.0438,0.0401,-0.0008,-0.0413,0.8067,-0.0126,0.83
1271,3199,0.1429,0.6122,0.2455,0.2135,0.1614,-0.127,1.35,98.37,0.73,134002.0,0.0,0.0507,0.0385,-0.001,-0.0438,0.81,-0.0132,0.83
1272,3199,0.1416,0.6081,0.251,0.2158,0.1447,-0.1261,0.64,90.31,0.75,131584.0,0.0,0.0434,0.041,-0.0011,-0.0458,0.8148,-0.0135,0.83
1273,3199,0.1393,0.6051,0.2564,0.2284,0.1447,-0.123,0.71,105.92,0.78,125505.0,0.0,0.0465,0.0431,-0.0008,-0.0473,0.8006,-0.0131,0.83
1274,3199,0.1401,0.6015,0.2592,0.2198,0.1557,-0.1231,-0.16,98.02,0.76,129736.0,0.0,0.0467,0.0415,-0.0013,-0.046,0.8342,-0.0084,0.83
1275,3199,0.1401,0.6014,0.2591,0.2143,0.1497,-0.1225,-0.43,68.74,0.82,120051.0,0.0,0.0443,0.0419,-0.001,-0.0463,0.7991,-0.0087,0.83
1276,3199,0.1393,0.6027,0.2587,0.2159,0.1373,-0.1266,-0.22,77.22,0.78,125330.0,0.0,0.0401,0.0412,-0.0013,-0.0463,0.9095,-0.0135,0.83
1277,3199,0.1387,0.6011,0.2609,0.2177,0.1393,-0.1241,0.03,99.41,0.8,123537.0,0.0,0.0414,0.0411,-0.0006,-0.0454,0.8328,-0.0139,0.83
1278,3199,0.1348,0.6002,0.2657,0.223,0.1324,-0.1235,0.35,99.18,0.78,125303.0,0.0,0.0408,0.0427,-0.0007,-0.0468,0.7813,-0.0135,0.83
1279,3199,0.134,0.5962,0.2706,0.2221,0.144,-0.1228,-0.19,89.03,0.77,127500.0,0.0,0.0438,0.0429,-0.0013,-0.0469,0.8264,-0.0143,0.83
1280,3199,0.1328,0.5926,0.2754,0.2254,0.1261,-0.1239,-0.1,93.33,0.77,127574.0,0.0,0.0416,0.0422,-0.0009,-0.0478,0.8657,-0.0137,0.83
1281,3199,0.1307,0.5872,0.2827,0.2234,0.1451,-0.1211,-0.34,80.46,0.79,124054.0,0.0,0.0449,0.0422,-0.0011,-0.0478,0.841,-0.0146,0.83
1282,3199,0.1312,0.5868,0.2826,0.2292,0.1447,-0.121,1.0,108.51,0.73,135256.0,0.0,0.045,0.0428,-0.0007,-0.0482,0.8565,-0.0139,0.83
1283,3199,0.1371,0.586,0.2776,0.2156,0.1773,-0.1226,0.16,94.03,0.73,135166.0,0.0,0.0544,0.0396,-0.0006,-0.0447,0.8498,-0.0129,0.82
1284,3199,0.1352,0.5927,0.2726,0.2118,0.1306,-0.1259,-0.35,86.66,0.73,134791.0,0.0,0.0379,0.0405,-0.0009,-0.0422,0.8774,-0.0136,0.82
1285,3199,0.1331,0.5989,0.2685,0.2098,0.155,-0.1293,-0.54,100.96,0.77,127947.0,0.0,0.0475,0.0379,-0.0009,-0.0424,0.8133,-0.012,0.82
1286,3199,0.1325,0.5971,0.2705,0.2301,0.1428,-0.122,-0.71,77.75,0.78,125506.0,0.0,0.0465,0.0416,-0.0009,-0.0459,0.8584,-0.0134,0.82
1287,3199,0.1373,0.5932,0.2697,0.2268,0.1671,-0.1195,0.35,110.61,0.79,123986.0,0.0,0.0528,0.0408,-0.0009,-0.0471,0.9507,-0.0137,0.82
1288,3199,0.1401,0.5912,0.2687,0.2256,0.1692,-0.12,0.84,93.07,0.77,127312.0,0.0,0.0492,0.0424,-0.001,-0.0477,0.824,-0.0137,0.82
1289,3199,0.1445,0.5957,0.2598,0.2205,0.1777,-0.1225,0.89,99.62,0.78,126430.0,0.0,0.0515,0.04,-0.0016,-0.0435,0.8626,-0.0119,0.82
1290,3199,0.1516,0.5902,0.2582,0.2316,0.1561,-0.118,0.43,92.24,0.73,133816.0,0.0,0.0464,0.0421,-0.0007,-0.0471,0.7813,-0.0127,0.82
1291,3199,0.1471,0.5951,0.2578,0.2169,0.1371,-0.125,0.13,85.48,0.82,119173.0,0.0,0.0423,0.0402,-0.0007,-0.043,0.8149,-0.0129,0.82
1292,3199,0.1491,0.5925,0.2584,0.2238,0.1513,-0.1195,0.4,99.41,0.73,134066.0,0.0,0.0454,0.0434,-0.0013,-0.0476,0.8657,-0.013,0.82
1293,3199,0.1501,0.5889,0.261,0.2118,0.161,-0.1249,0.82,91.48,0.74,133260.0,0.0,0.0486,0.0397,-0.0009,-0.0448,0.7964,-0.0147,0.82
1294,3199,0.1494,0.5881,0.2625,0.2232,0.1504,-0.1214,0.13,84.68,0.75,131265.0,0.0,0.0469,0.0422,-0.0007,-0.0461,0.803,-0.0122,0.82
1295,3199,0.1492,0.5888,0.2619,0.2185,0.1311,-0.1248,0.19,112.88,0.85,115541.0,0.0,0.0392,0.041,-0.0008,-0.0457,0.8379,-0.0141,0.82
1296,3199,0.1451,0.5887,0.2663,0.2237,0.1421,-0.1228,-0.03,81.34,0.9,109128.0,0.0,0.0409,0.0414,-0.0008,-0.0446,0.8799,-0.0138,0.82
1297,3199,0.1419,0.5889,0.2694,0.2351,0.1194,-0.1211,0.42,97.11,0.78,125540.0,0.0,0.041,0.0444,-0.0009,-0.0482,0.9342,-0.0144,0.82
1298,3199,0.1433,0.5903,0.2672,0.2228,0.1673,-0.1235,0.66,116.59,0.77,127715.0,0.0,0.0492,0.0407,-0.0008,-0.0442,0.8341,-0.0121,0.82
1299,3199,0.1427,0.5929,0.2653,0.2149,0.1368,-0.1247,-1.4,83.02,0.8,123389.0,0.0,0.0417,0.0402,-0.001,-0.0453,0.884,-0.0133,0.82
1300,3199,0.1404,0.5998,0.2604,0.215,0.1482,-0.1256,0.9,95.01,0.88,112339.0,0.0,0.0437,0.0397,-0.0008,-0.0435,0.856,-0.0131,0.82
1301,3199,0.1401,0.5986,0.2619,0.2368,0.1561,-0.1198,0.72,77.62,0.91,108012.0,0.0,0.0479,0.0438,-0.0007,-0.0508,0.8955,-0.0124,0.82
1302,3199,0.1378,0.6,0.2626,0.2193,0.1476,-0.1239,-1.11,83.98,1.49,66179.0,0.0,0.0429,0.042,-0.0008,-0.0447,0.9059,-0.0134,0.82
1303,3199,0.1352,0.6065,0.2586,0.2186,0.1561,-0.1238,-0.57,76.27,1.31,75297.0,0.0,0.0467,0.0412,-0.001,-0.043,0.9847,-0.0115,0.82
1304,3199,0.136,0.6072,0.2571,0.2211,0.1517,-0.1243,-0.43,75.74,1.36,72046.0,0.0,0.0477,0.0412,-0.0012,-0.0438,0.7982,-0.0135,0.82
1305,3199,0.1359,0.6034,0.2612,0.219,0.1392,-0.1263,-0.2,72.61,1.45,67636.0,0.0,0.0433,0.0419,-0.0012,-0.0452,0.9009,-0.0128,0.82
1306,3199,0.139,0.5977,0.2636,0.2115,0.1596,-0.128,0.25,94.26,1.46,67340.0,0.0,0.0494,0.0374,-0.0007,-0.0403,0.8711,-0.014,0.82
1307,3199,0.1421,0.5939,0.2644,0.2198,0.1453,-0.1239,0.5,100.49,1.45,67673.0,0.0,0.0466,0.0417,-0.0008,-0.0439,0.8508,-0.0135,0.82
1308,3199,0.1414,0.5954,0.2635,0.2237,0.1536,-0.1209,-0.16,98.81,1.43,68592.0,0.0,0.0457,0.0423,-0.0009,-0.0444,0.8769,-0.0131,0.82
1309,3199,0.1448,0.598,0.2574,0.221,0.1601,-0.1232,1.11,96.16,1.38,71086.0,0.0,0.0483,0.0418,-0.0007,-0.0437,0.8598,-0.0135,0.82
1310,3199,0.1509,0.5958,0.2536,0.2234,0.1567,-0.1222,-0.15,96.92,1.43,68736.0,0.0,0.0475,0.0417,-0.0007,-0.0445,0.8511,-0.0132,0.82
1311,3199,0.1491,0.5963,0.2548,0.2191,0.1586,-0.1218,-0.07,99.91,1.49,66047.0,0.0,0.0475,0.0413,-0.0008,-0.0448,0.8178,-0.013,0.82
1312,3199,0.1477,0.5934,0.2592,0.2238,0.1483,-0.1201,1.04,121.46,1.42,69313.0,0.0,0.0454,0.0427,-0.0008,-0.0464,0.8289,-0.0122,0.82
1313,3199,0.1495,0.5866,0.2642,0.2329,0.1437,-0.1208,0.33,98.57,1.41,69671.0,0.0,0.0463,0.0438,-0.0007,-0.047,0.8698,-0.0134,0.82
1314,3199,0.1457,0.5893,0.2655,0.2272,0.1529,-0.1204,-0.01,88.77,1.46,67299.0,0.0,0.0455,0.0424,-0.0008,-0.0461,0.8235,-0.0133,0.82
1315,3199,0.1485,0.5847,0.2673,0.2387,0.1731,-0.1166,0.51,88.55,1.4,70406.0,0.0,0.052,0.0434,-0.0008,-0.0467,0.8493,-0.0146,0.82
1316,3199,0.1464,0.5846,0.2693,0.2198,0.1446,-0.1265,0.45,93.65,1.41,69944.0,0.0,0.0453,0.0397,-0.0008,-0.0437,0.8499,-0.0132,0.82
1317,3199,0.1447,0.5908,0.2648,0.2142,0.1371,-0.1276,-0.68,82.22,1.46,67404.0,0.0,0.0414,0.0405,-0.0012,-0.0435,0.7713,-0.0133,0.82
1318,3199,0.1418,0.5919,0.2663,0.2241,0.1293,-0.1246,0.74,75.68,1.45,67905.0,0.0,0.041,0.042,-0.0006,-0.0463,0.8502,-0.013,0.82
1319,3199,0.1431,0.5907,0.2662,0.2414,0.1541,-0.1161,1.09,106.85,1.44,68407.0,0.0,0.0503,0.0465,-0.001,-0.05,0.8928,-0.0132,0.82
1320,3199,0.1417,0.5877,0.2709,0.215,0.1384,-0.1239,-1.93,59.48,1.43,68852.0,0.0,0.0415,0.0421,-0.0008,-0.0446,0.9895,-0.0131,0.82
1321,3199,0.1404,0.5883,0.2718,0.225,0.1444,-0.1229,0.07,102.63,1.45,67654.0,0.0,0.0458,0.0426,-0.0006,-0.0462,0.8861,-0.0134,0.82
1322,3199,0.141,0.5874,0.2721,0.209,0.141,-0.1287,-0.5,90.73,1.33,73793.0,0.0,0.0418,0.0421,-0.0011,-0.0442,0.8136,-0.0116,0.82
1323,3199,0.1347,0.5872,0.2786,0.2171,0.1281,-0.124,0.97,93.74,0.8,123056.0,0.0,0.0395,0.0424,-0.0008,-0.0455,0.8794,-0.0132,0.82
1324,3199,0.1333,0.5862,0.2809,0.2229,0.1498,-0.1208,0.69,103.49,0.83,118827.0,0.0,0.0443,0.0433,-0.0007,-0.0449,0.8672,-0.012,0.82
1325,3199,0.1314,0.5948,0.2743,0.2222,0.1441,-0.1228,1.45,98.01,0.83,118838.0,0.0,0.0451,0.0418,-0.0009,-0.0459,0.8232,-0.0133,0.82
1326,3199,0.1331,0.5987,0.2689,0.2223,0.1575,-0.1232,1.05,90.94,0.82,119416.0,0.0,0.0481,0.0422,-0.0007,-0.0442,0.8737,-0.0118,0.82
1327,3199,0.1341,0.6,0.2665,0.2142,0.1415,-0.1254,0.51,107.42,0.83,118882.0,0.0,0.0438,0.0413,-0.0008,-0.0418,0.8468,-0.0134,0.82
1328,3199,0.1349,0.601,0.2646,0.2128,0.1501,-0.1276,0.82,92.25,0.78,125267.0,0.0,0.0444,0.0398,-0.0015,-0.0417,0.8887,-0.0111,0.82
1329,3199,0.1378,0.5969,0.2657,0.2308,0.1654,-0.1198,0.24,98.94,0.76,129926.0,0.0,0.0526,0.0432,-0.0011,-0.0467,0.8969,-0.013,0.82
1330,3199,0.1363,0.6007,0.2632,0.2254,0.1366,-0.1226,0.49,94.55,0.78,126480.0,0.0,0.0428,0.0432,-0.001,-0.0447,0.9154,-0.0114,0.82
1331,3199,0.1376,0.5948,0.2678,0.2226,0.1508,-0.1206,-0.45,84.59,0.78,125912.0,0.0,0.0439,0.0428,-0.0007,-0.0431,0.8144,-0.0132,0.82
1332,3199,0.1414,0.5949,0.264,0.2166,0.1584,-0.1223,0.05,83.83,0.74,133692.0,0.0,0.0483,0.042,-0.0006,-0.0425,0.8844,-0.0125,0.82
1333,3199,0.1466,0.5988,0.2547,0.2169,0.1563,-0.1226,0.44,101.06,0.8,123263.0,0.0,0.0458,0.0421,-0.0009,-0.0437,0.8145,-0.0127,0.82
1334,3199,0.1494,0.6007,0.2502,0.2069,0.1451,-0.1288,-0.45,75.98,0.74,133038.0,0.0,0.0446,0.0397,-0.0009,-0.042,0.9009,-0.0132,0.82
1335,3199,0.1507,0.5995,0.2501,0.2119,0.1451,-0.1273,0.68,92.73,0.74,132608.0,0.0,0.0456,0.0397,-0.0006,-0.041,0.8775,-0.0138,0.82
1336,3199,0.1501,0.5977,0.2527,0.2139,0.1343,-0.1242,0.31,84.0,0.75,131584.0,0.0,0.0417,0.0417,-0.0011,-0.0439,0.8298,-0.0129,0.82
1337,3199,0.1502,0.5915,0.2585,0.2192,0.1426,-0.1246,0.03,100.33,0.87,112990.0,0.0,0.0466,0.0413,-0.0009,-0.0448,0.9018,-0.013,0.82
1338,3199,0.1506,0.5884,0.2612,0.2192,0.1514,-0.1206,-0.11,83.44,0.85,116284.0,0.0,0.0446,0.0437,-0.0007,-0.0438,0.8938,-0.0127,0.82
1339,3199,0.1475,0.5876,0.2652,0.2202,0.1369,-0.1259,0.44,82.81,0.79,124981.0,0.0,0.0454,0.0418,-0.0009,-0.0442,0.9645,-0.0133,0.82
1340,3199,0.1488,0.5905,0.2612,0.2252,0.1566,-0.12,1.04,81.46,0.75,130346.0,0.0,0.0471,0.0439,-0.0009,-0.0447,0.7686,-0.0123,0.82
1341,3199,0.1444,0.5903,0.2657,0.225,0.1417,-0.1199,1.2,119.04,0.81,121836.0,0.0,0.043,0.0454,-0.0005,-0.0465,0.8395,-0.0117,0.82
1342,3199,0.1411,0.5904,0.269,0.2144,0.1409,-0.1261,0.65,104.56,0.89,111041.0,0.0,0.0431,0.041,-0.0006,-0.0442,1.1828,-0.0079,0.82
1343,3199,0.1408,0.589,0.2706,0.2287,0.1495,-0.1181,-0.49,83.13,0.96,102631.0,0.0,0.044,0.0452,-0.0009,-0.0475,0.8646,-0.0134,0.82
1344,3199,0.1389,0.5925,0.2688,0.2181,0.1504,-0.123,0.0,107.39,1.44,68336.0,0.0,0.0448,0.0421,-0.0008,-0.0445,0.87,-0.0133,0.82
1345,3199,0.1341,0.5943,0.2721,0.2093,0.1259,-0.1281,0.13,81.49,1.28,76981.0,0.0,0.0385,0.0411,-0.001,-0.0418,0.887,-0.0127,0.82
1346,3199,0.1355,0.5935,0.2715,0.2182,0.122,-0.1242,0.02,97.9,1.37,71507.0,0.0,0.0383,0.0434,-0.0008,-0.0442,0.8216,-0.0137,0.81
1347,3199,0.1344,0.595,0.271,0.219,0.1473,-0.1213,1.08,103.13,1.49,65786.0,0.0,0.0435,0.0426,-0.001,-0.0459,0.7539,-0.0128,0.81
1348,3199,0.1389,0.592,0.2696,0.2276,0.1552,-0.1198,-0.22,79.59,1.4,70144.0,0.0,0.047,0.0429,-0.001,-0.045,0.8994,-0.0123,0.81
1349,3199,0.1401,0.5966,0.2638,0.2217,0.1412,-0.1227,-0.43,75.08,1.44,68182.0,0.0,0.0436,0.0425,-0.0012,-0.0444,1.0306,-0.0108,0.81
1350,3199,0.1413,0.5947,0.2645,0.229,0.1652,-0.1171,0.77,90.08,1.47,66682.0,0.0,0.0478,0.0428,-0.001,-0.0446,0.9057,-0.0138,0.82
1351,3199,0.1428,0.5938,0.2638,0.2209,0.156,-0.1235,1.52,79.48,1.4,70131.0,0.0,0.0494,0.0415,-0.001,-0.0438,0.8507,-0.0142,0.81
1352,3199,0.1375,0.6029,0.2602,0.212,0.125,-0.1282,0.4,83.53,1.38,71023.0,0.0,0.0384,0.0404,-0.001,-0.0432,0.7803,-0.0135,0.81
1353,3199,0.1312,0.6058,0.2637,0.2273,0.1465,-0.1216,-0.35,87.04,1.4,70305.0,0.0,0.0445,0.0433,-0.0006,-0.0446,0.871,-0.0143,0.81
1354,3199,0.1273,0.6088,0.2646,0.221,0.1357,-0.1232,-0.26,77.08,1.43,68559.0,0.0,0.041,0.0434,-0.0012,-0.0453,0.8183,-0.0133,0.81
1355,3199,0.1318,0.5998,0.2688,0.2353,0.1459,-0.1167,0.41,108.84,1.4,70249.0,0.0,0.0442,0.0452,-0.0009,-0.0465,0.831,-0.0122,0.81
1356,3199,0.1341,0.5963,0.2698,0.2217,0.1442,-0.1223,0.66,97.44,1.42,69356.0,0.0,0.042,0.043,-0.0008,-0.0438,0.8439,-0.0139,0.81
1357,3199,0.1331,0.5984,0.2687,0.2128,0.1366,-0.1231,0.42,102.0,1.44,68075.0,0.0,0.0394,0.0412,-0.0008,-0.0443,0.8052,-0.0125,0.81
1358,3199,0.1323,0.5992,0.269,0.2336,0.1414,-0.1196,-0.66,95.3,1.4,70459.0,0.0,0.0438,0.045,-0.0008,-0.0496,0.7766,-0.0129,0.81
1359,3199,0.1317,0.5927,0.2758,0.2369,0.1542,-0.1163,0.41,85.37,1.39,70917.0,0.0,0.0456,0.0462,-0.0006,-0.0475,0.9453,-0.01,0.81
1360,3199,0.1312,0.5919,0.2775,0.2285,0.1483,-0.1153,0.9,97.56,1.39,70472.0,0.0,0.0454,0.0465,-0.001,-0.046,0.835,-0.0138,0.81
1361,3199,0.1307,0.5925,0.2772,0.2329,0.15,-0.1179,0.78,91.96,1.4,69991.0,0.0,0.0452,0.0449,-0.0008,-0.0464,0.8773,-0.0134,0.81
1362,3199,0.1346,0.5879,0.278,0.223,0.1296,-0.1216,0.36,108.01,1.39,70484.0,0.0,0.0399,0.0428,-0.0007,-0.0454,0.9019,-0.0125,0.81
1363,3199,0.1325,0.5881,0.2797,0.2217,0.145,-0.1245,-0.58,77.49,1.47,66768.0,0.0,0.0442,0.0416,-0.0005,-0.0444,0.8386,-0.012,0.81
1364,3199,0.1345,0.5881,0.2776,0.2343,0.1264,-0.1199,-0.4,98.49,1.39,70537.0,0.0,0.0379,0.0457,-0.0008,-0.0481,0.8243,-0.0135,0.81
1365,3199,0.1365,0.5807,0.2831,0.2278,0.1607,-0.1182,-0.08,87.84,0.87,112920.0,0.0,0.0504,0.0421,-0.0012,-0.0441,0.8185,-0.0128,0.81
1366,3199,0.1394,0.5787,0.2824,0.232,0.1458,-0.1185,0.55,95.86,0.83,118922.0,0.0,0.0438,0.0454,-0.001,-0.0452,0.8251,-0.0134,0.81
1367,3199,0.1413,0.5708,0.2884,0.2374,0.1483,-0.1163,1.68,111.61,0.85,115559.0,0.0,0.0453,0.0473,-0.0006,-0.0488,0.8342,-0.0137,0.81
1368,3199,0.1462,0.5659,0.2884,0.2372,0.1572,-0.1143,0.33,92.19,0.83,118211.0,0.0,0.0467,0.0463,-0.0007,-0.0472,0.8164,-0.0127,0.81
1369,3199,0.1446,0.5686,0.2875,0.2335,0.1525,-0.1171,-0.0,98.59,0.86,114603.0,0.0,0.0466,0.0452,-0.0011,-0.0478,0.8346,-0.012,0.81
1370,3199,0.1435,0.5715,0.2856,0.2319,0.1573,-0.117,0.06,90.26,0.8,123075.0,0.0,0.0474,0.0435,-0.0006,-0.045,0.7696,-0.0124,0.81
1371,3199,0.1459,0.5723,0.2822,0.2259,0.1671,-0.1172,-0.05,97.23,0.77,128235.0,0.0,0.0477,0.044,-0.0008,-0.044,0.8217,-0.0135,0.81
1372,3199,0.1436,0.5729,0.2837,0.2309,0.1331,-0.1179,0.6,97.43,0.78,126790.0,0.0,0.0406,0.0454,-0.0008,-0.0449,0.8268,-0.0115,0.81
1373,3199,0.1397,0.5668,0.2935,0.2356,0.1474,-0.1149,1.56,99.43,0.8,123585.0,0.0,0.045,0.046,-0.0008,-0.0465,0.8717,-0.0125,0.81
1374,3199,0.1367,0.5642,0.2991,0.228,0.143,-0.1208,-0.28,94.78,0.74,132476.0,0.0,0.0431,0.0427,-0.0008,-0.0453,0.8472,-0.0129,0.81
1375,3199,0.1349,0.5713,0.2938,0.2373,0.1493,-0.1167,0.58,87.5,0.79,124653.0,0.0,0.0447,0.0461,-0.0009,-0.0465,0.8139,-0.0122,0.81
1376,3199,0.1376,0.5739,0.2885,0.2145,0.1502,-0.1232,0.66,101.34,0.74,132299.0,0.0,0.0437,0.0406,-0.0008,-0.0411,0.7936,-0.0135,0.81
1377,3199,0.1391,0.5722,0.2887,0.2251,0.17,-0.1176,-0.17,108.44,0.74,133125.0,0.0,0.0508,0.044,-0.0007,-0.0437,0.8149,-0.0138,0.81
1378,3199,0.1367,0.5724,0.2909,0.2207,0.147,-0.121,-0.7,77.53,0.74,132484.0,0.0,0.0445,0.0434,-0.0008,-0.0431,0.8252,-0.0136,0.81
1379,3199,0.1357,0.5728,0.2917,0.2351,0.1479,-0.1198,-0.38,94.14,0.86,113782.0,0.0,0.0453,0.0439,-0.0009,-0.0449,0.8319,-0.0138,0.81
1380,3199,0.1335,0.5773,0.2894,0.2203,0.1286,-0.1248,0.4,105.94,0.86,113683.0,0.0,0.0403,0.0431,-0.0009,-0.0433,0.8507,-0.0136,0.81
1381,3199,0.1357,0.5774,0.2873,0.2294,0.1553,-0.1174,0.76,106.89,0.81,121687.0,0.0,0.047,0.044,-0.0007,-0.045,0.8436,-0.014,0.81
1382,3199,0.1355,0.5798,0.2852,0.2268,0.1502,-0.1183,0.76,96.85,0.76,129077.0,0.0,0.0454,0.0458,-0.0009,-0.046,0.8662,-0.0135,0.81
1383,3199,0.138,0.5783,0.2843,0.2178,0.1463,-0.1231,-0.03,72.38,0.8,123215.0,0.0,0.0425,0.0421,-0.0008,-0.0433,0.8413,-0.0138,0.81
1384,3199,0.141,0.5722,0.2871,0.2464,0.1592,-0.1137,0.46,101.68,0.87,112521.0,0.0,0.0482,0.0465,-0.0008,-0.0458,0.7849,-0.013,0.81
1385,3199,0.1449,0.5675,0.2878,0.2342,0.1725,-0.1169,0.69,91.68,0.76,128712.0,0.0,0.0534,0.0436,-0.0009,-0.0445,0.8554,-0.0127,0.81
1386,3199,0.1461,0.568,0.2861,0.2209,0.1428,-0.1214,-0.35,78.75,1.12,88013.0,0.0,0.0441,0.0438,-0.0009,-0.0436,0.8583,-0.0131,0.81
1387,3199,0.1466,0.5679,0.2858,0.2327,0.1335,-0.1195,0.38,109.73,1.55,63541.0,0.0,0.042,0.0443,-0.0012,-0.0475,0.8723,-0.0138,0.81
1388,3199,0.1479,0.5653,0.2873,0.23,0.147,-0.1194,0.43,95.24,1.16,84672.0,0.0,0.0467,0.0444,-0.0009,-0.0461,0.8826,-0.0131,0.81
1389,3199,0.1489,0.5701,0.2814,0.2173,0.1486,-0.1253,0.48,93.32,1.5,65530.0,0.0,0.045,0.0432,-0.0009,-0.0434,0.8555,-0.0139,0.81
1390,3199,0.1482,0.5737,0.2783,0.2235,0.1437,-0.1227,-0.09,111.64,1.44,68166.0,0.0,0.044,0.043,-0.0009,-0.041,0.8788,-0.013,0.81
1391,3199,0.1443,0.5742,0.2818,0.2171,0.1378,-0.1249,-0.43,78.23,1.51,65162.0,0.0,0.041,0.0423,-0.001,-0.0425,0.8444,-0.0125,0.81
1392,3199,0.1463,0.5737,0.2805,0.2299,0.1627,-0.1166,0.52,109.82,1.43,68835.0,0.0,0.0491,0.0436,-0.0008,-0.0439,0.8307,-0.0137,0.81
1393,3199,0.1454,0.5722,0.2826,0.2303,0.1329,-0.1184,0.25,99.9,1.51,65192.0,0.0,0.0434,0.0455,-0.0009,-0.0471,0.8221,-0.0134,0.81
1394,3199,0.1415,0.5795,0.2793,0.2272,0.1326,-0.1222,0.38,106.83,1.48,66333.0,0.0,0.0413,0.0423,-0.0009,-0.0437,0.8203,-0.0126,0.81
1395,3199,0.1347,0.5845,0.2811,0.2294,0.1345,-0.1213,0.01,101.82,1.43,68977.0,0.0,0.0424,0.0437,-0.0009,-0.0432,0.8109,-0.0138,0.81
1396,3199,0.1304,0.5864,0.2835,0.2216,0.1472,-0.1234,0.23,87.27,1.5,65371.0,0.0,0.0455,0.043,-0.0008,-0.044,0.7908,-0.0127,0.81
1397,3199,0.1332,0.5864,0.2809,0.2438,0.1596,-0.1148,-0.05,91.26,1.56,62884.0,0.0,0.0495,0.046,-0.001,-0.0461,0.9074,-0.0137,0.81
1398,3199,0.1293,0.5918,0.2793,0.2205,0.1252,-0.1265,-0.58,96.18,1.54,63955.0,0.0,0.0411,0.0412,-0.0008,-0.042,0.8915,-0.0117,0.81
1399,3199,0.1309,0.5937,0.2758,0.2214,0.1493,-0.1239,0.08,98.06,1.47,67044.0,0.0,0.0452,0.0422,-0.001,-0.0428,0.7974,-0.0097,0.81
1400,3199,0.1321,0.5914,0.2768,0.2383,0.1441,-0.1146,-0.47,88.37,1.52,64788.0,0.0,0.045,0.047,-0.0011,-0.0479,0.8101,-0.0137,0.81
1401,3199,0.1345,0.5876,0.2782,0.2451,0.1804,-0.1135,-0.48,93.05,1.5,65595.0,0.0,0.0568,0.0434,-0.0007,-0.0464,0.8779,-0.0142,0.81
1402,3199,0.134,0.5826,0.2839,0.2336,0.1384,-0.1175,-0.05,95.71,1.5,65509.0,0.0,0.0423,0.045,-0.001,-0.046,0.8897,-0.014,0.81
1403,3199,0.1334,0.5834,0.2834,0.2261,0.1645,-0.1216,0.65,92.89,1.49,65875.0,0.0,0.0486,0.0421,-0.0009,-0.044,0.8488,-0.0135,0.81
1404,3199,0.1359,0.5826,0.2817,0.2344,0.1317,-0.1174,0.78,119.27,1.51,65176.0,0.0,0.0395,0.0473,-0.0012,-0.0499,0.8655,-0.0136,0.81
1405,3199,0.1335,0.5818,0.2849,0.2244,0.1379,-0.1219,0.16,108.08,1.45,67809.0,0.0,0.0427,0.0434,-0.0005,-0.0432,0.8183,-0.0129,0.81
1406,3199,0.1387,0.5763,0.2851,0.216,0.1458,-0.1212,-0.8,85.32,1.16,84548.0,0.0,0.0417,0.0432,-0.0007,-0.044,0.8126,-0.014,0.81
1407,3199,0.1378,0.577,0.2852,0.2307,0.1491,-0.1185,0.3,92.22,0.82,119358.0,0.0,0.0458,0.0451,-0.001,-0.0455,0.7878,-0.0136,0.81
1408,3199,0.1401,0.5687,0.2912,0.2321,0.1438,-0.1164,-1.1,92.25,0.84,117077.0,0.0,0.0447,0.0452,-0.0011,-0.0461,0.8645,-0.0119,0.81
1409,3199,0.1396,0.5643,0.2961,0.2272,0.1399,-0.1182,-0.68,84.68,0.84,117292.0,0.0,0.0437,0.0456,-0.0009,-0.046,0.8869,-0.0129,0.81
1410,3199,0.1398,0.5722,0.288,0.2314,0.1468,-0.1233,0.16,92.2,0.83,118686.0,0.0,0.0449,0.0426,-0.0011,-0.045,0.865,-0.0122,0.81
1411,3199,0.138,0.5725,0.2896,0.2387,0.144,-0.1153,0.78,107.13,0.81,121085.0,0.0,0.0457,0.0472,-0.0008,-0.0493,0.7581,-0.0105,0.81
1412,3199,0.1366,0.5708,0.2925,0.2342,0.1335,-0.1164,0.69,100.19,0.78,125521.0,0.0,0.0414,0.0469,-0.0009,-0.0468,0.8637,-0.0099,0.81
1413,3199,0.1359,0.5727,0.2914,0.2199,0.1493,-0.1262,-0.18,88.45,0.8,123371.0,0.0,0.046,0.0415,-0.0007,-0.0437,0.9076,-0.0137,0.81
1414,3199,0.135,0.5777,0.2873,0.2377,0.157,-0.1162,1.09,103.7,0.78,126463.0,0.0,0.0493,0.0464,-0.0009,-0.0462,0.9653,-0.0131,0.81
1415,3199,0.1343,0.5779,0.288,0.2178,0.1211,-0.1232,-0.52,70.92,0.78,126418.0,0.0,0.0373,0.0449,-0.0007,-0.043,0.8613,-0.0104,0.81
1416,3199,0.1354,0.577,0.2878,0.2199,0.1665,-0.1212,0.07,92.95,0.78,126795.0,0.0,0.0505,0.0422,-0.0007,-0.0438,0.8732,-0.013,0.81
1417,3199,0.1396,0.5711,0.2895,0.2138,0.1502,-0.1204,-0.15,95.08,0.75,130256.0,0.0,0.0452,0.0441,-0.0007,-0.0431,0.8564,-0.014,0.81
1418,3199,0.1428,0.5664,0.2911,0.2305,0.1553,-0.119,0.18,88.96,0.74,133647.0,0.0,0.0491,0.0451,-0.0012,-0.0474,0.8667,-0.0119,0.81
1419,3199,0.1401,0.5721,0.288,0.2368,0.1414,-0.1177,-0.3,94.32,0.74,132124.0,0.0,0.045,0.0465,-0.0007,-0.0485,0.84,-0.0136,0.81
1420,3199,0.1377,0.5763,0.2862,0.2307,0.1566,-0.1194,-0.16,86.26,0.76,129456.0,0.0,0.0481,0.0433,-0.0008,-0.0458,0.9169,-0.0132,0.81
1421,3199,0.1402,0.5762,0.284,0.2391,0.1417,-0.1168,-0.6,82.58,0.75,130249.0,0.0,0.0458,0.0463,-0.0007,-0.0481,0.8766,-0.0133,0.81
1422,3199,0.1406,0.5766,0.2833,0.2346,0.1499,-0.1163,0.32,106.04,0.76,129901.0,0.0,0.0475,0.0466,-0.0009,-0.0473,0.8243,-0.0135,0.81
1423,3199,0.1376,0.5752,0.2878,0.227,0.151,-0.1175,0.68,86.9,0.76,129881.0,0.0,0.0455,0.0465,-0.001,-0.0445,0.8987,-0.0129,0.81
1424,3199,0.1361,0.5777,0.2867,0.2333,0.1532,-0.1179,-0.13,99.08,0.74,132248.0,0.0,0.0473,0.0449,-0.0007,-0.0455,0.8962,-0.0128,0.81
1425,3199,0.1341,0.5793,0.287,0.2342,0.1446,-0.1166,0.31,117.16,0.73,135006.0,0.0,0.0477,0.0461,-0.0009,-0.0471,0.7999,-0.0132,0.81
1426,3199,0.1365,0.5776,0.2861,0.2372,0.1474,-0.12,0.15,93.83,0.77,128039.0,0.0,0.0473,0.0434,-0.0008,-0.0445,0.8826,-0.0133,0.81
1427,3199,0.1339,0.5789,0.2876,0.2223,0.1399,-0.1213,-0.68,94.88,0.77,127677.0,0.0,0.042,0.0441,-0.0011,-0.0451,0.8489,-0.0128,0.81
1428,3199,0.1343,0.576,0.2902,0.2357,0.1484,-0.1166,1.33,118.53,0.75,130603.0,0.0,0.0468,0.0469,-0.0013,-0.0482,0.8664,-0.014,0.81
1429,3199,0.1375,0.5714,0.2918,0.2354,0.1454,-0.1186,-0.02,101.23,0.74,132588.0,0.0,0.0471,0.0453,-0.0014,-0.0459,0.8722,-0.0121,0.81
1430,3199,0.1344,0.573,0.2935,0.2415,0.1419,-0.1168,0.17,90.03,0.78,125955.0,0.0,0.0474,0.0457,-0.0012,-0.0457,0.8186,-0.0135,0.81
1431,3199,0.1333,0.5707,0.2965,0.2202,0.1403,-0.1209,1.06,93.3,0.74,132675.0,0.0,0.0437,0.043,-0.0008,-0.0456,0.8255,-0.0125,0.81
1432,3199,0.1352,0.5733,0.2918,0.2331,0.1649,-0.1152,1.38,118.66,0.74,133450.0,0.0,0.0511,0.0451,-0.0009,-0.0467,0.8307,-0.0134,0.81
1433,3199,0.1356,0.5725,0.2922,0.2291,0.1334,-0.1201,0.71,110.66,0.73,133773.0,0.0,0.0407,0.0461,-0.0011,-0.0454,0.8621,-0.0135,0.81
1434,3199,0.1354,0.5685,0.2962,0.2336,0.1467,-0.1189,0.75,87.75,0.74,132203.0,0.0,0.0465,0.0451,-0.0008,-0.045,0.9097,-0.0135,0.81
1435,3199,0.133,0.5704,0.2966,0.2259,0.1347,-0.1228,-0.24,90.75,0.74,133436.0,0.0,0.0408,0.0439,-0.0009,-0.0457,0.8615,-0.0123,0.81
1436,3199,0.1317,0.5739,0.2944,0.2382,0.1483,-0.1174,-0.27,85.82,0.74,132935.0,0.0,0.0487,0.0455,-0.0007,-0.0453,0.8659,-0.014,0.81
1437,3199,0.1349,0.5741,0.2911,0.2372,0.1463,-0.1193,0.6,87.87,0.73,134645.0,0.0,0.0458,0.0457,-0.0019,-0.0476,0.9361,-0.0115,0.81
1438,3199,0.1392,0.5765,0.2846,0.2321,0.1401,-0.122,-0.7,89.44,0.79,125105.0,0.0,0.0446,0.044,-0.0008,-0.0471,0.8394,-0.0134,0.81
1439,3199,0.1355,0.5838,0.281,0.2195,0.135,-0.1244,0.65,96.33,0.74,132876.0,0.0,0.0428,0.0438,-0.001,-0.0454,0.8231,-0.0126,0.81
1440,3199,0.1365,0.5855,0.2779,0.2411,0.1369,-0.1165,0.28,107.48,0.74,131996.0,0.0,0.0436,0.0473,-0.0008,-0.0465,0.7969,-0.0121,0.81
1441,3199,0.1377,0.5818,0.2805,0.2267,0.159,-0.121,0.18,94.89,0.73,135275.0,0.0,0.0469,0.0429,-0.0007,-0.0442,0.8573,-0.0136,0.81
1442,3199,0.1377,0.5788,0.2835,0.2363,0.1515,-0.1157,0.34,96.83,0.77,127332.0,0.0,0.0453,0.0465,-0.0011,-0.0496,0.8305,-0.0143,0.81
1443,3199,0.1419,0.5817,0.277,0.2291,0.1557,-0.1184,-1.34,97.03,0.76,129865.0,0.0,0.0495,0.0449,-0.0007,-0.046,0.8378,-0.0094,0.81
1444,3199,0.14,0.5847,0.2757,0.2331,0.1469,-0.1178,-0.15,100.5,0.77,127982.0,0.0,0.0472,0.0456,-0.0009,-0.0493,0.9122,-0.0108,0.81
1445,3199,0.1392,0.5891,0.2724,0.2302,0.1328,-0.1215,0.33,104.91,0.73,135221.0,0.0,0.0432,0.0448,-0.0014,-0.0459,0.9272,-0.0138,0.81
1446,3199,0.1414,0.5875,0.272,0.2284,0.1596,-0.1202,0.14,105.19,0.78,125693.0,0.0,0.0487,0.0439,-0.0006,-0.0461,0.8939,-0.0127,0.81
1447,3199,0.142,0.5815,0.2775,0.2437,0.1604,-0.1153,-0.24,102.88,0.74,133282.0,0.0,0.0486,0.0472,-0.0007,-0.0489,0.8754,-0.0139,0.81
1448,3199,0.144,0.5758,0.2813,0.2383,0.1799,-0.1137,0.12,85.22,0.77,127265.0,0.0,0.0533,0.0456,-0.0011,-0.0468,0.9259,-0.0139,0.81
1449,3199,0.1432,0.576,0.2815,0.2186,0.1536,-0.1228,0.76,104.52,0.77,128083.0,0.0,0.0463,0.0429,-0.0008,-0.0444,0.8546,-0.0134,0.81
1450,3199,0.1409,0.5762,0.2834,0.2155,0.1487,-0.1236,-0.03,89.67,0.75,130858.0,0.0,0.0436,0.0436,-0.0006,-0.0436,0.8864,-0.0131,0.81
1451,3199,0.1413,0.5767,0.2823,0.2307,0.1723,-0.1185,2.11,93.37,0.75,131737.0,0.0,0.0531,0.044,-0.0008,-0.047,0.8494,-0.0134,0.81
1452,3199,0.1439,0.5675,0.2888,0.2223,0.1292,-0.1215,0.73,102.6,0.79,125017.0,0.0,0.0404,0.0438,-0.0009,-0.0444,0.8106,-0.013,0.81
1453,3199,0.1428,0.5697,0.2879,0.2313,0.1474,-0.119,-0.09,97.93,0.75,131185.0,0.0,0.0458,0.0454,-0.001,-0.0469,0.8978,-0.0119,0.81
1454,3199,0.1418,0.5715,0.2872,0.2267,0.1374,-0.1186,1.3,124.21,0.75,130840.0,0.0,0.043,0.0469,-0.0014,-0.0489,0.9063,-0.0133,0.81
1455,3199,0.1392,0.5695,0.2915,0.2511,0.1541,-0.1138,1.23,94.55,0.75,131723.0,0.0,0.0483,0.0475,-0.0007,-0.0484,0.7761,-0.0137,0.81
1456,3199,0.1399,0.5686,0.2918,0.2373,0.1615,-0.1165,0.25,102.73,0.77,127091.0,0.0,0.0508,0.0435,-0.0006,-0.0461,0.8203,-0.0126,0.81
1457,3199,0.141,0.5653,0.2942,0.2533,0.1605,-0.1128,0.56,103.32,0.78,125834.0,0.0,0.049,0.0483,-0.001,-0.0491,0.896,-0.0125,0.81
1458,3199,0.1408,0.5645,0.2952,0.2246,0.1403,-0.1199,0.17,97.92,0.74,132272.0,0.0,0.0436,0.0444,-0.0013,-0.0456,0.8733,-0.0143,0.81
1459,3199,0.1414,0.5641,0.295,0.2383,0.1365,-0.1188,-0.02,103.74,0.74,133555.0,0.0,0.0448,0.0463,-0.0008,-0.0488,0.872,-0.0139,0.81
1460,3199,0.14,0.5606,0.2999,0.2241,0.1283,-0.1214,-0.16,95.35,0.77,127258.0,0.0,0.0403,0.0442,-0.0008,-0.0448,0.8938,-0.0138,0.81
1461,3199,0.1369,0.5639,0.2997,0.2254,0.1499,-0.1216,0.03,90.17,0.76,129134.0,0.0,0.046,0.0434,-0.0009,-0.0452,0.888,-0.0133,0.81
1462,3199,0.1359,0.5661,0.2984,0.2234,0.1382,-0.1211,-0.32,90.68,0.76,128731.0,0.0,0.0416,0.0424,-0.0009,-0.0436,1.4057,-0.0099,0.81
1463,3199,0.1357,0.5701,0.2946,0.2391,0.1484,-0.1178,0.62,98.93,0.79,124625.0,0.0,0.0456,0.0459,-0.0011,-0.0481,0.8957,-0.0143,0.81
1464,3199,0.1339,0.5752,0.2913,0.2433,0.1515,-0.1168,1.16,86.01,0.81,120876.0,0.0,0.0478,0.0458,-0.0009,-0.0482,0.8422,-0.0142,0.81
1465,3199,0.1387,0.5718,0.29,0.2343,0.1566,-0.1175,0.53,106.07,0.75,130527.0,0.0,0.0491,0.0447,-0.0007,-0.0466,0.8407,-0.0132,0.81
1466,3199,0.1387,0.577,0.285,0.233,0.1496,-0.1196,-0.41,84.63,0.75,131596.0,0.0,0.0471,0.0444,-0.001,-0.0469,0.9349,-0.0106,0.81
1467,3199,0.134,0.5858,0.2806,0.2425,0.1313,-0.1183,0.94,106.41,0.76,129945.0,0.0,0.044,0.0468,-0.0008,-0.0493,0.8112,-0.0133,0.81
1468,3199,0.1309,0.5906,0.2788,0.2266,0.1342,-0.1211,-1.48,101.15,0.78,126636.0,0.0,0.0425,0.0456,-0.001,-0.0481,0.8773,-0.0108,0.81
1469,3199,0.1283,0.5916,0.2803,0.2356,0.1466,-0.1153,-0.22,86.31,0.78,126171.0,0.0,0.0433,0.0464,-0.0012,-0.0474,0.8457,-0.0109,0.81
1470,3199,0.1349,0.5896,0.2758,0.2276,0.1527,-0.1199,0.64,90.39,0.78,125248.0,0.0,0.0478,0.044,-0.0015,-0.0459,0.8183,-0.0117,0.81
1471,3199,0.138,0.5853,0.2769,0.2285,0.1435,-0.1199,0.65,96.7,0.76,128954.0,0.0,0.0455,0.0442,-0.001,-0.0466,0.8463,-0.0124,0.81
1472,3199,0.1387,0.5797,0.2819,0.2245,0.1427,-0.1195,-0.45,81.6,0.77,127580.0,0.0,0.0412,0.0438,-0.0011,-0.0467,0.8799,-0.0131,0.81
1473,3199,0.1393,0.5767,0.2844,0.2395,0.1345,-0.1187,-0.3,105.55,0.75,130333.0,0.0,0.0428,0.0447,-0.0005,-0.0477,0.8335,-0.014,0.81
1474,3199,0.1388,0.5706,0.2911,0.2441,0.1565,-0.1141,0.08,97.1,0.75,131524.0,0.0,0.0484,0.0464,-0.0014,-0.048,0.9081,-0.0112,0.81
1475,3199,0.1355,0.5747,0.2904,0.2415,0.1435,-0.1174,0.84,108.71,0.75,130875.0,0.0,0.0451,0.046,-0.0008,-0.0482,0.8416,-0.013,0.81
1476,3199,0.1362,0.5729,0.2914,0.233,0.147,-0.1163,0.48,91.04,0.74,132667.0,0.0,0.0449,0.0459,-0.0007,-0.0467,0.8611,-0.0138,0.81
1477,3199,0.137,0.5712,0.2921,0.2354,0.1491,-0.1195,-0.4,96.97,0.77,127517.0,0.0,0.0474,0.0451,-0.001,-0.0473,0.8267,-0.0134,0.81
1478,3199,0.1358,0.5728,0.2917,0.2317,0.148,-0.1196,-0.02,90.52,0.76,129687.0,0.0,0.0447,0.045,-0.0008,-0.0461,0.8786,-0.0131,0.81
1479,3199,0.1375,0.5721,0.2908,0.235,0.1481,-0.1168,-0.26,94.8,0.74,132058.0,0.0,0.0447,0.0462,-0.0011,-0.0484,0.8894,-0.0131,0.81
1480,3199,0.1353,0.5756,0.2897,0.2282,0.1214,-0.1245,0.86,92.86,0.76,129430.0,0.0,0.0386,0.0439,-0.001,-0.0448,0.8159,-0.0122,0.81
1481,3199,0.1369,0.5769,0.2866,0.2404,0.1425,-0.1182,0.9,102.48,0.78,126594.0,0.0,0.0456,0.0463,-0.0006,-0.0497,0.8038,-0.0132,0.81
1482,3199,0.1363,0.575,0.2891,0.2376,0.1565,-0.1184,1.14,107.89,0.77,128218.0,0.0,0.0503,0.0442,-0.0007,-0.0456,0.8061,-0.0139,0.81
1483,3199,0.1387,0.5682,0.2934,0.249,0.1476,-0.1152,0.28,96.94,0.75,130435.0,0.0,0.0485,0.0477,-0.0006,-0.0502,0.8518,-0.0133,0.81
1484,3199,0.1382,0.5726,0.2892,0.2228,0.1258,-0.1268,-0.1,96.56,0.78,125967.0,0.0,0.0395,0.0431,-0.0008,-0.0449,0.8708,-0.0138,0.81
1485,3199,0.1396,0.5729,0.2875,0.2344,0.158,-0.1203,-0.43,97.2,0.77,128329.0,0.0,0.0497,0.0433,-0.0007,-0.046,0.9325,-0.0123,0.81
1486,3199,0.1368,0.5735,0.2896,0.221,0.1213,-0.1236,-0.2,79.96,0.73,133973.0,0.0,0.0396,0.0446,-0.0006,-0.0466,0.8566,-0.0134,0.81
1487,3199,0.1358,0.5774,0.2869,0.2283,0.1297,-0.1217,-0.35,108.86,0.75,131504.0,0.0,0.0412,0.0442,-0.0007,-0.0449,0.9137,-0.0138,0.81
1488,3199,0.1332,0.5775,0.2893,0.2416,0.1356,-0.1185,0.72,109.26,0.76,129066.0,0.0,0.0442,0.0473,-0.0008,-0.0496,0.9332,-0.0138,0.81
1489,3199,0.1314,0.5738,0.2948,0.2246,0.1382,-0.1209,0.75,95.22,0.75,131691.0,0.0,0.0423,0.045,-0.0009,-0.0456,0.8447,-0.0133,0.81
1490,3199,0.1328,0.5766,0.2905,0.2341,0.1617,-0.1189,0.06,95.74,0.78,126376.0,0.0,0.0503,0.044,-0.0008,-0.0462,0.8333,-0.0143,0.81
1491,3199,0.1353,0.5776,0.2871,0.2442,0.1422,-0.1176,0.82,100.86,0.75,130320.0,0.0,0.0465,0.0459,-0.0006,-0.0456,0.7997,-0.0118,0.81
1492,3199,0.1357,0.5757,0.2887,0.2422,0.1592,-0.1122,0.02,107.04,0.78,126318.0,0.0,0.05,0.0476,-0.001,-0.0492,0.8074,-0.0141,0.81
1493,3199,0.1375,0.5757,0.2871,0.2433,0.1546,-0.1161,0.34,107.09,0.75,131946.0,0.0,0.0474,0.0459,-0.0007,-0.0463,0.8632,-0.0136,0.81
1494,3199,0.143,0.5688,0.2884,0.2429,0.1758,-0.1164,1.15,98.6,0.76,128747.0,0.0,0.053,0.0444,-0.0012,-0.0472,0.7897,-0.0119,0.81
1495,3199,0.1443,0.5656,0.2904,0.2358,0.1546,-0.116,0.6,104.12,0.76,128805.0,0.0,0.047,0.0458,-0.001,-0.0464,0.9274,-0.0139,0.81
1496,3199,0.1446,0.5713,0.2844,0.2178,0.1395,-0.1254,-1.44,78.94,0.79,123984.0,0.0,0.043,0.0417,-0.0012,-0.0426,0.8878,-0.0145,0.81
1497,3199,0.1429,0.5761,0.2814,0.2454,0.1425,-0.1191,0.87,90.48,0.74,132358.0,0.0,0.0512,0.044,-0.001,-0.047,0.8338,-0.0138,0.81
1498,3199,0.146,0.5753,0.279,0.2422,0.1587,-0.117,-0.04,93.17,0.75,130701.0,0.0,0.0506,0.0444,-0.0008,-0.0461,0.7778,-0.0138,0.81
1499,3199,0.1467,0.5735,0.2801,0.2314,0.1473,-0.1195,-0.2,98.71,0.76,129983.0,0.0,0.0465,0.0449,-0.0009,-0.0457,0.8583,-0.014,0.81
1500,3199,0.1442,0.5703,0.2857,0.2405,0.1427,-0.1178,0.73,82.37,0.75,131373.0,0.0,0.0447,0.0474,-0.0007,-0.0479,0.8286,-0.0148,0.81
1501,3199,0.1419,0.5726,0.2858,0.2369,0.1426,-0.1168,0.41,99.27,0.78,126059.0,0.0,0.0446,0.0465,-0.0009,-0.046,0.9111,-0.0112,0.81
1502,3199,0.1392,0.5771,0.2839,0.2385,0.1431,-0.1197,-0.94,86.38,0.75,130796.0,0.0,0.0448,0.045,-0.0007,-0.0468,0.8805,-0.012,0.81
1503,3199,0.1372,0.5787,0.2844,0.2289,0.1547,-0.1175,0.68,109.03,0.8,122814.0,0.0,0.0469,0.0471,-0.0015,-0.0454,0.8659,-0.0125,0.81
1504,3199,0.1339,0.5787,0.2876,0.2287,0.1522,-0.1197,0.8,103.99,0.76,128636.0,0.0,0.0506,0.0432,-0.0011,-0.0453,0.9616,-0.0106,0.81
1505,3199,0.1329,0.5754,0.2919,0.24,0.1455,-0.1162,-0.66,83.09,0.77,127741.0,0.0,0.0459,0.0461,-0.0006,-0.0468,0.8539,-0.0139,0.81
1506,3199,0.1328,0.5797,0.2878,0.2183,0.1341,-0.1239,-0.24,83.39,0.77,127949.0,0.0,0.0422,0.0417,-0.0006,-0.0433,0.874,-0.0133,0.81
1507,3199,0.1367,0.5796,0.2838,0.2403,0.1547,-0.119,1.11,91.8,0.78,125768.0,0.0,0.0516,0.0457,-0.0011,-0.0487,0.7953,-0.014,0.81
1508,3199,0.1413,0.5756,0.2831,0.2372,0.1808,-0.114,0.31,99.04,0.76,129026.0,0.0,0.0539,0.0457,-0.001,-0.0471,0.9651,-0.0122,0.81
1509,3199,0.1403,0.5768,0.2829,0.2432,0.1342,-0.1181,-0.46,89.11,0.76,129962.0,0.0,0.0419,0.0467,-0.0009,-0.0485,0.9207,-0.0137,0.81
1510,3199,0.1401,0.5811,0.2787,0.2297,0.1437,-0.1224,0.04,85.8,0.75,130881.0,0.0,0.0465,0.0435,-0.0007,-0.0447,0.891,-0.0147,0.82
1511,3199,0.1386,0.5832,0.2783,0.2372,0.1271,-0.1187,1.2,106.98,0.75,130306.0,0.0,0.0415,0.0455,-0.0011,-0.0482,0.9258,-0.012,0.82
1512,3199,0.1381,0.5851,0.277,0.2214,0.155,-0.1215,1.18,95.13,0.74,133261.0,0.0,0.0478,0.0422,-0.0008,-0.0429,0.9036,-0.0138,0.82
1513,3199,0.1344,0.5857,0.2801,0.2491,0.1453,-0.1132,0.34,84.14,0.73,133999.0,0.0,0.0449,0.049,-0.0009,-0.0504,0.9051,-0.0124,0.82
1514,3199,0.1377,0.5806,0.282,0.2379,0.1745,-0.1188,0.52,83.42,0.74,132341.0,0.0,0.0556,0.0445,-0.0008,-0.0461,0.9111,-0.0121,0.82
1515,3199,0.1403,0.5754,0.2845,0.2373,0.1434,-0.1165,0.5,101.17,0.76,128897.0,0.0,0.0459,0.0478,-0.0009,-0.0473,0.8099,-0.0111,0.81
1516,3199,0.1401,0.5699,0.2902,0.2454,0.1465,-0.1149,1.08,94.86,0.76,128566.0,0.0,0.0458,0.0469,-0.0008,-0.0489,0.8174,-0.0132,0.82
1517,3199,0.1367,0.5748,0.2887,0.2278,0.1295,-0.1205,-0.0,96.08,0.77,128064.0,0.0,0.0423,0.0465,-0.0009,-0.0486,0.8956,-0.0132,0.82
1518,3199,0.1357,0.5736,0.291,0.2363,0.1536,-0.1183,0.17,101.98,0.76,130055.0,0.0,0.0486,0.0449,-0.0008,-0.047,0.8111,-0.0128,0.81
1519,3199,0.1353,0.5706,0.2943,0.2434,0.1685,-0.1161,0.54,100.09,0.75,130941.0,0.0,0.0565,0.0451,-0.0007,-0.0473,0.8452,-0.0131,0.81
1520,3199,0.1355,0.5666,0.2979,0.2364,0.1385,-0.1163,0.92,93.7,0.73,134581.0,0.0,0.0439,0.0472,-0.0009,-0.0471,0.8428,-0.013,0.81
1521,3199,0.1383,0.5618,0.2999,0.2436,0.1475,-0.1163,1.18,88.39,0.81,120648.0,0.0,0.0485,0.0452,-0.0009,-0.048,0.8657,-0.0134,0.81
1522,3199,0.1415,0.5573,0.3012,0.2515,0.1455,-0.1129,0.82,110.72,0.73,135070.0,0.0,0.0469,0.0486,-0.0012,-0.0487,0.925,-0.0124,0.81
1523,3199,0.1453,0.5561,0.2986,0.2509,0.1651,-0.1143,0.63,112.04,0.74,132974.0,0.0,0.053,0.0479,-0.0012,-0.0509,0.9109,-0.0093,0.81
1524,3199,0.1454,0.5554,0.2994,0.2213,0.1421,-0.1194,-0.33,91.7,0.74,132076.0,0.0,0.0444,0.0446,-0.0008,-0.0461,0.8777,-0.01,0.81
1525,3199,0.1469,0.5535,0.2998,0.2467,0.1818,-0.1112,1.36,109.81,0.75,130216.0,0.0,0.0561,0.0462,-0.0006,-0.0491,0.8766,-0.0112,0.81
1526,3199,0.1495,0.5552,0.2958,0.2312,0.1665,-0.1165,-0.85,65.64,0.77,127231.0,0.0,0.0512,0.0434,-0.001,-0.0473,0.926,-0.0137,0.81
1527,3199,0.1446,0.5608,0.2951,0.2261,0.131,-0.1233,-0.52,100.5,0.76,130023.0,0.0,0.0424,0.043,-0.0007,-0.0439,0.9438,-0.0115,0.81
1528,3199,0.1434,0.5592,0.2979,0.2349,0.1479,-0.1196,0.29,95.9,0.75,130925.0,0.0,0.046,0.044,-0.0012,-0.0458,1.0283,-0.0139,0.81
1529,3199,0.1459,0.5587,0.2959,0.2313,0.1473,-0.1238,-0.37,83.99,0.75,130907.0,0.0,0.0485,0.0443,-0.0012,-0.0474,0.8804,-0.0135,0.81
1530,3199,0.1457,0.5605,0.2943,0.2376,0.1585,-0.1155,0.78,100.19,0.76,128987.0,0.0,0.0489,0.0446,-0.0006,-0.047,0.8709,-0.013,0.81
1531,3199,0.1458,0.5645,0.29,0.2372,0.1581,-0.1148,2.1,99.11,0.76,129882.0,0.0,0.0492,0.0458,-0.001,-0.0486,0.9497,-0.0125,0.81
1532,3199,0.1433,0.5682,0.2887,0.2261,0.1645,-0.1203,-0.04,73.26,0.74,132182.0,0.0,0.0499,0.0428,-0.0011,-0.0442,0.9335,-0.0138,0.81
1533,3199,0.1443,0.5684,0.2875,0.2367,0.1449,-0.1171,0.2,100.75,0.75,131763.0,0.0,0.0474,0.0459,-0.0013,-0.0477,0.8979,-0.0112,0.81
1534,3199,0.1453,0.5642,0.2907,0.243,0.1583,-0.1146,-0.04,104.6,0.75,130982.0,0.0,0.0495,0.0471,-0.0007,-0.0501,0.9215,-0.0136,0.81
1535,3199,0.1451,0.5671,0.288,0.2287,0.1552,-0.1193,0.58,83.57,0.75,131101.0,0.0,0.0486,0.0455,-0.0011,-0.0472,0.8895,-0.0126,0.81
1536,3199,0.1402,0.5687,0.2914,0.2357,0.1224,-0.1184,-0.09,103.05,0.78,125367.0,0.0,0.0415,0.0459,-0.0006,-0.0497,0.9086,-0.0136,0.81
1537,3199,0.1408,0.5679,0.2915,0.2434,0.1701,-0.113,0.01,105.36,0.76,128510.0,0.0,0.0537,0.0456,-0.0009,-0.0484,0.8385,-0.0116,0.81
1538,3199,0.1421,0.5691,0.289,0.2299,0.1417,-0.1175,-0.01,92.12,0.75,130585.0,0.0,0.0467,0.0448,-0.0007,-0.0449,0.879,-0.0136,0.81
1539,3199,0.1395,0.5735,0.2872,0.2372,0.1379,-0.1218,-0.14,81.29,0.79,124837.0,0.0,0.0463,0.0447,-0.0006,-0.0486,0.8504,-0.0142,0.82
1540,3199,0.1406,0.5771,0.2826,0.2319,0.1573,-0.1213,0.41,94.24,0.81,120746.0,0.0,0.052,0.0416,-0.0007,-0.0451,0.8723,-0.0137,0.82
1541,3199,0.1437,0.5778,0.2787,0.2373,0.1726,-0.1175,0.76,94.47,0.75,131704.0,0.0,0.0543,0.0432,-0.0012,-0.0451,0.8849,-0.0138,0.82
1542,3199,0.1429,0.5749,0.2824,0.2333,0.1258,-0.1219,0.24,101.57,0.73,134189.0,0.0,0.0409,0.0466,-0.0008,-0.0477,0.8598,-0.0135,0.82
1543,3199,0.1399,0.5759,0.2847,0.2264,0.1546,-0.1179,0.32,88.09,0.76,128736.0,0.0,0.0501,0.0437,-0.001,-0.0432,0.8695,-0.0132,0.82
1544,3199,0.1445,0.5709,0.2854,0.2375,0.1468,-0.1155,0.79,116.09,0.77,128205.0,0.0,0.0475,0.0465,-0.0009,-0.0494,0.8682,-0.0124,0.82
1545,3199,0.1432,0.5666,0.2909,0.2445,0.1495,-0.1143,0.44,103.92,0.73,134316.0,0.0,0.0473,0.048,-0.0008,-0.0477,0.8545,-0.0142,0.82
1546,3199,0.1421,0.5657,0.2929,0.243,0.1331,-0.1152,1.08,118.15,0.79,125111.0,0.0,0.0424,0.0473,-0.001,-0.0487,0.837,-0.013,0.82
1547,3199,0.1414,0.5664,0.2925,0.2228,0.1422,-0.1217,0.29,100.88,0.8,122382.0,0.0,0.0433,0.0432,-0.0007,-0.0452,0.8404,-0.0137,0.82
1548,3199,0.1381,0.5657,0.2964,0.2444,0.1476,-0.1153,-0.44,98.88,0.78,126168.0,0.0,0.045,0.0472,-0.0008,-0.0487,0.8489,-0.0125,0.82
1549,3199,0.1361,0.5668,0.2974,0.235,0.1456,-0.1155,0.15,90.19,0.76,130036.0,0.0,0.0454,0.0458,-0.001,-0.047,0.8529,-0.0139,0.82
1550,3199,0.143,0.5636,0.2938,0.244,0.1791,-0.1152,1.39,99.16,0.74,132402.0,0.0,0.0551,0.045,-0.0009,-0.0472,0.9026,-0.0137,0.82
1551,3199,0.1436,0.5666,0.2903,0.2416,0.1445,-0.1157,0.07,112.47,0.75,131845.0,0.0,0.047,0.047,-0.0011,-0.0497,0.8107,-0.0122,0.82
1552,3199,0.1446,0.5673,0.289,0.2466,0.1686,-0.1124,0.78,107.55,0.76,128890.0,0.0,0.052,0.0458,-0.001,-0.0483,0.8574,-0.0131,0.82
1553,3199,0.1434,0.5694,0.2876,0.2314,0.1355,-0.1219,-0.52,85.55,0.78,125984.0,0.0,0.0463,0.044,-0.0009,-0.0459,0.8915,-0.012,0.82
1554,3199,0.1425,0.5705,0.2872,0.2434,0.1669,-0.1143,0.01,95.91,0.75,130274.0,0.0,0.0531,0.0449,-0.0009,-0.0478,0.8836,-0.0106,0.82
1555,3199,0.1416,0.5667,0.2919,0.2451,0.1526,-0.1102,1.07,111.36,0.77,128071.0,0.0,0.0465,0.0488,-0.001,-0.0504,0.9979,-0.0107,0.82
1556,3199,0.143,0.5653,0.2919,0.2243,0.1324,-0.1225,0.29,109.54,0.73,133991.0,0.0,0.0426,0.0435,-0.001,-0.0437,0.9077,-0.0132,0.82
1557,3199,0.1436,0.5661,0.2905,0.229,0.15,-0.1191,0.2,90.52,0.74,133452.0,0.0,0.0482,0.0424,-0.0008,-0.0451,0.9377,-0.0135,0.82
1558,3199,0.1457,0.5695,0.285,0.2461,0.1568,-0.1149,0.43,98.33,0.73,133825.0,0.0,0.0514,0.046,-0.0006,-0.0477,0.9052,-0.0124,0.82
1559,3199,0.1493,0.5654,0.2855,0.2408,0.1591,-0.1154,1.9,113.5,0.73,134872.0,0.0,0.0492,0.0469,-0.0009,-0.0475,0.8242,-0.0131,0.82
1560,3199,0.1458,0.5697,0.2846,0.2341,0.1531,-0.117,0.8,108.74,0.78,126309.0,0.0,0.0488,0.0457,-0.001,-0.0441,0.9581,-0.013,0.82
1561,3199,0.1446,0.5704,0.2851,0.2303,0.1269,-0.1217,-0.01,91.45,0.75,130620.0,0.0,0.0429,0.0466,-0.0008,-0.0461,1.0188,-0.0108,0.82
1562,3199,0.1433,0.5709,0.2858,0.2368,0.1488,-0.1176,-0.17,85.78,0.83,118605.0,0.0,0.0469,0.046,-0.0008,-0.0478,0.8739,-0.011,0.82
1563,3199,0.1458,0.5691,0.2852,0.2292,0.1519,-0.1196,0.08,82.77,0.78,126019.0,0.0,0.0476,0.0446,-0.0012,-0.0442,0.8467,-0.0137,0.82
1564,3199,0.1437,0.5726,0.284,0.2483,0.1431,-0.1156,0.82,96.06,0.78,126811.0,0.0,0.0495,0.0475,-0.0008,-0.0488,0.8197,-0.0136,0.82
1565,3199,0.1435,0.575,0.2818,0.2241,0.1528,-0.1207,-0.31,80.72,0.83,118430.0,0.0,0.0478,0.0428,-0.0007,-0.0422,0.8691,-0.0133,0.82
1566,3199,0.1411,0.5763,0.2829,0.2421,0.1633,-0.1138,-0.31,82.15,0.8,123492.0,0.0,0.0534,0.047,-0.0008,-0.0457,0.899,-0.013,0.82
1567,3199,0.1448,0.5709,0.2845,0.2406,0.1658,-0.1153,-0.99,74.23,0.78,125543.0,0.0,0.0539,0.0444,-0.001,-0.0462,0.904,-0.0116,0.82
1568,3199,0.1407,0.5735,0.286,0.2504,0.1449,-0.1134,0.7,111.43,0.74,133374.0,0.0,0.0452,0.0475,-0.0007,-0.0479,0.9296,-0.0097,0.82
1569,3199,0.1379,0.5748,0.2875,0.2278,0.1475,-0.1184,0.39,106.81,0.76,128973.0,0.0,0.0464,0.0433,-0.0006,-0.0439,0.9445,-0.0134,0.82
1570,3199,0.1406,0.5733,0.2864,0.2415,0.1451,-0.1178,0.14,95.7,0.78,126636.0,0.0,0.0484,0.0451,-0.0005,-0.0443,1.1032,-0.0109,0.82
1571,3199,0.1391,0.5749,0.2864,0.2347,0.1539,-0.1179,0.96,92.44,0.79,124077.0,0.0,0.0479,0.0447,-0.0007,-0.0449,0.87,-0.0139,0.82
1572,3199,0.1445,0.5757,0.2801,0.2506,0.1773,-0.113,1.07,100.57,0.73,133880.0,0.0,0.0566,0.0452,-0.0008,-0.0455,0.8277,-0.0132,0.82
1573,3199,0.147,0.5769,0.2765,0.2112,0.1393,-0.127,-0.08,83.98,0.74,132931.0,0.0,0.0425,0.0401,-0.0007,-0.0414,0.8753,-0.0128,0.82
1574,3199,0.1457,0.5773,0.2772,0.2342,0.1413,-0.1207,-0.62,97.01,0.74,132516.0,0.0,0.046,0.0454,-0.0009,-0.0461,0.8889,-0.0135,0.82
1575,3199,0.1513,0.5706,0.2784,0.243,0.1662,-0.1155,0.82,90.27,0.74,132589.0,0.0,0.0536,0.0458,-0.0006,-0.0465,0.8912,-0.0138,0.82
1576,3199,0.1544,0.5687,0.2771,0.2422,0.1631,-0.1177,0.77,104.44,0.74,133626.0,0.0,0.0548,0.045,-0.0009,-0.0464,0.9712,-0.0144,0.82
1577,3199,0.1504,0.5661,0.2838,0.2392,0.1557,-0.1179,1.07,96.95,0.74,132886.0,0.0,0.0521,0.0455,-0.0008,-0.0463,0.9013,-0.014,0.82
1578,3199,0.1502,0.5674,0.2827,0.2302,0.1533,-0.1209,0.21,99.74,0.76,128724.0,0.0,0.0473,0.0451,-0.0007,-0.0439,0.8856,-0.0131,0.82
1579,3199,0.149,0.5638,0.2875,0.2523,0.1459,-0.1141,0.79,90.28,0.81,120645.0,0.0,0.0478,0.0483,-0.001,-0.0505,0.935,-0.0134,0.82
1580,3199,0.1508,0.5626,0.2871,0.2338,0.1558,-0.1187,0.11,87.01,0.78,126226.0,0.0,0.0491,0.0435,-0.0008,-0.0447,0.8776,-0.0132,0.82
1581,3199,0.15,0.5598,0.2907,0.2391,0.153,-0.1168,-0.23,80.9,0.74,132123.0,0.0,0.05,0.0458,-0.0008,-0.0457,0.9113,-0.0128,0.82
1582,3199,0.1518,0.5612,0.2875,0.2293,0.1386,-0.1204,-0.97,99.93,0.79,125146.0,0.0,0.0444,0.0443,-0.0007,-0.0445,0.8853,-0.0134,0.82
1583,3199,0.1487,0.5637,0.2881,0.2413,0.1656,-0.1168,0.32,92.19,0.8,122304.0,0.0,0.0523,0.0456,-0.0008,-0.0466,0.8939,-0.0131,0.82
1584,3199,0.1509,0.563,0.2866,0.2398,0.1647,-0.113,1.76,109.76,0.78,126044.0,0.0,0.05,0.0475,-0.0009,-0.047,0.9323,-0.0143,0.82
1585,3199,0.1517,0.5633,0.2856,0.2334,0.1419,-0.1184,-0.52,85.23,0.75,131123.0,0.0,0.0448,0.0457,-0.0008,-0.044,0.9315,-0.0134,0.82
1586,3199,0.1507,0.5607,0.2892,0.2494,0.1655,-0.1149,0.82,102.33,0.78,125229.0,0.0,0.0517,0.0467,-0.0009,-0.0472,0.8867,-0.0109,0.82
1587,3199,0.1568,0.5602,0.2836,0.2459,0.1573,-0.117,0.51,101.66,0.75,131379.0,0.0,0.0514,0.0465,-0.0005,-0.0483,0.9039,-0.0118,0.82
1588,3199,0.1573,0.5609,0.2823,0.2371,0.1735,-0.1162,0.19,83.76,0.75,131315.0,0.0,0.0551,0.0452,-0.0007,-0.0437,0.9029,-0.0134,0.82
1589,3199,0.1562,0.5646,0.2797,0.2473,0.1474,-0.1164,0.91,109.41,0.74,133682.0,0.0,0.0462,0.0471,-0.0012,-0.0485,0.9701,-0.0139,0.82
1590,3199,0.1552,0.561,0.2842,0.2453,0.144,-0.1167,-0.32,85.5,0.74,133740.0,0.0,0.0472,0.0458,-0.0009,-0.0463,0.9161,-0.0136,0.82
1591,3199,0.156,0.5633,0.2809,0.2448,0.1471,-0.1177,-0.95,88.35,0.73,134438.0,0.0,0.0493,0.0461,-0.0008,-0.0482,0.9747,-0.0141,0.82
1592,3199,0.1535,0.5685,0.2782,0.2398,0.1492,-0.1193,0.35,95.83,0.77,127085.0,0.0,0.0526,0.045,-0.0006,-0.0466,0.8631,-0.0127,0.82
1593,3199,0.1551,0.5705,0.2746,0.2439,0.1797,-0.113,0.92,104.16,0.74,133505.0,0.0,0.0548,0.046,-0.0008,-0.0456,0.945,-0.0139,0.82
1594,3199,0.1534,0.5733,0.2736,0.2337,0.1405,-0.1227,0.21,93.13,0.74,133542.0,0.0,0.0466,0.0442,-0.0008,-0.0465,0.8794,-0.0122,0.82
1595,3199,0.1502,0.5758,0.2743,0.2363,0.155,-0.115,-0.03,112.67,0.73,134399.0,0.0,0.0476,0.0461,-0.0009,-0.0445,0.9306,-0.013,0.82
1596,3199,0.1495,0.5696,0.2814,0.2385,0.1504,-0.1171,0.5,98.59,0.74,133479.0,0.0,0.0496,0.0463,-0.0006,-0.0467,0.9174,-0.0118,0.82
1597,3199,0.1475,0.5705,0.2823,0.2286,0.1481,-0.1218,0.09,79.58,0.73,133998.0,0.0,0.0452,0.0432,-0.0008,-0.0434,0.9604,-0.014,0.82
1598,3199,0.1494,0.5766,0.2744,0.2485,0.1644,-0.1178,0.15,89.78,0.73,133886.0,0.0,0.0508,0.0462,-0.0007,-0.0467,0.9301,-0.0144,0.82
1599,3199,0.146,0.5772,0.2772,0.2373,0.1433,-0.1158,0.47,105.61,0.75,130655.0,0.0,0.0454,0.0474,-0.001,-0.0464,0.866,-0.0143,0.82
1600,3199,0.1428,0.5804,0.2773,0.2286,0.1295,-0.125,0.25,90.67,0.75,131629.0,0.0,0.042,0.0424,-0.0009,-0.0438,0.9104,-0.0137,0.82
1601,3199,0.1432,0.5769,0.2804,0.2454,0.1529,-0.115,0.78,96.85,0.77,127649.0,0.0,0.0491,0.0459,-0.0006,-0.046,0.8995,-0.0143,0.82
1602,3199,0.1463,0.5727,0.2814,0.2281,0.1357,-0.1201,0.34,112.72,0.77,127887.0,0.0,0.0418,0.0453,-0.0011,-0.0424,0.8808,-0.0131,0.82
1603,3199,0.1458,0.5712,0.2835,0.2409,0.1605,-0.1163,0.38,107.68,0.78,126156.0,0.0,0.05,0.0451,-0.0007,-0.0443,0.9285,-0.0124,0.82
1604,3199,0.145,0.5668,0.289,0.2425,0.1516,-0.1141,0.1,93.62,0.78,125496.0,0.0,0.0492,0.0465,-0.0012,-0.0465,0.9112,-0.0131,0.82
1605,3199,0.1411,0.5679,0.2917,0.2329,0.1541,-0.1192,0.71,93.95,0.76,130148.0,0.0,0.0498,0.0445,-0.0012,-0.0439,0.9448,-0.0146,0.82
1606,3199,0.1405,0.5678,0.2926,0.234,0.1732,-0.1157,0.14,96.05,0.75,131851.0,0.0,0.0531,0.0452,-0.0008,-0.0443,0.9088,-0.0133,0.82
1607,3199,0.1419,0.5623,0.297,0.2409,0.139,-0.1153,-0.4,84.41,0.79,124201.0,0.0,0.0436,0.047,-0.0008,-0.0448,1.0003,-0.0138,0.82
1608,3199,0.139,0.5622,0.2999,0.2386,0.1134,-0.1237,0.84,114.19,0.76,129625.0,0.0,0.0437,0.0446,-0.0007,-0.0451,0.8972,-0.0127,0.82
1609,3199,0.1393,0.5572,0.3046,0.2385,0.1552,-0.1168,-0.08,106.58,0.79,125017.0,0.0,0.0505,0.0446,-0.0011,-0.0444,0.9271,-0.0131,0.82
1610,3199,0.1385,0.5546,0.3077,0.2541,0.1385,-0.1121,0.13,102.88,0.74,132128.0,0.0,0.0448,0.0478,-0.0006,-0.0469,1.007,-0.0144,0.82
1611,3199,0.1417,0.554,0.3051,0.2552,0.1473,-0.1129,0.57,121.12,0.73,134077.0,0.0,0.0497,0.0486,-0.0008,-0.0479,0.887,-0.0144,0.82
1612,3199,0.1376,0.56,0.303,0.2463,0.1597,-0.1174,0.6,109.72,0.74,132992.0,0.0,0.0523,0.047,-0.0006,-0.0467,0.8946,-0.0147,0.82
1613,3199,0.1367,0.5646,0.2993,0.2501,0.1384,-0.1184,-0.54,92.33,0.74,132333.0,0.0,0.0465,0.0462,-0.0006,-0.0447,0.9014,-0.0147,0.82
1614,3199,0.1379,0.5695,0.2931,0.2409,0.1592,-0.1161,0.84,98.78,0.74,133122.0,0.0,0.0497,0.0465,-0.0008,-0.0453,0.9214,-0.0141,0.82
1615,3199,0.1449,0.5628,0.2927,0.2472,0.157,-0.1175,1.4,111.07,0.75,130326.0,0.0,0.0513,0.0462,-0.0007,-0.0447,0.9795,-0.0143,0.82
1616,3199,0.1449,0.5598,0.2956,0.2378,0.1673,-0.1163,0.69,105.13,0.76,129960.0,0.0,0.0531,0.0454,-0.0009,-0.0441,1.0426,-0.0143,0.82
1617,3199,0.1429,0.5626,0.2946,0.2477,0.1397,-0.1169,0.51,95.43,0.81,120993.0,0.0,0.047,0.0459,-0.0008,-0.0467,0.9702,-0.0144,0.82
1618,3199,0.1382,0.569,0.293,0.2429,0.1413,-0.1181,0.04,92.44,0.77,126946.0,0.0,0.049,0.0457,-0.0009,-0.0448,0.8883,-0.0121,0.82
1619,3199,0.1373,0.5706,0.2924,0.2543,0.1593,-0.114,0.6,103.17,0.78,126459.0,0.0,0.0505,0.0472,-0.0007,-0.0469,0.8772,-0.0117,0.82
1620,3199,0.1378,0.5699,0.2925,0.242,0.1471,-0.1158,0.58,87.2,0.75,130225.0,0.0,0.0478,0.0479,-0.001,-0.0458,0.9182,-0.0133,0.82
1621,3199,0.1418,0.5692,0.2894,0.2373,0.16,-0.117,-0.3,95.22,0.84,117131.0,0.0,0.0518,0.0461,-0.0012,-0.0428,0.9151,-0.013,0.82
1622,3199,0.1455,0.567,0.288,0.2423,0.1677,-0.1183,0.53,90.39,0.76,129447.0,0.0,0.0545,0.0455,-0.0011,-0.0447,0.9244,-0.0136,0.82
1623,3199,0.1497,0.5627,0.2881,0.2473,0.1608,-0.1178,0.88,99.71,0.8,123386.0,0.0,0.0499,0.046,-0.0008,-0.047,0.9827,-0.0138,0.82
1624,3199,0.146,0.5639,0.2906,0.2508,0.1303,-0.1165,-0.73,98.14,0.8,123407.0,0.0,0.0449,0.048,-0.0005,-0.0475,0.9588,-0.0127,0.82
1625,3199,0.141,0.5676,0.2918,0.2587,0.1501,-0.1113,0.72,107.31,0.77,127852.0,0.0,0.0497,0.0492,-0.0006,-0.0472,0.9169,-0.0115,0.82
1626,3199,0.1404,0.5675,0.2924,0.2381,0.1491,-0.1181,1.48,103.09,0.79,125115.0,0.0,0.0466,0.046,-0.0008,-0.0447,0.8678,-0.013,0.82
1627,3199,0.1381,0.5706,0.2917,0.2441,0.1478,-0.1152,1.11,103.46,0.75,131211.0,0.0,0.0499,0.0473,-0.0006,-0.0434,0.8465,-0.0141,0.82
1628,3199,0.1419,0.5689,0.2898,0.2425,0.1484,-0.1159,0.27,89.43,0.76,128929.0,0.0,0.0472,0.0457,-0.0007,-0.0468,0.8779,-0.0138,0.82
1629,3199,0.1468,0.5655,0.2881,0.2446,0.1752,-0.1156,-0.06,93.31,0.73,134017.0,0.0,0.0556,0.046,-0.0006,-0.0473,0.8628,-0.0135,0.82
1630,3199,0.1482,0.5663,0.286,0.247,0.1402,-0.1179,0.17,98.67,0.74,133155.0,0.0,0.047,0.0457,-0.0008,-0.0443,0.8752,-0.0137,0.82
1631,3199,0.144,0.5696,0.2869,0.2398,0.1362,-0.1196,0.7,98.78,0.74,133742.0,0.0,0.0477,0.0453,-0.0006,-0.0474,0.9395,-0.0097,0.82
1632,3199,0.1443,0.5675,0.2885,0.2592,0.1696,-0.1121,1.7,130.65,0.73,134333.0,0.0,0.0532,0.0479,-0.0007,-0.0494,0.9198,-0.0094,0.82
1633,3199,0.1375,0.5715,0.2912,0.2421,0.1351,-0.1184,0.42,96.08,0.77,128401.0,0.0,0.0448,0.0463,-0.0007,-0.0452,0.9073,-0.0128,0.82
1634,3199,0.1389,0.5707,0.2906,0.253,0.1449,-0.1154,0.55,101.82,0.73,133781.0,0.0,0.049,0.0481,-0.0009,-0.0484,0.9571,-0.0138,0.82
1635,3199,0.1419,0.5665,0.2919,0.2467,0.144,-0.1153,0.91,95.47,0.74,133648.0,0.0,0.0478,0.0467,-0.0012,-0.0478,0.8967,-0.0132,0.82
1636,3199,0.1397,0.5649,0.2956,0.2395,0.1339,-0.1182,0.27,89.91,0.73,135440.0,0.0,0.045,0.0475,-0.001,-0.0476,0.975,-0.0129,0.82
1637,3199,0.142,0.5608,0.2976,0.259,0.1564,-0.1165,0.59,89.38,0.74,132844.0,0.0,0.0527,0.0467,-0.0007,-0.0479,0.9559,-0.014,0.82
1638,3199,0.1447,0.5629,0.2929,0.2519,0.1611,-0.118,0.52,95.75,0.74,132279.0,0.0,0.0559,0.0457,-0.0009,-0.047,0.9203,-0.0118,0.82
1639,3199,0.1425,0.5683,0.2897,0.241,0.1497,-0.1201,0.27,101.74,0.75,131045.0,0.0,0.0481,0.0447,-0.0007,-0.0463,0.9643,-0.0137,0.82
1640,3199,0.1408,0.5722,0.2877,0.2511,0.1657,-0.1178,0.1,110.65,0.76,129463.0,0.0,0.0532,0.0454,-0.0008,-0.0469,0.8969,-0.012,0.82
1641,3199,0.1443,0.5629,0.2935,0.267,0.1728,-0.1043,1.32,121.21,0.77,127751.0,0.0,0.0559,0.0509,-0.0008,-0.0485,0.847,-0.0136,0.82
1642,3199,0.1479,0.558,0.2945,0.2555,0.1618,-0.1156,1.03,107.82,0.77,127774.0,0.0,0.0541,0.0474,-0.0008,-0.0467,0.905,-0.0124,0.82
1643,3199,0.1506,0.5561,0.2936,0.2573,0.1486,-0.113,0.75,111.27,0.76,129408.0,0.0,0.0494,0.049,-0.0009,-0.0495,0.8919,-0.0129,0.82
1644,3199,0.1485,0.5615,0.2901,0.2442,0.1521,-0.1184,0.54,95.6,0.77,127049.0,0.0,0.0505,0.0475,-0.0009,-0.0482,0.9504,-0.0134,0.82
1645,3199,0.1469,0.5619,0.2914,0.2565,0.1435,-0.115,-0.53,85.23,0.78,125957.0,0.0,0.0488,0.0477,-0.0008,-0.0491,0.874,-0.0139,0.82
1646,3199,0.1458,0.5662,0.288,0.2446,0.138,-0.1205,1.05,107.5,0.75,131177.0,0.0,0.0473,0.0456,-0.0009,-0.0435,0.9091,-0.0118,0.82
1647,3199,0.1483,0.5615,0.2903,0.2628,0.1589,-0.1132,0.7,101.67,0.76,128685.0,0.0,0.0527,0.0486,-0.0007,-0.0503,0.934,-0.0125,0.82
1648,3199,0.1461,0.5604,0.2935,0.2339,0.1193,-0.123,-0.37,95.32,0.76,129999.0,0.0,0.0412,0.0458,-0.001,-0.0457,0.9446,-0.0144,0.82
1649,3199,0.1461,0.5611,0.293,0.2501,0.1561,-0.1141,-0.53,97.8,0.75,131835.0,0.0,0.0503,0.048,-0.0011,-0.0472,1.1323,-0.0106,0.82
1650,3199,0.1491,0.558,0.2931,0.2531,0.1635,-0.1181,0.72,107.5,0.73,134416.0,0.0,0.0576,0.0453,-0.0006,-0.0466,0.9054,-0.014,0.82
1651,3199,0.1478,0.5597,0.2928,0.25,0.1719,-0.1156,2.28,104.13,0.74,133439.0,0.0,0.056,0.0461,-0.0009,-0.0476,0.8023,-0.014,0.82
1652,3199,0.1467,0.5619,0.2921,0.2568,0.1526,-0.116,1.03,96.04,0.8,122772.0,0.0,0.0535,0.0472,-0.0007,-0.0476,0.8904,-0.0144,0.82
1653,3199,0.1408,0.5656,0.2944,0.2562,0.1535,-0.1163,-0.38,74.15,0.77,128263.0,0.0,0.0536,0.0473,-0.0009,-0.0477,0.8629,-0.013,0.82
1654,3199,0.1395,0.5606,0.3008,0.2672,0.1466,-0.1118,0.18,94.15,0.8,122959.0,0.0,0.0559,0.0487,-0.0008,-0.0499,0.864,-0.0124,0.82
1655,3199,0.1362,0.5593,0.3053,0.2694,0.1632,-0.1086,0.86,120.13,0.76,129400.0,0.0,0.0562,0.0502,-0.0009,-0.0505,0.8772,-0.0145,0.82
1656,3199,0.1375,0.5638,0.2994,0.2333,0.1421,-0.124,1.1,94.72,0.74,132742.0,0.0,0.0464,0.0435,-0.0008,-0.043,0.9209,-0.015,0.81
1657,3199,0.1412,0.5686,0.2909,0.2448,0.1553,-0.1194,0.38,108.06,0.78,126696.0,0.0,0.0519,0.0454,-0.0008,-0.0477,0.9171,-0.0146,0.81
1658,3199,0.1426,0.5684,0.2896,0.2536,0.1479,-0.1164,1.51,124.47,0.74,133104.0,0.0,0.0518,0.0479,-0.001,-0.0475,0.9208,-0.0142,0.81
1659,3199,0.1412,0.5629,0.2965,0.2584,0.143,-0.1165,1.21,108.21,0.75,131561.0,0.0,0.0472,0.0477,-0.0009,-0.0493,0.958,-0.0137,0.81
1660,3199,0.1396,0.5682,0.2924,0.2381,0.1317,-0.1254,0.42,98.38,0.78,126129.0,0.0,0.0456,0.0444,-0.0006,-0.046,1.0013,-0.0138,0.81
1661,3199,0.1367,0.5745,0.2892,0.239,0.1349,-0.1227,0.79,100.86,0.74,133744.0,0.0,0.0473,0.0443,-0.001,-0.0454,1.0172,-0.0133,0.81
1662,3199,0.1356,0.5788,0.2858,0.2407,0.1396,-0.1219,-0.47,86.71,0.77,127459.0,0.0,0.0483,0.045,-0.0008,-0.0438,1.0046,-0.0144,0.81
1663,3199,0.1392,0.5775,0.2835,0.2408,0.1539,-0.1207,1.53,104.12,0.74,132755.0,0.0,0.0491,0.0442,-0.0006,-0.0461,1.0524,-0.0141,0.81
1664,3199,0.1387,0.5792,0.2823,0.2482,0.1431,-0.1173,0.64,116.6,0.73,133843.0,0.0,0.0464,0.0468,-0.0011,-0.0477,0.9261,-0.0138,0.81
1665,3199,0.1401,0.5786,0.2816,0.2521,0.1644,-0.1154,0.53,83.51,0.76,129441.0,0.0,0.0568,0.0469,-0.0007,-0.0484,0.9867,-0.0143,0.81
1666,3199,0.1415,0.5774,0.2815,0.2543,0.1788,-0.1154,1.7,108.36,0.74,133353.0,0.0,0.0575,0.046,-0.0007,-0.0481,0.9685,-0.0135,0.81
1667,3199,0.1414,0.5711,0.288,0.2525,0.1521,-0.1149,-0.04,92.37,0.75,130732.0,0.0,0.0502,0.0472,-0.0006,-0.0472,0.9411,-0.0146,0.81
1668,3199,0.141,0.5682,0.2916,0.2514,0.1599,-0.1161,-0.16,86.11,0.79,124953.0,0.0,0.0579,0.0464,-0.0008,-0.0454,0.9071,-0.0135,0.81
1669,3199,0.1397,0.5691,0.2918,0.2356,0.1383,-0.1216,-1.44,89.34,0.76,129887.0,0.0,0.0489,0.0454,-0.001,-0.0457,0.9715,-0.0138,0.82
1670,3199,0.1378,0.5766,0.286,0.2389,0.1439,-0.1208,-0.97,100.21,0.78,125579.0,0.0,0.0479,0.0441,-0.0006,-0.0435,0.9361,-0.0131,0.82
1671,3199,0.1396,0.5775,0.2834,0.2485,0.1497,-0.1213,0.9,103.34,0.76,129366.0,0.0,0.0553,0.0445,-0.0006,-0.0477,0.9029,-0.0141,0.82
1672,3199,0.1429,0.5728,0.2849,0.2469,0.1553,-0.117,0.56,98.52,0.75,130654.0,0.0,0.0531,0.0469,-0.001,-0.0485,0.9217,-0.0138,0.82
1673,3199,0.1417,0.5763,0.2824,0.2466,0.1452,-0.1165,0.6,104.41,0.74,132669.0,0.0,0.0494,0.0467,-0.0007,-0.047,0.8951,-0.0145,0.82
1674,3199,0.1408,0.5712,0.2885,0.2692,0.1558,-0.1106,0.92,102.56,0.76,129121.0,0.0,0.0548,0.0501,-0.001,-0.0506,0.8803,-0.0148,0.82
1675,3199,0.1402,0.5701,0.2901,0.2491,0.1471,-0.1155,0.25,103.8,0.76,129344.0,0.0,0.0478,0.0465,-0.0008,-0.0455,0.9605,-0.0137,0.82
1676,3199,0.1386,0.5682,0.2934,0.2551,0.1403,-0.1145,0.2,82.73,0.77,127401.0,0.0,0.049,0.048,-0.0007,-0.0476,0.9402,-0.0141,0.81
1677,3199,0.1394,0.564,0.297,0.2492,0.1358,-0.1181,-0.34,95.08,0.76,129587.0,0.0,0.0455,0.0468,-0.0007,-0.0464,0.9478,-0.0133,0.81
1678,3199,0.1389,0.568,0.2933,0.254,0.16,-0.1177,0.24,91.85,0.77,128430.0,0.0,0.0532,0.0465,-0.0009,-0.0485,0.8222,-0.0141,0.81
1679,3199,0.1441,0.5618,0.2946,0.2675,0.1966,-0.1062,0.77,96.24,0.77,128453.0,0.0,0.063,0.0496,-0.0012,-0.05,0.9471,-0.0126,0.81
1680,3199,0.1518,0.5536,0.295,0.2513,0.1847,-0.1136,1.78,108.96,0.78,126641.0,0.0,0.0591,0.0458,-0.0009,-0.0453,1.001,-0.0103,0.81
1681,3199,0.1566,0.5543,0.2893,0.2514,0.1793,-0.1179,0.3,99.01,0.73,133972.0,0.0,0.0596,0.045,-0.0008,-0.0469,1.0439,-0.0139,0.81
1682,3199,0.1544,0.5614,0.2842,0.2377,0.1607,-0.1183,0.82,115.5,0.74,132645.0,0.0,0.0501,0.0453,-0.0006,-0.0442,0.966,-0.0131,0.82
1683,3199,0.1585,0.5551,0.2865,0.2573,0.1782,-0.1119,-0.17,101.64,0.74,133332.0,0.0,0.0606,0.0465,-0.0008,-0.0477,0.9774,-0.015,0.81
1684,3199,0.1595,0.5527,0.288,0.2382,0.1516,-0.1191,-0.04,106.88,0.75,131051.0,0.0,0.0506,0.0443,-0.0009,-0.0442,0.9503,-0.0147,0.81
1685,3199,0.1595,0.5516,0.2892,0.2548,0.1574,-0.1183,-0.46,78.11,0.78,126678.0,0.0,0.0531,0.0463,-0.0005,-0.0485,0.9687,-0.0144,0.81
1686,3199,0.1604,0.5587,0.2814,0.2688,0.1668,-0.1128,0.67,110.68,0.76,130056.0,0.0,0.057,0.0483,-0.0005,-0.0509,0.9698,-0.0143,0.82
1687,3199,0.1618,0.5558,0.2829,0.2527,0.1735,-0.1136,1.36,107.42,0.84,117008.0,0.0,0.0585,0.0464,-0.0007,-0.0481,0.8289,-0.014,0.82
1688,3199,0.1628,0.5567,0.281,0.2493,0.177,-0.1144,0.26,87.01,0.77,128211.0,0.0,0.0592,0.0448,-0.0009,-0.0462,0.9547,-0.0135,0.82
1689,3199,0.1595,0.5572,0.2838,0.2536,0.1534,-0.1159,0.95,103.42,0.76,129596.0,0.0,0.0516,0.0468,-0.0006,-0.0487,1.0141,-0.0145,0.82
1690,3199,0.1544,0.5599,0.2862,0.2355,0.1382,-0.1217,0.71,105.69,0.74,133580.0,0.0,0.0463,0.0441,-0.0008,-0.0435,0.9061,-0.0139,0.82
1691,3199,0.1541,0.5562,0.2902,0.2425,0.1514,-0.1166,-0.85,77.99,0.73,134379.0,0.0,0.0487,0.0446,-0.0006,-0.0449,1.0299,-0.0126,0.82
1692,3199,0.1568,0.553,0.2908,0.2474,0.1499,-0.1177,-0.29,104.21,0.73,134249.0,0.0,0.051,0.0465,-0.0006,-0.0468,0.9975,-0.0144,0.82
1693,3199,0.1536,0.556,0.2912,0.2476,0.1554,-0.1162,1.1,119.41,0.76,129397.0,0.0,0.0518,0.0468,-0.0006,-0.0457,1.0862,-0.0116,0.82
1694,3199,0.1524,0.5576,0.2907,0.2481,0.161,-0.1141,1.71,106.92,0.74,132971.0,0.0,0.0543,0.0478,-0.0006,-0.049,0.9585,-0.0136,0.82
1695,3199,0.1514,0.5527,0.2965,0.2474,0.1692,-0.1147,0.43,79.75,0.79,124562.0,0.0,0.053,0.0466,-0.0007,-0.047,0.9336,-0.0132,0.82
1696,3199,0.1504,0.556,0.2941,0.2407,0.143,-0.1188,0.76,98.77,0.81,121760.0,0.0,0.0481,0.0448,-0.0007,-0.044,0.9247,-0.0121,0.82
1697,3199,0.1509,0.556,0.2936,0.2453,0.1774,-0.1134,1.17,107.27,0.77,128457.0,0.0,0.0548,0.0468,-0.0009,-0.0483,0.9107,-0.0141,0.82
1698,3199,0.155,0.5576,0.288,0.248,0.1797,-0.1166,1.67,107.76,0.76,129442.0,0.0,0.0575,0.0457,-0.0006,-0.0469,0.9787,-0.015,0.82
1699,3199,0.155,0.5615,0.284,0.2458,0.1519,-0.119,0.75,98.85,0.75,131359.0,0.0,0.0493,0.0467,-0.0006,-0.0469,0.8855,-0.0145,0.82
1700,3199,0.1574,0.5567,0.2864,0.2554,0.1827,-0.1102,0.9,96.41,0.73,133998.0,0.0,0.0576,0.0488,-0.0006,-0.0489,0.8909,-0.0132,0.82
1701,3199,0.159,0.5561,0.2856,0.2549,0.1693,-0.1152,0.59,107.35,0.73,134085.0,0.0,0.054,0.0476,-0.001,-0.0467,0.929,-0.0144,0.82
1702,3199,0.1597,0.5543,0.2869,0.2657,0.155,-0.1107,0.26,104.33,0.76,129910.0,0.0,0.0504,0.0509,-0.0005,-0.0517,0.8925,-0.0121,0.82
1703,3199,0.1576,0.5576,0.2853,0.249,0.1572,-0.1162,-0.48,94.97,0.75,131467.0,0.0,0.0519,0.0466,-0.0007,-0.0474,0.9751,-0.0133,0.82
1704,3199,0.1581,0.5582,0.2846,0.2387,0.1715,-0.1198,1.17,95.7,0.77,127284.0,0.0,0.0516,0.0437,-0.0008,-0.0447,0.944,-0.0139,0.82
1705,3199,0.1596,0.5595,0.2815,0.2415,0.1702,-0.1155,0.82,94.47,0.74,132238.0,0.0,0.0537,0.0457,-0.0013,-0.044,0.9993,-0.0144,0.82
1706,3199,0.1581,0.5615,0.281,0.2627,0.1534,-0.1145,0.41,108.46,0.77,128366.0,0.0,0.0522,0.0498,-0.0007,-0.0507,0.9917,-0.014,0.82
1707,3199,0.1582,0.5609,0.2813,0.2619,0.1899,-0.1126,1.01,102.72,0.77,128018.0,0.0,0.0644,0.0479,-0.0006,-0.0485,0.9316,-0.0141,0.82
1708,3199,0.1563,0.5605,0.2834,0.2675,0.1881,-0.1059,0.81,90.09,0.8,123472.0,0.0,0.06,0.0492,-0.0008,-0.0499,1.0249,-0.0142,0.82
1709,3199,0.1586,0.5569,0.2847,0.2661,0.1651,-0.112,1.36,108.02,0.73,134021.0,0.0,0.0575,0.0485,-0.0007,-0.0515,0.9158,-0.0144,0.82
1710,3199,0.1596,0.5542,0.2865,0.2565,0.157,-0.1144,0.98,98.64,0.76,128818.0,0.0,0.053,0.0479,-0.0006,-0.0482,0.9227,-0.0114,0.82
1711,3199,0.1631,0.5501,0.2874,0.2529,0.1743,-0.1152,0.03,115.04,0.76,129477.0,0.0,0.0554,0.0462,-0.0007,-0.0466,1.0186,-0.0103,0.82
1712,3199,0.1645,0.5492,0.287,0.2394,0.1518,-0.123,0.57,106.28,0.75,131777.0,0.0,0.0497,0.0458,-0.001,-0.0469,0.9524,-0.0138,0.82
1713,3199,0.166,0.5481,0.2867,0.2529,0.1731,-0.1153,0.41,94.02,0.75,131573.0,0.0,0.055,0.0478,-0.0008,-0.0482,0.9906,-0.0129,0.82
1714,3199,0.1642,0.5561,0.28,0.2508,0.1694,-0.1183,-0.87,83.65,0.81,120899.0,0.0,0.0558,0.0451,-0.0008,-0.0459,0.9071,-0.0119,0.82
1715,3199,0.1625,0.5599,0.278,0.2554,0.1465,-0.1174,1.5,108.58,0.91,108052.0,0.0,0.0525,0.0473,-0.0004,-0.0476,0.9729,-0.0131,0.82
1716,3199,0.1595,0.5589,0.2821,0.2671,0.1437,-0.1142,1.32,109.31,0.82,119999.0,0.0,0.0487,0.0509,-0.0008,-0.0523,0.9176,-0.015,0.82
1717,3199,0.1624,0.5575,0.2806,0.249,0.172,-0.116,0.43,98.12,0.77,127771.0,0.0,0.0579,0.0459,-0.0006,-0.0466,0.9252,-0.0139,0.82
1718,3199,0.163,0.5584,0.2792,0.255,0.1671,-0.1167,-0.07,95.18,0.8,122871.0,0.0,0.0559,0.0472,-0.0007,-0.0487,0.9548,-0.0122,0.82
1719,3199,0.1596,0.5618,0.2793,0.2536,0.1608,-0.1163,0.68,85.41,0.82,119728.0,0.0,0.057,0.047,-0.0006,-0.0497,1.0289,-0.012,0.82
1720,3199,0.154,0.5653,0.2811,0.2567,0.1489,-0.1163,0.77,97.6,0.83,118581.0,0.0,0.0487,0.0488,-0.0009,-0.0491,0.9449,-0.0131,0.82
1721,3199,0.1474,0.5672,0.2858,0.2373,0.1416,-0.1214,0.35,86.38,1.38,71078.0,0.0,0.0474,0.0445,-0.0007,-0.0457,0.9941,-0.0141,0.82
1722,3199,0.1512,0.5631,0.2862,0.2538,0.1691,-0.1174,-0.26,86.18,1.49,66119.0,0.0,0.0548,0.0483,-0.0007,-0.0489,0.973,-0.0144,0.82
1723,3199,0.1489,0.559,0.2929,0.2632,0.1369,-0.1136,0.52,97.75,1.27,77587.0,0.0,0.0473,0.0505,-0.0006,-0.0524,1.0374,-0.0143,0.82
1724,3199,0.1472,0.5588,0.2949,0.2502,0.1698,-0.1141,0.52,98.39,1.46,67404.0,0.0,0.054,0.0473,-0.0005,-0.046,0.9544,-0.0136,0.82
1725,3199,0.1469,0.5605,0.2931,0.2508,0.1542,-0.1188,0.74,117.59,1.49,65888.0,0.0,0.0521,0.0461,-0.0006,-0.0481,0.8566,-0.0122,0.82
1726,3199,0.1481,0.5578,0.2946,0.2628,0.1682,-0.11,-0.01,96.16,1.45,67832.0,0.0,0.0537,0.051,-0.0008,-0.0492,0.9322,-0.0138,0.82
1727,3199,0.1527,0.5526,0.2951,0.2423,0.1571,-0.1194,-0.07,101.17,1.48,66545.0,0.0,0.0508,0.045,-0.0006,-0.0443,0.8857,-0.0125,0.82
1728,3199,0.1531,0.5497,0.2975,0.264,0.1671,-0.1136,0.15,90.68,1.45,67581.0,0.0,0.0594,0.0474,-0.0007,-0.0495,0.9225,-0.0135,0.82
1729,3199,0.1509,0.5547,0.2949,0.2434,0.1563,-0.1185,1.11,125.71,1.47,67048.0,0.0,0.0513,0.0462,-0.0006,-0.0467,1.1978,-0.0127,0.82
1730,3199,0.1492,0.5547,0.2964,0.2474,0.1655,-0.12,0.61,94.95,1.47,66798.0,0.0,0.0563,0.0455,-0.0011,-0.0478,0.9962,-0.0145,0.82
1731,3199,0.1502,0.5564,0.2937,0.2565,0.1624,-0.1165,1.07,87.69,1.47,67063.0,0.0,0.0582,0.0471,-0.0007,-0.0488,1.1515,-0.0124,0.82
1732,3199,0.1519,0.5545,0.2938,0.2529,0.1537,-0.1206,0.77,104.52,1.52,64472.0,0.0,0.0543,0.0457,-0.0006,-0.0487,0.9687,-0.0147,0.82
1733,3199,0.1497,0.5653,0.2851,0.2478,0.1629,-0.1161,0.73,101.58,1.51,65185.0,0.0,0.0554,0.0461,-0.0008,-0.046,1.0412,-0.0144,0.82
1734,3199,0.1502,0.5674,0.2825,0.2469,0.1722,-0.1171,1.92,99.93,1.45,67627.0,0.0,0.0568,0.0471,-0.0006,-0.0462,0.9983,-0.0151,0.82
1735,3199,0.151,0.5711,0.2785,0.2446,0.1675,-0.1198,1.7,98.61,1.45,67993.0,0.0,0.0569,0.0441,-0.0007,-0.0458,0.9428,-0.0142,0.82
1736,3199,0.154,0.5699,0.2766,0.2568,0.1705,-0.1139,0.39,99.22,1.45,67607.0,0.0,0.0562,0.048,-0.0007,-0.0477,0.9638,-0.0136,0.82
1737,3199,0.1556,0.5712,0.2737,0.2539,0.1573,-0.1185,-0.11,91.53,1.49,66043.0,0.0,0.0525,0.0466,-0.0008,-0.0476,0.9344,-0.0135,0.82
1738,3199,0.1559,0.5715,0.2731,0.2532,0.1445,-0.1212,1.32,99.98,1.39,70557.0,0.0,0.0496,0.0472,-0.0006,-0.0498,0.9963,-0.0139,0.82
1739,3199,0.1581,0.5713,0.2712,0.2654,0.1868,-0.1099,1.61,111.01,1.45,67993.0,0.0,0.0588,0.0486,-0.0007,-0.0514,0.9045,-0.0144,0.82
1740,3199,0.164,0.5665,0.2702,0.2406,0.1756,-0.1171,1.46,103.0,1.48,66400.0,0.0,0.0547,0.0456,-0.0007,-0.0462,1.0394,-0.0133,0.82
1741,3199,0.1638,0.5656,0.2712,0.2531,0.1616,-0.1211,0.56,93.62,1.25,78590.0,0.0,0.0576,0.044,-0.0005,-0.0489,1.0067,-0.0142,0.82
1742,3199,0.1626,0.5659,0.272,0.2518,0.1733,-0.1179,0.91,90.83,0.82,120526.0,0.0,0.0564,0.0456,-0.0007,-0.0472,1.0056,-0.0145,0.82
1743,3199,0.1634,0.5709,0.2663,0.2518,0.1621,-0.1207,1.27,110.96,0.84,116687.0,0.0,0.0585,0.0452,-0.0008,-0.0502,0.9796,-0.0131,0.82
1744,3199,0.1644,0.5689,0.2671,0.2537,0.1923,-0.1145,0.7,96.32,0.84,116579.0,0.0,0.0604,0.0466,-0.0007,-0.0496,1.037,-0.0132,0.82
1745,3199,0.1617,0.5702,0.2683,0.2557,0.1667,-0.1165,0.84,102.16,0.85,115595.0,0.0,0.056,0.0474,-0.0009,-0.0504,1.0239,-0.013,0.82
1746,3199,0.1585,0.5713,0.2705,0.2549,0.1751,-0.1153,0.86,113.05,0.85,115607.0,0.0,0.0594,0.0483,-0.0011,-0.05,1.0554,-0.0137,0.82
1747,3199,0.159,0.5735,0.2677,0.2478,0.1603,-0.1214,-1.14,86.84,0.78,126463.0,0.0,0.0545,0.0449,-0.0009,-0.0485,1.077,-0.0148,0.82
1748,3199,0.1593,0.5753,0.2656,0.2548,0.1765,-0.116,0.15,98.65,0.79,123797.0,0.0,0.06,0.0462,-0.0008,-0.0492,0.989,-0.0126,0.82
1749,3199,0.1611,0.5774,0.2619,0.2445,0.1745,-0.1199,1.17,105.16,0.76,128658.0,0.0,0.0573,0.0427,-0.0005,-0.0459,0.987,-0.0141,0.82
1750,3199,0.1625,0.5761,0.2616,0.2606,0.1751,-0.1131,0.82,89.74,0.76,130015.0,0.0,0.06,0.0477,-0.0008,-0.0508,1.0912,-0.0116,0.82
1751,3199,0.1595,0.5771,0.2636,0.2368,0.1439,-0.1256,-0.69,77.7,0.83,118504.0,0.0,0.0514,0.0432,-0.0006,-0.046,1.0075,-0.0126,0.82
1752,3199,0.1605,0.5745,0.265,0.2527,0.1888,-0.1187,1.22,81.88,0.77,127438.0,0.0,0.0637,0.0452,-0.0008,-0.0499,0.9393,-0.0132,0.82
1753,3199,0.1609,0.5758,0.2633,0.264,0.1818,-0.1112,1.8,125.24,0.75,131125.0,0.0,0.062,0.0479,-0.0008,-0.0528,0.9672,-0.0148,0.82
1754,3199,0.16,0.573,0.2669,0.2621,0.168,-0.1159,1.59,108.92,0.76,129201.0,0.0,0.0526,0.0492,-0.0008,-0.0517,0.8834,-0.0136,0.82
1755,3199,0.1599,0.5686,0.2715,0.2693,0.1613,-0.1154,1.39,97.77,0.76,128720.0,0.0,0.0601,0.0475,-0.0006,-0.0519,0.9908,-0.0111,0.82
1756,3199,0.1586,0.5654,0.276,0.2531,0.1486,-0.1183,0.16,98.08,0.78,126427.0,0.0,0.0525,0.0478,-0.0005,-0.0527,1.0099,-0.0131,0.82
1757,3199,0.1584,0.563,0.2786,0.2613,0.1696,-0.1159,-0.4,86.73,0.77,127321.0,0.0,0.0591,0.0481,-0.0006,-0.0515,0.9031,-0.0133,0.82
1758,3199,0.162,0.5584,0.2796,0.274,0.1767,-0.1094,0.94,107.76,0.81,121886.0,0.0,0.0618,0.0494,-0.0005,-0.0534,1.0307,-0.0125,0.82
1759,3199,0.1604,0.5579,0.2818,0.2483,0.1428,-0.1205,0.79,98.82,0.81,122057.0,0.0,0.0516,0.0451,-0.0008,-0.0464,0.9456,-0.0136,0.82
1760,3199,0.1619,0.5525,0.2858,0.2691,0.1688,-0.1115,0.29,101.21,0.77,127192.0,0.0,0.0563,0.0503,-0.001,-0.0524,1.0018,-0.0142,0.82
1761,3199,0.1618,0.5506,0.2879,0.2505,0.1579,-0.1172,-0.21,102.24,0.8,123329.0,0.0,0.0523,0.0475,-0.0006,-0.0492,1.0664,-0.0111,0.82
1762,3199,0.1574,0.5547,0.2881,0.2506,0.1395,-0.1205,0.02,105.69,0.79,124506.0,0.0,0.0508,0.0464,-0.0004,-0.0512,0.9962,-0.0135,0.82
1763,3199,0.1563,0.56,0.284,0.2572,0.1637,-0.1168,0.79,113.8,0.76,129296.0,0.0,0.0575,0.0465,-0.0009,-0.0513,1.0604,-0.0141,0.82
1764,3199,0.156,0.5669,0.2774,0.2508,0.1919,-0.1169,0.46,93.5,0.74,132999.0,0.0,0.0644,0.0458,-0.001,-0.0474,1.0098,-0.0144,0.82
1765,3199,0.1574,0.5675,0.2756,0.2513,0.158,-0.1191,0.08,86.78,0.76,129187.0,0.0,0.0536,0.0459,-0.0005,-0.0501,1.0197,-0.0125,0.82
1766,3199,0.1597,0.5642,0.2766,0.2483,0.1572,-0.1207,-0.54,91.3,0.78,126010.0,0.0,0.0549,0.0459,-0.0006,-0.0489,0.9865,-0.014,0.82
1767,3199,0.159,0.5696,0.2719,0.2544,0.1681,-0.1179,0.64,104.75,0.75,131718.0,0.0,0.0577,0.0462,-0.0005,-0.0511,0.9194,-0.0147,0.82
1768,3199,0.1564,0.5681,0.276,0.2638,0.1792,-0.1141,0.58,93.22,0.81,120832.0,0.0,0.0621,0.0481,-0.0008,-0.0503,0.9285,-0.0124,0.82
1769,3199,0.1582,0.5653,0.2768,0.2594,0.1601,-0.1167,-0.59,88.66,0.8,123543.0,0.0,0.0555,0.0476,-0.0007,-0.0505,1.0509,-0.0109,0.82
1770,3199,0.1558,0.5692,0.2755,0.2592,0.1591,-0.1178,0.38,112.61,0.8,122234.0,0.0,0.0578,0.0485,-0.0006,-0.0518,0.9821,-0.0126,0.82
1771,3199,0.1524,0.5681,0.2801,0.265,0.1541,-0.113,0.71,93.58,0.83,118390.0,0.0,0.055,0.0498,-0.0006,-0.0508,0.9218,-0.0109,0.82
1772,3199,0.1535,0.561,0.2861,0.2612,0.1644,-0.1115,0.58,111.32,0.78,125425.0,0.0,0.0556,0.0499,-0.0008,-0.0513,1.0049,-0.0128,0.82
1773,3199,0.1579,0.5579,0.2849,0.2518,0.1846,-0.1152,-0.72,84.01,0.78,126525.0,0.0,0.0614,0.0476,-0.0008,-0.0488,1.0293,-0.0142,0.82
1774,3199,0.1571,0.5589,0.2848,0.2529,0.153,-0.117,0.21,105.59,0.77,127667.0,0.0,0.0511,0.0486,-0.0007,-0.0516,0.9626,-0.0153,0.82
1775,3199,0.1602,0.5588,0.282,0.252,0.1635,-0.118,0.61,89.16,0.8,123194.0,0.0,0.057,0.0476,-0.0008,-0.0495,0.9012,-0.014,0.82
1776,3199,0.1597,0.5575,0.2836,0.2755,0.1782,-0.1103,-0.21,98.78,0.75,131089.0,0.0,0.0615,0.0508,-0.0008,-0.0531,0.9459,-0.0143,0.82
1777,3199,0.1609,0.5553,0.2849,0.2702,0.176,-0.1105,0.4,108.1,0.78,125996.0,0.0,0.0658,0.0491,-0.0005,-0.0533,0.89,-0.0141,0.82
1778,3199,0.157,0.5583,0.2859,0.2543,0.1572,-0.1169,1.29,106.12,0.76,129774.0,0.0,0.0527,0.0462,-0.0006,-0.0484,1.0024,-0.0144,0.82
1779,3199,0.1538,0.5602,0.287,0.2649,0.1694,-0.1145,0.38,86.97,0.76,129878.0,0.0,0.0592,0.0484,-0.0005,-0.0522,1.0371,-0.0137,0.82
1780,3199,0.1524,0.5539,0.2949,0.2765,0.1784,-0.1118,2.19,117.24,0.76,129972.0,0.0,0.0657,0.0492,-0.0009,-0.0525,0.943,-0.0144,0.82
1781,3199,0.1588,0.5509,0.2916,0.2529,0.1689,-0.1165,1.83,105.19,0.75,130544.0,0.0,0.0549,0.046,-0.0007,-0.0513,0.9442,-0.0092,0.82
1782,3199,0.1597,0.5538,0.2876,0.2621,0.1733,-0.1121,0.57,113.32,0.75,131194.0,0.0,0.0592,0.0495,-0.001,-0.0514,0.9992,-0.0096,0.82
1783,3199,0.1552,0.5618,0.284,0.2467,0.1553,-0.1193,0.18,91.68,0.77,128454.0,0.0,0.0555,0.0439,-0.0006,-0.0487,1.0163,-0.0119,0.82
1784,3199,0.1528,0.5656,0.2828,0.2516,0.1593,-0.117,-0.13,86.54,0.76,130045.0,0.0,0.0547,0.046,-0.0005,-0.0507,0.8764,-0.0137,0.82
1785,3199,0.156,0.5629,0.2823,0.2674,0.1628,-0.1114,0.32,113.6,0.74,132634.0,0.0,0.0581,0.0496,-0.0008,-0.0536,0.9405,-0.0151,0.82
1786,3199,0.1561,0.5607,0.2844,0.2652,0.1585,-0.1172,0.28,88.25,0.75,131042.0,0.0,0.0576,0.0491,-0.0006,-0.0524,0.9006,-0.0136,0.82
1787,3199,0.1566,0.5585,0.2859,0.2626,0.157,-0.1159,-0.33,95.39,0.79,124938.0,0.0,0.0569,0.0471,-0.0006,-0.0513,1.0319,-0.0101,0.82
1788,3199,0.1553,0.5653,0.2802,0.2454,0.1485,-0.1222,-0.22,95.06,0.77,128096.0,0.0,0.0524,0.045,-0.0007,-0.0489,1.0469,-0.0095,0.82
1789,3199,0.1558,0.5713,0.2737,0.2629,0.1558,-0.1159,-0.26,95.6,0.75,130857.0,0.0,0.0541,0.0481,-0.0005,-0.0528,1.0093,-0.0142,0.82
1790,3199,0.1581,0.572,0.271,0.2517,0.1597,-0.1175,0.5,96.82,0.8,122312.0,0.0,0.0542,0.0471,-0.0007,-0.049,1.1451,-0.012,0.82
1791,3199,0.1548,0.5745,0.2717,0.2623,0.1471,-0.1164,0.29,100.71,0.76,129781.0,0.0,0.0535,0.0484,-0.0012,-0.05,0.9852,-0.0144,0.82
1792,3199,0.1515,0.5687,0.2808,0.2824,0.1746,-0.1083,0.95,101.78,0.77,127927.0,0.0,0.0656,0.0524,-0.0008,-0.0548,1.0306,-0.0142,0.82
1793,3199,0.1516,0.5624,0.2869,0.2544,0.1633,-0.1157,0.81,99.05,0.74,132901.0,0.0,0.0569,0.0459,-0.0008,-0.0484,0.9388,-0.0137,0.82
1794,3199,0.1548,0.5608,0.2854,0.2549,0.165,-0.1164,0.62,89.37,0.73,134426.0,0.0,0.0545,0.0471,-0.0007,-0.0509,1.0029,-0.0138,0.82
1795,3199,0.1517,0.5645,0.2846,0.2628,0.1607,-0.1164,1.76,105.2,0.79,123921.0,0.0,0.0547,0.0475,-0.0006,-0.0509,1.0065,-0.0124,0.82
1796,3199,0.1558,0.5629,0.2817,0.2755,0.1879,-0.1092,0.54,83.56,0.78,125535.0,0.0,0.0632,0.0507,-0.0006,-0.0546,0.9003,-0.0144,0.82
1797,3199,0.158,0.5611,0.2814,0.2629,0.1715,-0.1147,0.89,117.34,0.74,133159.0,0.0,0.0592,0.048,-0.0006,-0.0521,0.96,-0.0146,0.82
1798,3199,0.1572,0.5582,0.2851,0.2573,0.1781,-0.1129,1.09,101.11,0.77,127692.0,0.0,0.0574,0.0465,-0.0007,-0.0496,0.9777,-0.013,0.82
1799,3199,0.1538,0.5579,0.2887,0.2531,0.1278,-0.1187,-0.15,110.42,0.76,130111.0,0.0,0.0476,0.0471,-0.0008,-0.0511,0.9625,-0.0146,0.82
1800,3199,0.1479,0.556,0.2963,0.2692,0.1689,-0.1105,1.24,104.22,0.76,128994.0,0.0,0.0579,0.051,-0.0006,-0.0543,0.9689,-0.0135,0.82
1801,3199,0.1552,0.5506,0.2944,0.257,0.1801,-0.115,0.04,93.45,0.76,130145.0,0.0,0.0603,0.0461,-0.0006,-0.0508,1.0367,-0.0132,0.82
1802,3199,0.1583,0.5472,0.295,0.2763,0.1852,-0.1064,0.89,103.2,0.75,130304.0,0.0,0.0636,0.0502,-0.0008,-0.0534,0.9398,-0.0129,0.82
1803,3199,0.1541,0.5498,0.2966,0.2702,0.1648,-0.1143,0.56,94.54,0.76,129333.0,0.0,0.061,0.0481,-0.0008,-0.0531,0.9268,-0.0145,0.82
1804,3199,0.1537,0.5517,0.2952,0.2606,0.1751,-0.111,0.74,103.57,0.81,121962.0,0.0,0.0585,0.0482,-0.0005,-0.0513,1.014,-0.0146,0.82
1805,3199,0.1537,0.5474,0.2997,0.2418,0.1359,-0.1193,-0.13,103.54,0.78,126660.0,0.0,0.0456,0.0463,-0.0007,-0.0477,1.0305,-0.0142,0.82
1806,3199,0.1557,0.5473,0.2978,0.2577,0.166,-0.1171,0.0,93.55,0.79,124226.0,0.0,0.06,0.0456,-0.0005,-0.0489,0.9541,-0.0142,0.82
1807,3199,0.1556,0.5495,0.2959,0.2775,0.1797,-0.1098,1.23,104.4,0.76,129833.0,0.0,0.0646,0.0492,-0.0005,-0.0543,1.0109,-0.0144,0.82
1808,3199,0.1546,0.5496,0.2968,0.2446,0.1602,-0.1219,0.32,79.57,0.76,128644.0,0.0,0.0516,0.0445,-0.0007,-0.0483,0.998,-0.0142,0.82
1809,3199,0.159,0.5484,0.2936,0.2679,0.1635,-0.1131,1.1,107.1,0.79,125072.0,0.0,0.0583,0.0491,-0.0006,-0.0534,0.9601,-0.0135,0.82
1810,3199,0.1648,0.5445,0.2914,0.2854,0.1851,-0.1076,0.88,103.06,0.75,131498.0,0.0,0.0613,0.051,-0.0006,-0.0566,0.9372,-0.0142,0.82
1811,3199,0.1615,0.5456,0.2936,0.2652,0.1535,-0.1156,1.98,121.59,0.78,125567.0,0.0,0.0538,0.0469,-0.0006,-0.0521,1.079,-0.012,0.82
1812,3199,0.1594,0.5506,0.2905,0.2571,0.1604,-0.1192,-0.2,91.72,0.82,119197.0,0.0,0.056,0.0451,-0.0009,-0.0498,0.9279,-0.0141,0.82
1813,3199,0.1576,0.5526,0.2903,0.2577,0.1721,-0.1156,-0.6,68.07,0.76,129085.0,0.0,0.0591,0.0457,-0.0007,-0.0488,0.9302,-0.0144,0.82
1814,3199,0.1588,0.5521,0.2897,0.2604,0.1617,-0.1163,0.96,105.76,0.77,128441.0,0.0,0.0552,0.0477,-0.0007,-0.0505,1.0375,-0.0152,0.82
1815,3199,0.1587,0.5522,0.2894,0.2636,0.1556,-0.1161,0.98,79.47,0.74,133421.0,0.0,0.0576,0.0487,-0.0005,-0.0532,0.9276,-0.0146,0.82
1816,3199,0.159,0.5558,0.2858,0.2524,0.1457,-0.1213,0.03,108.1,0.73,134182.0,0.0,0.0498,0.0453,-0.0007,-0.0492,0.9893,-0.0138,0.82
1817,3199,0.1564,0.5554,0.2887,0.2558,0.1603,-0.116,0.03,89.3,0.76,129734.0,0.0,0.055,0.0482,-0.0006,-0.0505,1.0001,-0.014,0.82
1818,3199,0.1566,0.5574,0.2867,0.2617,0.1704,-0.1137,-0.0,107.74,0.77,128425.0,0.0,0.058,0.0465,-0.0008,-0.0501,1.0142,-0.0134,0.82
1819,3199,0.1507,0.5624,0.2876,0.2514,0.1447,-0.12,-0.43,83.45,0.74,132822.0,0.0,0.0498,0.0474,-0.0009,-0.0494,1.0489,-0.014,0.82
1820,3199,0.154,0.5635,0.2835,0.2714,0.182,-0.1104,0.93,125.0,0.78,126497.0,0.0,0.0638,0.0495,-0.0012,-0.052,0.9412,-0.0114,0.82
1821,3199,0.156,0.5567,0.2879,0.2723,0.167,-0.1113,2.22,114.17,0.74,132022.0,0.0,0.0562,0.0507,-0.0011,-0.0525,1.0345,-0.0134,0.82
1822,3199,0.1551,0.5526,0.2928,0.2498,0.1585,-0.1174,0.86,98.31,0.76,129992.0,0.0,0.0529,0.046,-0.0014,-0.0477,0.9962,-0.0139,0.82
1823,3199,0.152,0.5593,0.2892,0.245,0.1589,-0.12,0.47,104.43,0.75,131475.0,0.0,0.0524,0.046,-0.0006,-0.0466,0.9744,-0.0155,0.82
1824,3199,0.155,0.5598,0.2857,0.2641,0.1794,-0.114,-0.19,98.39,0.75,131567.0,0.0,0.0583,0.0498,-0.0007,-0.0515,0.9428,-0.014,0.82
1825,3199,0.1558,0.5594,0.2852,0.2605,0.1625,-0.1135,0.7,108.81,0.75,131386.0,0.0,0.0509,0.0485,-0.0005,-0.0512,0.8994,-0.0152,0.82
1826,3199,0.1555,0.5565,0.2882,0.2789,0.1781,-0.1088,0.6,93.84,0.75,131314.0,0.0,0.0607,0.0505,-0.0006,-0.0537,0.9568,-0.0127,0.82
1827,3199,0.1557,0.5561,0.2885,0.2515,0.1525,-0.1195,0.42,94.51,0.74,132448.0,0.0,0.0518,0.0485,-0.001,-0.0501,0.9595,-0.0122,0.82
1828,3199,0.155,0.5556,0.2896,0.26,0.1512,-0.1131,0.91,123.63,0.75,131769.0,0.0,0.0494,0.0496,-0.001,-0.0516,0.9982,-0.0135,0.82
1829,3199,0.153,0.5552,0.2918,0.2598,0.1459,-0.1174,1.11,90.88,0.75,131880.0,0.0,0.0518,0.0474,-0.0009,-0.0515,0.9545,-0.0139,0.82
1830,3199,0.1479,0.5561,0.296,0.2715,0.1537,-0.1129,1.14,104.98,0.74,133702.0,0.0,0.0509,0.0514,-0.0005,-0.056,0.936,-0.0142,0.82
1831,3199,0.1456,0.5566,0.2979,0.2605,0.161,-0.1161,0.24,89.59,0.74,133270.0,0.0,0.0545,0.0479,-0.0007,-0.0512,1.0203,-0.0139,0.82
1832,3199,0.1475,0.555,0.2976,0.2695,0.1738,-0.1111,0.64,109.74,0.77,128385.0,0.0,0.0611,0.0505,-0.0008,-0.0526,0.9863,-0.0142,0.82
1833,3199,0.1477,0.5535,0.299,0.2736,0.1634,-0.1136,0.38,110.04,0.75,130237.0,0.0,0.0589,0.0491,-0.0006,-0.0535,0.9605,-0.0127,0.82
1834,3199,0.152,0.546,0.3025,0.2558,0.1658,-0.1175,-0.06,91.81,0.75,131154.0,0.0,0.0592,0.046,-0.0008,-0.0506,0.9656,-0.0141,0.82
1835,3199,0.1526,0.5473,0.3007,0.2716,0.1817,-0.1111,-0.18,96.44,0.76,128593.0,0.0,0.0609,0.0495,-0.0007,-0.0522,1.0193,-0.0136,0.82
1836,3199,0.1529,0.554,0.2937,0.2565,0.1677,-0.1181,-0.05,80.99,0.76,128793.0,0.0,0.0582,0.046,-0.001,-0.0489,0.9538,-0.0111,0.82
1837,3199,0.1564,0.5559,0.2882,0.2505,0.1827,-0.1193,0.75,94.34,0.76,129731.0,0.0,0.0586,0.0452,-0.0007,-0.0496,0.9255,-0.0102,0.82
1838,3199,0.1613,0.5504,0.2888,0.2797,0.1758,-0.1072,0.54,110.34,0.77,127528.0,0.0,0.0604,0.0516,-0.0006,-0.0558,0.9264,-0.0139,0.82
1839,3199,0.1577,0.5558,0.2872,0.2559,0.1535,-0.1185,0.51,86.78,0.74,132668.0,0.0,0.055,0.0465,-0.0006,-0.0507,0.9744,-0.0115,0.82
1840,3199,0.16,0.5603,0.2803,0.2514,0.1653,-0.1166,0.87,102.99,0.82,120462.0,0.0,0.0566,0.0468,-0.0009,-0.0501,0.9531,-0.0133,0.82
1841,3199,0.1601,0.5599,0.2804,0.2714,0.1622,-0.112,1.22,106.5,0.76,129363.0,0.0,0.0557,0.0491,-0.0006,-0.054,0.9403,-0.0125,0.82
1842,3199,0.1645,0.5571,0.2789,0.2689,0.1753,-0.1138,0.61,102.2,0.77,127232.0,0.0,0.0578,0.0488,-0.0007,-0.0536,0.999,-0.0134,0.82
1843,3199,0.167,0.5578,0.2756,0.2517,0.1711,-0.1158,0.7,101.93,0.79,124540.0,0.0,0.0594,0.0467,-0.001,-0.0511,1.027,-0.0133,0.82
1844,3199,0.1706,0.5578,0.2717,0.261,0.1878,-0.1143,0.46,89.87,0.76,128694.0,0.0,0.0606,0.0467,-0.0013,-0.0521,1.0397,-0.0115,0.82
1845,3199,0.1724,0.5536,0.2742,0.2641,0.149,-0.1164,0.04,90.97,0.8,123541.0,0.0,0.0536,0.0476,-0.0012,-0.0517,0.9618,-0.0104,0.82
1846,3199,0.1696,0.5565,0.2743,0.2501,0.1749,-0.119,0.65,104.62,0.8,122638.0,0.0,0.0564,0.0447,-0.0008,-0.0484,0.9576,-0.0128,0.82
1847,3199,0.1636,0.5505,0.2863,0.2753,0.1577,-0.1086,1.88,103.4,0.78,125650.0,0.0,0.0556,0.0513,-0.0009,-0.056,0.858,-0.0135,0.82
1848,3199,0.1629,0.5499,0.2877,0.2518,0.1817,-0.1157,1.03,102.15,0.74,132395.0,0.0,0.0586,0.0453,-0.0006,-0.049,0.8398,-0.0132,0.82
1849,3199,0.165,0.5458,0.2897,0.263,0.1789,-0.1136,0.58,107.83,0.74,132514.0,0.0,0.062,0.0486,-0.0007,-0.054,0.9919,-0.0125,0.82
1850,3199,0.1675,0.5429,0.2899,0.2678,0.1624,-0.1155,1.12,109.53,0.76,128717.0,0.0,0.0564,0.0502,-0.0007,-0.0557,0.9796,-0.0121,0.82
1851,3199,0.1646,0.5457,0.29,0.2713,0.1642,-0.1131,-1.13,93.85,0.75,130872.0,0.0,0.0592,0.049,-0.0006,-0.054,0.9423,-0.0141,0.82
1852,3199,0.1645,0.5446,0.2911,0.2699,0.1535,-0.1134,0.06,109.78,0.76,128579.0,0.0,0.0569,0.0506,-0.0007,-0.0546,0.9263,-0.0139,0.82
1853,3199,0.166,0.5406,0.2939,0.28,0.164,-0.1111,0.88,114.83,0.81,120766.0,0.0,0.0582,0.0505,-0.0007,-0.0569,0.9809,-0.0122,0.82
1854,3199,0.1624,0.5401,0.2982,0.2692,0.1713,-0.1119,0.86,99.54,0.8,122689.0,0.0,0.0602,0.0495,-0.0011,-0.0545,1.017,-0.0137,0.82
1855,3199,0.1588,0.5492,0.2922,0.245,0.1532,-0.1214,0.64,100.88,0.76,128766.0,0.0,0.0532,0.0461,-0.0007,-0.0509,0.98,-0.0136,0.82
1856,3199,0.1578,0.5491,0.2935,0.2739,0.1715,-0.111,0.63,95.29,0.76,128654.0,0.0,0.0629,0.0501,-0.0008,-0.0563,0.9917,-0.0145,0.82
1857,3199,0.1582,0.5463,0.2958,0.2678,0.1585,-0.113,0.45,105.37,0.75,130554.0,0.0,0.0558,0.0501,-0.0012,-0.0545,0.9262,-0.0152,0.82
1858,3199,0.1586,0.5427,0.299,0.2643,0.1816,-0.1127,0.28,106.48,0.78,125979.0,0.0,0.0572,0.0498,-0.0008,-0.0523,1.0332,-0.0147,0.82
1859,3199,0.1556,0.5479,0.2968,0.257,0.1695,-0.1152,1.11,117.7,0.78,126306.0,0.0,0.056,0.0489,-0.0006,-0.0521,0.9824,-0.013,0.82
1860,3199,0.1546,0.5512,0.2947,0.2663,0.1736,-0.1142,0.18,104.32,0.75,130925.0,0.0,0.0568,0.0473,-0.0006,-0.0557,0.9531,-0.0144,0.82
1861,3199,0.1553,0.5587,0.2865,0.2519,0.1761,-0.1186,-0.56,74.51,0.75,131153.0,0.0,0.0578,0.0451,-0.0007,-0.0512,0.947,-0.0142,0.82
1862,3199,0.1521,0.5642,0.2843,0.2495,0.1434,-0.1191,0.43,95.41,0.78,125798.0,0.0,0.0471,0.0464,-0.0007,-0.0509,0.9262,-0.0141,0.82
1863,3199,0.1498,0.5645,0.2862,0.2632,0.1599,-0.115,0.06,89.89,0.78,126766.0,0.0,0.054,0.048,-0.0009,-0.0524,1.0466,-0.0148,0.82
1864,3199,0.1492,0.5673,0.2839,0.2639,0.1345,-0.1206,-0.18,106.18,0.76,129499.0,0.0,0.0481,0.0489,-0.0007,-0.0534,0.9842,-0.0112,0.82
1865,3199,0.1461,0.564,0.2905,0.271,0.1487,-0.1158,-0.25,95.15,0.79,124205.0,0.0,0.0585,0.0493,-0.001,-0.0534,1.0757,-0.0128,0.82
1866,3199,0.1501,0.5603,0.2903,0.2667,0.1849,-0.1121,0.55,101.92,0.77,127963.0,0.0,0.0619,0.0489,-0.0007,-0.0525,0.9899,-0.0146,0.82
1867,3199,0.1513,0.5593,0.2898,0.2677,0.1841,-0.113,1.79,102.07,0.79,124115.0,0.0,0.0613,0.0487,-0.0006,-0.0527,0.906,-0.0115,0.82
1868,3199,0.1565,0.5584,0.2854,0.2689,0.1959,-0.1096,2.48,105.75,0.77,128039.0,0.0,0.064,0.0503,-0.0008,-0.0536,1.0245,-0.011,0.82
1869,3199,0.1611,0.5541,0.285,0.2649,0.1689,-0.1144,1.65,99.49,0.75,131380.0,0.0,0.0554,0.0497,-0.0006,-0.0531,1.0884,-0.0133,0.82
1870,3199,0.1623,0.5549,0.2829,0.2462,0.177,-0.1184,-0.2,94.84,0.77,127821.0,0.0,0.0556,0.047,-0.001,-0.0496,0.9894,-0.0145,0.82
1871,3199,0.1635,0.5597,0.277,0.2636,0.1699,-0.1164,1.35,87.97,0.76,129099.0,0.0,0.0607,0.0473,-0.0005,-0.053,0.8966,-0.012,0.82
1872,3199,0.1667,0.5526,0.2809,0.2822,0.1804,-0.1085,0.83,98.97,0.79,124478.0,0.0,0.0616,0.0508,-0.0007,-0.056,0.8214,-0.0095,0.82
1873,3199,0.1679,0.5502,0.2822,0.2752,0.1851,-0.1103,1.37,105.72,0.81,121896.0,0.0,0.0676,0.0491,-0.0008,-0.0527,0.89,-0.0123,0.82
1874,3199,0.1681,0.5453,0.2871,0.2791,0.1713,-0.1111,0.96,95.41,0.77,127637.0,0.0,0.0609,0.0508,-0.0006,-0.0567,0.9206,-0.0126,0.82
1875,3199,0.1664,0.5478,0.2863,0.2698,0.16,-0.1137,2.32,123.8,0.75,131261.0,0.0,0.0594,0.051,-0.0026,-0.0552,0.9582,-0.0141,0.82
1876,3199,0.1657,0.5475,0.2873,0.2502,0.1603,-0.1211,0.26,96.02,0.74,132009.0,0.0,0.0544,0.0457,-0.0006,-0.0486,0.9679,-0.0142,0.82
1877,3199,0.1633,0.552,0.2853,0.2653,0.1457,-0.1146,1.44,120.88,0.83,117979.0,0.0,0.0517,0.0508,-0.0006,-0.0547,0.9185,-0.0137,0.82
1878,3199,0.1589,0.5509,0.2907,0.2824,0.1681,-0.107,1.79,107.38,0.77,127717.0,0.0,0.0556,0.0528,-0.0008,-0.0566,0.9775,-0.0145,0.82
1879,3199,0.1615,0.5484,0.2906,0.2763,0.1678,-0.114,0.3,92.74,0.79,124421.0,0.0,0.0593,0.0489,-0.0006,-0.0555,0.9796,-0.0139,0.82
1880,3199,0.1614,0.5519,0.2872,0.2573,0.1522,-0.1195,0.24,104.52,0.82,120006.0,0.0,0.0518,0.047,-0.0006,-0.0516,0.9614,-0.0144,0.82
1881,3199,0.1586,0.5546,0.2871,0.2467,0.1503,-0.1233,0.49,98.68,0.82,120545.0,0.0,0.0525,0.0455,-0.0006,-0.0501,1.0399,-0.0136,0.82
1882,3199,0.1584,0.5592,0.2826,0.2735,0.1726,-0.1126,0.44,84.79,0.79,124424.0,0.0,0.0569,0.0496,-0.0008,-0.0545,0.994,-0.0143,0.82
1883,3199,0.1494,0.5688,0.2821,0.2471,0.1524,-0.1223,0.31,91.53,0.78,125914.0,0.0,0.055,0.0462,-0.0006,-0.0501,0.9927,-0.0138,0.82
1884,3199,0.1496,0.572,0.2786,0.2688,0.1529,-0.1151,1.38,98.79,0.81,121806.0,0.0,0.0569,0.0508,-0.0014,-0.0528,0.9644,-0.0117,0.82
1885,3199,0.1538,0.565,0.2815,0.2716,0.1638,-0.1128,0.59,105.63,0.81,121363.0,0.0,0.0578,0.0507,-0.0006,-0.0535,1.0043,-0.0134,0.82
1886,3199,0.1581,0.5577,0.2845,0.2843,0.1718,-0.1108,1.45,113.14,0.79,124779.0,0.0,0.0613,0.0514,-0.0008,-0.0557,0.9799,-0.014,0.82
1887,3199,0.1595,0.5506,0.2901,0.2716,0.1597,-0.1138,1.01,107.46,0.8,122262.0,0.0,0.0609,0.0485,-0.0009,-0.0541,0.9697,-0.0121,0.82
1888,3199,0.1592,0.5557,0.2854,0.2621,0.1799,-0.1173,0.96,102.16,0.81,121866.0,0.0,0.0662,0.0471,-0.0006,-0.0519,1.0181,-0.0104,0.82
1889,3199,0.1568,0.5588,0.2846,0.2651,0.1831,-0.1132,0.52,97.55,0.81,121484.0,0.0,0.066,0.049,-0.0008,-0.0532,0.9069,-0.0126,0.82
1890,3199,0.1574,0.5606,0.2823,0.2801,0.178,-0.1106,2.02,117.86,0.78,126085.0,0.0,0.0651,0.0502,-0.0007,-0.0561,0.9167,-0.0123,0.82
1891,3199,0.1593,0.555,0.2862,0.2722,0.1772,-0.1108,0.46,93.05,0.78,125442.0,0.0,0.0615,0.0501,-0.0007,-0.0541,1.009,-0.0142,0.82
1892,3199,0.1588,0.5573,0.2844,0.2529,0.1544,-0.1184,-0.94,93.24,0.77,126990.0,0.0,0.0523,0.049,-0.0009,-0.0522,0.9314,-0.015,0.82
1893,3199,0.1608,0.558,0.2817,0.2724,0.1783,-0.1105,1.93,104.69,0.76,129424.0,0.0,0.0615,0.0503,-0.0009,-0.0557,1.0811,-0.0118,0.82
1894,3199,0.1629,0.555,0.2826,0.2456,0.1432,-0.1235,0.76,102.74,0.77,128178.0,0.0,0.0502,0.0449,-0.0011,-0.0491,0.9356,-0.014,0.82
1895,3199,0.1585,0.5615,0.2805,0.2624,0.1571,-0.1185,0.67,117.73,0.77,127317.0,0.0,0.0585,0.0486,-0.0008,-0.0534,0.9838,-0.0133,0.82
1896,3199,0.1567,0.5591,0.2847,0.2567,0.1696,-0.1148,1.52,109.83,0.77,127121.0,0.0,0.0567,0.0477,-0.0005,-0.0509,0.9931,-0.0142,0.82
1897,3199,0.158,0.5511,0.2919,0.2818,0.1776,-0.1074,0.07,97.38,0.76,128880.0,0.0,0.062,0.0515,-0.0007,-0.0576,0.9258,-0.013,0.82
1898,3199,0.1552,0.5512,0.2946,0.276,0.1641,-0.1119,0.64,101.76,0.78,126555.0,0.0,0.0598,0.0518,-0.0005,-0.0573,1.0057,-0.0104,0.82
1899,3199,0.1546,0.5489,0.2974,0.2498,0.1593,-0.1197,0.13,105.49,0.76,129552.0,0.0,0.0544,0.0459,-0.0021,-0.0512,1.0573,-0.01,0.82
1900,3199,0.1541,0.55,0.2967,0.2543,0.1552,-0.117,0.05,87.77,0.78,126829.0,0.0,0.0569,0.0471,-0.0007,-0.053,0.9612,-0.0132,0.82
1901,3199,0.1556,0.5508,0.294,0.2826,0.1789,-0.1075,0.65,102.33,0.8,123041.0,0.0,0.0641,0.0516,-0.0006,-0.0569,1.0494,-0.0141,0.82
1902,3199,0.1587,0.5474,0.2945,0.2679,0.1566,-0.1159,1.12,112.45,0.77,128267.0,0.0,0.054,0.0488,-0.0005,-0.0545,1.0162,-0.0138,0.82
1903,3199,0.1551,0.5517,0.2936,0.267,0.1583,-0.1183,1.2,105.97,0.75,131787.0,0.0,0.0568,0.0486,-0.0008,-0.0564,0.9267,-0.0146,0.82
1904,3199,0.1525,0.557,0.2907,0.2619,0.1656,-0.1176,0.93,101.6,0.74,132738.0,0.0,0.0568,0.0472,-0.0007,-0.0529,1.0592,-0.0118,0.82
1905,3199,0.1517,0.56,0.2888,0.2612,0.1673,-0.1192,0.68,99.29,0.74,133176.0,0.0,0.0622,0.0458,-0.0005,-0.0538,0.9322,-0.012,0.82
1906,3199,0.1551,0.5556,0.2897,0.2632,0.1678,-0.1129,0.23,92.0,0.74,132092.0,0.0,0.0557,0.0487,-0.0008,-0.0541,0.98,-0.0105,0.82
1907,3199,0.1569,0.5552,0.2882,0.2727,0.1714,-0.1123,0.91,102.07,0.73,133799.0,0.0,0.0601,0.0496,-0.0007,-0.0574,1.2282,-0.0124,0.82
1908,3199,0.1604,0.5551,0.2848,0.2745,0.1668,-0.1131,0.64,97.01,0.74,132612.0,0.0,0.0594,0.0495,-0.0008,-0.0576,1.0512,-0.0124,0.82
1909,3199,0.1636,0.5538,0.2829,0.2568,0.1847,-0.1147,0.81,97.55,0.74,132088.0,0.0,0.062,0.0476,-0.0007,-0.0542,0.9718,-0.0135,0.82
1910,3199,0.1624,0.5478,0.29,0.26,0.1731,-0.115,-0.69,87.86,0.74,131969.0,0.0,0.0578,0.0474,-0.0008,-0.053,1.0326,-0.0144,0.82
1911,3199,0.1588,0.5497,0.2918,0.2754,0.1665,-0.1104,0.86,104.07,0.74,132511.0,0.0,0.0613,0.0492,-0.0008,-0.055,1.1296,-0.0126,0.82
1912,3199,0.1583,0.5558,0.2861,0.2626,0.169,-0.1148,1.69,110.39,0.74,133263.0,0.0,0.0587,0.0476,-0.001,-0.0544,1.0416,-0.0126,0.81
1913,3199,0.1583,0.5556,0.2864,0.2606,0.1755,-0.1159,0.92,97.06,0.73,133867.0,0.0,0.0597,0.0457,-0.0006,-0.0516,0.9983,-0.0138,0.81
1914,3199,0.1621,0.5529,0.2852,0.2651,0.1906,-0.1159,0.07,96.58,0.73,134037.0,0.0,0.0675,0.0456,-0.0007,-0.0549,1.0548,-0.0134,0.81
1915,3199,0.165,0.5532,0.2819,0.2642,0.2049,-0.1135,2.22,111.86,0.74,133365.0,0.0,0.066,0.0461,-0.0009,-0.0544,1.0528,-0.0139,0.81
1916,3199,0.1671,0.5545,0.2784,0.2623,0.1521,-0.1175,1.0,106.2,0.74,133509.0,0.0,0.055,0.0483,-0.001,-0.0559,0.9483,-0.0096,0.81
1917,3199,0.1653,0.5564,0.2784,0.2584,0.1783,-0.1173,0.73,105.2,0.78,125519.0,0.0,0.0594,0.0458,-0.0007,-0.0535,0.9712,-0.0096,0.81
1918,3199,0.1623,0.5599,0.2779,0.2599,0.1719,-0.1131,1.65,106.66,0.76,128923.0,0.0,0.0589,0.0493,-0.001,-0.0558,0.9766,-0.0127,0.81
1919,3199,0.1636,0.5616,0.2751,0.2611,0.1669,-0.1143,0.55,112.55,0.79,124048.0,0.0,0.0564,0.0476,-0.0007,-0.0541,1.0127,-0.0134,0.81
1920,3199,0.1656,0.5595,0.2752,0.275,0.1779,-0.111,0.52,95.89,0.8,122854.0,0.0,0.0604,0.0486,-0.0013,-0.0576,0.9402,-0.0127,0.81
1921,3199,0.1629,0.5594,0.278,0.2606,0.1545,-0.1161,0.23,94.71,0.8,122400.0,0.0,0.0573,0.0478,-0.0011,-0.0545,1.024,-0.0137,0.81
1922,3199,0.1607,0.5594,0.2804,0.2628,0.1642,-0.1133,0.38,85.96,0.78,125327.0,0.0,0.0571,0.0478,-0.0008,-0.0547,0.9408,-0.0138,0.81
1923,3199,0.1622,0.5537,0.2847,0.2856,0.1768,-0.1074,2.02,110.14,0.74,132300.0,0.0,0.0672,0.0503,-0.0008,-0.0592,0.9202,-0.0133,0.81
1924,3199,0.1609,0.5517,0.2881,0.2796,0.1489,-0.1124,0.19,99.12,0.8,122966.0,0.0,0.0552,0.0511,-0.001,-0.0606,1.0062,-0.0146,0.81
1925,3199,0.1589,0.5536,0.288,0.2467,0.1489,-0.1222,-0.67,92.51,0.76,128574.0,0.0,0.0506,0.0452,-0.0007,-0.0515,1.0389,-0.0135,0.81
1926,3199,0.1571,0.5544,0.289,0.2622,0.1639,-0.1168,-0.0,92.55,0.74,132154.0,0.0,0.0567,0.0478,-0.0007,-0.0557,0.9787,-0.0145,0.81
1927,3199,0.1599,0.5526,0.2879,0.2608,0.1653,-0.1168,0.89,102.24,0.74,133019.0,0.0,0.0584,0.0475,-0.0007,-0.0533,1.0401,-0.0148,0.81
1928,3199,0.1601,0.5518,0.2886,0.2678,0.149,-0.1171,0.54,107.63,0.74,132302.0,0.0,0.0528,0.0499,-0.0006,-0.056,1.0482,-0.0142,0.81
1929,3199,0.1598,0.555,0.2857,0.2697,0.1715,-0.1149,0.37,89.53,0.8,123613.0,0.0,0.0581,0.0482,-0.0008,-0.0561,1.0057,-0.0134,0.81
1930,3199,0.1595,0.5562,0.2848,0.2735,0.1584,-0.1128,0.67,105.53,0.82,119949.0,0.0,0.0615,0.0511,-0.0008,-0.055,0.9435,-0.0133,0.81
1931,3199,0.1575,0.558,0.2852,0.2714,0.1672,-0.1129,0.64,96.66,0.77,126960.0,0.0,0.062,0.0504,-0.0007,-0.0562,1.0109,-0.0145,0.81
1932,3199,0.1605,0.5585,0.2815,0.2706,0.1825,-0.1134,0.05,96.45,0.75,131692.0,0.0,0.0654,0.0492,-0.0011,-0.0574,1.0369,-0.0147,0.81
1933,3199,0.1596,0.5593,0.2817,0.2592,0.1649,-0.1135,0.99,98.25,0.75,131137.0,0.0,0.0565,0.0484,-0.0008,-0.0519,1.005,-0.0132,0.81
1934,3199,0.1597,0.5601,0.2807,0.2621,0.1815,-0.1152,1.1,96.72,0.73,134705.0,0.0,0.0601,0.0475,-0.0006,-0.0524,1.1436,-0.0107,0.81
1935,3199,0.1619,0.557,0.2816,0.2803,0.1797,-0.1091,1.79,100.74,0.74,132141.0,0.0,0.0642,0.0501,-0.0005,-0.0567,0.9443,-0.0108,0.81
1936,3199,0.1634,0.5555,0.2816,0.2568,0.1768,-0.1161,1.8,112.94,0.74,132964.0,0.0,0.0637,0.0455,-0.0009,-0.0513,0.9687,-0.0127,0.81
1937,3199,0.1619,0.5521,0.2866,0.2478,0.1605,-0.1173,1.12,98.55,0.76,129884.0,0.0,0.0537,0.0456,-0.0008,-0.0508,0.9683,-0.0136,0.81
1938,3199,0.1605,0.545,0.295,0.2724,0.174,-0.1117,0.84,100.25,0.78,126438.0,0.0,0.0609,0.0497,-0.0008,-0.0561,0.8918,-0.0142,0.81
1939,3199,0.1594,0.5466,0.2943,0.269,0.1609,-0.1159,0.32,87.37,0.78,126048.0,0.0,0.0596,0.0491,-0.0008,-0.0557,1.0307,-0.0139,0.81
1940,3199,0.1624,0.5453,0.2925,0.2577,0.1593,-0.1178,-0.02,84.45,0.75,131506.0,0.0,0.0549,0.0471,-0.001,-0.0533,0.9501,-0.0137,0.81
1941,3199,0.1626,0.5464,0.2913,0.2704,0.1666,-0.1156,1.31,98.91,0.76,130015.0,0.0,0.0593,0.0485,-0.0008,-0.0552,0.9458,-0.0142,0.81
1942,3199,0.1627,0.5433,0.2944,0.2791,0.1804,-0.1063,0.76,107.39,0.78,125258.0,0.0,0.0601,0.0527,-0.0006,-0.0577,0.9665,-0.0154,0.81
1943,3199,0.1614,0.5447,0.2943,0.2674,0.1779,-0.1139,1.56,99.36,0.77,127088.0,0.0,0.0597,0.0481,-0.0006,-0.0549,0.955,-0.0123,0.81
1944,3199,0.1674,0.5436,0.2892,0.2727,0.1979,-0.1131,-0.35,89.42,0.77,126912.0,0.0,0.069,0.0479,-0.0009,-0.0554,1.0065,-0.0124,0.81
1945,3199,0.1718,0.5393,0.2894,0.2853,0.174,-0.1107,0.31,95.73,0.8,122654.0,0.0,0.0652,0.0509,-0.0009,-0.0607,0.9704,-0.0126,0.81
1946,3199,0.1695,0.5455,0.2853,0.2633,0.1939,-0.115,0.09,73.79,0.81,121719.0,0.0,0.0663,0.0472,-0.0005,-0.0537,1.0409,-0.0135,0.81
1947,3199,0.1681,0.5519,0.2802,0.2642,0.1867,-0.1162,-0.19,75.73,0.77,127031.0,0.0,0.063,0.0466,-0.0004,-0.0546,0.9643,-0.0146,0.81
1948,3199,0.1684,0.5569,0.2751,0.2502,0.1788,-0.1206,0.31,92.17,0.77,127063.0,0.0,0.0626,0.0441,-0.0005,-0.0501,0.9656,-0.0123,0.81
1949,3199,0.1636,0.5606,0.2763,0.2635,0.1703,-0.113,0.08,92.47,0.74,132397.0,0.0,0.0602,0.0496,-0.0006,-0.0532,0.9101,-0.0141,0.81
1950,3199,0.1663,0.5533,0.2808,0.2648,0.1727,-0.1149,-0.5,87.55,0.74,133086.0,0.0,0.0604,0.0468,-0.0007,-0.0535,0.9383,-0.0135,0.81
1951,3199,0.1697,0.5499,0.2809,0.2619,0.2063,-0.1121,0.22,82.61,0.74,133121.0,0.0,0.0666,0.0442,-0.0014,-0.0511,0.927,-0.0136,0.81
1952,3199,0.1706,0.5477,0.2822,0.2722,0.1684,-0.1121,-0.64,81.5,0.74,133089.0,0.0,0.0611,0.0486,-0.0004,-0.0564,0.9474,-0.0149,0.81
1953,3199,0.1688,0.5464,0.2851,0.2712,0.1867,-0.1122,0.98,104.99,0.74,132772.0,0.0,0.065,0.0472,-0.0006,-0.0554,1.0046,-0.0132,0.81
1954,3199,0.1643,0.5469,0.2889,0.2713,0.1735,-0.114,0.48,92.93,0.77,127676.0,0.0,0.063,0.0481,-0.0006,-0.0543,0.9676,-0.0124,0.81
1955,3199,0.1662,0.5483,0.2854,0.2671,0.1819,-0.1123,-0.17,81.05,0.75,130248.0,0.0,0.0589,0.0484,-0.0005,-0.0535,0.9705,-0.0151,0.81
1956,3199,0.1657,0.5489,0.2857,0.2719,0.1727,-0.1129,0.64,91.8,0.78,125677.0,0.0,0.0615,0.0491,-0.0005,-0.0568,1.0101,-0.0132,0.81
1957,3199,0.1626,0.5487,0.2891,0.2481,0.1637,-0.1185,0.51,95.28,0.8,123275.0,0.0,0.0569,0.0453,-0.001,-0.0501,1.018,-0.0131,0.81
1958,3199,0.1613,0.5493,0.29,0.2776,0.1778,-0.1104,1.58,102.75,0.8,123246.0,0.0,0.0632,0.0496,-0.0006,-0.0588,1.0042,-0.0139,0.81
1959,3199,0.1658,0.548,0.2869,0.2503,0.1633,-0.1183,0.22,86.43,0.78,125632.0,0.0,0.0557,0.0458,-0.0007,-0.0512,0.9986,-0.0122,0.81
1960,3199,0.1692,0.5468,0.285,0.2588,0.1831,-0.1166,0.7,90.71,0.79,124043.0,0.0,0.0605,0.0457,-0.0008,-0.0536,1.0448,-0.0118,0.81
1961,3199,0.1694,0.5488,0.2828,0.2586,0.1951,-0.1128,1.88,107.23,0.77,127497.0,0.0,0.0639,0.0476,-0.0006,-0.0548,0.974,-0.0131,0.81
1962,3199,0.1717,0.5476,0.2818,0.2587,0.1888,-0.1137,0.04,88.13,0.75,131168.0,0.0,0.0606,0.0467,-0.0008,-0.0527,0.9366,-0.0145,0.81
1963,3199,0.172,0.5505,0.2788,0.2709,0.1824,-0.1132,1.41,111.58,0.76,128874.0,0.0,0.0636,0.0473,-0.0007,-0.0548,0.9491,-0.0147,0.81
1964,3199,0.175,0.5497,0.2769,0.2673,0.2036,-0.1123,2.35,105.17,0.75,131188.0,0.0,0.0679,0.0469,-0.0004,-0.0557,1.0016,-0.0141,0.81
1965,3199,0.1734,0.5479,0.2806,0.2791,0.1816,-0.1078,0.91,111.33,0.74,133004.0,0.0,0.0617,0.0498,-0.0007,-0.058,0.9658,-0.0106,0.81
1966,3199,0.1712,0.5449,0.2856,0.2597,0.166,-0.1171,0.54,92.49,0.78,126358.0,0.0,0.0549,0.0478,-0.0007,-0.0544,0.9902,-0.0132,0.81
1967,3199,0.1711,0.5528,0.2773,0.2703,0.1717,-0.1137,1.11,110.5,0.78,126460.0,0.0,0.0613,0.0487,-0.0006,-0.0558,1.0173,-0.0142,0.81
1968,3199,0.1712,0.5477,0.2823,0.2697,0.1844,-0.1107,1.02,93.58,0.77,127737.0,0.0,0.0633,0.0484,-0.0006,-0.0543,1.0663,-0.0142,0.81
1969,3199,0.172,0.5521,0.277,0.2422,0.2028,-0.1206,1.84,93.84,0.79,123953.0,0.0,0.0659,0.0413,-0.0005,-0.0489,1.0057,-0.0145,0.81
1970,3199,0.1762,0.5467,0.2781,0.2766,0.1923,-0.1099,-0.29,97.73,0.79,124011.0,0.0,0.0674,0.0484,-0.0007,-0.0549,1.0491,-0.0132,0.81
1971,3199,0.1698,0.5526,0.2789,0.2518,0.1802,-0.1196,0.91,93.5,0.76,129409.0,0.0,0.0645,0.0442,-0.001,-0.0501,1.0097,-0.0128,0.81
1972,3199,0.169,0.556,0.2758,0.253,0.1759,-0.119,1.16,98.35,0.82,119629.0,0.0,0.062,0.0453,-0.0008,-0.0523,1.087,-0.0146,0.81
1973,3199,0.1675,0.5585,0.2745,0.2503,0.1532,-0.1211,0.51,98.25,0.77,127498.0,0.0,0.0547,0.0462,-0.0005,-0.0512,1.0608,-0.015,0.81
1974,3199,0.1679,0.5569,0.2755,0.26,0.1885,-0.1123,0.79,101.96,0.76,128893.0,0.0,0.0637,0.047,-0.0007,-0.0534,0.9681,-0.015,0.81
1975,3199,0.1647,0.561,0.2746,0.2662,0.1648,-0.1175,0.56,107.3,0.76,129753.0,0.0,0.061,0.0469,-0.0007,-0.054,1.0867,-0.0141,0.81
1976,3199,0.1646,0.564,0.272,0.2615,0.1887,-0.1167,0.41,86.75,0.78,125263.0,0.0,0.0644,0.046,-0.0005,-0.0526,1.0434,-0.0142,0.81
1977,3199,0.1653,0.5631,0.2721,0.2574,0.1815,-0.1143,0.77,101.96,0.78,125977.0,0.0,0.0619,0.0476,-0.0008,-0.0521,1.0411,-0.012,0.81
1978,3199,0.1693,0.562,0.2692,0.2632,0.176,-0.1149,-0.23,94.56,0.77,127246.0,0.0,0.0594,0.048,-0.0007,-0.0537,1.0402,-0.015,0.81
1979,3199,0.1662,0.5616,0.2727,0.2577,0.1953,-0.115,0.39,85.22,0.75,130297.0,0.0,0.0642,0.0458,-0.0006,-0.0526,0.969,-0.0145,0.81
1980,3199,0.1702,0.5557,0.2746,0.2899,0.2045,-0.1077,1.59,115.42,0.77,127407.0,0.0,0.0716,0.0504,-0.0007,-0.0596,0.9993,-0.0139,0.81
1981,3199,0.1715,0.5538,0.2752,0.2692,0.1981,-0.1135,0.93,109.94,0.74,133014.0,0.0,0.0691,0.0462,-0.0008,-0.0545,0.9893,-0.0134,0.81
1982,3199,0.1743,0.5485,0.2775,0.2857,0.2108,-0.1022,1.27,111.62,0.74,132867.0,0.0,0.0702,0.0516,-0.0007,-0.055,0.9042,-0.0146,0.81
1983,3199,0.1713,0.5455,0.2835,0.2749,0.1706,-0.1099,2.14,115.35,0.74,133448.0,0.0,0.0623,0.0502,-0.001,-0.0566,0.9157,-0.0129,0.81
1984,3199,0.1728,0.5488,0.2786,0.2537,0.1783,-0.1163,0.28,89.48,0.75,130968.0,0.0,0.0622,0.0455,-0.0006,-0.0518,1.0067,-0.0136,0.81
1985,3199,0.1741,0.5498,0.2762,0.2688,0.1962,-0.1119,0.12,111.86,0.74,133118.0,0.0,0.0705,0.0473,-0.0011,-0.0517,0.9234,-0.0143,0.81
1986,3199,0.1726,0.5484,0.2792,0.2672,0.1737,-0.1113,1.25,104.21,0.74,132121.0,0.0,0.0613,0.0505,-0.0007,-0.055,1.0423,-0.0133,0.81
1987,3199,0.1708,0.5503,0.2794,0.2598,0.1774,-0.115,1.69,105.91,0.74,133517.0,0.0,0.0599,0.0449,-0.0005,-0.0499,1.0155,-0.0146,0.81
1988,3199,0.1719,0.5481,0.2805,0.2644,0.1716,-0.1157,0.69,100.51,0.77,128022.0,0.0,0.061,0.0468,-0.0006,-0.0538,0.9859,-0.0153,0.81
1989,3199,0.1701,0.5504,0.2801,0.2575,0.1674,-0.1145,1.13,102.65,0.81,121808.0,0.0,0.0562,0.0489,-0.0006,-0.0523,0.9561,-0.0148,0.81
1990,3199,0.1706,0.5514,0.2785,0.2582,0.1833,-0.1155,1.13,109.88,0.8,123210.0,0.0,0.0609,0.0466,-0.0009,-0.0494,0.9877,-0.0146,0.81
1991,3199,0.1709,0.553,0.2767,0.2689,0.1874,-0.1162,0.5,96.23,0.8,122970.0,0.0,0.0657,0.0468,-0.001,-0.0539,0.9353,-0.0138,0.81
1992,3199,0.1685,0.5558,0.2765,0.2644,0.1812,-0.115,0.43,105.27,0.78,125320.0,0.0,0.0625,0.0478,-0.001,-0.0542,1.0787,-0.0149,0.81
1993,3199,0.1766,0.5518,0.2724,0.2684,0.205,-0.1116,1.06,85.69,0.74,132509.0,0.0,0.0718,0.046,-0.0005,-0.0534,0.9687,-0.0136,0.81
1994,3199,0.1765,0.5543,0.2699,0.2605,0.1801,-0.118,0.41,94.12,0.78,125555.0,0.0,0.0588,0.0441,-0.0005,-0.0515,1.0214,-0.0146,0.81
1995,3199,0.1757,0.5571,0.2679,0.2673,0.1905,-0.1116,1.1,107.69,0.75,130805.0,0.0,0.0624,0.0478,-0.0005,-0.0539,1.0925,-0.011,0.81
1996,3199,0.1754,0.5599,0.2652,0.2594,0.1727,-0.1163,0.57,103.66,0.75,130882.0,0.0,0.0589,0.0454,-0.0006,-0.0506,1.0382,-0.0137,0.81
1997,3199,0.1749,0.558,0.2673,0.2755,0.1767,-0.1142,1.82,116.43,0.74,133032.0,0.0,0.0628,0.0488,-0.0005,-0.0567,1.0436,-0.0145,0.81
1998,3199,0.1727,0.5628,0.2649,0.2422,0.1654,-0.1232,0.47,109.01,0.74,132007.0,0.0,0.0579,0.0432,-0.001,-0.0492,1.0728,-0.0146,0.81
1999,3199,0.1671,0.5661,0.2671,0.2479,0.147,-0.1209,0.17,82.72,0.74,133295.0,0.0,0.0526,0.0458,-0.0006,-0.0511,1.0674,-0.0131,0.81
2000,3199,0.1646,0.5697,0.266,0.2653,0.1811,-0.1164,1.55,115.17,0.74,132796.0,0.0,0.0634,0.0471,-0.0005,-0.0542,0.9947,-0.0136,0.81
2001,3199,0.1686,0.5608,0.2709,0.2688,0.1876,-0.1148,-0.03,87.51,0.78,126452.0,0.0,0.0654,0.0476,-0.0009,-0.0554,1.0139,-0.0149,0.81
2002,3199,0.1652,0.5595,0.2756,0.2674,0.1779,-0.1144,0.57,99.77,0.79,124553.0,0.0,0.063,0.0465,-0.0006,-0.0532,1.0022,-0.0139,0.81
2003,3199,0.1689,0.5533,0.2783,0.265,0.1682,-0.1164,0.34,83.42,0.78,126350.0,0.0,0.0568,0.0468,-0.0007,-0.0541,0.9526,-0.0135,0.81
2004,3199,0.171,0.5524,0.2774,0.2603,0.1768,-0.1155,0.11,101.12,0.8,123315.0,0.0,0.0615,0.0456,-0.0007,-0.0516,0.9656,-0.014,0.81
2005,3199,0.171,0.5492,0.2808,0.2866,0.1676,-0.1124,0.39,91.79,0.77,127842.0,0.0,0.0635,0.05,-0.0009,-0.0566,1.162,-0.0122,0.81
2006,3199,0.1711,0.5503,0.2796,0.2668,0.1653,-0.1169,0.71,102.22,0.76,128574.0,0.0,0.0581,0.0475,-0.0008,-0.0526,1.0758,-0.0136,0.81
2007,3199,0.1688,0.5525,0.2796,0.2566,0.1627,-0.1204,0.41,110.67,0.74,132523.0,0.0,0.057,0.0459,-0.0006,-0.0512,0.9337,-0.0137,0.81
2008,3199,0.1704,0.5486,0.2821,0.2886,0.1683,-0.1107,1.1,118.94,0.74,132964.0,0.0,0.0641,0.05,-0.0005,-0.0578,0.9409,-0.0149,0.81
2009,3199,0.1748,0.5428,0.2837,0.2567,0.1845,-0.1183,0.93,92.64,0.75,130968.0,0.0,0.0613,0.0448,-0.0007,-0.0512,1.0547,-0.0127,0.81
2010,3199,0.1778,0.5408,0.2824,0.2661,0.1878,-0.1156,0.77,90.22,0.77,126847.0,0.0,0.0668,0.0464,-0.0006,-0.054,1.0215,-0.0127,0.81
2011,3199,0.1734,0.5431,0.2844,0.2607,0.1576,-0.1181,0.77,106.96,0.79,124553.0,0.0,0.0558,0.0466,-0.0006,-0.0515,1.0252,-0.0145,0.81
2012,3199,0.1695,0.5518,0.2794,0.2476,0.1845,-0.1188,0.48,96.22,0.76,129129.0,0.0,0.0597,0.0445,-0.0007,-0.0492,1.0569,-0.0133,0.81
2013,3199,0.1679,0.5547,0.2781,0.284,0.1907,-0.1094,1.88,110.03,0.79,124521.0,0.0,0.0685,0.0487,-0.0007,-0.0563,1.008,-0.0135,0.81
2014,3199,0.1657,0.5551,0.2799,0.2749,0.1695,-0.1141,1.7,110.71,0.74,133566.0,0.0,0.0631,0.0468,-0.0006,-0.0542,0.962,-0.0138,0.81
2015,3199,0.165,0.5558,0.2799,0.2621,0.1939,-0.1158,1.94,85.84,0.75,131902.0,0.0,0.0685,0.0447,-0.0008,-0.0517,1.0039,-0.0127,0.81
2016,3199,0.1683,0.5608,0.2718,0.2581,0.1798,-0.1151,1.11,104.18,0.73,133920.0,0.0,0.0611,0.0465,-0.0007,-0.0507,0.9931,-0.0116,0.81
2017,3199,0.1717,0.5583,0.2709,0.2651,0.1685,-0.1151,1.08,96.68,0.76,129259.0,0.0,0.0613,0.0469,-0.0008,-0.0524,1.0653,-0.0142,0.81
2018,3199,0.1735,0.5527,0.2745,0.2763,0.1803,-0.1116,0.4,96.81,0.76,129478.0,0.0,0.0668,0.0488,-0.0006,-0.0531,1.0408,-0.0152,0.81
2019,3199,0.1739,0.5465,0.2799,0.2775,0.1914,-0.1086,1.2,96.71,0.74,133307.0,0.0,0.0688,0.0486,-0.0008,-0.0539,1.0457,-0.0136,0.81
2020,3199,0.1763,0.542,0.2819,0.2734,0.1647,-0.1153,1.06,112.23,0.74,133220.0,0.0,0.0609,0.0478,-0.0008,-0.0551,1.0389,-0.0143,0.81
2021,3199,0.1759,0.5467,0.2776,0.263,0.1824,-0.1173,0.16,91.05,0.74,132265.0,0.0,0.0657,0.0452,-0.0005,-0.0519,0.9761,-0.0146,0.81
2022,3199,0.1779,0.5424,0.28,0.2711,0.1619,-0.1118,0.8,115.24,0.75,131379.0,0.0,0.0572,0.0488,-0.0005,-0.0524,0.989,-0.0135,0.81
2023,3199,0.1786,0.5388,0.2827,0.2485,0.1742,-0.1186,0.35,100.43,0.76,129017.0,0.0,0.0594,0.0433,-0.0006,-0.0476,1.021,-0.0118,0.81
2024,3199,0.1847,0.5435,0.2719,0.2586,0.1902,-0.1173,1.25,104.99,0.81,121008.0,0.0,0.0658,0.0444,-0.0006,-0.0509,0.9996,-0.0142,0.81
2025,3199,0.1857,0.5445,0.2699,0.2665,0.1789,-0.1153,0.44,102.71,0.77,127264.0,0.0,0.0616,0.0478,-0.0005,-0.0543,0.9852,-0.0139,0.81
2026,3199,0.1819,0.5455,0.2727,0.2757,0.1757,-0.1149,0.11,94.48,0.77,128113.0,0.0,0.0664,0.0471,-0.0005,-0.0542,1.4435,-0.0103,0.81
2027,3199,0.175,0.5518,0.2732,0.2673,0.1771,-0.1163,0.62,102.24,0.81,122022.0,0.0,0.0592,0.0474,-0.0006,-0.0527,1.0624,-0.0141,0.81
2028,3199,0.1707,0.5589,0.2706,0.2755,0.152,-0.1143,1.72,120.67,0.8,122243.0,0.0,0.0563,0.0481,-0.0004,-0.0567,1.0499,-0.0134,0.82
2029,3199,0.1672,0.564,0.269,0.2564,0.1655,-0.12,0.36,92.19,0.77,127330.0,0.0,0.0615,0.044,-0.0006,-0.0497,0.9969,-0.0144,0.81
2030,3199,0.167,0.5624,0.2709,0.2784,0.199,-0.1109,0.71,91.53,0.77,128297.0,0.0,0.0696,0.0492,-0.0007,-0.0565,1.0382,-0.0144,0.81
2031,3199,0.17,0.562,0.268,0.2698,0.1792,-0.116,-0.05,84.48,0.77,127450.0,0.0,0.0644,0.0475,-0.0005,-0.0545,1.031,-0.0146,0.82
2032,3199,0.1692,0.5655,0.2655,0.2588,0.1777,-0.1168,0.38,87.12,0.78,126156.0,0.0,0.0647,0.0449,-0.0008,-0.0515,0.9593,-0.0142,0.82
2033,3199,0.1689,0.5655,0.2656,0.2672,0.173,-0.1162,0.16,89.5,0.78,126150.0,0.0,0.0639,0.0472,-0.0009,-0.0538,0.9155,-0.0144,0.81
2034,3199,0.1679,0.5637,0.2684,0.2736,0.1912,-0.1121,2.4,109.74,0.76,128919.0,0.0,0.0658,0.0485,-0.0008,-0.0539,0.9777,-0.0151,0.81
2035,3199,0.1676,0.5633,0.2693,0.2666,0.1604,-0.1186,0.27,106.82,0.76,129783.0,0.0,0.0614,0.0474,-0.0005,-0.0534,1.0312,-0.0131,0.82
2036,3199,0.1684,0.5619,0.27,0.2735,0.1679,-0.1132,1.56,101.72,0.77,128167.0,0.0,0.0611,0.0469,-0.0008,-0.0525,0.8808,-0.0143,0.81
2037,3199,0.1679,0.5591,0.2733,0.2802,0.1711,-0.1122,0.72,122.16,0.76,129926.0,0.0,0.0653,0.0494,-0.0009,-0.0552,0.9937,-0.0149,0.81
2038,3199,0.1648,0.555,0.2805,0.2785,0.1817,-0.1103,0.36,89.99,0.78,125440.0,0.0,0.0625,0.049,-0.0008,-0.0556,1.0504,-0.014,0.81
2039,3199,0.1667,0.5485,0.2851,0.2757,0.1645,-0.1141,-0.44,81.92,0.77,128496.0,0.0,0.057,0.0504,-0.0006,-0.0563,0.9341,-0.0136,0.81
2040,3199,0.1674,0.5473,0.2856,0.2811,0.1799,-0.1118,0.56,106.32,0.76,128704.0,0.0,0.0653,0.0492,-0.0008,-0.0551,0.9325,-0.0143,0.81
2041,3199,0.1637,0.5476,0.2889,0.2737,0.1681,-0.114,0.77,108.39,0.78,125357.0,0.0,0.0622,0.0468,-0.0008,-0.053,0.9542,-0.0124,0.81
2042,3199,0.1664,0.5412,0.2926,0.2768,0.1805,-0.115,0.59,80.93,0.78,125428.0,0.0,0.0691,0.0464,-0.0008,-0.0521,0.9711,-0.014,0.81
2043,3199,0.1689,0.5453,0.286,0.2687,0.2014,-0.1155,0.65,99.99,0.84,117642.0,0.0,0.0715,0.0465,-0.0008,-0.0555,0.9759,-0.0145,0.81
2044,3199,0.1701,0.5423,0.288,0.2769,0.1801,-0.1135,0.82,86.89,0.79,123801.0,0.0,0.0648,0.0481,-0.0009,-0.0551,1.1003,-0.0137,0.81
2045,3199,0.1678,0.5454,0.2869,0.272,0.1712,-0.1163,0.83,94.16,0.82,120158.0,0.0,0.0624,0.0477,-0.0008,-0.0537,1.0206,-0.0104,0.81
2046,3199,0.1712,0.5445,0.2845,0.2561,0.1979,-0.1152,1.97,97.32,0.82,119396.0,0.0,0.0672,0.0448,-0.0006,-0.0508,0.9731,-0.0114,0.81
2047,3199,0.1743,0.5405,0.2856,0.2812,0.1792,-0.1157,0.71,102.8,0.77,128336.0,0.0,0.0686,0.0489,-0.0007,-0.0572,0.9635,-0.0139,0.81
2048,3199,0.1734,0.5454,0.2819,0.2657,0.1854,-0.116,2.26,107.57,0.77,127189.0,0.0,0.0674,0.0472,-0.0006,-0.0555,0.9386,-0.0139,0.81
2049,3199,0.1753,0.5507,0.2744,0.2689,0.1823,-0.1162,0.37,86.1,0.8,122816.0,0.0,0.0646,0.0461,-0.0007,-0.0555,1.1098,-0.0116,0.81
2050,3199,0.1744,0.5488,0.2773,0.2983,0.1987,-0.103,2.6,115.62,0.78,126160.0,0.0,0.0691,0.0532,-0.0004,-0.06,0.9556,-0.0128,0.81
2051,3199,0.1793,0.5451,0.2761,0.2783,0.1915,-0.1111,1.2,87.33,0.79,125054.0,0.0,0.0655,0.049,-0.0007,-0.0568,1.2172,-0.0125,0.81
2052,3199,0.1762,0.549,0.2753,0.2743,0.1853,-0.1118,1.34,107.85,0.75,130676.0,0.0,0.0642,0.0469,-0.0009,-0.0554,0.9516,-0.0146,0.81
2053,3199,0.1769,0.5443,0.2793,0.2868,0.2065,-0.1067,0.77,109.32,0.77,128355.0,0.0,0.0739,0.0496,-0.0006,-0.0579,1.12,-0.0145,0.81
2054,3199,0.1788,0.5434,0.2782,0.2756,0.2035,-0.1122,2.79,108.97,0.78,126219.0,0.0,0.0706,0.0475,-0.0009,-0.0566,1.0189,-0.012,0.81
2055,3199,0.1811,0.5474,0.272,0.2595,0.1927,-0.1157,0.62,87.02,0.75,130622.0,0.0,0.0641,0.0466,-0.0007,-0.0532,1.0636,-0.0133,0.81
2056,3199,0.1759,0.5514,0.2734,0.2718,0.1673,-0.1134,-0.38,93.84,0.75,131918.0,0.0,0.0599,0.0467,-0.0007,-0.0539,1.2532,-0.0105,0.81
2057,3199,0.1774,0.5476,0.2756,0.2595,0.1975,-0.114,0.41,86.77,0.81,121295.0,0.0,0.0663,0.0448,-0.0006,-0.0512,0.9908,-0.0116,0.81
2058,3199,0.1758,0.5414,0.2832,0.2838,0.1816,-0.1094,1.77,85.8,0.76,129188.0,0.0,0.0651,0.0509,-0.0009,-0.0571,1.0397,-0.0137,0.81
2059,3199,0.1771,0.5386,0.2849,0.2665,0.1784,-0.1164,0.7,88.76,0.74,132196.0,0.0,0.0639,0.0467,-0.0007,-0.0548,0.9727,-0.0147,0.81
2060,3199,0.1786,0.5423,0.2794,0.2649,0.1871,-0.1134,0.84,93.64,0.74,133038.0,0.0,0.0652,0.0475,-0.0008,-0.054,1.0249,-0.0103,0.81
2061,3199,0.1802,0.5449,0.275,0.2647,0.1986,-0.1132,0.52,104.03,0.74,133188.0,0.0,0.0646,0.0475,-0.0007,-0.0532,1.0182,-0.0099,0.81
2062,3199,0.1792,0.5432,0.2776,0.2869,0.1828,-0.1086,1.23,94.57,0.74,131994.0,0.0,0.0658,0.0496,-0.0007,-0.0561,1.0171,-0.0133,0.81
2063,3199,0.1818,0.5464,0.272,0.2728,0.2049,-0.1128,0.64,84.58,0.75,131128.0,0.0,0.0707,0.0484,-0.0007,-0.0556,0.9961,-0.0138,0.81
2064,3199,0.184,0.544,0.272,0.2767,0.1865,-0.1124,0.3,102.75,0.75,131552.0,0.0,0.0637,0.0487,-0.0005,-0.0569,0.995,-0.0144,0.81
2065,3199,0.1847,0.545,0.2705,0.2817,0.2167,-0.1085,1.15,105.05,0.74,133170.0,0.0,0.0738,0.0489,-0.0007,-0.0576,1.0398,-0.0131,0.81
2066,3199,0.1836,0.5451,0.2715,0.286,0.1774,-0.111,0.66,98.98,0.74,132759.0,0.0,0.0627,0.0511,-0.0008,-0.0604,1.0125,-0.0144,0.81
2067,3199,0.1823,0.5439,0.274,0.2792,0.207,-0.1112,0.26,97.7,0.74,132687.0,0.0,0.0734,0.048,-0.0006,-0.0549,1.0886,-0.0148,0.82
2068,3199,0.1812,0.5427,0.2764,0.2746,0.1762,-0.1137,0.64,97.36,0.75,131568.0,0.0,0.0607,0.0486,-0.0006,-0.0585,1.1379,-0.0137,0.81
2069,3199,0.1765,0.5467,0.2772,0.2659,0.1804,-0.1127,1.01,104.29,0.8,123023.0,0.0,0.0628,0.0474,-0.0009,-0.0562,0.9696,-0.0131,0.82
2070,3199,0.1735,0.5494,0.2778,0.2611,0.1608,-0.1168,0.66,94.33,0.75,131233.0,0.0,0.0558,0.0462,-0.0008,-0.0531,0.9941,-0.014,0.82
2071,3199,0.1727,0.553,0.2748,0.2594,0.1737,-0.1173,0.72,94.11,0.76,129205.0,0.0,0.0586,0.0465,-0.0007,-0.053,1.0637,-0.0129,0.82
2072,3199,0.1723,0.5524,0.2758,0.2638,0.1765,-0.1155,0.81,94.11,0.76,129969.0,0.0,0.063,0.047,-0.0008,-0.0527,1.0613,-0.0117,0.81
2073,3199,0.173,0.5548,0.2728,0.2731,0.1756,-0.1124,0.47,105.18,0.74,133100.0,0.0,0.0615,0.049,-0.001,-0.0548,0.9852,-0.0116,0.81
2074,3199,0.1742,0.5564,0.2701,0.2587,0.2024,-0.1161,0.57,91.34,0.77,127879.0,0.0,0.0667,0.0431,-0.0006,-0.0492,1.0346,-0.0138,0.81
2075,3199,0.1745,0.5555,0.2703,0.266,0.1888,-0.1128,0.82,101.18,0.78,125823.0,0.0,0.0649,0.0468,-0.0007,-0.0531,1.0195,-0.0139,0.81
2076,3199,0.1743,0.5498,0.2762,0.2902,0.1902,-0.1093,0.9,108.25,0.75,130659.0,0.0,0.0689,0.05,-0.0006,-0.0595,0.8905,-0.0144,0.81
2077,3199,0.1776,0.5454,0.2772,0.2938,0.202,-0.1039,0.43,95.62,0.84,117125.0,0.0,0.0693,0.0519,-0.0007,-0.0588,0.906,-0.0136,0.81
2078,3199,0.1789,0.5425,0.2789,0.2702,0.1758,-0.1113,-0.26,104.26,0.75,131357.0,0.0,0.0592,0.049,-0.0009,-0.0542,0.9252,-0.014,0.81
2079,3199,0.1793,0.5403,0.2809,0.2823,0.184,-0.1103,0.87,107.3,0.77,127006.0,0.0,0.0632,0.0486,-0.0005,-0.055,0.9906,-0.0133,0.81
2080,3199,0.1808,0.5453,0.2744,0.2646,0.168,-0.1188,2.32,106.23,0.8,123075.0,0.0,0.0602,0.0462,-0.0008,-0.0532,0.9878,-0.0138,0.81
2081,3199,0.178,0.5462,0.2767,0.2654,0.1736,-0.1149,0.63,86.43,0.78,126468.0,0.0,0.0577,0.0486,-0.0012,-0.053,1.0818,-0.0125,0.81
2082,3199,0.1795,0.5474,0.2739,0.26,0.2023,-0.1164,0.22,87.6,0.79,123977.0,0.0,0.0669,0.0448,-0.0008,-0.0528,0.9734,-0.013,0.81
2083,3199,0.1784,0.5475,0.2746,0.2837,0.1848,-0.1098,1.35,108.19,0.78,126773.0,0.0,0.0644,0.0499,-0.0006,-0.0569,0.9427,-0.0148,0.81
2084,3199,0.174,0.5531,0.2732,0.2652,0.1774,-0.113,0.84,103.9,0.75,130999.0,0.0,0.0622,0.0475,-0.0007,-0.0526,1.0163,-0.0153,0.81
2085,3199,0.1731,0.5501,0.2771,0.2835,0.2087,-0.1104,2.01,103.95,0.77,127120.0,0.0,0.074,0.0489,-0.0007,-0.0567,1.0628,-0.0142,0.81
2086,3199,0.1745,0.5515,0.2744,0.2689,0.1908,-0.1136,0.67,98.91,0.74,133506.0,0.0,0.0673,0.0464,-0.0005,-0.0521,1.0918,-0.0143,0.82
2087,3199,0.1756,0.5553,0.2697,0.252,0.1924,-0.1191,1.3,109.32,0.75,131754.0,0.0,0.0668,0.0448,-0.001,-0.0525,0.949,-0.0134,0.82
2088,3199,0.1755,0.5534,0.2716,0.2739,0.1977,-0.1112,0.91,88.23,0.77,127738.0,0.0,0.0695,0.0487,-0.0007,-0.0561,1.1735,-0.0106,0.82
2089,3199,0.1782,0.5581,0.2637,0.2516,0.1953,-0.1178,0.76,88.57,0.77,128046.0,0.0,0.0633,0.0439,-0.0012,-0.0499,0.9367,-0.0108,0.82
2090,3199,0.1832,0.5558,0.2611,0.273,0.1985,-0.1126,0.88,91.08,0.78,126492.0,0.0,0.0689,0.0466,-0.0009,-0.0542,1.0665,-0.012,0.82
2091,3199,0.1901,0.5449,0.2651,0.2756,0.2095,-0.1113,-0.27,86.46,0.76,129011.0,0.0,0.0696,0.0487,-0.0007,-0.0541,1.0952,-0.0134,0.82
2092,3199,0.1882,0.5471,0.2647,0.2662,0.1913,-0.1158,1.76,101.77,0.75,131698.0,0.0,0.0648,0.0468,-0.0007,-0.0527,0.9787,-0.0142,0.82
2093,3199,0.1879,0.5462,0.2661,0.2792,0.1839,-0.1105,0.73,108.22,0.74,132070.0,0.0,0.063,0.049,-0.0006,-0.0552,1.0267,-0.0134,0.82
2094,3199,0.1907,0.5448,0.2645,0.2782,0.2083,-0.1102,1.33,103.96,0.74,132713.0,0.0,0.0702,0.0492,-0.0008,-0.0575,1.0655,-0.0138,0.82
2095,3199,0.192,0.5459,0.2621,0.2712,0.1845,-0.1156,0.41,80.14,0.74,133682.0,0.0,0.0629,0.0468,-0.0008,-0.0537,1.0589,-0.0142,0.82
2096,3199,0.191,0.5472,0.2618,0.2734,0.1996,-0.1131,1.42,110.63,0.75,131507.0,0.0,0.0682,0.046,-0.0005,-0.0538,1.0073,-0.0135,0.82
2097,3199,0.1904,0.544,0.2656,0.27,0.2047,-0.1096,1.63,104.79,0.73,133791.0,0.0,0.0665,0.0484,-0.0005,-0.0534,0.9801,-0.0146,0.82
2098,3199,0.1885,0.5424,0.2693,0.2815,0.191,-0.1096,0.38,99.91,0.76,129351.0,0.0,0.0672,0.0506,-0.0007,-0.0565,0.9943,-0.0145,0.82
2099,3199,0.1837,0.5456,0.2709,0.2842,0.2163,-0.1101,0.47,88.42,0.78,125506.0,0.0,0.0739,0.0486,-0.0013,-0.0569,0.9837,-0.0138,0.82
2100,3199,0.1845,0.5454,0.2706,0.2747,0.2002,-0.1103,1.17,99.6,0.74,132170.0,0.0,0.0676,0.049,-0.0006,-0.0547,0.948,-0.0147,0.82
2101,3199,0.1845,0.5439,0.2719,0.2834,0.2047,-0.1084,0.86,102.0,0.74,133683.0,0.0,0.0678,0.0493,-0.0007,-0.0565,0.967,-0.0134,0.82
2102,3199,0.1858,0.5394,0.275,0.2818,0.1934,-0.1075,2.9,123.1,0.74,132173.0,0.0,0.0657,0.05,-0.0004,-0.0549,0.9969,-0.0137,0.82
2103,3199,0.183,0.5408,0.2764,0.2751,0.1808,-0.1123,3.16,126.55,0.74,133001.0,0.0,0.0603,0.0489,-0.0008,-0.0576,1.0076,-0.0142,0.82
2104,3199,0.184,0.5374,0.2788,0.2707,0.1892,-0.1134,1.03,113.93,0.74,133326.0,0.0,0.0642,0.0471,-0.0008,-0.054,1.0579,-0.0147,0.82
2105,3199,0.1836,0.5354,0.2815,0.2709,0.1976,-0.1145,1.73,101.08,0.76,130163.0,0.0,0.0675,0.0479,-0.0006,-0.0531,1.0152,-0.013,0.82
2106,3199,0.1862,0.5328,0.2815,0.2916,0.1977,-0.1054,1.56,114.3,0.76,129127.0,0.0,0.0668,0.0517,-0.0007,-0.0586,1.0315,-0.0126,0.82
2107,3199,0.1832,0.5342,0.2829,0.2638,0.1936,-0.1169,0.67,86.35,0.77,126844.0,0.0,0.0644,0.0457,-0.0009,-0.0513,1.0283,-0.0144,0.82
2108,3199,0.1838,0.5377,0.2788,0.2736,0.1859,-0.1134,1.68,117.83,0.75,131035.0,0.0,0.0683,0.0473,-0.0009,-0.0543,0.9595,-0.0108,0.82
2109,3199,0.1864,0.5352,0.2786,0.2782,0.2006,-0.1116,1.41,103.97,0.76,128980.0,0.0,0.0702,0.0483,-0.0006,-0.0545,0.9806,-0.0131,0.82
2110,3199,0.1807,0.5351,0.2844,0.2768,0.1729,-0.1097,1.59,119.33,0.8,122642.0,0.0,0.0624,0.052,-0.0005,-0.058,0.9446,-0.0145,0.82
2111,3199,0.1823,0.5312,0.2866,0.274,0.1787,-0.1165,-1.02,84.2,0.78,126322.0,0.0,0.0674,0.0488,-0.0006,-0.0543,1.0247,-0.0136,0.82
2112,3199,0.181,0.532,0.287,0.2695,0.1893,-0.1152,1.27,98.42,0.76,129977.0,0.0,0.0668,0.0485,-0.0006,-0.0546,1.3176,-0.0116,0.82
2113,3199,0.1836,0.5327,0.2837,0.2802,0.1819,-0.1136,1.49,92.63,0.79,124220.0,0.0,0.069,0.049,-0.0006,-0.0552,0.9415,-0.0154,0.82
2114,3199,0.183,0.5368,0.2802,0.273,0.1818,-0.1139,0.25,97.77,0.8,123439.0,0.0,0.0641,0.0481,-0.0007,-0.0541,0.9833,-0.0153,0.82
2115,3199,0.1824,0.5404,0.2773,0.2669,0.1421,-0.1189,0.1,83.23,0.78,126383.0,0.0,0.0536,0.05,-0.0007,-0.0567,1.0066,-0.0093,0.82
2116,3199,0.1793,0.5392,0.2816,0.2783,0.2009,-0.109,1.08,108.07,0.76,129967.0,0.0,0.0678,0.0498,-0.0006,-0.0556,1.0708,-0.0106,0.82
2117,3199,0.1782,0.5436,0.2784,0.2692,0.1782,-0.1169,0.95,93.83,0.8,123228.0,0.0,0.0622,0.0474,-0.0007,-0.055,1.0285,-0.0125,0.82
2118,3199,0.1784,0.544,0.2776,0.2774,0.1802,-0.1124,0.45,102.64,0.77,127692.0,0.0,0.0636,0.0497,-0.0008,-0.0561,1.0073,-0.0135,0.82
2119,3199,0.1775,0.5434,0.279,0.2825,0.1888,-0.1113,1.06,100.64,0.76,129289.0,0.0,0.0678,0.0484,-0.0007,-0.0576,0.9954,-0.0145,0.82
2120,3199,0.1786,0.5512,0.2702,0.2616,0.1813,-0.1178,1.52,109.92,0.76,128827.0,0.0,0.0631,0.0473,-0.0011,-0.0523,1.0225,-0.011,0.82
2121,3199,0.1782,0.5465,0.2752,0.2673,0.1639,-0.1156,0.08,97.85,0.75,131569.0,0.0,0.0597,0.0482,-0.0007,-0.0533,1.0471,-0.012,0.82
2122,3199,0.1788,0.5394,0.282,0.2929,0.1962,-0.1071,0.41,89.28,0.74,132563.0,0.0,0.0694,0.0503,-0.0011,-0.0597,0.9388,-0.0153,0.82
2123,3199,0.1751,0.5444,0.2807,0.249,0.183,-0.1206,1.14,89.36,0.74,132666.0,0.0,0.0609,0.0444,-0.0013,-0.0472,0.9597,-0.0148,0.82
2124,3199,0.1731,0.546,0.2809,0.2738,0.1919,-0.1102,0.43,103.93,0.75,131870.0,0.0,0.0648,0.0479,-0.0009,-0.0533,1.0275,-0.0149,0.82
2125,3199,0.1759,0.5467,0.2774,0.2702,0.1768,-0.1152,1.15,102.7,0.74,132309.0,0.0,0.0617,0.0477,-0.0012,-0.0535,0.98,-0.0145,0.82
2126,3199,0.1761,0.5513,0.2728,0.2598,0.1852,-0.1163,1.18,89.11,0.78,125664.0,0.0,0.0628,0.0459,-0.0006,-0.0515,1.0098,-0.0144,0.82
2127,3199,0.1773,0.5559,0.267,0.2548,0.1861,-0.1207,1.53,104.72,0.81,121811.0,0.0,0.0617,0.0453,-0.0006,-0.0535,1.0302,-0.0142,0.82
2128,3199,0.179,0.5547,0.2664,0.2782,0.1894,-0.1117,1.28,97.69,0.77,127595.0,0.0,0.0643,0.0496,-0.0006,-0.0571,1.0478,-0.0144,0.82
2129,3199,0.1795,0.5597,0.2611,0.267,0.1926,-0.1154,0.63,93.03,0.79,124223.0,0.0,0.0659,0.0473,-0.0007,-0.0553,1.0388,-0.0146,0.82
2130,3199,0.1798,0.5509,0.2695,0.2883,0.2045,-0.1078,0.71,93.2,0.78,126737.0,0.0,0.0726,0.0506,-0.0007,-0.0592,0.9924,-0.0118,0.82
2131,3199,0.1802,0.5517,0.2684,0.2769,0.1915,-0.1156,1.06,101.75,0.77,128465.0,0.0,0.0682,0.047,-0.0006,-0.0584,1.0256,-0.0146,0.82
2132,3199,0.1763,0.5538,0.2704,0.261,0.1864,-0.118,0.17,90.77,0.77,127337.0,0.0,0.0636,0.0459,-0.0008,-0.0539,1.0272,-0.0138,0.82
2133,3199,0.1719,0.5543,0.2743,0.2613,0.1814,-0.1154,0.38,104.5,0.77,127485.0,0.0,0.0621,0.0467,-0.0008,-0.0512,0.9326,-0.0146,0.82
2134,3199,0.1724,0.5471,0.281,0.2772,0.204,-0.1109,1.78,107.56,0.77,126899.0,0.0,0.0704,0.0482,-0.0011,-0.0561,0.9626,-0.0143,0.82
2135,3199,0.1738,0.543,0.2835,0.2896,0.1898,-0.1083,0.56,95.74,0.82,120530.0,0.0,0.0713,0.0492,-0.0007,-0.0563,1.0623,-0.0133,0.82
2136,3199,0.1786,0.5385,0.2832,0.2903,0.1966,-0.1102,0.47,97.64,0.76,128788.0,0.0,0.0716,0.0513,-0.0007,-0.0638,1.0393,-0.015,0.82
2137,3199,0.1801,0.5395,0.2806,0.2729,0.2031,-0.1135,0.77,87.95,0.74,132877.0,0.0,0.0719,0.0472,-0.0019,-0.0551,1.0594,-0.0143,0.82
2138,3199,0.1814,0.5421,0.2767,0.2729,0.219,-0.1107,1.32,93.42,0.75,131908.0,0.0,0.0739,0.0464,-0.001,-0.0549,1.1758,-0.0149,0.82
2139,3199,0.1801,0.5476,0.2724,0.2617,0.1796,-0.1192,0.77,92.07,0.74,132127.0,0.0,0.0634,0.0459,-0.0006,-0.0538,1.1389,-0.0133,0.82
2140,3199,0.1804,0.5539,0.2664,0.2705,0.1845,-0.1168,0.62,91.97,0.74,132907.0,0.0,0.0647,0.0465,-0.0008,-0.055,1.0733,-0.0139,0.82
2141,3199,0.187,0.5483,0.265,0.2839,0.1907,-0.1104,0.94,108.36,0.74,132752.0,0.0,0.0704,0.0501,-0.0006,-0.0582,1.0404,-0.0139,0.82
2142,3199,0.1845,0.548,0.2677,0.2605,0.173,-0.1196,1.98,100.87,0.75,130378.0,0.0,0.0608,0.0462,-0.0009,-0.0535,1.0417,-0.013,0.82
2143,3199,0.1869,0.5495,0.2638,0.2665,0.2045,-0.1161,0.53,101.34,0.77,128184.0,0.0,0.0699,0.0455,-0.0007,-0.0526,1.06,-0.0135,0.82
2144,3199,0.1877,0.5474,0.2651,0.268,0.213,-0.1123,0.69,103.17,0.77,126956.0,0.0,0.072,0.047,-0.0007,-0.0569,1.0156,-0.0148,0.82
2145,3199,0.192,0.5436,0.2646,0.2922,0.2021,-0.1089,0.88,115.69,0.78,126454.0,0.0,0.0731,0.0507,-0.0007,-0.0588,1.0274,-0.0155,0.82
2146,3199,0.1936,0.544,0.2626,0.2835,0.2193,-0.1119,1.16,85.51,0.77,127211.0,0.0,0.0783,0.0473,-0.0007,-0.0571,1.0903,-0.0116,0.82
2147,3199,0.1936,0.5479,0.2589,0.2794,0.2095,-0.1123,1.89,91.06,0.81,122115.0,0.0,0.0773,0.049,-0.0008,-0.0567,1.0584,-0.0132,0.82
2148,3199,0.1943,0.5521,0.2539,0.2841,0.2141,-0.1098,2.38,124.4,0.79,123661.0,0.0,0.0763,0.0492,-0.0008,-0.0579,0.9923,-0.0143,0.82
2149,3199,0.1907,0.5508,0.2589,0.2668,0.2012,-0.1133,0.6,105.13,0.82,119993.0,0.0,0.0693,0.0477,-0.0006,-0.0551,1.1235,-0.0149,0.82
2150,3199,0.1963,0.5447,0.2599,0.2776,0.1871,-0.1127,0.76,105.61,0.76,128927.0,0.0,0.0694,0.0481,-0.001,-0.0555,1.1354,-0.0136,0.82
2151,3199,0.1995,0.5446,0.2569,0.2599,0.2112,-0.1153,1.84,101.71,0.78,126095.0,0.0,0.0726,0.0449,-0.0007,-0.0519,0.9727,-0.0126,0.82
2152,3199,0.199,0.5415,0.2604,0.294,0.2252,-0.1048,2.42,108.16,0.74,132445.0,0.0,0.0793,0.0493,-0.0006,-0.0614,1.0086,-0.0129,0.82
2153,3199,0.2006,0.5398,0.2608,0.2724,0.2017,-0.1115,1.05,101.77,0.75,130263.0,0.0,0.0683,0.0499,-0.0007,-0.0584,1.0249,-0.0129,0.82
2154,3199,0.1978,0.545,0.2583,0.2679,0.2086,-0.1142,2.52,102.38,0.75,130861.0,0.0,0.0733,0.0456,-0.0009,-0.0531,1.0349,-0.0145,0.82
2155,3199,0.2034,0.5437,0.2539,0.2691,0.2159,-0.1153,0.9,87.77,0.75,130265.0,0.0,0.073,0.0456,-0.0008,-0.0538,1.1007,-0.0149,0.82
2156,3199,0.2021,0.5479,0.251,0.28,0.2198,-0.1097,2.1,116.24,0.78,125499.0,0.0,0.0756,0.0482,-0.0009,-0.058,1.0048,-0.0143,0.82
2157,3199,0.1987,0.5482,0.2539,0.2785,0.1948,-0.1126,1.59,106.77,0.78,125233.0,0.0,0.0689,0.0486,-0.0008,-0.0587,1.0322,-0.0152,0.82
2158,3199,0.2003,0.5445,0.256,0.2649,0.2068,-0.1146,0.8,102.22,0.75,130243.0,0.0,0.0721,0.0454,-0.0008,-0.0527,1.0399,-0.011,0.82
2159,3199,0.1995,0.548,0.2532,0.282,0.2176,-0.1104,1.05,95.19,0.76,129082.0,0.0,0.0778,0.0475,-0.0009,-0.058,0.9951,-0.0137,0.82
2160,3199,0.1966,0.5478,0.2558,0.2727,0.2037,-0.1119,1.29,112.49,0.78,125377.0,0.0,0.0712,0.0469,-0.0008,-0.0547,1.0501,-0.0135,0.82
2161,3199,0.1964,0.5462,0.2579,0.2838,0.2171,-0.1112,0.59,84.97,0.82,119908.0,0.0,0.0791,0.0469,-0.0006,-0.0567,1.0413,-0.0152,0.82
2162,3199,0.1971,0.5458,0.2577,0.2745,0.2063,-0.1124,2.48,100.78,0.8,123370.0,0.0,0.0709,0.048,-0.0008,-0.0558,1.1318,-0.0149,0.82
2163,3199,0.1978,0.5461,0.2567,0.2774,0.2013,-0.1128,1.17,102.0,0.83,118768.0,0.0,0.0721,0.0468,-0.0006,-0.0565,1.0448,-0.0153,0.82
2164,3199,0.1939,0.5461,0.261,0.2707,0.1945,-0.1117,1.49,103.82,0.77,127251.0,0.0,0.0656,0.0489,-0.0007,-0.0563,0.9584,-0.014,0.82
2165,3199,0.1901,0.5451,0.2657,0.2751,0.2202,-0.1092,0.72,88.35,0.79,124030.0,0.0,0.0721,0.0485,-0.0006,-0.055,1.0593,-0.0122,0.82
2166,3199,0.1916,0.5452,0.2643,0.2775,0.2107,-0.1105,1.47,102.28,0.75,130561.0,0.0,0.0745,0.047,-0.001,-0.0549,0.9943,-0.0143,0.82
2167,3199,0.1925,0.5428,0.2657,0.2805,0.1941,-0.1115,0.82,89.1,0.75,131607.0,0.0,0.0732,0.0491,-0.001,-0.0568,1.0964,-0.014,0.82
2168,3199,0.1906,0.5477,0.2627,0.2638,0.2136,-0.1139,1.39,98.3,0.75,131835.0,0.0,0.072,0.0449,-0.0009,-0.0525,1.1926,-0.0152,0.82
2169,3199,0.1887,0.553,0.2595,0.2621,0.2054,-0.1169,2.12,100.06,0.75,131246.0,0.0,0.0713,0.0459,-0.0008,-0.0519,1.0424,-0.0142,0.82
2170,3199,0.1891,0.5568,0.2555,0.2703,0.2048,-0.1146,1.63,99.87,0.75,131745.0,0.0,0.0725,0.0467,-0.0008,-0.0548,1.0548,-0.015,0.82
2171,3199,0.189,0.5586,0.2535,0.2651,0.187,-0.1153,1.13,99.46,0.74,133022.0,0.0,0.0637,0.047,-0.0007,-0.055,1.0919,-0.0128,0.82
2172,3199,0.1887,0.5599,0.2524,0.2605,0.1897,-0.1179,0.62,95.08,0.74,132868.0,0.0,0.0653,0.0462,-0.0006,-0.0543,1.0269,-0.0124,0.82
2173,3199,0.189,0.5597,0.2522,0.2608,0.1913,-0.1185,0.22,79.11,0.75,131872.0,0.0,0.0669,0.0467,-0.001,-0.0547,1.141,-0.0142,0.82
2174,3199,0.1855,0.5657,0.2494,0.2559,0.1799,-0.1204,2.44,110.39,0.75,131701.0,0.0,0.0645,0.0445,-0.001,-0.0511,1.1257,-0.013,0.82
2175,3199,0.179,0.5678,0.254,0.2576,0.1928,-0.1202,1.92,114.18,0.75,130398.0,0.0,0.067,0.0448,-0.0005,-0.0513,1.0278,-0.0146,0.82
2176,3199,0.1817,0.5598,0.2595,0.2736,0.201,-0.1118,0.34,108.74,0.78,126340.0,0.0,0.0656,0.0504,-0.0009,-0.0565,1.0111,-0.0146,0.82
2177,3199,0.1789,0.5596,0.2625,0.2689,0.1807,-0.1122,-0.02,96.62,0.78,126153.0,0.0,0.0628,0.0501,-0.0009,-0.056,0.9789,-0.0145,0.82
2178,3199,0.1789,0.5554,0.2668,0.2752,0.204,-0.1111,0.73,92.77,0.74,132212.0,0.0,0.0685,0.0491,-0.0007,-0.0561,1.038,-0.0146,0.82
2179,3199,0.1833,0.5482,0.2692,0.2856,0.2293,-0.1067,1.52,100.55,0.74,132350.0,0.0,0.0766,0.0494,-0.0008,-0.0572,1.1135,-0.0131,0.82
2180,3199,0.19,0.5413,0.2692,0.2811,0.2126,-0.1101,0.57,97.26,0.74,132187.0,0.0,0.0702,0.0493,-0.0006,-0.0563,1.03,-0.0141,0.82
2181,3199,0.1878,0.5428,0.2699,0.2677,0.2085,-0.1138,1.77,101.29,0.75,131820.0,0.0,0.0724,0.0466,-0.0008,-0.0526,1.0811,-0.0147,0.82
2182,3199,0.1905,0.5441,0.2659,0.2721,0.2094,-0.1121,1.28,110.87,0.74,132950.0,0.0,0.0683,0.0495,-0.0008,-0.0551,1.0325,-0.0145,0.82
2183,3199,0.1887,0.5469,0.2649,0.2731,0.1884,-0.1155,0.41,94.91,0.75,131883.0,0.0,0.0691,0.0463,-0.0006,-0.0548,1.0405,-0.0142,0.82
2184,3199,0.1874,0.5496,0.2635,0.2571,0.182,-0.1191,0.91,96.68,0.74,132880.0,0.0,0.0621,0.0464,-0.0005,-0.0528,1.1514,-0.0139,0.82
2185,3199,0.1911,0.5515,0.2584,0.2558,0.1964,-0.1176,1.01,86.91,0.76,129725.0,0.0,0.0656,0.0443,-0.0007,-0.0502,1.1085,-0.0146,0.82
2186,3199,0.1905,0.5498,0.2603,0.2769,0.2053,-0.1125,1.0,91.93,0.8,123360.0,0.0,0.0709,0.049,-0.0008,-0.0547,1.0881,-0.0113,0.82
2187,3199,0.1916,0.5508,0.2581,0.2689,0.1913,-0.1158,1.16,96.26,0.74,132537.0,0.0,0.0691,0.0473,-0.0011,-0.0559,1.0395,-0.0145,0.82
2188,3199,0.1946,0.5505,0.2551,0.2631,0.2086,-0.1127,1.95,110.76,0.82,119221.0,0.0,0.0699,0.0469,-0.0005,-0.0543,1.0327,-0.0118,0.82
2189,3199,0.1965,0.5397,0.264,0.2911,0.1781,-0.109,-0.05,99.58,0.76,129372.0,0.0,0.0636,0.0506,-0.0006,-0.0583,1.0327,-0.0139,0.82
2190,3199,0.191,0.549,0.2603,0.2613,0.1883,-0.116,1.18,98.23,0.75,131879.0,0.0,0.0645,0.0467,-0.0005,-0.0525,0.9796,-0.0143,0.82
2191,3199,0.1906,0.5475,0.2624,0.2612,0.1924,-0.1158,2.8,105.83,0.8,122507.0,0.0,0.0659,0.0467,-0.0006,-0.0524,1.064,-0.0143,0.82
2192,3199,0.1901,0.5482,0.2621,0.2639,0.1803,-0.1161,0.59,91.97,0.76,129839.0,0.0,0.0601,0.048,-0.0006,-0.0546,1.0518,-0.0138,0.82
2193,3199,0.1894,0.5499,0.2612,0.2758,0.2066,-0.1133,2.11,103.48,0.74,132722.0,0.0,0.0693,0.0473,-0.0007,-0.0565,1.0134,-0.0139,0.82
2194,3199,0.1928,0.5474,0.2603,0.2716,0.2219,-0.1137,1.44,97.52,0.75,131692.0,0.0,0.0715,0.0458,-0.0012,-0.0532,1.1438,-0.013,0.82
2195,3199,0.1889,0.5457,0.2656,0.2806,0.1954,-0.1118,0.5,96.19,0.76,129469.0,0.0,0.0698,0.0491,-0.0007,-0.0551,0.9944,-0.0149,0.82
2196,3199,0.1843,0.5408,0.2752,0.2874,0.1815,-0.1099,1.95,107.57,0.77,128307.0,0.0,0.0649,0.0525,-0.0012,-0.0583,1.0631,-0.0113,0.82
2197,3199,0.1844,0.5381,0.2778,0.2708,0.179,-0.1157,0.38,93.18,0.77,127284.0,0.0,0.0676,0.0476,-0.0009,-0.0539,1.0505,-0.0141,0.82
2198,3199,0.1863,0.5387,0.2755,0.2879,0.2005,-0.1091,0.19,114.59,0.77,128386.0,0.0,0.0713,0.052,-0.0009,-0.0588,1.0645,-0.0147,0.82
2199,3199,0.1844,0.5414,0.2747,0.267,0.1859,-0.1169,-0.22,97.97,0.81,121649.0,0.0,0.062,0.0467,-0.0007,-0.0529,1.0165,-0.0136,0.82
2200,3199,0.1888,0.5455,0.266,0.2642,0.2133,-0.1134,0.71,96.35,0.76,129704.0,0.0,0.0724,0.0458,-0.0008,-0.0522,1.08,-0.0151,0.82
2201,3199,0.1909,0.5494,0.2599,0.2768,0.1908,-0.1144,1.19,104.94,0.78,126133.0,0.0,0.0691,0.0483,-0.0009,-0.0521,1.0999,-0.0143,0.82
2202,3199,0.1913,0.5518,0.2572,0.278,0.209,-0.1148,1.86,93.23,0.81,121906.0,0.0,0.0755,0.0463,-0.001,-0.056,1.1378,-0.0133,0.82
2203,3199,0.1923,0.5497,0.2584,0.2752,0.1972,-0.1133,0.96,110.05,0.78,126036.0,0.0,0.0729,0.0477,-0.0015,-0.0555,1.1732,-0.0137,0.82
2204,3199,0.1887,0.5472,0.2643,0.275,0.2038,-0.1129,2.06,109.6,0.78,126080.0,0.0,0.0716,0.0488,-0.0007,-0.0559,1.076,-0.013,0.82
2205,3199,0.1885,0.5477,0.2641,0.2921,0.2183,-0.1074,2.34,93.45,0.8,122298.0,0.0,0.0739,0.051,-0.0007,-0.0585,1.0225,-0.015,0.82
2206,3199,0.1908,0.5447,0.265,0.2779,0.2267,-0.1092,1.81,87.03,0.78,126356.0,0.0,0.0765,0.0475,-0.0008,-0.056,1.119,-0.0158,0.82
2207,3199,0.1909,0.5463,0.2633,0.2859,0.209,-0.1132,2.04,110.01,0.79,125000.0,0.0,0.0751,0.049,-0.0007,-0.0582,1.1425,-0.0153,0.82
2208,3199,0.1938,0.543,0.2637,0.2809,0.2192,-0.1129,1.0,84.96,0.77,127069.0,0.0,0.0781,0.0469,-0.0008,-0.056,1.0086,-0.0148,0.82
2209,3199,0.1967,0.5429,0.2608,0.2719,0.2235,-0.1118,1.8,102.81,0.76,129326.0,0.0,0.0755,0.0475,-0.0012,-0.0544,1.2342,-0.0123,0.82
2210,3199,0.1975,0.5424,0.2603,0.2729,0.1933,-0.1132,1.43,104.18,0.77,126925.0,0.0,0.0652,0.0484,-0.0011,-0.0568,1.1108,-0.0134,0.82
2211,3199,0.201,0.5427,0.2565,0.2703,0.1957,-0.1175,0.79,102.95,0.76,129799.0,0.0,0.0707,0.046,-0.0006,-0.0528,1.0755,-0.015,0.82
2212,3199,0.2027,0.5417,0.256,0.2839,0.2131,-0.1105,0.46,105.97,0.74,132764.0,0.0,0.0706,0.0495,-0.0009,-0.059,1.0593,-0.0139,0.82
2213,3199,0.1969,0.5453,0.2581,0.2798,0.1901,-0.115,0.34,101.31,0.75,131896.0,0.0,0.0694,0.0489,-0.0009,-0.0579,1.0926,-0.0119,0.82
2214,3199,0.1963,0.5451,0.2588,0.2766,0.1795,-0.1127,1.26,104.9,0.74,132783.0,0.0,0.0644,0.0495,-0.0011,-0.0555,1.0249,-0.0146,0.82
2215,3199,0.1924,0.5443,0.2636,0.2723,0.1867,-0.1165,0.66,83.37,0.74,131968.0,0.0,0.068,0.0478,-0.0007,-0.0563,1.0693,-0.016,0.82
2216,3199,0.191,0.5437,0.2659,0.2965,0.1844,-0.1086,1.83,115.96,0.8,123154.0,0.0,0.0712,0.0519,-0.001,-0.0606,1.036,-0.0135,0.82
2217,3199,0.1871,0.5398,0.2735,0.2848,0.1934,-0.1129,0.5,81.92,0.78,126799.0,0.0,0.0699,0.0494,-0.001,-0.0589,0.9841,-0.0152,0.82
2218,3199,0.1833,0.5415,0.2758,0.2761,0.1873,-0.1138,0.74,86.24,0.76,129248.0,0.0,0.0695,0.0493,-0.0006,-0.0566,1.031,-0.0129,0.82
2219,3199,0.1808,0.5448,0.2753,0.2921,0.1829,-0.1134,0.34,87.47,0.77,126909.0,0.0,0.0703,0.0504,-0.0007,-0.0577,1.0645,-0.0139,0.82
2220,3199,0.1828,0.5406,0.2783,0.2971,0.1982,-0.1104,1.33,107.28,0.75,130832.0,0.0,0.0742,0.0513,-0.0008,-0.0593,1.0462,-0.0148,0.82
2221,3199,0.1834,0.539,0.2794,0.2691,0.1852,-0.1179,1.21,92.5,0.75,131309.0,0.0,0.0637,0.0473,-0.0005,-0.0545,1.1498,-0.0155,0.82
2222,3199,0.181,0.54,0.2805,0.2684,0.1848,-0.1153,1.44,100.85,0.79,124820.0,0.0,0.0663,0.0476,-0.0011,-0.0532,1.1352,-0.0155,0.82
2223,3199,0.1812,0.5472,0.273,0.2825,0.1998,-0.1144,0.8,104.88,0.75,131635.0,0.0,0.0735,0.0477,-0.0007,-0.0562,1.114,-0.0152,0.82
2224,3199,0.1783,0.5514,0.2714,0.286,0.1918,-0.1114,1.03,93.97,0.74,132385.0,0.0,0.0744,0.0518,-0.0011,-0.0584,1.1283,-0.0154,0.82
2225,3199,0.1773,0.5552,0.2684,0.2813,0.1936,-0.1137,2.19,100.58,0.8,123498.0,0.0,0.0689,0.0483,-0.0008,-0.056,1.016,-0.0159,0.82
2226,3199,0.1789,0.5542,0.2675,0.2855,0.2052,-0.1111,1.88,104.35,0.77,128500.0,0.0,0.0711,0.0495,-0.0011,-0.0569,1.0848,-0.0148,0.82
2227,3199,0.1832,0.5502,0.2671,0.293,0.1894,-0.1122,1.21,103.59,0.77,126951.0,0.0,0.0669,0.0504,-0.001,-0.059,1.0279,-0.0154,0.82
2228,3199,0.1848,0.5504,0.2654,0.2829,0.2127,-0.111,1.69,102.72,0.8,123075.0,0.0,0.0794,0.0482,-0.001,-0.0556,1.0821,-0.0134,0.82
2229,3199,0.1866,0.5533,0.2606,0.285,0.206,-0.1114,1.0,115.72,0.8,122415.0,0.0,0.0717,0.0516,-0.0007,-0.0592,0.9985,-0.014,0.82
2230,3199,0.1855,0.5512,0.2637,0.2767,0.1944,-0.1114,0.54,99.18,0.77,127114.0,0.0,0.0673,0.0498,-0.0009,-0.0543,1.0225,-0.015,0.82
2231,3199,0.1866,0.5526,0.2611,0.2621,0.1977,-0.1198,0.62,79.85,0.81,121679.0,0.0,0.0662,0.0468,-0.001,-0.0534,1.035,-0.0146,0.82
2232,3199,0.1877,0.5498,0.2627,0.2781,0.1842,-0.1122,1.64,104.03,0.76,129123.0,0.0,0.0667,0.0488,-0.0009,-0.0569,1.1779,-0.012,0.82
2233,3199,0.186,0.5482,0.2661,0.2868,0.1959,-0.11,1.26,115.75,0.75,131348.0,0.0,0.0736,0.0493,-0.0006,-0.0568,1.129,-0.015,0.82
2234,3199,0.189,0.5419,0.2693,0.2912,0.189,-0.1105,2.43,113.53,0.77,126976.0,0.0,0.0701,0.0505,-0.0007,-0.0594,1.0601,-0.0146,0.82
2235,3199,0.1929,0.5386,0.269,0.2835,0.191,-0.1123,0.75,99.66,0.78,126247.0,0.0,0.0702,0.0495,-0.0009,-0.0562,1.1076,-0.0141,0.82
2236,3199,0.1954,0.5386,0.2662,0.2753,0.2046,-0.1133,1.03,99.78,0.77,127445.0,0.0,0.0735,0.0485,-0.0008,-0.0551,1.1664,-0.0147,0.82
2237,3199,0.1915,0.5401,0.2687,0.2849,0.1963,-0.1123,1.51,105.87,0.77,128228.0,0.0,0.0705,0.0486,-0.0009,-0.0582,1.0757,-0.0151,0.82
2238,3199,0.1883,0.5441,0.2679,0.2614,0.1955,-0.118,1.2,96.83,0.81,121148.0,0.0,0.0655,0.0454,-0.0007,-0.0524,1.075,-0.0149,0.82
2239,3199,0.1879,0.5444,0.268,0.2886,0.2114,-0.1085,1.53,95.71,0.76,129084.0,0.0,0.072,0.0495,-0.0009,-0.059,0.9986,-0.0151,0.82
2240,3199,0.1922,0.5403,0.2679,0.2874,0.2124,-0.1097,1.35,88.58,0.78,126173.0,0.0,0.0761,0.0488,-0.0007,-0.0576,1.0752,-0.015,0.83
2241,3199,0.1919,0.5407,0.2679,0.2862,0.1863,-0.1136,1.13,98.22,0.8,122500.0,0.0,0.0694,0.0496,-0.0009,-0.0579,1.0508,-0.0143,0.83
2242,3199,0.1892,0.544,0.2677,0.2748,0.2005,-0.1148,0.48,101.46,0.79,124918.0,0.0,0.0725,0.048,-0.001,-0.0559,0.9905,-0.0145,0.83
2243,3199,0.1862,0.5439,0.2707,0.2804,0.1752,-0.1142,0.55,106.79,0.78,126165.0,0.0,0.0663,0.0506,-0.0008,-0.06,1.1198,-0.0143,0.83
2244,3199,0.1826,0.5463,0.2721,0.2725,0.1971,-0.1145,0.29,86.83,0.78,125238.0,0.0,0.0674,0.0474,-0.0007,-0.0541,1.0954,-0.0139,0.82
2245,3199,0.1789,0.5532,0.2688,0.283,0.1878,-0.1147,1.3,96.11,0.81,121208.0,0.0,0.0718,0.0487,-0.001,-0.0568,1.0454,-0.0144,0.82
2246,3199,0.1763,0.5517,0.2729,0.2924,0.199,-0.1079,0.64,98.65,0.79,125045.0,0.0,0.0718,0.0515,-0.0008,-0.0601,1.1057,-0.014,0.82
2247,3199,0.1764,0.5506,0.2741,0.2727,0.169,-0.1169,0.25,89.95,0.77,127839.0,0.0,0.0656,0.0484,-0.0007,-0.0552,1.1091,-0.0129,0.82
2248,3199,0.1782,0.5476,0.2754,0.278,0.2043,-0.1116,1.23,96.65,0.79,124359.0,0.0,0.0735,0.048,-0.0009,-0.0551,1.1085,-0.0141,0.82
2249,3199,0.1816,0.5452,0.2744,0.2678,0.1955,-0.1158,1.32,86.07,0.75,131553.0,0.0,0.0705,0.0469,-0.0008,-0.0535,1.2217,-0.0128,0.82
2250,3199,0.1874,0.5423,0.2714,0.2831,0.2232,-0.1086,0.78,84.92,0.75,131728.0,0.0,0.0752,0.0495,-0.0006,-0.0583,1.1915,-0.0107,0.82
2251,3199,0.1915,0.5364,0.2732,0.2906,0.204,-0.1097,0.63,85.54,0.74,132697.0,0.0,0.0759,0.0498,-0.0006,-0.059,1.1001,-0.0142,0.83
2252,3199,0.194,0.5352,0.2717,0.2713,0.2064,-0.1127,1.53,115.87,0.79,124478.0,0.0,0.0722,0.0469,-0.0007,-0.0534,1.103,-0.0148,0.83
2253,3199,0.1949,0.5346,0.2711,0.2773,0.1986,-0.1138,1.77,114.51,0.77,127783.0,0.0,0.066,0.0494,-0.001,-0.0569,1.115,-0.0124,0.83
2254,3199,0.196,0.5395,0.2652,0.2571,0.1893,-0.117,0.7,90.65,0.78,126272.0,0.0,0.0646,0.0457,-0.0009,-0.0528,1.112,-0.0149,0.83
2255,3199,0.1971,0.5453,0.2582,0.2697,0.1992,-0.1158,0.89,106.3,0.78,125422.0,0.0,0.07,0.0471,-0.0008,-0.0551,1.1847,-0.0143,0.83
2256,3199,0.1938,0.5485,0.2582,0.2633,0.2016,-0.1158,1.48,98.48,0.78,126193.0,0.0,0.0698,0.0457,-0.001,-0.0525,1.1406,-0.0145,0.83
2257,3199,0.1931,0.5528,0.2546,0.2918,0.203,-0.1117,1.61,100.73,0.76,128583.0,0.0,0.0702,0.051,-0.001,-0.06,1.1458,-0.0143,0.83
2258,3199,0.1968,0.5512,0.2527,0.2877,0.2314,-0.1088,1.0,91.59,0.78,125483.0,0.0,0.0831,0.0496,-0.001,-0.0579,1.1026,-0.0149,0.83
2259,3199,0.188,0.5598,0.2529,0.2578,0.1692,-0.1207,1.3,109.65,0.76,129460.0,0.0,0.0619,0.0449,-0.0006,-0.0516,1.1341,-0.0153,0.83
2260,3199,0.1811,0.5649,0.2545,0.2679,0.1969,-0.117,0.31,94.97,0.77,127085.0,0.0,0.0712,0.047,-0.0009,-0.055,1.125,-0.0145,0.83
2261,3199,0.1787,0.5657,0.2561,0.264,0.1739,-0.1172,1.78,100.06,0.76,128856.0,0.0,0.0626,0.0464,-0.0007,-0.0519,1.1602,-0.0122,0.83
2262,3199,0.1764,0.5718,0.2521,0.2758,0.2025,-0.1148,0.73,78.25,0.84,116923.0,0.0,0.0711,0.0474,-0.0008,-0.0529,1.0568,-0.0147,0.83
2263,3199,0.1739,0.5737,0.2524,0.2794,0.1721,-0.1125,-0.24,94.14,0.8,122344.0,0.0,0.0635,0.0499,-0.0011,-0.056,1.0376,-0.0144,0.83
2264,3199,0.1785,0.5693,0.2524,0.2769,0.2273,-0.1119,0.36,93.0,0.79,124386.0,0.0,0.0793,0.0465,-0.0009,-0.0538,1.1938,-0.0145,0.83
2265,3199,0.1873,0.5577,0.2552,0.2775,0.2212,-0.1127,1.9,99.15,0.79,125213.0,0.0,0.0763,0.048,-0.0009,-0.0561,1.1413,-0.0154,0.82
2266,3199,0.1922,0.5529,0.2552,0.2855,0.2251,-0.1113,-0.14,76.46,0.79,123720.0,0.0,0.0797,0.0484,-0.0009,-0.0569,1.1644,-0.0116,0.83
2267,3199,0.1906,0.5553,0.2546,0.2726,0.1826,-0.1174,1.58,100.85,0.81,121470.0,0.0,0.0672,0.0472,-0.0008,-0.0543,1.2186,-0.0137,0.83
2268,3199,0.1899,0.5513,0.2593,0.2962,0.2146,-0.1076,1.93,98.48,0.76,129893.0,0.0,0.0796,0.0515,-0.0006,-0.0613,1.123,-0.0137,0.83
2269,3199,0.1929,0.5477,0.2599,0.2831,0.2127,-0.1099,1.44,110.04,0.77,127209.0,0.0,0.0736,0.0484,-0.0007,-0.0573,1.0476,-0.0121,0.83
2270,3199,0.1918,0.5477,0.2612,0.2794,0.1954,-0.1118,1.29,86.04,0.78,126571.0,0.0,0.0713,0.0493,-0.0011,-0.0564,1.031,-0.0147,0.83
2271,3199,0.1942,0.545,0.2613,0.2735,0.1896,-0.1177,0.17,85.65,0.75,131054.0,0.0,0.0696,0.0461,-0.0007,-0.0549,1.0445,-0.0133,0.82
2272,3199,0.1941,0.5464,0.2601,0.2752,0.1931,-0.1153,0.91,93.78,0.79,123704.0,0.0,0.0682,0.048,-0.0006,-0.0558,1.0634,-0.0137,0.82
2273,3199,0.1952,0.5443,0.2612,0.2762,0.1891,-0.1136,1.59,99.74,0.78,126513.0,0.0,0.072,0.0478,-0.001,-0.0558,1.0304,-0.015,0.83
2274,3199,0.1951,0.5426,0.2633,0.2769,0.1878,-0.117,1.96,109.42,0.76,128741.0,0.0,0.0719,0.0495,-0.0009,-0.0578,1.0835,-0.0139,0.83
2275,3199,0.1911,0.5413,0.2685,0.2705,0.1812,-0.1166,-0.03,96.15,0.74,132729.0,0.0,0.0667,0.0484,-0.0008,-0.0553,1.1852,-0.0146,0.83
2276,3199,0.1875,0.5493,0.2641,0.2667,0.1975,-0.117,1.85,109.95,0.75,130873.0,0.0,0.0694,0.0474,-0.0007,-0.0535,1.1383,-0.0122,0.83
2277,3199,0.1861,0.5482,0.2664,0.2828,0.1833,-0.1116,1.71,106.7,0.77,127427.0,0.0,0.065,0.0511,-0.0008,-0.0581,1.0717,-0.0147,0.83
2278,3199,0.1821,0.5473,0.2714,0.2887,0.1908,-0.1123,1.56,95.94,0.75,131333.0,0.0,0.0728,0.0486,-0.001,-0.0584,1.0667,-0.0149,0.83
2279,3199,0.1873,0.5447,0.2687,0.27,0.1976,-0.1144,1.93,105.24,0.76,128865.0,0.0,0.0681,0.0481,-0.001,-0.0551,1.1502,-0.0136,0.83
2280,3199,0.1885,0.549,0.2634,0.2709,0.2164,-0.1171,1.85,102.52,0.78,125445.0,0.0,0.0763,0.0455,-0.0008,-0.0552,1.0914,-0.014,0.83
2281,3199,0.1855,0.5545,0.2612,0.2824,0.1932,-0.1131,-0.67,82.4,0.75,131396.0,0.0,0.075,0.0495,-0.0007,-0.0587,1.1684,-0.011,0.83
2282,3199,0.1845,0.557,0.2597,0.2551,0.2032,-0.121,0.57,90.14,0.76,129280.0,0.0,0.0725,0.0436,-0.0007,-0.05,1.1093,-0.0128,0.83
2283,3199,0.1868,0.5602,0.2541,0.2782,0.207,-0.1152,1.65,102.99,0.76,129753.0,0.0,0.0767,0.0463,-0.0007,-0.0558,1.0772,-0.0133,0.83
2284,3199,0.19,0.5551,0.2552,0.2812,0.1959,-0.1118,0.67,88.66,0.77,127013.0,0.0,0.0715,0.05,-0.0009,-0.0566,1.0635,-0.0149,0.83
2285,3199,0.1925,0.552,0.256,0.2734,0.1935,-0.1129,1.02,90.72,0.77,127179.0,0.0,0.0699,0.0491,-0.0008,-0.0558,1.1105,-0.0143,0.83
2286,3199,0.1928,0.5553,0.2524,0.2748,0.2025,-0.1154,0.7,95.43,0.78,125308.0,0.0,0.0709,0.0481,-0.0007,-0.0557,1.1247,-0.015,0.83
2287,3199,0.1898,0.5604,0.2504,0.2633,0.1827,-0.1203,0.94,99.61,0.78,125409.0,0.0,0.0691,0.0453,-0.0008,-0.0527,1.1509,-0.0125,0.83
2288,3199,0.1905,0.5607,0.2494,0.272,0.195,-0.1181,1.23,102.52,0.85,116250.0,0.0,0.0708,0.0466,-0.0007,-0.0543,1.1072,-0.0136,0.83
2289,3199,0.1912,0.5565,0.2531,0.3009,0.2018,-0.1083,1.42,111.68,0.78,126358.0,0.0,0.0737,0.052,-0.0012,-0.0587,1.1136,-0.0125,0.83
2290,3199,0.191,0.5525,0.2573,0.2628,0.1875,-0.1195,-0.09,86.82,0.78,125555.0,0.0,0.0673,0.046,-0.0009,-0.0541,1.1297,-0.015,0.83
2291,3199,0.1854,0.5553,0.26,0.2991,0.203,-0.108,2.76,100.37,0.77,127754.0,0.0,0.0753,0.0518,-0.0007,-0.0584,1.1404,-0.0163,0.83
2292,3199,0.1868,0.5528,0.2609,0.2689,0.212,-0.1151,1.61,89.21,0.8,122304.0,0.0,0.0705,0.0471,-0.0009,-0.0524,1.0762,-0.0154,0.83
2293,3199,0.1856,0.5507,0.2642,0.274,0.1978,-0.113,0.07,78.51,0.79,124072.0,0.0,0.0682,0.0485,-0.0009,-0.0542,1.1213,-0.0158,0.83
2294,3199,0.1876,0.5563,0.2568,0.2582,0.2055,-0.119,1.13,99.68,0.77,127380.0,0.0,0.0719,0.0448,-0.0007,-0.0505,1.0644,-0.0154,0.83
2295,3199,0.1901,0.5571,0.2536,0.2664,0.2233,-0.1134,1.14,89.48,0.75,130279.0,0.0,0.0742,0.0461,-0.0009,-0.0521,1.1043,-0.0152,0.83
2296,3199,0.1909,0.5552,0.2546,0.2816,0.1967,-0.115,0.5,83.54,0.77,127244.0,0.0,0.0722,0.0482,-0.001,-0.0547,1.2143,-0.0141,0.83
2297,3199,0.1916,0.5547,0.2544,0.2786,0.1944,-0.1169,1.85,97.01,0.76,128525.0,0.0,0.0729,0.0484,-0.001,-0.0546,1.0697,-0.0149,0.83
2298,3199,0.1918,0.5546,0.2542,0.2744,0.1902,-0.1164,0.55,95.26,0.74,132308.0,0.0,0.0703,0.0471,-0.0009,-0.0554,1.0944,-0.015,0.83
2299,3199,0.1914,0.5616,0.2473,0.2626,0.2234,-0.1185,1.56,90.1,0.75,130855.0,0.0,0.0769,0.0446,-0.0008,-0.0524,1.1263,-0.0145,0.83
2300,3199,0.1948,0.5581,0.2472,0.2844,0.1998,-0.1143,0.4,99.78,0.75,131915.0,0.0,0.0737,0.05,-0.0008,-0.0566,1.1007,-0.014,0.83
2301,3199,0.1958,0.5559,0.2483,0.2795,0.1993,-0.1147,1.41,115.24,0.75,130811.0,0.0,0.0758,0.0473,-0.0008,-0.0542,1.2033,-0.0128,0.83
2302,3199,0.1937,0.5583,0.2481,0.2776,0.1877,-0.117,1.69,97.81,0.75,131657.0,0.0,0.0739,0.0473,-0.0011,-0.0555,1.1465,-0.0106,0.83
2303,3199,0.1899,0.5626,0.2481,0.2827,0.1998,-0.1134,0.8,96.32,0.74,132069.0,0.0,0.0764,0.0482,-0.0007,-0.0565,1.2245,-0.0138,0.83
2304,3199,0.185,0.5669,0.2484,0.2851,0.1908,-0.1133,1.35,105.51,0.75,131351.0,0.0,0.0676,0.0497,-0.0009,-0.0566,1.145,-0.0142,0.83
2305,3199,0.184,0.5627,0.2538,0.2775,0.2052,-0.1139,2.0,102.6,0.74,132312.0,0.0,0.0747,0.0477,-0.0008,-0.0532,1.1921,-0.0152,0.83
2306,3199,0.1846,0.5631,0.253,0.2776,0.2114,-0.115,1.65,97.7,0.78,126623.0,0.0,0.0765,0.0471,-0.0008,-0.0536,1.1689,-0.0157,0.83
2307,3199,0.1853,0.5615,0.254,0.2855,0.1911,-0.113,1.37,107.11,0.77,127703.0,0.0,0.0717,0.049,-0.0011,-0.0574,1.1288,-0.0155,0.83
2308,3199,0.1868,0.5575,0.2564,0.2728,0.2079,-0.1151,2.31,105.49,0.8,123518.0,0.0,0.0735,0.0462,-0.0008,-0.0535,1.0942,-0.0131,0.83
2309,3199,0.1893,0.5535,0.2581,0.2944,0.2092,-0.1088,1.25,101.09,0.75,131477.0,0.0,0.0809,0.05,-0.0017,-0.0584,1.1423,-0.0145,0.83
2310,3199,0.1943,0.5469,0.2598,0.277,0.2231,-0.1136,1.72,96.4,0.74,132811.0,0.0,0.0781,0.0475,-0.001,-0.055,1.0958,-0.0129,0.83
2311,3199,0.1967,0.5421,0.2629,0.2909,0.2288,-0.1088,0.82,88.98,0.78,126793.0,0.0,0.0846,0.0475,-0.0016,-0.0547,1.1784,-0.0152,0.83
2312,3199,0.1965,0.5421,0.2632,0.2859,0.1942,-0.1113,1.69,103.24,0.78,125868.0,0.0,0.0723,0.0502,-0.0011,-0.0566,1.0956,-0.0148,0.83
2313,3199,0.2041,0.5381,0.2596,0.2912,0.2303,-0.1102,1.45,101.36,0.75,131660.0,0.0,0.0844,0.0491,-0.0009,-0.0563,1.3001,-0.0144,0.83
2314,3199,0.2072,0.5369,0.2578,0.273,0.2083,-0.1145,0.4,92.75,0.74,132265.0,0.0,0.0725,0.0466,-0.001,-0.0516,1.1763,-0.0145,0.83
2315,3199,0.2064,0.5344,0.2611,0.2872,0.2055,-0.1108,0.78,103.65,0.75,131005.0,0.0,0.0742,0.0484,-0.001,-0.0551,1.1972,-0.0146,0.83
2316,3199,0.2028,0.5377,0.2609,0.2871,0.2003,-0.1136,0.36,79.54,0.77,127437.0,0.0,0.0767,0.0477,-0.0008,-0.0562,1.1096,-0.0151,0.83
2317,3199,0.2034,0.5409,0.2569,0.2847,0.2146,-0.1124,0.4,89.69,0.77,127064.0,0.0,0.0783,0.0469,-0.0011,-0.0545,1.0341,-0.0147,0.83
2318,3199,0.2024,0.5409,0.2582,0.282,0.2043,-0.114,1.51,101.69,0.8,122393.0,0.0,0.077,0.0463,-0.0009,-0.0529,1.1226,-0.0154,0.83
2319,3199,0.2018,0.5436,0.2562,0.273,0.2078,-0.1146,1.01,90.83,0.78,125513.0,0.0,0.075,0.0467,-0.0006,-0.0519,1.1445,-0.014,0.83
2320,3199,0.1972,0.5446,0.2596,0.2944,0.1926,-0.111,0.8,105.62,0.76,129465.0,0.0,0.0715,0.0493,-0.001,-0.056,1.11,-0.0138,0.83
2321,3199,0.1958,0.5451,0.2599,0.2854,0.2063,-0.1127,1.9,96.77,0.75,130491.0,0.0,0.0794,0.0473,-0.0008,-0.0534,1.1338,-0.015,0.83
2322,3199,0.2027,0.5391,0.2591,0.2666,0.2171,-0.1139,1.78,87.61,0.75,131647.0,0.0,0.0734,0.0455,-0.0008,-0.0501,1.0663,-0.0143,0.83
2323,3199,0.2066,0.5393,0.2548,0.2859,0.1962,-0.1126,1.56,110.55,0.77,127835.0,0.0,0.076,0.0487,-0.001,-0.0556,1.0764,-0.015,0.83
2324,3199,0.2036,0.5364,0.2607,0.2871,0.2136,-0.1091,1.91,102.26,0.77,127849.0,0.0,0.0784,0.0477,-0.001,-0.0533,1.0703,-0.0151,0.83
2325,3199,0.1984,0.5385,0.2636,0.2694,0.1916,-0.118,1.36,91.52,0.77,127734.0,0.0,0.0723,0.0447,-0.0009,-0.0501,1.1937,-0.0155,0.83
2326,3199,0.1989,0.5414,0.2602,0.2879,0.2079,-0.1118,1.95,103.54,0.77,128456.0,0.0,0.077,0.0483,-0.0008,-0.0541,1.0139,-0.0151,0.83
2327,3199,0.1956,0.545,0.2599,0.2833,0.1882,-0.1132,1.37,111.74,0.77,126978.0,0.0,0.0722,0.0487,-0.0009,-0.0541,1.075,-0.0139,0.83
2328,3199,0.1866,0.5534,0.2603,0.2773,0.1832,-0.1153,0.97,90.13,0.78,126032.0,0.0,0.0723,0.0459,-0.0007,-0.0517,1.1264,-0.0153,0.83
2329,3199,0.1809,0.551,0.2683,0.2842,0.1913,-0.1127,1.1,106.62,0.79,124723.0,0.0,0.0731,0.0487,-0.0022,-0.0531,1.1001,-0.0154,0.83
2330,3199,0.1786,0.5496,0.2719,0.2909,0.1755,-0.1152,1.3,100.33,0.8,122436.0,0.0,0.0693,0.0492,-0.001,-0.0559,1.0862,-0.015,0.83
2331,3199,0.1818,0.5471,0.2711,0.2938,0.2004,-0.111,2.14,105.36,0.82,120040.0,0.0,0.075,0.05,-0.0011,-0.0559,1.1275,-0.014,0.83
2332,3199,0.1813,0.5521,0.2666,0.2825,0.1874,-0.1169,1.59,92.76,0.78,126787.0,0.0,0.0737,0.0467,-0.0009,-0.0545,1.0484,-0.0139,0.83
2333,3199,0.181,0.5489,0.2701,0.2971,0.2016,-0.1102,-0.69,107.31,0.78,126424.0,0.0,0.0756,0.0508,-0.0009,-0.0567,2.0674,-0.0073,0.83
2334,3199,0.1773,0.554,0.2687,0.2653,0.1881,-0.1194,1.74,96.38,0.8,122324.0,0.0,0.0667,0.0462,-0.0009,-0.0536,1.1117,-0.015,0.83
2335,3199,0.1732,0.5496,0.2772,0.3165,0.1878,-0.1054,1.9,107.78,0.79,124601.0,0.0,0.0767,0.0541,-0.0012,-0.0607,1.2119,-0.0119,0.83
2336,3199,0.1752,0.5492,0.2758,0.2804,0.1847,-0.1157,0.29,109.44,0.79,124348.0,0.0,0.0721,0.0472,-0.001,-0.0524,1.0876,-0.0144,0.83
2337,3199,0.1742,0.5478,0.2781,0.2946,0.2178,-0.1068,2.3,109.81,0.78,126422.0,0.0,0.0812,0.0493,-0.0008,-0.057,1.118,-0.0168,0.83
2338,3199,0.176,0.5447,0.2796,0.2844,0.1928,-0.1141,1.45,107.63,0.83,118148.0,0.0,0.0711,0.0481,-0.0006,-0.0536,1.1538,-0.013,0.83
2339,3199,0.1763,0.5438,0.2804,0.2896,0.1973,-0.1112,0.25,98.18,0.78,126021.0,0.0,0.0744,0.0493,-0.0008,-0.0546,1.1416,-0.011,0.83
2340,3199,0.1802,0.5445,0.2756,0.2915,0.2029,-0.1139,1.27,93.56,0.77,128059.0,0.0,0.0767,0.0478,-0.0023,-0.0535,1.0726,-0.0133,0.83
2341,3199,0.1805,0.5396,0.2802,0.291,0.2139,-0.1101,0.45,79.38,0.77,127030.0,0.0,0.0816,0.0481,-0.0009,-0.0545,1.145,-0.0128,0.83
2342,3199,0.1794,0.5449,0.2759,0.2692,0.1884,-0.1184,0.76,97.82,0.77,127440.0,0.0,0.069,0.0463,-0.0017,-0.0526,1.1234,-0.0139,0.83
2343,3199,0.1814,0.5474,0.2714,0.2771,0.1912,-0.1179,0.95,88.02,0.83,118089.0,0.0,0.0724,0.0464,-0.001,-0.0527,1.0172,-0.0133,0.83
2344,3199,0.1833,0.5496,0.2674,0.3031,0.2128,-0.1091,0.82,89.67,0.78,125442.0,0.0,0.0841,0.0499,-0.0008,-0.0577,1.1008,-0.0137,0.83
2345,3199,0.1901,0.5465,0.264,0.2853,0.2008,-0.1114,1.35,93.41,0.78,125578.0,0.0,0.0707,0.0497,-0.0009,-0.0554,1.1761,-0.0148,0.83
2346,3199,0.1897,0.5468,0.2644,0.2805,0.1898,-0.1179,0.79,98.5,0.78,126398.0,0.0,0.0731,0.0474,-0.0009,-0.0547,1.1499,-0.0151,0.83
2347,3199,0.1911,0.5489,0.2607,0.2813,0.1836,-0.1132,1.74,105.85,0.79,125036.0,0.0,0.0656,0.0486,-0.0011,-0.0541,1.0781,-0.0152,0.83
2348,3199,0.1931,0.5425,0.2651,0.2875,0.1971,-0.1089,2.38,100.74,0.75,131814.0,0.0,0.0738,0.0504,-0.001,-0.0573,1.1674,-0.0116,0.83
2349,3199,0.1993,0.5433,0.2581,0.2952,0.2132,-0.1125,2.28,108.21,0.75,130814.0,0.0,0.0819,0.0479,-0.0007,-0.0545,1.1385,-0.0132,0.83
2350,3199,0.1992,0.5421,0.2595,0.2937,0.1876,-0.1144,1.37,115.1,0.74,132076.0,0.0,0.0717,0.0511,-0.0007,-0.0555,1.1726,-0.0141,0.83
2351,3199,0.1992,0.5362,0.2652,0.3007,0.2025,-0.108,1.59,110.56,0.75,130733.0,0.0,0.0781,0.0519,-0.0009,-0.0578,1.1574,-0.0146,0.83
2352,3199,0.2009,0.5411,0.2585,0.2928,0.2173,-0.1116,2.39,109.96,0.75,131282.0,0.0,0.0792,0.049,-0.0007,-0.0542,1.2261,-0.015,0.83
2353,3199,0.2012,0.5432,0.2562,0.2955,0.2129,-0.1112,2.32,100.85,0.75,131245.0,0.0,0.0784,0.0498,-0.0009,-0.0552,1.1025,-0.0124,0.83
2354,3199,0.2021,0.5418,0.2568,0.2752,0.1948,-0.1153,-0.01,95.45,0.75,131370.0,0.0,0.0729,0.0474,-0.001,-0.0527,1.1361,-0.0138,0.83
2355,3199,0.1995,0.5437,0.2578,0.2853,0.2081,-0.1133,1.78,91.68,0.75,130364.0,0.0,0.0788,0.0473,-0.001,-0.0544,1.1283,-0.0143,0.83
2356,3199,0.1994,0.5451,0.2565,0.2832,0.2059,-0.1139,1.48,98.19,0.75,130958.0,0.0,0.078,0.0465,-0.0009,-0.0523,0.992,-0.0144,0.83
2357,3199,0.1965,0.5477,0.257,0.286,0.1871,-0.1147,1.26,107.2,0.8,122796.0,0.0,0.0736,0.0481,-0.0008,-0.0537,1.0796,-0.0156,0.83
2358,3199,0.2001,0.5428,0.2588,0.2938,0.2187,-0.1109,0.66,110.95,0.76,128732.0,0.0,0.0806,0.0497,-0.001,-0.0564,1.1795,-0.0148,0.83
2359,3199,0.1977,0.5476,0.256,0.2723,0.2031,-0.1159,1.05,99.73,0.79,124198.0,0.0,0.0726,0.0453,-0.0008,-0.0506,1.1149,-0.0149,0.83
2360,3199,0.1954,0.5528,0.253,0.2722,0.1848,-0.1201,0.94,93.2,0.76,130118.0,0.0,0.0687,0.0477,-0.001,-0.0533,1.1692,-0.0144,0.83
2361,3199,0.1925,0.5563,0.2522,0.2884,0.2115,-0.1102,1.7,98.68,0.78,125500.0,0.0,0.0787,0.0489,-0.0011,-0.0533,1.084,-0.0136,0.83
2362,3199,0.1924,0.5532,0.2556,0.2705,0.1979,-0.1176,1.3,84.79,0.76,130144.0,0.0,0.0722,0.0461,-0.0008,-0.0498,1.1636,-0.0145,0.83
2363,3199,0.1899,0.5576,0.2535,0.3007,0.1993,-0.1099,3.34,118.2,0.77,127517.0,0.0,0.0775,0.0509,-0.0009,-0.0554,1.0189,-0.014,0.83
2364,3199,0.1905,0.548,0.2624,0.3032,0.1878,-0.1096,1.61,110.38,0.76,128992.0,0.0,0.0749,0.0526,-0.001,-0.0566,1.1497,-0.0143,0.83
2365,3199,0.1904,0.5459,0.2645,0.281,0.1881,-0.1165,2.03,104.78,0.75,130542.0,0.0,0.0668,0.0486,-0.001,-0.0524,1.079,-0.0144,0.83
2366,3199,0.1904,0.5455,0.2648,0.2936,0.2068,-0.1101,0.37,102.04,0.75,130600.0,0.0,0.0765,0.0508,-0.0008,-0.0539,1.0417,-0.0142,0.83
2367,3199,0.1944,0.5415,0.2647,0.2862,0.2351,-0.1109,0.45,79.91,0.77,127063.0,0.0,0.0842,0.0489,-0.0013,-0.0539,1.0127,-0.0132,0.83
2368,3199,0.1932,0.5386,0.2685,0.3123,0.2325,-0.102,2.81,107.59,0.76,129305.0,0.0,0.0866,0.0528,-0.0012,-0.0569,1.1031,-0.014,0.83
2369,3199,0.1983,0.536,0.2665,0.2929,0.2187,-0.1082,0.99,115.49,0.79,123819.0,0.0,0.0753,0.0501,-0.0008,-0.0557,1.0911,-0.0143,0.83
2370,3199,0.1978,0.5327,0.2703,0.2846,0.1943,-0.1143,1.36,92.11,0.78,125903.0,0.0,0.068,0.0481,-0.0015,-0.0542,1.1763,-0.0148,0.83
2371,3199,0.1997,0.5284,0.2729,0.2976,0.2239,-0.1094,2.48,101.44,0.76,129021.0,0.0,0.0822,0.0499,-0.0011,-0.0548,1.2573,-0.0152,0.83
2372,3199,0.2027,0.5245,0.2735,0.2878,0.2208,-0.1088,1.84,98.64,0.75,130270.0,0.0,0.0807,0.0481,-0.0012,-0.0536,1.125,-0.0159,0.83
2373,3199,0.2034,0.5204,0.2768,0.2894,0.2067,-0.1118,1.36,91.13,0.81,121322.0,0.0,0.0735,0.0492,-0.0008,-0.0557,1.2682,-0.0151,0.83
2374,3199,0.2039,0.5301,0.2666,0.2729,0.1977,-0.1168,0.9,110.79,0.77,127429.0,0.0,0.0703,0.0474,-0.0008,-0.0514,1.1378,-0.0136,0.83
2375,3199,0.201,0.5346,0.2649,0.2771,0.2041,-0.1146,1.62,94.03,0.78,125596.0,0.0,0.0715,0.0485,-0.0006,-0.0524,1.4264,-0.0126,0.83
2376,3199,0.2034,0.5387,0.2587,0.2712,0.198,-0.1155,0.61,93.93,0.78,126106.0,0.0,0.0732,0.0471,-0.0008,-0.0512,1.0386,-0.015,0.83
2377,3199,0.2049,0.537,0.2591,0.2828,0.2316,-0.1101,1.7,103.43,0.79,124915.0,0.0,0.0832,0.0479,-0.0011,-0.0537,1.1223,-0.0141,0.83
2378,3199,0.2013,0.5384,0.2612,0.2844,0.2047,-0.115,1.0,110.9,0.78,126375.0,0.0,0.0765,0.0482,-0.0018,-0.054,1.2276,-0.0134,0.83
2379,3199,0.1993,0.5412,0.2603,0.2797,0.2038,-0.1142,0.1,98.49,0.75,130241.0,0.0,0.0741,0.0486,-0.0009,-0.0521,1.2601,-0.0135,0.83
2380,3199,0.1957,0.5442,0.2609,0.3026,0.2134,-0.1105,1.83,98.98,0.77,128475.0,0.0,0.0802,0.0503,-0.0012,-0.0562,1.2053,-0.0143,0.83
2381,3199,0.1935,0.5488,0.2584,0.295,0.2082,-0.1103,1.04,88.65,0.79,124945.0,0.0,0.0806,0.0498,-0.0007,-0.0554,1.1588,-0.0131,0.83
2382,3199,0.1933,0.5479,0.2596,0.2897,0.2175,-0.1112,1.01,87.82,0.87,113508.0,0.0,0.0828,0.0482,-0.0009,-0.052,1.2745,-0.0152,0.83
2383,3199,0.1981,0.545,0.2578,0.2795,0.2122,-0.1135,2.06,96.29,0.77,128479.0,0.0,0.0754,0.0478,-0.0011,-0.0514,1.1088,-0.0149,0.83
2384,3199,0.1986,0.5401,0.2622,0.286,0.2057,-0.1126,0.55,80.45,0.76,129270.0,0.0,0.0733,0.0488,-0.001,-0.0539,1.1601,-0.0148,0.83
2385,3199,0.1945,0.5403,0.2662,0.2962,0.201,-0.112,2.84,113.72,0.79,125162.0,0.0,0.0774,0.0504,-0.0013,-0.0555,1.1765,-0.0133,0.83
2386,3199,0.1934,0.5349,0.2727,0.2785,0.178,-0.1161,1.46,106.98,0.78,125729.0,0.0,0.0663,0.0481,-0.0018,-0.0506,1.1705,-0.0111,0.83
2387,3199,0.1908,0.5343,0.2758,0.2899,0.1922,-0.1133,0.83,105.19,0.81,121038.0,0.0,0.0715,0.0494,-0.0008,-0.0515,1.1207,-0.0156,0.83
2388,3199,0.1887,0.5379,0.2742,0.2966,0.2066,-0.1142,1.45,95.16,0.79,123924.0,0.0,0.0827,0.0486,-0.0008,-0.0535,1.2338,-0.013,0.83
2389,3199,0.1923,0.5357,0.2725,0.2939,0.1955,-0.1138,2.57,114.73,0.77,127524.0,0.0,0.0735,0.0503,-0.001,-0.0553,1.2499,-0.0157,0.83
2390,3199,0.1914,0.5386,0.2705,0.2941,0.1952,-0.1116,0.98,105.74,0.83,118450.0,0.0,0.0753,0.0496,-0.0008,-0.0532,1.1817,-0.0151,0.83
2391,3199,0.1892,0.5419,0.2695,0.2847,0.1809,-0.1175,0.05,88.25,0.81,122001.0,0.0,0.0695,0.0482,-0.001,-0.0519,1.1947,-0.0148,0.83
2392,3199,0.1883,0.5448,0.2675,0.3003,0.224,-0.1062,2.14,117.26,0.78,126606.0,0.0,0.0835,0.0523,-0.0006,-0.0544,1.152,-0.0136,0.83
2393,3199,0.1866,0.5425,0.272,0.2822,0.199,-0.1156,-0.01,74.54,0.77,128272.0,0.0,0.075,0.0476,-0.0011,-0.0512,1.236,-0.0132,0.83
2394,3199,0.1876,0.5456,0.2678,0.2902,0.2054,-0.1124,0.7,105.04,0.78,126756.0,0.0,0.076,0.0498,-0.0008,-0.0544,1.1857,-0.0159,0.83
2395,3199,0.189,0.5456,0.2663,0.292,0.1797,-0.1147,-0.29,93.5,0.77,126899.0,0.0,0.0757,0.0496,-0.0011,-0.0533,1.7063,-0.0121,0.83
2396,3199,0.1924,0.5472,0.2611,0.2816,0.2198,-0.1161,1.29,98.94,0.76,128803.0,0.0,0.0788,0.0471,-0.0008,-0.0512,1.1451,-0.0149,0.83
2397,3199,0.194,0.5505,0.2562,0.2854,0.1916,-0.1148,1.33,105.84,0.75,131262.0,0.0,0.0758,0.049,-0.001,-0.0519,1.0589,-0.0129,0.83
2398,3199,0.1964,0.5434,0.261,0.2936,0.2272,-0.108,1.62,99.61,0.78,125842.0,0.0,0.083,0.0497,-0.001,-0.053,1.0985,-0.0145,0.83
2399,3199,0.1939,0.5421,0.2648,0.291,0.2144,-0.1104,2.12,110.68,0.76,129689.0,0.0,0.0798,0.0498,-0.0014,-0.0539,1.1015,-0.0153,0.83
2400,3199,0.1937,0.5415,0.2653,0.3002,0.2028,-0.1091,1.01,112.41,0.82,120218.0,0.0,0.0735,0.0519,-0.0008,-0.0568,1.1918,-0.0152,0.83
2401,3199,0.1925,0.5386,0.2695,0.3008,0.2074,-0.1087,2.46,98.65,0.79,124141.0,0.0,0.0759,0.0519,-0.0011,-0.0568,1.1755,-0.0147,0.83
2402,3199,0.1897,0.5407,0.2701,0.2924,0.1899,-0.1144,0.99,106.96,0.82,120361.0,0.0,0.0725,0.0517,-0.0007,-0.0568,1.1643,-0.0156,0.83
2403,3199,0.1884,0.5391,0.2727,0.3035,0.2048,-0.108,1.76,107.82,0.79,124573.0,0.0,0.0765,0.0519,-0.0009,-0.0576,1.1114,-0.0148,0.83
2404,3199,0.1888,0.5392,0.2724,0.2831,0.1965,-0.1147,2.79,100.35,0.78,125502.0,0.0,0.0764,0.0485,-0.0008,-0.0541,1.2063,-0.0152,0.83
2405,3199,0.1937,0.5415,0.2658,0.2792,0.1858,-0.1186,2.01,108.76,0.78,126756.0,0.0,0.0715,0.0486,-0.0007,-0.0542,1.1709,-0.0149,0.83
2406,3199,0.1953,0.5388,0.2672,0.2793,0.2058,-0.1138,0.01,96.48,0.8,122515.0,0.0,0.0786,0.0486,-0.0011,-0.0529,1.2067,-0.015,0.83
2407,3199,0.1958,0.5362,0.2693,0.2736,0.2294,-0.1136,1.02,83.4,0.76,129039.0,0.0,0.0791,0.0478,-0.001,-0.0523,1.1532,-0.0152,0.83
2408,3199,0.195,0.5363,0.2701,0.2935,0.2079,-0.111,0.96,88.97,0.76,130059.0,0.0,0.0805,0.0499,-0.0009,-0.0557,1.1188,-0.0134,0.83
2409,3199,0.1997,0.5329,0.2692,0.3184,0.2317,-0.1006,1.77,123.47,0.75,131548.0,0.0,0.0882,0.0539,-0.0009,-0.0598,1.1728,-0.0113,0.83
2410,3199,0.1981,0.5314,0.2726,0.2982,0.1969,-0.1072,0.61,111.32,0.8,122422.0,0.0,0.0743,0.0538,-0.0008,-0.0584,1.1741,-0.0147,0.83
2411,3199,0.1939,0.5419,0.2664,0.2745,0.1777,-0.118,1.3,116.59,0.8,122637.0,0.0,0.0676,0.0489,-0.0009,-0.0506,1.1459,-0.0155,0.83
2412,3199,0.1958,0.5426,0.2639,0.291,0.2025,-0.1126,0.16,99.23,0.8,123169.0,0.0,0.0778,0.0504,-0.0008,-0.0562,1.1605,-0.016,0.83
2413,3199,0.1913,0.5481,0.2629,0.2956,0.19,-0.1127,2.04,128.64,0.74,132699.0,0.0,0.0775,0.0516,-0.001,-0.0554,1.2213,-0.0144,0.83
2414,3199,0.1911,0.549,0.2621,0.2861,0.2117,-0.1155,1.33,98.07,0.75,131276.0,0.0,0.0804,0.0487,-0.0008,-0.0528,1.1632,-0.0137,0.83
2415,3199,0.1879,0.5452,0.2691,0.2877,0.1919,-0.1117,0.97,100.97,0.74,131993.0,0.0,0.076,0.05,-0.0009,-0.0542,1.2201,-0.0144,0.83
2416,3199,0.1862,0.5461,0.2692,0.2997,0.1924,-0.111,2.76,107.94,0.75,130747.0,0.0,0.0777,0.0523,-0.0011,-0.0588,1.1652,-0.0147,0.83
2417,3199,0.1851,0.5469,0.2692,0.2962,0.1972,-0.1102,0.62,94.99,0.78,126045.0,0.0,0.0767,0.0513,-0.001,-0.0576,1.2924,-0.0135,0.83
2418,3199,0.189,0.542,0.2704,0.285,0.1885,-0.1165,1.16,95.62,0.75,130715.0,0.0,0.0741,0.048,-0.0014,-0.0545,1.1833,-0.0132,0.83
2419,3199,0.1844,0.5464,0.2704,0.2813,0.1904,-0.1141,1.28,106.14,0.81,121456.0,0.0,0.0738,0.0496,-0.0011,-0.0552,1.2353,-0.015,0.83
2420,3199,0.1791,0.5508,0.2707,0.2926,0.1895,-0.1126,1.29,86.51,0.8,122310.0,0.0,0.0711,0.0516,-0.0008,-0.0551,1.3053,-0.0143,0.83
2421,3199,0.1806,0.5513,0.2688,0.2976,0.1948,-0.1132,2.32,106.78,0.8,122964.0,0.0,0.0788,0.0508,-0.0012,-0.0556,1.1989,-0.0148,0.83
2422,3199,0.1831,0.5477,0.2699,0.2913,0.1934,-0.1137,0.38,102.15,0.77,127668.0,0.0,0.074,0.0493,-0.0016,-0.054,1.1767,-0.0125,0.83
2423,3199,0.1828,0.5485,0.2693,0.3045,0.1882,-0.1105,0.98,103.21,0.75,131329.0,0.0,0.0758,0.0524,-0.0008,-0.0581,1.1907,-0.0134,0.83
2424,3199,0.1842,0.545,0.2711,0.2988,0.205,-0.1101,0.85,102.87,0.75,130390.0,0.0,0.0789,0.0513,-0.001,-0.0578,1.1751,-0.0146,0.83
2425,3199,0.1894,0.5494,0.2615,0.2719,0.221,-0.1153,2.3,100.25,0.79,124525.0,0.0,0.0784,0.0458,-0.0011,-0.0514,1.2276,-0.0153,0.83
2426,3199,0.1931,0.5506,0.2567,0.2857,0.196,-0.1161,1.63,119.48,0.78,126745.0,0.0,0.0767,0.0476,-0.001,-0.0529,1.2864,-0.0127,0.83
2427,3199,0.1951,0.5534,0.2519,0.2795,0.2009,-0.1176,0.47,116.9,0.8,122792.0,0.0,0.0786,0.0468,-0.0011,-0.0539,1.2496,-0.0123,0.83
2428,3199,0.1895,0.5542,0.2568,0.2874,0.1894,-0.1163,-0.34,83.0,0.76,128600.0,0.0,0.0777,0.0482,-0.0008,-0.0548,1.2584,-0.0148,0.83
2429,3199,0.1896,0.5526,0.2582,0.2848,0.196,-0.1162,1.1,101.73,0.76,129997.0,0.0,0.0741,0.0477,-0.0008,-0.0532,1.2444,-0.015,0.83
2430,3199,0.1962,0.5516,0.2529,0.2904,0.2176,-0.1149,2.32,108.61,0.78,125754.0,0.0,0.0816,0.0483,-0.0005,-0.0539,1.216,-0.015,0.83
2431,3199,0.1944,0.5505,0.256,0.2812,0.1863,-0.1168,1.39,100.25,0.77,127663.0,0.0,0.071,0.0497,-0.0011,-0.0551,1.2717,-0.0145,0.83
2432,3199,0.1939,0.5539,0.2532,0.3016,0.2132,-0.108,1.58,102.99,0.78,126075.0,0.0,0.0801,0.0512,-0.001,-0.0564,1.1225,-0.0153,0.83
2433,3199,0.1946,0.5543,0.2521,0.2811,0.1984,-0.1145,0.14,97.13,0.77,127387.0,0.0,0.0739,0.0481,-0.0008,-0.0546,1.1932,-0.014,0.83
2434,3199,0.1947,0.5555,0.2509,0.2802,0.2044,-0.1131,1.59,98.8,0.76,129819.0,0.0,0.0767,0.0473,-0.0007,-0.0529,1.2097,-0.0155,0.83
2435,3199,0.1935,0.5528,0.2547,0.2869,0.2009,-0.1159,1.01,93.15,0.77,127116.0,0.0,0.0768,0.0481,-0.001,-0.054,1.1582,-0.0143,0.83
2436,3199,0.1956,0.5466,0.2588,0.3178,0.2309,-0.1037,0.94,94.75,0.79,124306.0,0.0,0.0889,0.053,-0.001,-0.058,1.0909,-0.0138,0.83
2437,3199,0.194,0.5412,0.2656,0.3094,0.1878,-0.1099,0.45,112.89,0.76,129708.0,0.0,0.0794,0.051,-0.0008,-0.0557,1.1641,-0.0151,0.83
2438,3199,0.1977,0.5391,0.264,0.2926,0.2135,-0.1108,2.35,113.09,0.74,132327.0,0.0,0.0845,0.049,-0.0007,-0.0539,1.1674,-0.0152,0.83
2439,3199,0.1959,0.5385,0.2662,0.2966,0.2086,-0.1098,0.54,105.69,0.75,131141.0,0.0,0.0788,0.0505,-0.0012,-0.0559,1.3535,-0.0152,0.83
2440,3199,0.1939,0.5372,0.2695,0.2888,0.2099,-0.1137,1.49,94.23,0.75,131158.0,0.0,0.0828,0.0477,-0.0009,-0.0533,1.175,-0.0144,0.83
2441,3199,0.1919,0.5378,0.2709,0.3058,0.1931,-0.1127,1.42,109.83,0.76,129917.0,0.0,0.0818,0.0522,-0.0011,-0.0576,1.1591,-0.0134,0.83
2442,3199,0.1902,0.5346,0.2758,0.2835,0.1944,-0.1134,0.97,101.09,0.75,130432.0,0.0,0.0745,0.0483,-0.001,-0.0542,1.1278,-0.0151,0.83
2443,3199,0.1926,0.5338,0.274,0.3,0.2171,-0.1084,1.88,114.13,0.78,125829.0,0.0,0.0835,0.0502,-0.0012,-0.0558,1.1465,-0.0144,0.83
2444,3199,0.1932,0.5323,0.2751,0.2929,0.1971,-0.1131,1.02,88.0,0.74,132369.0,0.0,0.0758,0.0487,-0.0008,-0.053,1.1626,-0.014,0.83
2445,3199,0.1915,0.5362,0.2731,0.2768,0.2005,-0.1145,1.67,87.45,0.75,131270.0,0.0,0.0713,0.0471,-0.0009,-0.0514,1.2371,-0.0115,0.83
2446,3199,0.1885,0.5374,0.2746,0.3,0.2012,-0.1102,1.56,107.93,0.75,131657.0,0.0,0.0761,0.0515,-0.0008,-0.0569,1.1763,-0.0147,0.83
2447,3199,0.1865,0.5398,0.2741,0.2906,0.1885,-0.1113,1.35,105.03,0.78,126081.0,0.0,0.0764,0.05,-0.0008,-0.0543,1.1254,-0.0145,0.83
2448,3199,0.1862,0.5458,0.2685,0.2835,0.1993,-0.1168,0.9,100.8,0.79,124256.0,0.0,0.0785,0.0461,-0.0008,-0.0535,1.1554,-0.0136,0.83
2449,3199,0.1894,0.5475,0.2636,0.3037,0.2104,-0.1097,2.16,118.07,0.82,119501.0,0.0,0.0778,0.0517,-0.0009,-0.0582,1.2928,-0.0143,0.83
2450,3199,0.1887,0.5515,0.2603,0.2739,0.1921,-0.1172,1.55,86.64,0.78,125230.0,0.0,0.0736,0.046,-0.0007,-0.0517,1.1828,-0.0132,0.83
2451,3199,0.1904,0.5507,0.2595,0.3,0.2162,-0.1105,0.84,88.35,0.8,122961.0,0.0,0.0788,0.0495,-0.001,-0.0544,1.2409,-0.0139,0.83
2452,3199,0.1866,0.551,0.2628,0.2732,0.1896,-0.1168,-0.12,82.37,0.78,125752.0,0.0,0.0723,0.0445,-0.0007,-0.0489,1.2223,-0.0137,0.83
2453,3199,0.1891,0.5507,0.2605,0.2971,0.2155,-0.1117,2.67,131.88,0.77,128160.0,0.0,0.0786,0.0496,-0.0008,-0.0555,1.1066,-0.0153,0.83
2454,3199,0.1875,0.5497,0.2629,0.2796,0.1997,-0.1124,-0.02,89.26,0.75,130332.0,0.0,0.0728,0.0486,-0.0006,-0.0519,1.1662,-0.0151,0.83
2455,3199,0.1898,0.5449,0.2653,0.2967,0.2119,-0.1102,2.62,106.37,0.76,129544.0,0.0,0.0805,0.049,-0.0008,-0.0553,1.2069,-0.0141,0.83
2456,3199,0.191,0.544,0.265,0.2959,0.189,-0.1136,1.75,100.17,0.75,131247.0,0.0,0.0742,0.0496,-0.0008,-0.0569,1.2006,-0.0132,0.83
2457,3199,0.1873,0.5476,0.265,0.2869,0.1884,-0.1154,2.22,108.95,0.75,130476.0,0.0,0.078,0.0489,-0.0008,-0.0538,1.2113,-0.0143,0.83
2458,3199,0.1876,0.5476,0.2648,0.2944,0.195,-0.1129,1.31,99.96,0.8,123194.0,0.0,0.08,0.0493,-0.001,-0.0544,1.2161,-0.0133,0.83
2459,3199,0.1868,0.5461,0.2673,0.2941,0.1903,-0.1112,0.93,98.96,0.78,126177.0,0.0,0.0762,0.0504,-0.001,-0.054,1.037,-0.013,0.83
2460,3199,0.1897,0.5409,0.2697,0.2955,0.2076,-0.1102,1.57,98.17,0.83,119051.0,0.0,0.0787,0.0502,-0.001,-0.0563,1.2027,-0.0137,0.83
2461,3199,0.1892,0.5445,0.2668,0.2861,0.1957,-0.1147,1.09,89.1,0.82,120385.0,0.0,0.0779,0.0481,-0.0009,-0.0518,1.2046,-0.0154,0.83
2462,3199,0.1886,0.5467,0.2655,0.3,0.1975,-0.1103,0.95,108.54,0.78,125644.0,0.0,0.0804,0.0514,-0.001,-0.056,1.1326,-0.0151,0.83
2463,3199,0.1862,0.5425,0.2723,0.2941,0.2047,-0.1126,1.99,103.22,0.81,121656.0,0.0,0.075,0.0498,-0.0009,-0.0539,1.1827,-0.0147,0.83
2464,3199,0.1891,0.5438,0.2681,0.2959,0.1944,-0.1096,1.62,115.0,0.79,124124.0,0.0,0.0776,0.0494,-0.0009,-0.0531,1.1875,-0.015,0.83
2465,3199,0.189,0.5435,0.2684,0.2807,0.192,-0.1166,1.92,94.04,0.8,123309.0,0.0,0.0769,0.0473,-0.0014,-0.0519,1.0841,-0.0146,0.83
2466,3199,0.187,0.5438,0.2699,0.3019,0.2024,-0.1077,0.24,111.22,0.78,125399.0,0.0,0.0786,0.0526,-0.0012,-0.0568,1.158,-0.0146,0.83
2467,3199,0.1835,0.5422,0.2751,0.2937,0.1835,-0.1168,0.85,95.92,0.77,127665.0,0.0,0.0746,0.0488,-0.0014,-0.0537,1.2151,-0.0146,0.83
2468,3199,0.1859,0.5417,0.2731,0.2797,0.1926,-0.1129,0.55,88.35,0.8,123452.0,0.0,0.0772,0.0483,-0.001,-0.0511,1.2087,-0.0138,0.83
2469,3199,0.1873,0.5444,0.2687,0.2791,0.1837,-0.115,0.99,113.66,0.8,122761.0,0.0,0.0704,0.0477,-0.0007,-0.0503,1.1506,-0.0131,0.83
2470,3199,0.1865,0.5471,0.2671,0.2822,0.2021,-0.114,0.02,100.28,0.79,123666.0,0.0,0.0734,0.0491,-0.0012,-0.0526,1.2691,-0.0143,0.83
2471,3199,0.1839,0.5466,0.27,0.2895,0.1683,-0.1143,0.49,108.25,0.75,130507.0,0.0,0.0637,0.0522,-0.0007,-0.0547,1.2372,-0.0145,0.83
2472,3199,0.1808,0.5475,0.272,0.2797,0.1846,-0.1168,0.9,99.38,0.75,131088.0,0.0,0.0685,0.0484,-0.0009,-0.0541,1.1826,-0.0155,0.83
2473,3199,0.1837,0.5501,0.2667,0.3056,0.2122,-0.1049,2.47,123.48,0.74,132049.0,0.0,0.0789,0.0518,-0.0006,-0.0554,1.2087,-0.0144,0.83
2474,3199,0.1863,0.5456,0.2684,0.2914,0.199,-0.1136,0.42,89.74,0.75,131248.0,0.0,0.075,0.05,-0.0012,-0.0529,1.2664,-0.0146,0.83
2475,3199,0.1828,0.5501,0.2674,0.2736,0.1703,-0.1204,0.72,99.94,0.75,130358.0,0.0,0.0656,0.0482,-0.0007,-0.052,1.1603,-0.0132,0.83
2476,3199,0.1815,0.5494,0.2694,0.2858,0.1887,-0.1145,1.5,92.03,0.77,128023.0,0.0,0.0735,0.0488,-0.0009,-0.0509,1.1401,-0.0153,0.83
2477,3199,0.1855,0.5453,0.2694,0.3055,0.2041,-0.1095,1.81,111.63,0.82,120441.0,0.0,0.0788,0.0525,-0.0012,-0.0558,1.2005,-0.016,0.83
2478,3199,0.1875,0.5479,0.2652,0.2815,0.209,-0.1131,1.0,96.54,0.78,125430.0,0.0,0.0748,0.0479,-0.0019,-0.0507,1.4236,-0.0071,0.83
2479,3199,0.1858,0.5483,0.2666,0.2853,0.1916,-0.1158,1.06,97.68,0.75,131909.0,0.0,0.0759,0.0489,-0.0008,-0.0525,1.3043,-0.0105,0.83
2480,3199,0.1847,0.5486,0.2673,0.2869,0.1826,-0.1161,0.95,97.6,0.75,130759.0,0.0,0.0738,0.0487,-0.0008,-0.0512,1.1975,-0.0142,0.83
2481,3199,0.185,0.5479,0.2678,0.2972,0.1988,-0.1128,0.81,105.42,0.76,130199.0,0.0,0.0787,0.0498,-0.0011,-0.0542,1.1498,-0.0152,0.83
2482,3199,0.1861,0.5469,0.2676,0.2907,0.1979,-0.1133,0.47,109.2,0.76,130012.0,0.0,0.0748,0.0499,-0.0008,-0.0531,1.102,-0.0128,0.83
2483,3199,0.188,0.5471,0.2654,0.2948,0.1913,-0.1137,1.44,115.73,0.79,125129.0,0.0,0.0781,0.0486,-0.0007,-0.0532,1.1176,-0.0142,0.83
2484,3199,0.1897,0.5442,0.2669,0.313,0.2036,-0.109,2.35,108.27,0.79,124132.0,0.0,0.0851,0.0522,-0.0011,-0.0567,1.2461,-0.0144,0.83
2485,3199,0.1899,0.538,0.2731,0.2959,0.1829,-0.1139,0.63,93.99,0.76,130044.0,0.0,0.0711,0.0503,-0.0009,-0.0557,1.1553,-0.0142,0.83
2486,3199,0.1881,0.5372,0.2758,0.2896,0.2088,-0.1126,0.67,91.82,0.75,130663.0,0.0,0.0818,0.0479,-0.0012,-0.0517,1.1279,-0.0142,0.83
2487,3199,0.1879,0.5387,0.2745,0.3101,0.1907,-0.1095,1.27,96.45,0.75,130608.0,0.0,0.0798,0.052,-0.0014,-0.0562,1.1031,-0.0147,0.83
2488,3199,0.1888,0.5374,0.2745,0.2951,0.1827,-0.113,1.1,122.2,0.75,130499.0,0.0,0.0706,0.0525,-0.0015,-0.0547,1.0666,-0.0134,0.83
2489,3199,0.1872,0.5379,0.2753,0.317,0.2052,-0.1084,1.09,112.45,0.74,132299.0,0.0,0.0829,0.0529,-0.0009,-0.058,1.1162,-0.0142,0.83
2490,3199,0.1879,0.5384,0.2742,0.2966,0.2016,-0.1147,0.94,94.73,0.75,130995.0,0.0,0.0799,0.0496,-0.001,-0.0541,1.203,-0.015,0.83
2491,3199,0.1895,0.5382,0.2727,0.2892,0.2105,-0.1124,2.88,116.66,0.75,131823.0,0.0,0.0795,0.0488,-0.0009,-0.0541,1.2161,-0.0162,0.83
2492,3199,0.1911,0.5356,0.2739,0.326,0.2105,-0.1031,2.17,120.31,0.75,131473.0,0.0,0.085,0.056,-0.0009,-0.0601,1.2089,-0.016,0.83
2493,3199,0.1941,0.5344,0.2726,0.2959,0.2226,-0.1104,1.55,105.83,0.77,128188.0,0.0,0.0847,0.0498,-0.0013,-0.0521,1.2195,-0.013,0.83
2494,3199,0.1925,0.5357,0.2728,0.3031,0.1909,-0.1107,1.11,92.75,0.83,119080.0,0.0,0.0772,0.0528,-0.001,-0.0551,1.3013,-0.0147,0.83
2495,3199,0.1884,0.5412,0.271,0.2826,0.1868,-0.1195,1.02,95.57,0.8,122421.0,0.0,0.075,0.0467,-0.0013,-0.0511,1.2891,-0.0144,0.83
2496,3199,0.1873,0.5461,0.2669,0.2925,0.2057,-0.114,1.22,103.52,0.8,123151.0,0.0,0.0762,0.0487,-0.0009,-0.0531,1.132,-0.0147,0.83
2497,3199,0.1844,0.5491,0.2669,0.2814,0.1875,-0.1129,1.47,101.89,0.76,129840.0,0.0,0.0699,0.0504,-0.0009,-0.0553,1.0945,-0.0133,0.83
2498,3199,0.1879,0.5494,0.2631,0.2942,0.2083,-0.1091,2.12,105.2,0.76,128933.0,0.0,0.0788,0.0492,-0.0012,-0.0529,1.065,-0.0139,0.83
2499,3199,0.1887,0.5508,0.2608,0.2805,0.1904,-0.1163,1.32,117.11,0.84,116428.0,0.0,0.0736,0.0491,-0.0012,-0.0525,1.1467,-0.0133,0.83
2500,3199,0.1933,0.541,0.2661,0.2972,0.2141,-0.1084,1.49,117.18,0.8,122566.0,0.0,0.0817,0.0504,-0.0008,-0.0546,1.1968,-0.0136,0.83
2501,3199,0.1936,0.5377,0.2687,0.2858,0.1939,-0.1151,0.51,107.69,0.78,125284.0,0.0,0.0739,0.0486,-0.0008,-0.0532,1.1113,-0.0131,0.83
2502,3199,0.1934,0.5369,0.2697,0.3102,0.1867,-0.1098,-0.03,104.27,0.78,125851.0,0.0,0.0802,0.0522,-0.0008,-0.058,1.2171,-0.0149,0.83
2503,3199,0.1909,0.5398,0.2693,0.3035,0.2077,-0.1111,0.77,97.34,0.77,127877.0,0.0,0.0808,0.0502,-0.0008,-0.0542,1.2037,-0.0149,0.83
2504,3199,0.192,0.5351,0.2729,0.3085,0.2208,-0.105,1.68,102.85,0.77,127624.0,0.0,0.083,0.0529,-0.0006,-0.0572,1.2059,-0.0129,0.83
2505,3199,0.1932,0.5319,0.2749,0.2809,0.1758,-0.1165,-0.21,99.41,0.79,125043.0,0.0,0.0699,0.0494,-0.0014,-0.054,1.1676,-0.0145,0.83
2506,3199,0.1922,0.533,0.275,0.2842,0.2004,-0.1129,1.2,96.34,0.78,125246.0,0.0,0.0764,0.0492,-0.0007,-0.0523,1.1725,-0.0144,0.83
2507,3199,0.1912,0.5337,0.2758,0.3039,0.2004,-0.1063,1.86,116.29,0.76,129304.0,0.0,0.0777,0.0526,-0.001,-0.0571,1.1609,-0.0134,0.83
2508,3199,0.1933,0.5327,0.2747,0.2887,0.2098,-0.113,2.72,104.96,0.78,125251.0,0.0,0.0781,0.048,-0.0011,-0.0522,1.2238,-0.0136,0.83
2509,3199,0.192,0.5365,0.272,0.2775,0.1989,-0.1195,0.76,85.34,0.84,117544.0,0.0,0.0741,0.0467,-0.0009,-0.0503,1.2076,-0.0137,0.83
2510,3199,0.1893,0.543,0.2684,0.306,0.2048,-0.1092,2.03,108.42,0.76,129565.0,0.0,0.0815,0.0515,-0.001,-0.0556,1.1937,-0.0145,0.83
2511,3199,0.1931,0.5381,0.2696,0.2966,0.2145,-0.1133,2.01,104.99,0.75,130332.0,0.0,0.083,0.0484,-0.0011,-0.0538,1.1511,-0.0149,0.83
2512,3199,0.1908,0.5417,0.2683,0.3103,0.1938,-0.1124,-0.47,100.28,0.75,131722.0,0.0,0.0796,0.051,-0.0012,-0.0581,1.5071,-0.0112,0.83
2513,3199,0.1913,0.5363,0.2729,0.2894,0.2146,-0.111,1.74,92.83,0.75,131258.0,0.0,0.0749,0.0506,-0.001,-0.0549,1.4775,-0.0122,0.83
2514,3199,0.1894,0.5416,0.2695,0.312,0.2083,-0.1061,2.73,123.55,0.75,131385.0,0.0,0.0779,0.0519,-0.001,-0.0579,1.161,-0.0157,0.83
2515,3199,0.1866,0.5444,0.2695,0.2906,0.1716,-0.1135,0.94,89.09,0.75,131276.0,0.0,0.0706,0.0495,-0.001,-0.0564,1.1669,-0.0153,0.83
2516,3199,0.1854,0.5475,0.2674,0.2871,0.1932,-0.1155,1.09,77.57,0.78,125251.0,0.0,0.0737,0.0471,-0.0009,-0.0522,1.1569,-0.0138,0.83
2517,3199,0.1895,0.5476,0.2633,0.2972,0.1903,-0.1121,0.9,115.4,0.77,128423.0,0.0,0.0748,0.0508,-0.0012,-0.0568,1.1813,-0.0149,0.84
2518,3199,0.1903,0.5513,0.2587,0.2912,0.1976,-0.1131,0.84,93.59,0.79,124720.0,0.0,0.0783,0.0479,-0.001,-0.0515,1.2427,-0.0144,0.84
2519,3199,0.1924,0.5458,0.2622,0.2988,0.2092,-0.1101,1.02,98.91,0.87,112384.0,0.0,0.08,0.0506,-0.001,-0.0556,1.1446,-0.0145,0.84
2520,3199,0.1895,0.5404,0.2704,0.2971,0.1833,-0.1119,0.88,96.06,0.86,114354.0,0.0,0.0745,0.0489,-0.001,-0.0534,1.1057,-0.0155,0.84
2521,3199,0.1871,0.5436,0.2694,0.2956,0.1874,-0.1141,1.89,102.21,0.79,123782.0,0.0,0.0749,0.0495,-0.0011,-0.0552,1.2973,-0.0146,0.84
2522,3199,0.1854,0.5524,0.2625,0.2784,0.1772,-0.1203,1.64,101.66,0.81,120859.0,0.0,0.0709,0.0469,-0.0009,-0.0511,1.2778,-0.0152,0.84
2523,3199,0.1808,0.5621,0.2575,0.2821,0.1758,-0.1212,0.21,78.33,0.8,123442.0,0.0,0.0724,0.0468,-0.0007,-0.0511,1.1515,-0.0153,0.84
2524,3199,0.1787,0.5611,0.2607,0.3064,0.2,-0.1085,0.31,88.44,0.79,124174.0,0.0,0.0762,0.0527,-0.0013,-0.0566,1.1031,-0.0132,0.84
2525,3199,0.1795,0.5558,0.2652,0.3002,0.2033,-0.109,1.43,104.76,0.82,120010.0,0.0,0.077,0.0508,-0.0012,-0.0542,1.1538,-0.015,0.84
2526,3199,0.1806,0.5555,0.2644,0.2967,0.2095,-0.1097,0.9,98.69,0.8,123110.0,0.0,0.0751,0.0508,-0.0008,-0.0562,1.1096,-0.0158,0.84
2527,3199,0.1799,0.5533,0.2675,0.3046,0.1923,-0.1093,0.7,95.94,0.74,131951.0,0.0,0.0748,0.0517,-0.0009,-0.0565,1.1497,-0.0148,0.84
2528,3199,0.1809,0.551,0.2688,0.2921,0.1868,-0.1125,1.26,111.99,0.75,131886.0,0.0,0.0723,0.0514,-0.0022,-0.0546,1.1127,-0.0116,0.84
2529,3199,0.1818,0.5478,0.2712,0.2998,0.2,-0.1101,0.66,87.92,0.76,130112.0,0.0,0.0792,0.0512,-0.001,-0.0543,1.1303,-0.011,0.84
2530,3199,0.1813,0.5502,0.2693,0.2916,0.1844,-0.1131,2.33,106.46,0.75,131690.0,0.0,0.0718,0.051,-0.0011,-0.0538,1.1228,-0.0145,0.84
2531,3199,0.1803,0.5523,0.2683,0.2976,0.1805,-0.1122,0.97,96.61,0.78,125746.0,0.0,0.0738,0.0518,-0.001,-0.0553,1.3223,-0.0146,0.84
2532,3199,0.1758,0.5565,0.2684,0.294,0.1694,-0.1171,0.44,95.99,0.76,128854.0,0.0,0.0713,0.0491,-0.0008,-0.0553,1.218,-0.015,0.84
2533,3199,0.1775,0.5552,0.2681,0.2809,0.1889,-0.1159,0.38,96.97,0.79,125071.0,0.0,0.0712,0.0468,-0.0011,-0.0495,1.1235,-0.0142,0.84
2534,3199,0.1788,0.5542,0.2678,0.2991,0.1972,-0.1094,2.04,116.33,0.75,130689.0,0.0,0.0762,0.0503,-0.0008,-0.0563,1.1561,-0.0151,0.84
2535,3199,0.1835,0.5453,0.2725,0.3135,0.1839,-0.1094,1.62,95.41,0.79,123684.0,0.0,0.0766,0.0517,-0.001,-0.0577,1.0836,-0.0154,0.84
2536,3199,0.1886,0.5374,0.2755,0.2978,0.2095,-0.111,1.58,94.34,0.77,127452.0,0.0,0.0796,0.0484,-0.001,-0.0529,1.1917,-0.0154,0.84
2537,3199,0.1899,0.5352,0.2763,0.2881,0.1859,-0.1154,0.55,96.17,0.75,130670.0,0.0,0.0699,0.0491,-0.0007,-0.0533,1.2047,-0.0138,0.84
2538,3199,0.1866,0.5386,0.2757,0.2935,0.1734,-0.1134,0.72,95.93,0.77,128147.0,0.0,0.0694,0.0493,-0.0023,-0.0547,1.1573,-0.0143,0.84
2539,3199,0.187,0.5332,0.2808,0.3068,0.2059,-0.1103,1.12,98.39,0.75,130886.0,0.0,0.0831,0.0503,-0.0008,-0.0548,1.0797,-0.0113,0.84
2540,3199,0.1891,0.5357,0.2767,0.2989,0.1987,-0.1087,1.53,95.53,0.81,121280.0,0.0,0.0781,0.0507,-0.0009,-0.0544,1.1493,-0.0123,0.84
2541,3199,0.1906,0.5294,0.2819,0.3045,0.204,-0.1083,1.09,111.11,0.77,127486.0,0.0,0.0796,0.051,-0.0009,-0.0549,1.1155,-0.0149,0.84
2542,3199,0.1921,0.5272,0.2827,0.2871,0.2073,-0.1123,1.27,107.67,0.75,131222.0,0.0,0.0776,0.048,-0.0007,-0.0515,1.1506,-0.0132,0.84
2543,3199,0.1933,0.5253,0.2833,0.3058,0.1999,-0.1114,1.47,96.98,0.76,128902.0,0.0,0.0781,0.0503,-0.0008,-0.056,1.2176,-0.0133,0.84
2544,3199,0.19,0.533,0.2787,0.268,0.1854,-0.1184,1.72,101.5,0.79,123818.0,0.0,0.069,0.0454,-0.0009,-0.0496,1.1287,-0.0145,0.84
2545,3199,0.1876,0.5379,0.2758,0.2834,0.1916,-0.1172,1.03,86.81,0.79,124409.0,0.0,0.0749,0.0472,-0.0008,-0.0521,1.0689,-0.0154,0.84
2546,3199,0.1899,0.5387,0.2725,0.3096,0.2173,-0.104,2.2,101.34,0.76,128726.0,0.0,0.0818,0.0525,-0.0014,-0.0577,1.2733,-0.0126,0.84
2547,3199,0.1905,0.5366,0.2743,0.2853,0.1693,-0.1179,0.89,88.25,0.8,123243.0,0.0,0.0692,0.0488,-0.0008,-0.0538,1.1223,-0.0139,0.84
2548,3199,0.1935,0.5368,0.2712,0.2882,0.212,-0.1113,1.79,95.89,0.75,130659.0,0.0,0.0788,0.048,-0.001,-0.0539,1.1158,-0.0146,0.84
2549,3199,0.1917,0.5423,0.2672,0.3003,0.2064,-0.1124,2.67,109.42,0.76,128988.0,0.0,0.0829,0.0485,-0.0007,-0.0534,1.2181,-0.0144,0.84
2550,3199,0.193,0.5444,0.2636,0.2914,0.2078,-0.1137,1.74,100.1,0.8,123452.0,0.0,0.0857,0.0484,-0.0007,-0.0522,1.2605,-0.0111,0.84
2551,3199,0.194,0.5473,0.26,0.2879,0.2203,-0.1151,3.76,103.84,0.79,123696.0,0.0,0.0821,0.0477,-0.0009,-0.0536,1.1678,-0.0138,0.84
2552,3199,0.1951,0.5506,0.2555,0.2969,0.1968,-0.1135,2.07,106.58,0.77,127038.0,0.0,0.0744,0.0502,-0.0008,-0.0559,1.2191,-0.0156,0.84
2553,3199,0.1943,0.5479,0.2592,0.3009,0.1917,-0.1106,0.54,99.84,0.78,126259.0,0.0,0.0816,0.0498,-0.0009,-0.0557,1.1969,-0.0146,0.84
2554,3199,0.1932,0.5442,0.2638,0.2999,0.2008,-0.1095,1.94,106.63,0.78,125402.0,0.0,0.0803,0.0516,-0.0012,-0.0559,1.168,-0.0124,0.84
2555,3199,0.192,0.5484,0.2611,0.2859,0.1842,-0.116,1.4,122.05,0.8,123607.0,0.0,0.0748,0.0469,-0.0009,-0.0529,1.1899,-0.0148,0.84
2556,3199,0.1928,0.5478,0.2606,0.299,0.197,-0.1128,2.42,109.21,0.78,125424.0,0.0,0.082,0.0494,-0.0008,-0.0538,1.1785,-0.0157,0.84
2557,3199,0.1892,0.5468,0.2652,0.3233,0.2034,-0.1067,1.47,93.32,0.81,122052.0,0.0,0.0809,0.0553,-0.0009,-0.0587,1.2094,-0.0151,0.84
2558,3199,0.1906,0.5476,0.2628,0.2971,0.2271,-0.1134,2.12,104.17,0.82,120571.0,0.0,0.0892,0.0473,-0.0009,-0.054,1.2183,-0.0137,0.84
2559,3199,0.1947,0.5449,0.2614,0.32,0.2298,-0.1043,2.02,96.01,0.79,124882.0,0.0,0.0897,0.053,-0.0011,-0.0578,1.0973,-0.0149,0.84
2560,3199,0.1967,0.5403,0.264,0.3108,0.212,-0.1056,2.27,110.12,0.75,130285.0,0.0,0.0827,0.0523,-0.0007,-0.057,1.1,-0.0148,0.84
2561,3199,0.1965,0.5371,0.2674,0.3013,0.1969,-0.1104,1.76,109.09,0.78,126223.0,0.0,0.0827,0.0506,-0.0012,-0.0538,1.1404,-0.0119,0.84
2562,3199,0.1966,0.5367,0.2674,0.3083,0.2108,-0.1088,1.76,108.23,0.77,127523.0,0.0,0.0804,0.0511,-0.0008,-0.0571,1.2246,-0.0157,0.84
2563,3199,0.1988,0.5405,0.2613,0.2951,0.2217,-0.1102,2.0,109.42,0.75,130733.0,0.0,0.0836,0.0506,-0.0012,-0.0547,1.2565,-0.0158,0.84
2564,3199,0.2027,0.5386,0.2593,0.2827,0.2055,-0.1163,0.75,83.99,0.79,124408.0,0.0,0.0837,0.047,-0.0008,-0.0514,1.2569,-0.0147,0.84
2565,3199,0.2044,0.5366,0.2596,0.2951,0.2135,-0.1124,2.2,108.41,0.8,122735.0,0.0,0.0831,0.0501,-0.0013,-0.0547,1.1567,-0.0147,0.84
2566,3199,0.2069,0.5304,0.2635,0.2879,0.2225,-0.1105,2.08,96.79,0.8,122682.0,0.0,0.083,0.049,-0.0009,-0.0528,1.1305,-0.015,0.84
2567,3199,0.2075,0.5328,0.2604,0.2763,0.213,-0.1154,0.51,87.28,0.77,127820.0,0.0,0.0811,0.0468,-0.001,-0.0514,1.1773,-0.0127,0.84
2568,3199,0.2035,0.5334,0.264,0.3092,0.2128,-0.1107,1.64,104.91,0.77,127043.0,0.0,0.086,0.051,-0.0012,-0.0576,1.6218,-0.0121,0.84
2569,3199,0.2025,0.5325,0.2656,0.3002,0.2006,-0.1107,2.54,110.34,0.79,124591.0,0.0,0.0803,0.0506,-0.001,-0.0556,1.1468,-0.0151,0.84
2570,3199,0.2034,0.5314,0.2655,0.3111,0.2228,-0.107,1.0,102.71,0.77,127844.0,0.0,0.0884,0.052,-0.0022,-0.0576,1.1243,-0.0153,0.84
2571,3199,0.2019,0.5372,0.2612,0.3141,0.2393,-0.1048,4.12,117.1,0.78,126407.0,0.0,0.0923,0.0518,-0.0008,-0.0578,1.0787,-0.0151,0.84
2572,3199,0.2053,0.5337,0.2613,0.3041,0.2169,-0.1093,0.96,101.19,0.76,128598.0,0.0,0.0854,0.0509,-0.0009,-0.0558,1.1557,-0.0145,0.84
2573,3199,0.2044,0.5274,0.2686,0.3155,0.2213,-0.105,2.66,111.91,0.75,130539.0,0.0,0.0896,0.0536,-0.0009,-0.058,1.2091,-0.0133,0.84
2574,3199,0.2037,0.5254,0.2715,0.3089,0.2064,-0.1096,1.96,94.2,0.8,122668.0,0.0,0.0865,0.0509,-0.001,-0.0573,1.1681,-0.0131,0.84
2575,3199,0.206,0.5227,0.272,0.3212,0.2205,-0.1012,2.03,117.26,0.8,122690.0,0.0,0.0864,0.0541,-0.0011,-0.059,1.0772,-0.0155,0.84
2576,3199,0.206,0.5251,0.2698,0.3046,0.2307,-0.108,1.89,104.81,0.79,124079.0,0.0,0.0887,0.0504,-0.0016,-0.0573,1.2186,-0.0116,0.84
2577,3199,0.2066,0.5244,0.2699,0.3016,0.2199,-0.1089,0.47,84.47,0.8,123374.0,0.0,0.081,0.0524,-0.0009,-0.0585,1.1925,-0.0152,0.84
2578,3199,0.2054,0.5234,0.272,0.2927,0.1827,-0.1141,0.5,99.92,0.78,125343.0,0.0,0.0766,0.049,-0.0011,-0.0554,1.1691,-0.0135,0.84
2579,3199,0.1996,0.5244,0.2767,0.2968,0.1919,-0.1117,2.0,103.79,0.75,130411.0,0.0,0.0776,0.0503,-0.0008,-0.0563,1.3415,-0.0135,0.84
2580,3199,0.1957,0.5262,0.2792,0.3116,0.1836,-0.1113,1.43,112.29,0.79,124976.0,0.0,0.0792,0.0518,-0.0011,-0.0568,1.1789,-0.0146,0.84
2581,3199,0.194,0.5314,0.2755,0.2856,0.1826,-0.1168,2.15,122.01,0.79,123991.0,0.0,0.0706,0.0481,-0.0006,-0.0543,1.1794,-0.0147,0.84
2582,3199,0.19,0.5403,0.2704,0.2803,0.1891,-0.1175,1.2,106.41,0.78,126586.0,0.0,0.0742,0.0478,-0.0012,-0.0518,1.1933,-0.0153,0.84
2583,3199,0.1922,0.5415,0.2669,0.3039,0.2032,-0.1077,0.98,98.53,0.76,129732.0,0.0,0.0853,0.0519,-0.0012,-0.058,1.2074,-0.0144,0.84
2584,3199,0.1905,0.5374,0.2725,0.3011,0.1954,-0.11,1.27,103.75,0.75,130903.0,0.0,0.0777,0.0514,-0.0011,-0.0569,1.1845,-0.0108,0.84
2585,3199,0.1902,0.5359,0.274,0.2875,0.2173,-0.1144,0.7,77.29,0.75,130457.0,0.0,0.0834,0.0476,-0.0009,-0.0521,1.2256,-0.0129,0.84
2586,3199,0.1901,0.5412,0.2688,0.2967,0.1916,-0.1142,1.39,107.14,0.75,131102.0,0.0,0.0829,0.0479,-0.001,-0.0541,1.1983,-0.0147,0.84
2587,3199,0.1858,0.5396,0.2748,0.3081,0.2028,-0.1102,1.72,84.73,0.75,131683.0,0.0,0.0844,0.0518,-0.0013,-0.0568,1.1453,-0.0146,0.84
2588,3199,0.1854,0.5439,0.2715,0.303,0.1936,-0.1107,1.34,111.3,0.75,131269.0,0.0,0.0798,0.0522,-0.001,-0.0568,1.2819,-0.0157,0.84
2589,3199,0.1842,0.5424,0.274,0.3133,0.1929,-0.1087,1.98,102.85,0.76,129277.0,0.0,0.0762,0.0542,-0.0011,-0.0589,1.0715,-0.0157,0.84
2590,3199,0.1844,0.5408,0.2755,0.3058,0.1962,-0.1095,1.3,96.34,0.75,130714.0,0.0,0.0795,0.0522,-0.0012,-0.0579,1.1626,-0.0132,0.84
2591,3199,0.1829,0.5402,0.2776,0.2996,0.2038,-0.1118,1.54,90.41,0.75,130468.0,0.0,0.0794,0.049,-0.0011,-0.0536,1.1724,-0.0131,0.84
2592,3199,0.1848,0.5393,0.2768,0.3038,0.1915,-0.1106,2.03,118.13,0.77,128457.0,0.0,0.0755,0.0525,-0.0009,-0.058,1.2157,-0.0115,0.84
2593,3199,0.1884,0.5393,0.273,0.3019,0.2032,-0.1124,0.78,88.13,0.76,130199.0,0.0,0.0818,0.0514,-0.001,-0.0552,1.2087,-0.0146,0.84
2594,3199,0.1856,0.5428,0.2723,0.2975,0.1788,-0.1141,0.56,94.6,0.77,127956.0,0.0,0.0739,0.051,-0.001,-0.0546,1.1393,-0.0142,0.84
2595,3199,0.1833,0.5448,0.2729,0.2943,0.2017,-0.1129,0.32,76.75,0.78,125844.0,0.0,0.0757,0.0479,-0.0011,-0.0539,1.1923,-0.0121,0.84
2596,3199,0.1834,0.5487,0.2688,0.2907,0.1836,-0.1177,0.13,76.79,0.79,124160.0,0.0,0.0735,0.0488,-0.0008,-0.0544,1.2128,-0.0152,0.84
2597,3199,0.1818,0.5498,0.2691,0.2968,0.1928,-0.1137,0.63,90.55,0.79,124662.0,0.0,0.0781,0.0499,-0.0007,-0.0538,1.1303,-0.0157,0.84
2598,3199,0.1793,0.5483,0.273,0.2986,0.1757,-0.1146,1.07,97.61,0.79,124802.0,0.0,0.0718,0.0507,-0.0011,-0.0557,1.1624,-0.0157,0.84
2599,3199,0.1832,0.547,0.2704,0.2782,0.1981,-0.1173,0.62,85.3,0.77,127809.0,0.0,0.0758,0.0459,-0.0007,-0.0519,1.2042,-0.0152,0.84
2600,3199,0.1844,0.5508,0.2656,0.2836,0.1886,-0.1164,0.16,88.08,0.78,126745.0,0.0,0.0745,0.0475,-0.0011,-0.0528,1.1879,-0.0131,0.84
2601,3199,0.189,0.5461,0.2656,0.2992,0.2081,-0.1107,1.05,96.77,0.8,123283.0,0.0,0.0818,0.051,-0.001,-0.0585,1.1392,-0.016,0.84
2602,3199,0.1943,0.5401,0.2664,0.2973,0.1999,-0.1121,0.89,97.81,0.8,123143.0,0.0,0.0754,0.0518,-0.001,-0.0566,1.1545,-0.0148,0.84
2603,3199,0.1954,0.5392,0.2662,0.2868,0.1838,-0.1174,2.03,112.82,0.76,128836.0,0.0,0.0744,0.0482,-0.001,-0.0526,1.1605,-0.0152,0.84
2604,3199,0.1955,0.5337,0.2716,0.2968,0.2098,-0.1131,0.97,87.87,0.76,129305.0,0.0,0.0823,0.0491,-0.0012,-0.0544,1.1913,-0.0133,0.84
2605,3199,0.1926,0.5372,0.2712,0.3093,0.1933,-0.11,1.37,108.93,0.75,131712.0,0.0,0.082,0.0527,-0.0007,-0.0585,1.1476,-0.0152,0.84
2606,3199,0.1939,0.5415,0.2656,0.292,0.2327,-0.1097,0.91,99.38,0.76,130098.0,0.0,0.0878,0.048,-0.0009,-0.0524,1.2055,-0.014,0.84
2607,3199,0.1984,0.5458,0.2573,0.3084,0.2101,-0.1097,-0.47,105.45,0.83,118821.0,0.0,0.0834,0.051,-0.0011,-0.0561,1.21,-0.0152,0.84
2608,3199,0.195,0.5491,0.2576,0.2874,0.2014,-0.1155,0.63,95.08,0.79,124376.0,0.0,0.0826,0.0464,-0.0011,-0.0511,1.053,-0.0156,0.84
2609,3199,0.2,0.5475,0.2545,0.2877,0.218,-0.1119,0.65,97.64,0.81,121374.0,0.0,0.0821,0.0492,-0.001,-0.0536,1.1131,-0.016,0.84
2610,3199,0.1935,0.5518,0.2562,0.2974,0.1836,-0.1132,2.42,107.79,0.78,125421.0,0.0,0.0752,0.0522,-0.0009,-0.0561,1.3059,-0.0157,0.84
2611,3199,0.1952,0.5507,0.2556,0.2911,0.212,-0.115,1.01,79.78,0.8,122194.0,0.0,0.0833,0.0488,-0.0014,-0.0538,1.3451,-0.0145,0.84
2612,3199,0.2009,0.5524,0.2477,0.3008,0.2067,-0.1144,1.08,103.59,0.81,121734.0,0.0,0.0838,0.0505,-0.0012,-0.0552,1.3853,-0.0143,0.84
2613,3199,0.2018,0.5525,0.2472,0.2875,0.2025,-0.1184,1.2,85.17,0.8,123392.0,0.0,0.0835,0.0468,-0.0011,-0.0514,1.2156,-0.0136,0.84
2614,3199,0.2016,0.5505,0.2494,0.3066,0.2114,-0.1104,1.64,97.63,0.78,125358.0,0.0,0.0876,0.0502,-0.0011,-0.0566,1.1582,-0.0159,0.84
2615,3199,0.2041,0.5479,0.2493,0.2881,0.223,-0.1134,0.5,96.57,0.78,126802.0,0.0,0.0836,0.0483,-0.001,-0.0524,1.1878,-0.0148,0.84
2616,3199,0.2034,0.5465,0.2513,0.2986,0.2025,-0.1123,2.13,110.67,0.75,130470.0,0.0,0.0801,0.0497,-0.001,-0.0551,1.1655,-0.0144,0.84
2617,3199,0.2028,0.5439,0.2543,0.2929,0.1922,-0.1126,1.63,93.07,0.83,119136.0,0.0,0.0796,0.0499,-0.001,-0.0545,1.1407,-0.0151,0.84
2618,3199,0.2054,0.5424,0.2534,0.279,0.2226,-0.1148,0.86,88.17,0.75,131409.0,0.0,0.0825,0.0462,-0.0008,-0.0519,1.1733,-0.0144,0.84
2619,3199,0.2098,0.5387,0.2525,0.3035,0.2266,-0.1086,0.49,94.62,0.75,131576.0,0.0,0.0845,0.0519,-0.0011,-0.0563,1.1519,-0.014,0.84
2620,3199,0.2105,0.5326,0.2578,0.3036,0.1989,-0.1079,1.11,106.03,0.75,131179.0,0.0,0.0799,0.0524,-0.0012,-0.0579,1.1642,-0.0145,0.84
2621,3199,0.2075,0.5316,0.2621,0.2913,0.2014,-0.1136,1.29,99.22,0.75,131290.0,0.0,0.0792,0.0485,-0.0007,-0.0524,1.1063,-0.0144,0.84
2622,3199,0.2035,0.5334,0.2645,0.2995,0.2024,-0.1117,1.52,107.01,0.8,122818.0,0.0,0.0811,0.0506,-0.001,-0.0552,1.1035,-0.0152,0.84
2623,3199,0.2033,0.5316,0.2664,0.3144,0.207,-0.1054,1.38,94.44,0.76,128693.0,0.0,0.0821,0.053,-0.001,-0.057,1.1709,-0.0148,0.84
2624,3199,0.2026,0.5316,0.2673,0.3065,0.2041,-0.1094,1.59,88.58,0.77,127647.0,0.0,0.0816,0.0526,-0.0012,-0.0588,1.2428,-0.0147,0.84
2625,3199,0.2041,0.5309,0.2664,0.3012,0.2318,-0.1089,2.54,116.73,0.78,125526.0,0.0,0.0866,0.0513,-0.0009,-0.0553,1.2139,-0.0154,0.84
2626,3199,0.2041,0.5285,0.2685,0.2846,0.2124,-0.1142,1.96,79.84,0.78,126515.0,0.0,0.0777,0.0496,-0.0011,-0.054,1.197,-0.016,0.84
2627,3199,0.2052,0.5291,0.2668,0.2983,0.2255,-0.1079,1.41,105.09,0.85,115183.0,0.0,0.0877,0.0498,-0.001,-0.0543,1.1779,-0.0148,0.84
2628,3199,0.2046,0.5293,0.267,0.306,0.2189,-0.1104,2.34,101.64,0.76,129808.0,0.0,0.085,0.0508,-0.0012,-0.0553,1.232,-0.0149,0.84
2629,3199,0.2061,0.5265,0.2681,0.3007,0.2175,-0.1113,0.48,98.45,0.78,125933.0,0.0,0.0825,0.0501,-0.0009,-0.0551,1.2816,-0.0141,0.84
2630,3199,0.1985,0.5352,0.2671,0.2901,0.2082,-0.1112,1.51,94.14,0.77,127243.0,0.0,0.078,0.0503,-0.0013,-0.0557,1.2149,-0.0158,0.84
2631,3199,0.1987,0.5369,0.2651,0.2838,0.2096,-0.1178,1.35,82.4,0.8,122505.0,0.0,0.0849,0.0461,-0.0011,-0.0533,1.3068,-0.0151,0.84
2632,3199,0.2028,0.5406,0.2573,0.2844,0.2143,-0.115,1.34,97.22,0.79,125131.0,0.0,0.0801,0.048,-0.001,-0.0534,1.196,-0.0146,0.84
2633,3199,0.2038,0.5472,0.2498,0.3025,0.2088,-0.1111,0.63,102.93,0.76,129544.0,0.0,0.086,0.05,-0.0007,-0.0553,1.1407,-0.0147,0.84
2634,3199,0.2115,0.544,0.2452,0.3156,0.2402,-0.1063,1.66,102.14,0.74,131954.0,0.0,0.0944,0.0513,-0.001,-0.06,1.249,-0.0156,0.84
2635,3199,0.2129,0.5455,0.2423,0.2927,0.2315,-0.1133,1.65,106.67,0.76,130168.0,0.0,0.0846,0.0492,-0.0011,-0.0541,1.248,-0.0159,0.84
2636,3199,0.2108,0.5458,0.2442,0.3032,0.2022,-0.1124,2.12,92.17,0.76,130111.0,0.0,0.0831,0.0502,-0.001,-0.0576,1.2355,-0.0145,0.84
2637,3199,0.2067,0.5478,0.2463,0.3027,0.2128,-0.1107,2.18,105.27,0.79,125093.0,0.0,0.0836,0.0506,-0.0011,-0.0578,1.1858,-0.014,0.84
2638,3199,0.204,0.5499,0.247,0.2819,0.2199,-0.1139,0.01,78.72,0.77,127779.0,0.0,0.0835,0.0481,-0.0015,-0.0533,1.1863,-0.0146,0.84
2639,3199,0.2087,0.5484,0.2441,0.282,0.2275,-0.116,0.86,99.05,0.8,122867.0,0.0,0.084,0.0473,-0.0007,-0.0516,1.1871,-0.0144,0.84
2640,3199,0.2107,0.5438,0.2471,0.2913,0.2029,-0.1134,1.48,87.72,0.75,130652.0,0.0,0.0809,0.0488,-0.0011,-0.0541,1.2993,-0.0146,0.84
2641,3199,0.208,0.5412,0.2528,0.2834,0.2035,-0.115,1.27,88.61,0.79,124267.0,0.0,0.0753,0.0477,-0.001,-0.0544,1.1477,-0.015,0.84
2642,3199,0.2069,0.5416,0.2533,0.2997,0.2076,-0.1109,3.37,111.72,0.79,124760.0,0.0,0.0804,0.0528,-0.0008,-0.0566,1.1811,-0.0152,0.84
2643,3199,0.2068,0.5345,0.2603,0.313,0.2394,-0.1056,2.17,106.16,0.79,124637.0,0.0,0.0946,0.0518,-0.0009,-0.0585,1.1883,-0.0132,0.84
2644,3199,0.2064,0.5344,0.2608,0.2828,0.2132,-0.1147,1.55,96.77,0.76,128866.0,0.0,0.0807,0.0482,-0.0009,-0.0531,1.1161,-0.0152,0.84
2645,3199,0.2012,0.5378,0.2623,0.2944,0.2127,-0.1124,2.91,103.16,0.75,130745.0,0.0,0.0825,0.0501,-0.0011,-0.055,1.1916,-0.0159,0.84
2646,3199,0.2018,0.5391,0.2603,0.2907,0.2183,-0.1147,1.25,99.05,0.75,130661.0,0.0,0.0865,0.0468,-0.0008,-0.0521,1.3476,-0.0133,0.84
2647,3199,0.2029,0.5376,0.2609,0.3004,0.2107,-0.1141,1.16,86.94,0.75,131129.0,0.0,0.0861,0.0487,-0.0014,-0.0557,1.3328,-0.0153,0.84
2648,3199,0.2014,0.5384,0.2613,0.2957,0.2082,-0.1135,2.02,106.38,0.75,130429.0,0.0,0.0793,0.0492,-0.0011,-0.0538,1.295,-0.0153,0.84
2649,3199,0.2005,0.5416,0.2587,0.3013,0.2163,-0.1118,1.71,99.76,0.75,131468.0,0.0,0.0845,0.0495,-0.0012,-0.0553,1.1713,-0.0152,0.84
2650,3199,0.2019,0.5382,0.2606,0.2895,0.2306,-0.1117,1.98,93.02,0.78,125712.0,0.0,0.0898,0.047,-0.0008,-0.0514,1.2329,-0.0149,0.84
2651,3199,0.2044,0.5343,0.2618,0.3079,0.2098,-0.1113,0.97,90.18,0.78,126029.0,0.0,0.085,0.0499,-0.0008,-0.0546,1.2058,-0.0143,0.84
2652,3199,0.2048,0.5336,0.262,0.3117,0.2243,-0.1074,2.22,112.48,0.8,123324.0,0.0,0.0839,0.0526,-0.0009,-0.0586,1.1678,-0.0122,0.84
2653,3199,0.2018,0.5333,0.2656,0.2933,0.1871,-0.1152,1.11,107.17,0.76,129289.0,0.0,0.0733,0.0495,-0.0012,-0.0565,1.2617,-0.0132,0.84
2654,3199,0.2024,0.5336,0.2648,0.3186,0.2284,-0.1082,1.2,87.42,0.79,124627.0,0.0,0.087,0.0517,-0.001,-0.0595,1.1682,-0.0143,0.84
2655,3199,0.2056,0.5302,0.265,0.3181,0.2186,-0.107,1.51,112.07,0.77,127290.0,0.0,0.0866,0.0539,-0.0014,-0.0606,1.2376,-0.0143,0.84
2656,3199,0.207,0.53,0.264,0.3141,0.234,-0.1098,1.9,102.76,0.79,124100.0,0.0,0.0909,0.0513,-0.0014,-0.058,1.1901,-0.0148,0.84
2657,3199,0.208,0.5275,0.2655,0.3213,0.2128,-0.1037,1.56,118.35,0.78,126571.0,0.0,0.0842,0.0542,-0.0011,-0.0605,1.0701,-0.0162,0.84
2658,3199,0.2097,0.5228,0.2688,0.3275,0.2297,-0.1046,2.66,112.47,0.76,129412.0,0.0,0.0927,0.0545,-0.0013,-0.0611,1.0831,-0.015,0.84
2659,3199,0.205,0.5224,0.2739,0.3191,0.1795,-0.1092,1.01,93.88,0.78,125662.0,0.0,0.0799,0.0541,-0.0014,-0.0599,1.1081,-0.016,0.84
2660,3199,0.2002,0.5246,0.2766,0.3172,0.1965,-0.1113,1.37,110.51,0.75,131081.0,0.0,0.0867,0.0518,-0.0007,-0.0591,1.0996,-0.0158,0.84
2661,3199,0.1988,0.5243,0.2789,0.2923,0.1941,-0.1142,0.77,99.7,0.79,125025.0,0.0,0.0775,0.0495,-0.0011,-0.0569,1.1159,-0.0146,0.84
2662,3199,0.1973,0.5192,0.285,0.3147,0.2201,-0.1054,1.01,114.15,0.77,127763.0,0.0,0.0851,0.0543,-0.0011,-0.0608,1.1682,-0.0145,0.84
2663,3199,0.1877,0.5226,0.2909,0.2961,0.1736,-0.1152,1.59,108.88,0.77,128298.0,0.0,0.0757,0.0489,-0.0013,-0.0549,1.1399,-0.0142,0.84
2664,3199,0.1853,0.5214,0.2945,0.321,0.1877,-0.1069,0.82,103.81,0.81,121143.0,0.0,0.0773,0.0543,-0.0011,-0.0614,1.1902,-0.014,0.84
2665,3199,0.1874,0.5226,0.2914,0.2904,0.1986,-0.115,1.61,96.07,0.83,118684.0,0.0,0.0766,0.0487,-0.001,-0.0535,1.1712,-0.0151,0.84
2666,3199,0.1824,0.5268,0.2921,0.283,0.1718,-0.1153,0.56,90.49,0.78,126702.0,0.0,0.0678,0.049,-0.0012,-0.0549,1.1455,-0.0142,0.84
2667,3199,0.182,0.5327,0.2862,0.3049,0.1865,-0.1113,0.79,109.73,0.75,130428.0,0.0,0.0785,0.0502,-0.0009,-0.057,1.1564,-0.0148,0.84
2668,3199,0.1753,0.5381,0.2873,0.3149,0.1897,-0.1091,1.25,113.33,0.77,127081.0,0.0,0.0815,0.0526,-0.0009,-0.0595,1.0788,-0.0144,0.84
2669,3199,0.1802,0.5369,0.2836,0.3055,0.2101,-0.108,2.14,104.82,0.77,127230.0,0.0,0.0805,0.0517,-0.0012,-0.0572,1.1164,-0.0142,0.84
2670,3199,0.1867,0.5296,0.2845,0.3147,0.2098,-0.1081,1.91,109.74,0.79,124962.0,0.0,0.0852,0.0534,-0.0009,-0.0592,1.1014,-0.0154,0.84
2671,3199,0.1949,0.5258,0.2798,0.3193,0.2502,-0.1022,1.73,110.74,0.81,121703.0,0.0,0.0889,0.0527,-0.0012,-0.0585,1.0561,-0.0151,0.84
2672,3199,0.1985,0.5252,0.2769,0.308,0.1979,-0.1097,1.88,114.0,0.79,124939.0,0.0,0.0803,0.0524,-0.001,-0.0591,1.1693,-0.015,0.84
2673,3199,0.1996,0.526,0.2753,0.3097,0.217,-0.1093,1.75,107.0,0.85,115614.0,0.0,0.0875,0.0506,-0.0008,-0.0573,1.1333,-0.0139,0.84
2674,3199,0.1984,0.5282,0.2741,0.2976,0.1954,-0.1111,0.62,78.76,0.87,113301.0,0.0,0.0801,0.0501,-0.0011,-0.0564,1.1654,-0.0134,0.84
2675,3199,0.1982,0.5345,0.2681,0.3098,0.2096,-0.1084,1.8,114.4,0.78,126616.0,0.0,0.0836,0.0513,-0.001,-0.0569,1.1868,-0.0136,0.84
2676,3199,0.1988,0.5292,0.2726,0.3024,0.1973,-0.1142,2.05,109.41,0.8,122410.0,0.0,0.0799,0.0474,-0.0013,-0.0546,1.184,-0.0142,0.84
2677,3199,0.1997,0.5238,0.277,0.3066,0.1989,-0.1063,0.6,99.6,0.78,125745.0,0.0,0.08,0.0516,-0.001,-0.0578,1.2507,-0.0154,0.84
2678,3199,0.1967,0.527,0.2768,0.2936,0.1949,-0.1136,1.66,94.32,0.77,127301.0,0.0,0.079,0.0499,-0.0008,-0.0574,1.2617,-0.0156,0.84
2679,3199,0.1935,0.5353,0.2715,0.2902,0.1959,-0.117,0.84,91.98,0.79,123773.0,0.0,0.0793,0.0481,-0.0012,-0.055,1.1893,-0.0141,0.84
2680,3199,0.1949,0.5353,0.27,0.2777,0.2046,-0.1195,0.23,79.33,0.76,128713.0,0.0,0.0783,0.0461,-0.0014,-0.0509,1.1177,-0.0132,0.84
2681,3199,0.1911,0.5387,0.2704,0.2998,0.2096,-0.1109,1.4,113.73,0.78,126210.0,0.0,0.0827,0.05,-0.0015,-0.0564,1.1332,-0.0146,0.84
2682,3199,0.1898,0.5392,0.2712,0.3003,0.2132,-0.1101,1.83,111.93,0.82,119695.0,0.0,0.0831,0.0498,-0.0011,-0.0565,1.1988,-0.0156,0.84
2683,3199,0.1913,0.5365,0.2725,0.3221,0.2067,-0.1075,1.83,98.93,0.84,116709.0,0.0,0.0876,0.0519,-0.0015,-0.0592,1.2003,-0.0153,0.84
2684,3199,0.1928,0.5415,0.2659,0.291,0.2138,-0.1131,2.19,103.08,0.78,126461.0,0.0,0.0798,0.0485,-0.0009,-0.055,1.1087,-0.0137,0.84
2685,3199,0.1989,0.536,0.2653,0.3107,0.2151,-0.1074,1.21,94.5,0.79,125099.0,0.0,0.0877,0.0502,-0.001,-0.0582,1.1148,-0.0149,0.84
2686,3199,0.2019,0.5337,0.2648,0.2875,0.2057,-0.1125,0.61,95.62,0.78,126473.0,0.0,0.0774,0.0484,-0.0008,-0.0538,1.1648,-0.0146,0.84
2687,3199,0.2019,0.531,0.2675,0.2955,0.2007,-0.1114,0.65,85.39,0.8,122809.0,0.0,0.0812,0.0492,-0.0011,-0.0552,1.1825,-0.0107,0.84
2688,3199,0.2031,0.5364,0.261,0.3158,0.2017,-0.1077,1.89,102.21,0.78,125634.0,0.0,0.0851,0.0514,-0.0008,-0.0595,1.247,-0.0139,0.84
2689,3199,0.2008,0.54,0.2595,0.2823,0.1768,-0.1184,3.19,116.98,0.78,125656.0,0.0,0.0748,0.0468,-0.0012,-0.0544,1.2616,-0.0143,0.84
2690,3199,0.1975,0.5442,0.2585,0.2945,0.2171,-0.111,1.05,92.25,0.79,124297.0,0.0,0.0836,0.0482,-0.0011,-0.0555,1.1386,-0.0139,0.84
2691,3199,0.1993,0.54,0.2609,0.3055,0.2298,-0.1095,1.88,108.06,0.8,123508.0,0.0,0.0932,0.0503,-0.001,-0.0565,1.215,-0.0159,0.84
2692,3199,0.1994,0.5348,0.2661,0.3,0.1981,-0.1089,0.1,86.02,0.8,123027.0,0.0,0.0782,0.051,-0.0013,-0.0566,1.1735,-0.0156,0.84
2693,3199,0.2001,0.5358,0.2643,0.293,0.2014,-0.1138,1.93,90.52,0.76,128581.0,0.0,0.0806,0.0479,-0.0011,-0.0538,1.2542,-0.0151,0.84
2694,3199,0.1994,0.54,0.2612,0.2898,0.1997,-0.1135,0.6,88.77,0.77,128228.0,0.0,0.0813,0.0472,-0.0012,-0.0532,1.2006,-0.0143,0.84
2695,3199,0.1955,0.5419,0.2635,0.3015,0.1954,-0.1132,1.16,97.75,0.77,127025.0,0.0,0.0836,0.051,-0.0013,-0.0567,1.1573,-0.0141,0.84
2696,3199,0.196,0.5388,0.2661,0.3166,0.2122,-0.1076,1.31,97.09,0.79,124179.0,0.0,0.0866,0.052,-0.0012,-0.0594,1.2015,-0.0139,0.85
2697,3199,0.1989,0.5408,0.2609,0.2863,0.1971,-0.1152,0.43,94.85,0.78,125530.0,0.0,0.0758,0.0475,-0.0011,-0.0535,1.1643,-0.0148,0.85
2698,3199,0.1994,0.5397,0.2616,0.2991,0.2281,-0.1095,1.69,99.82,0.77,127730.0,0.0,0.0834,0.0499,-0.001,-0.0562,1.1832,-0.0153,0.85
2699,3199,0.2019,0.5313,0.2674,0.309,0.1944,-0.1082,0.87,97.71,0.78,125325.0,0.0,0.0808,0.0512,-0.0008,-0.0575,1.2695,-0.0151,0.85
2700,3199,0.2023,0.5274,0.2711,0.2894,0.2034,-0.1138,1.75,103.08,0.78,126437.0,0.0,0.0735,0.0492,-0.0009,-0.0538,1.1865,-0.0156,0.85
2701,3199,0.1979,0.5308,0.2721,0.3166,0.1983,-0.1088,0.94,99.32,0.81,121713.0,0.0,0.0878,0.0526,-0.0012,-0.0595,1.1466,-0.0155,0.85
2702,3199,0.1944,0.5326,0.2736,0.3187,0.2052,-0.1053,1.15,109.48,0.77,127249.0,0.0,0.0876,0.0519,-0.0011,-0.0586,1.1686,-0.0159,0.85
2703,3199,0.1958,0.5301,0.2746,0.3125,0.2128,-0.1091,0.81,98.73,0.77,127318.0,0.0,0.0886,0.0512,-0.001,-0.0581,1.1748,-0.015,0.85
2704,3199,0.2014,0.5263,0.2726,0.3008,0.2438,-0.1082,1.81,105.15,0.8,123496.0,0.0,0.0921,0.0496,-0.0012,-0.0556,1.2181,-0.0156,0.85
2705,3199,0.2035,0.5294,0.2673,0.2892,0.2338,-0.1126,1.23,84.45,0.78,126052.0,0.0,0.0893,0.0477,-0.0008,-0.0531,1.1909,-0.0142,0.85
2706,3199,0.205,0.5303,0.2652,0.3139,0.2119,-0.105,0.57,110.03,0.79,124204.0,0.0,0.087,0.0514,-0.0011,-0.0582,1.1514,-0.0144,0.85
2707,3199,0.2034,0.5292,0.2679,0.3081,0.2011,-0.1132,1.09,103.9,0.75,131639.0,0.0,0.0881,0.0492,-0.0009,-0.0561,1.2172,-0.015,0.85
2708,3199,0.2017,0.532,0.2673,0.2955,0.197,-0.1125,0.07,99.4,0.79,124047.0,0.0,0.0812,0.0498,-0.001,-0.0554,1.1687,-0.0153,0.85
2709,3199,0.1996,0.5372,0.2644,0.3099,0.23,-0.1085,2.49,108.75,0.77,127673.0,0.0,0.0929,0.0489,-0.0013,-0.056,1.2698,-0.0142,0.85
2710,3199,0.1971,0.5415,0.2624,0.3089,0.2072,-0.1085,2.82,108.15,0.79,124605.0,0.0,0.0829,0.0511,-0.0023,-0.0597,1.1394,-0.0151,0.85
2711,3199,0.1984,0.5404,0.2622,0.296,0.2017,-0.1132,2.22,98.47,0.77,127688.0,0.0,0.0789,0.0495,-0.0012,-0.0555,1.1982,-0.0153,0.85
2712,3199,0.1987,0.5416,0.2605,0.2902,0.2194,-0.1132,2.79,102.4,0.77,128411.0,0.0,0.0851,0.048,-0.0011,-0.0534,1.2625,-0.0154,0.85
2713,3199,0.2002,0.5394,0.2608,0.3122,0.2179,-0.1066,1.54,94.24,0.83,118306.0,0.0,0.0891,0.0522,-0.0013,-0.059,1.2524,-0.0143,0.85
2714,3199,0.1974,0.5396,0.2632,0.2928,0.1991,-0.1144,1.44,111.75,0.77,127327.0,0.0,0.0806,0.047,-0.0012,-0.0539,1.2781,-0.0129,0.85
2715,3199,0.191,0.5429,0.2664,0.2975,0.1878,-0.1148,1.34,102.48,0.8,122665.0,0.0,0.0806,0.0485,-0.0009,-0.0561,1.0926,-0.0139,0.85
2716,3199,0.1894,0.5458,0.2651,0.3012,0.2078,-0.1115,1.57,91.74,0.79,123685.0,0.0,0.0851,0.0483,-0.0011,-0.0554,1.1048,-0.0148,0.85
2717,3199,0.1898,0.5451,0.2654,0.2966,0.2165,-0.1117,1.72,114.21,0.8,122660.0,0.0,0.0827,0.0497,-0.001,-0.0553,1.3634,-0.0135,0.85
2718,3199,0.1897,0.5405,0.2699,0.3199,0.201,-0.1061,1.33,99.65,0.83,118727.0,0.0,0.0852,0.0543,-0.0009,-0.0591,1.2565,-0.0156,0.85
2719,3199,0.1857,0.5374,0.2769,0.31,0.1969,-0.1108,2.28,96.5,0.8,123080.0,0.0,0.0836,0.0501,-0.0012,-0.0563,1.2593,-0.0142,0.85
2720,3199,0.1913,0.5322,0.2766,0.3168,0.2152,-0.1064,2.89,111.09,0.79,124408.0,0.0,0.0877,0.0515,-0.001,-0.0599,1.1162,-0.0141,0.85
2721,3199,0.1888,0.5314,0.2801,0.2965,0.1657,-0.1144,0.61,101.47,0.81,121775.0,0.0,0.074,0.0501,-0.001,-0.0559,1.2634,-0.0143,0.85
2722,3199,0.1923,0.5311,0.2769,0.2992,0.2144,-0.11,1.78,105.02,0.79,123654.0,0.0,0.0832,0.0484,-0.001,-0.0563,1.2862,-0.0155,0.85
2723,3199,0.1899,0.5343,0.2761,0.3038,0.2004,-0.1116,0.59,97.74,0.78,126715.0,0.0,0.0843,0.0501,-0.0013,-0.0561,1.1865,-0.0147,0.85
2724,3199,0.1866,0.5375,0.2765,0.3091,0.2034,-0.1095,2.79,96.81,0.8,123641.0,0.0,0.0838,0.0498,-0.0011,-0.0567,1.5632,-0.0124,0.85
2725,3199,0.1875,0.5363,0.2767,0.2803,0.1932,-0.117,1.87,100.43,0.77,128366.0,0.0,0.0763,0.046,-0.0011,-0.0525,1.2683,-0.015,0.85
2726,3199,0.1895,0.5358,0.2753,0.2947,0.2021,-0.1133,1.29,83.62,0.78,125783.0,0.0,0.0793,0.0493,-0.0009,-0.0557,1.2803,-0.0156,0.85
2727,3199,0.1903,0.5366,0.2741,0.3041,0.1929,-0.1122,1.16,99.04,0.75,130940.0,0.0,0.0771,0.0509,-0.001,-0.0589,1.2293,-0.014,0.85
2728,3199,0.1894,0.538,0.2737,0.319,0.1673,-0.1117,0.58,92.35,0.76,128988.0,0.0,0.0775,0.0524,-0.0009,-0.0592,1.1437,-0.0144,0.85
2729,3199,0.1847,0.5389,0.2774,0.3158,0.2069,-0.1058,1.2,102.21,0.75,130401.0,0.0,0.0859,0.0513,-0.0014,-0.0591,1.1807,-0.0151,0.85
2730,3199,0.186,0.5416,0.2733,0.2988,0.2043,-0.1117,2.14,113.53,0.75,130383.0,0.0,0.0824,0.0481,-0.001,-0.0546,1.2419,-0.0146,0.85
2731,3199,0.1898,0.5364,0.2744,0.3118,0.2198,-0.1071,1.98,98.88,0.81,121117.0,0.0,0.0874,0.0517,-0.0013,-0.0592,1.179,-0.0137,0.85
2732,3199,0.1917,0.5397,0.2692,0.296,0.2193,-0.1138,2.45,122.87,0.77,127183.0,0.0,0.0867,0.0482,-0.0012,-0.0556,1.2873,-0.0151,0.85
2733,3199,0.1912,0.5398,0.2695,0.2919,0.1929,-0.1147,1.39,87.77,0.77,127701.0,0.0,0.0776,0.0484,-0.0016,-0.0544,1.2088,-0.0148,0.85
2734,3199,0.1893,0.5445,0.2663,0.311,0.2123,-0.1087,0.87,85.9,0.76,128618.0,0.0,0.0856,0.0518,-0.0017,-0.0581,1.1319,-0.0151,0.85
2735,3199,0.1911,0.5478,0.2615,0.3054,0.208,-0.1099,1.08,106.32,0.77,127861.0,0.0,0.081,0.0497,-0.0011,-0.056,1.2016,-0.0156,0.85
2736,3199,0.1959,0.5454,0.259,0.2982,0.2304,-0.1122,1.69,89.97,0.79,124421.0,0.0,0.0844,0.0485,-0.0012,-0.0547,1.1517,-0.015,0.85
2737,3199,0.1957,0.5478,0.2568,0.3177,0.1945,-0.1093,2.39,105.54,0.76,129783.0,0.0,0.0864,0.052,-0.001,-0.0594,1.1779,-0.0134,0.85
2738,3199,0.1992,0.5432,0.2581,0.3234,0.215,-0.1063,1.13,109.96,0.76,128929.0,0.0,0.0898,0.0526,-0.0012,-0.0609,1.3195,-0.0151,0.85
2739,3199,0.1993,0.5421,0.2588,0.2953,0.21,-0.114,2.06,104.22,0.77,127801.0,0.0,0.0819,0.0491,-0.0012,-0.0555,1.1657,-0.0158,0.85
2740,3199,0.2015,0.5395,0.2592,0.3175,0.198,-0.1089,1.29,103.86,0.75,131388.0,0.0,0.08,0.0521,-0.0011,-0.0583,1.0593,-0.0146,0.85
2741,3199,0.1987,0.5378,0.2638,0.2988,0.1855,-0.1127,1.91,98.2,0.75,131449.0,0.0,0.0802,0.0489,-0.0009,-0.0546,1.1499,-0.0144,0.85
2742,3199,0.1968,0.5355,0.2682,0.3066,0.2099,-0.1097,2.0,95.24,0.75,131259.0,0.0,0.084,0.0511,-0.0008,-0.0578,1.2408,-0.0152,0.85
2743,3199,0.1966,0.5306,0.2737,0.3329,0.2116,-0.1028,1.48,100.29,0.75,131601.0,0.0,0.0842,0.0549,-0.0012,-0.0621,1.1785,-0.015,0.85
2744,3199,0.1975,0.5282,0.275,0.3193,0.2237,-0.105,1.78,99.01,0.76,130132.0,0.0,0.0857,0.0524,-0.0009,-0.0596,1.1343,-0.0154,0.85
2745,3199,0.1964,0.5328,0.2715,0.3001,0.1728,-0.114,1.83,106.89,0.75,131328.0,0.0,0.0744,0.0503,-0.0011,-0.0558,1.1955,-0.0125,0.85
2746,3199,0.1946,0.5304,0.2757,0.319,0.2058,-0.106,0.66,107.01,0.75,131091.0,0.0,0.0855,0.0519,-0.0012,-0.0588,1.1737,-0.0136,0.85
2747,3199,0.1909,0.5302,0.2797,0.3008,0.2071,-0.1109,1.75,102.25,0.77,127551.0,0.0,0.0806,0.0501,-0.001,-0.055,1.1643,-0.0153,0.85
2748,3199,0.1896,0.5306,0.2804,0.3125,0.1885,-0.1103,0.79,100.3,0.76,128505.0,0.0,0.076,0.052,-0.001,-0.0604,1.4207,-0.0143,0.85
2749,3199,0.1927,0.5312,0.2766,0.3099,0.2452,-0.1078,2.55,107.66,0.77,127996.0,0.0,0.0905,0.0508,-0.0009,-0.0575,1.21,-0.0158,0.85
2750,3199,0.1956,0.5292,0.2758,0.3158,0.2162,-0.109,2.25,118.13,0.81,121588.0,0.0,0.0879,0.051,-0.0017,-0.0574,1.2994,-0.0147,0.85
2751,3199,0.1966,0.5305,0.2733,0.291,0.1941,-0.115,1.37,98.65,0.79,124102.0,0.0,0.0806,0.0474,-0.001,-0.0527,1.3545,-0.013,0.85
2752,3199,0.1917,0.5323,0.2763,0.3215,0.2115,-0.1066,2.25,107.87,0.79,125080.0,0.0,0.0865,0.0524,-0.001,-0.0592,1.1781,-0.0152,0.85
2753,3199,0.1904,0.5302,0.2796,0.3145,0.2053,-0.1065,2.16,118.25,0.76,129124.0,0.0,0.0861,0.0527,-0.001,-0.0604,1.2205,-0.0134,0.85
2754,3199,0.1914,0.5289,0.2799,0.29,0.2052,-0.1142,2.59,113.0,0.76,129261.0,0.0,0.0799,0.0483,-0.0007,-0.0539,1.198,-0.0148,0.85
2755,3199,0.1904,0.527,0.2826,0.3185,0.2068,-0.1088,1.24,108.96,0.77,128215.0,0.0,0.0861,0.0515,-0.0009,-0.059,1.2367,-0.0162,0.85
2756,3199,0.1952,0.526,0.2788,0.3027,0.2132,-0.1136,1.33,108.33,0.86,113903.0,0.0,0.0884,0.0486,-0.0011,-0.0548,1.2704,-0.0154,0.85
2757,3199,0.194,0.5315,0.2748,0.3067,0.2014,-0.1119,0.66,89.35,0.79,123831.0,0.0,0.0827,0.05,-0.001,-0.0577,1.2724,-0.0155,0.85
2758,3199,0.1897,0.5384,0.2721,0.2913,0.1807,-0.1167,1.5,91.37,0.77,127724.0,0.0,0.0799,0.0488,-0.001,-0.0547,1.2036,-0.0137,0.85
2759,3199,0.1929,0.5373,0.2701,0.3026,0.202,-0.1134,0.29,95.67,0.8,123415.0,0.0,0.0874,0.0484,-0.001,-0.0551,1.3066,-0.0132,0.85
2760,3199,0.1887,0.542,0.2697,0.3173,0.1931,-0.1089,0.41,108.01,0.8,122995.0,0.0,0.0855,0.0526,-0.0009,-0.0574,1.0655,-0.0126,0.85
2761,3199,0.189,0.5341,0.2775,0.3354,0.2106,-0.1035,0.93,93.85,0.77,127655.0,0.0,0.0887,0.0551,-0.0011,-0.0621,1.1209,-0.0152,0.85
2762,3199,0.1888,0.5323,0.2797,0.3193,0.2025,-0.1074,0.45,92.5,0.8,122705.0,0.0,0.0883,0.0529,-0.0013,-0.0588,1.1022,-0.014,0.85
2763,3199,0.1889,0.5398,0.2723,0.3209,0.2084,-0.1065,1.48,121.55,0.87,113056.0,0.0,0.0873,0.0526,-0.0012,-0.0589,1.1343,-0.0136,0.85
2764,3199,0.1923,0.5387,0.2698,0.3099,0.2171,-0.1081,1.92,94.08,0.79,124119.0,0.0,0.0878,0.0505,-0.0009,-0.0568,1.1372,-0.0144,0.85
2765,3199,0.1966,0.5383,0.2656,0.3084,0.2159,-0.109,0.86,107.96,0.77,126918.0,0.0,0.0834,0.0506,-0.0009,-0.0556,1.2287,-0.0154,0.85
2766,3199,0.1963,0.535,0.2694,0.3162,0.2057,-0.1085,1.51,121.65,0.83,119031.0,0.0,0.0857,0.0511,-0.0007,-0.0562,1.1265,-0.015,0.86
2767,3199,0.1959,0.5306,0.2742,0.3163,0.2324,-0.1046,1.46,107.01,0.77,127173.0,0.0,0.0947,0.0509,-0.0012,-0.057,1.2366,-0.0157,0.86
2768,3199,0.2019,0.5248,0.274,0.2888,0.2039,-0.1154,-1.15,68.23,0.77,128364.0,0.0,0.0848,0.0466,-0.0011,-0.0512,1.2148,-0.0155,0.86
2769,3199,0.2014,0.5248,0.2745,0.3133,0.2311,-0.1075,1.45,105.15,0.75,130727.0,0.0,0.0944,0.0503,-0.0008,-0.0557,1.167,-0.0147,0.86
2770,3199,0.2059,0.5223,0.2727,0.3014,0.218,-0.1112,1.41,96.79,0.83,119149.0,0.0,0.085,0.0502,-0.0012,-0.0566,1.1867,-0.0138,0.86
2771,3199,0.2054,0.5243,0.2715,0.311,0.2228,-0.1084,1.65,89.27,0.81,121158.0,0.0,0.0911,0.0524,-0.0013,-0.0587,1.0763,-0.0147,0.86
2772,3199,0.2088,0.52,0.2722,0.3193,0.2139,-0.1048,1.09,106.81,0.8,123385.0,0.0,0.0883,0.0526,-0.0012,-0.0595,1.2692,-0.0157,0.86
2773,3199,0.2092,0.5184,0.2735,0.2961,0.2004,-0.1143,1.29,91.55,0.77,127174.0,0.0,0.083,0.0487,-0.0014,-0.0553,1.0895,-0.0122,0.86
2774,3199,0.2129,0.5179,0.2706,0.2973,0.2195,-0.1128,-0.07,90.44,0.78,126549.0,0.0,0.0887,0.0475,-0.001,-0.0541,1.2085,-0.0147,0.86
2775,3199,0.2085,0.5209,0.2718,0.3141,0.1978,-0.1094,3.06,121.79,0.82,119702.0,0.0,0.0882,0.053,-0.0012,-0.0584,1.1798,-0.0147,0.85
2776,3199,0.2111,0.5208,0.2694,0.3002,0.2019,-0.1118,0.28,85.12,0.76,129342.0,0.0,0.0848,0.0488,-0.0011,-0.0557,1.3027,-0.0133,0.85
2777,3199,0.2063,0.5287,0.2662,0.3128,0.2089,-0.1078,2.85,109.65,0.78,125994.0,0.0,0.0886,0.0511,-0.0009,-0.0581,1.1577,-0.0132,0.85
2778,3199,0.2052,0.5311,0.2653,0.3019,0.2072,-0.1112,0.26,99.76,0.8,123079.0,0.0,0.0864,0.0493,-0.0012,-0.0567,1.313,-0.0148,0.85
2779,3199,0.2068,0.5263,0.2685,0.2993,0.2165,-0.1101,1.3,95.75,0.78,125726.0,0.0,0.0923,0.0489,-0.0012,-0.054,1.142,-0.0157,0.85
2780,3199,0.2041,0.524,0.2733,0.3094,0.1815,-0.1125,2.29,115.15,0.79,124176.0,0.0,0.0876,0.05,-0.0008,-0.0564,1.2608,-0.0159,0.86
2781,3199,0.2036,0.5233,0.2746,0.3001,0.2192,-0.11,2.51,103.89,0.76,128772.0,0.0,0.0897,0.0487,-0.0015,-0.0553,1.3095,-0.016,0.86
2782,3199,0.2016,0.526,0.2743,0.3066,0.2094,-0.1097,2.59,115.59,0.78,125931.0,0.0,0.0867,0.0514,-0.0011,-0.0566,1.2507,-0.0153,0.85
2783,3199,0.2,0.5301,0.2717,0.2982,0.2014,-0.1138,2.23,105.75,0.78,125502.0,0.0,0.0918,0.0479,-0.0012,-0.0525,1.183,-0.0111,0.85
2784,3199,0.2002,0.5294,0.272,0.3431,0.2308,-0.1018,1.79,101.48,0.79,124005.0,0.0,0.1029,0.0536,-0.0012,-0.0617,1.0593,-0.0153,0.85
2785,3199,0.2019,0.5282,0.2719,0.3181,0.2141,-0.1054,1.3,117.44,0.82,119526.0,0.0,0.0893,0.0528,-0.0011,-0.0576,1.1962,-0.0159,0.85
2786,3199,0.2052,0.5222,0.2742,0.2971,0.2053,-0.1136,1.24,95.59,0.77,127914.0,0.0,0.0867,0.0476,-0.0009,-0.0534,1.2525,-0.0142,0.85
2787,3199,0.2025,0.5276,0.2713,0.296,0.191,-0.1176,0.16,91.7,0.78,125235.0,0.0,0.0821,0.0473,-0.0017,-0.0535,1.2158,-0.0149,0.85
2788,3199,0.2009,0.5307,0.2703,0.3083,0.2186,-0.1074,0.86,100.39,0.79,124513.0,0.0,0.0849,0.0495,-0.001,-0.056,1.2075,-0.0156,0.85
2789,3199,0.2038,0.5283,0.2701,0.3125,0.2293,-0.1085,1.81,91.16,0.78,126679.0,0.0,0.093,0.0492,-0.0011,-0.0548,1.1819,-0.015,0.85
2790,3199,0.2063,0.5255,0.2704,0.342,0.2287,-0.1015,2.24,114.02,0.77,128482.0,0.0,0.1003,0.0528,-0.0009,-0.0615,1.1844,-0.0136,0.85
2791,3199,0.2084,0.5204,0.273,0.3263,0.2165,-0.1046,1.23,108.34,0.83,118288.0,0.0,0.0899,0.0536,-0.0011,-0.0594,1.4403,-0.014,0.85
2792,3199,0.2046,0.523,0.274,0.3037,0.1958,-0.1144,0.89,98.89,0.79,124196.0,0.0,0.0828,0.0505,-0.001,-0.0561,1.2864,-0.0148,0.85
2793,3199,0.1992,0.5267,0.2756,0.3116,0.2111,-0.1104,1.09,87.35,0.82,119224.0,0.0,0.0883,0.0493,-0.0009,-0.0549,1.1877,-0.0155,0.86
2794,3199,0.2008,0.5311,0.2697,0.2917,0.2233,-0.1127,3.03,112.6,0.79,124911.0,0.0,0.088,0.0473,-0.0009,-0.0525,1.2137,-0.0143,0.86
2795,3199,0.2012,0.5305,0.2698,0.3225,0.2248,-0.1059,1.22,103.58,0.77,127386.0,0.0,0.0949,0.0516,-0.001,-0.0582,1.2498,-0.0151,0.86
2796,3199,0.2001,0.5344,0.2669,0.3085,0.2163,-0.1121,2.15,101.62,0.81,121791.0,0.0,0.0907,0.0489,-0.001,-0.0563,1.1585,-0.0121,0.86
2797,3199,0.2046,0.5332,0.2637,0.3138,0.2066,-0.1084,2.9,125.0,0.8,122405.0,0.0,0.0858,0.0509,-0.0013,-0.0574,1.2277,-0.015,0.86
2798,3199,0.205,0.5328,0.2632,0.2961,0.206,-0.1118,1.81,111.26,0.76,129099.0,0.0,0.0819,0.0493,-0.0015,-0.0541,1.2118,-0.0115,0.86
2799,3199,0.2021,0.5314,0.2672,0.3302,0.2084,-0.1047,1.48,107.53,0.77,128484.0,0.0,0.0883,0.0543,-0.001,-0.0605,1.1916,-0.015,0.86
2800,3199,0.2007,0.5312,0.2684,0.3249,0.2147,-0.1077,0.99,100.75,0.77,128121.0,0.0,0.0917,0.0518,-0.0009,-0.058,1.2583,-0.0148,0.86
2801,3199,0.2024,0.5314,0.2665,0.3189,0.2217,-0.1096,2.57,102.22,0.78,126458.0,0.0,0.0967,0.0506,-0.0011,-0.0578,1.3129,-0.015,0.86
2802,3199,0.2017,0.5309,0.2677,0.3188,0.1774,-0.1109,2.96,110.07,0.77,128447.0,0.0,0.0877,0.0506,-0.0015,-0.0573,1.2285,-0.0141,0.86
2803,3199,0.2033,0.5293,0.2681,0.3169,0.2015,-0.1114,0.56,97.0,0.77,127014.0,0.0,0.0879,0.0509,-0.0013,-0.057,1.2133,-0.0126,0.86
2804,3199,0.2058,0.5264,0.2685,0.307,0.2195,-0.1104,0.5,81.48,0.77,128488.0,0.0,0.0931,0.0487,-0.0009,-0.0567,1.2586,-0.0151,0.86
2805,3199,0.2063,0.5239,0.2704,0.315,0.1969,-0.1097,-0.23,76.17,0.83,118478.0,0.0,0.0861,0.0507,-0.0011,-0.0579,1.2677,-0.0152,0.86
2806,3199,0.2055,0.5261,0.2688,0.3212,0.2152,-0.1104,1.78,108.13,0.78,126418.0,0.0,0.0938,0.0496,-0.0011,-0.0579,1.2211,-0.0122,0.86
2807,3199,0.2051,0.5255,0.2699,0.3333,0.2168,-0.1048,0.48,97.74,0.79,123745.0,0.0,0.0996,0.0532,-0.0011,-0.0596,1.1862,-0.0143,0.86
2808,3199,0.2053,0.5214,0.274,0.3272,0.2324,-0.1006,2.03,116.86,0.76,129353.0,0.0,0.0969,0.0516,-0.0011,-0.0578,1.2266,-0.014,0.86
2809,3199,0.2013,0.5218,0.2778,0.2952,0.1941,-0.1123,1.09,101.01,0.79,123902.0,0.0,0.0828,0.0476,-0.001,-0.0527,1.2976,-0.015,0.86
2810,3199,0.1983,0.5262,0.2761,0.2963,0.1826,-0.1146,0.85,100.88,0.78,126121.0,0.0,0.0772,0.0499,-0.0015,-0.0549,1.1311,-0.0146,0.86
2811,3199,0.1958,0.5297,0.2752,0.3119,0.2102,-0.1096,0.42,98.25,0.79,124932.0,0.0,0.0874,0.0497,-0.001,-0.0551,1.2499,-0.015,0.86
2812,3199,0.192,0.5332,0.2756,0.3159,0.2181,-0.1089,1.71,101.03,0.77,127012.0,0.0,0.0917,0.0513,-0.0014,-0.0569,1.2601,-0.0161,0.86
2813,3199,0.1866,0.5399,0.2743,0.316,0.1663,-0.1127,1.87,114.21,0.83,118491.0,0.0,0.0841,0.0516,-0.0013,-0.0584,1.1669,-0.0146,0.86
2814,3199,0.1892,0.5404,0.2717,0.3151,0.2234,-0.1086,1.94,108.97,0.82,120357.0,0.0,0.092,0.0516,-0.0011,-0.0579,1.1899,-0.0136,0.86
2815,3199,0.1979,0.5383,0.2651,0.3206,0.2271,-0.1064,1.99,114.71,0.78,125853.0,0.0,0.0934,0.0513,-0.0013,-0.0567,1.146,-0.015,0.86
2816,3199,0.2004,0.5335,0.2673,0.3356,0.2061,-0.1052,2.11,114.56,0.77,128230.0,0.0,0.0901,0.0533,-0.0011,-0.0587,1.2336,-0.014,0.86
2817,3199,0.2014,0.5276,0.2724,0.316,0.1843,-0.1085,1.24,101.55,0.78,126558.0,0.0,0.0845,0.0514,-0.0018,-0.0588,1.1841,-0.0115,0.86
2818,3199,0.2035,0.5268,0.2715,0.3173,0.197,-0.1098,1.13,99.21,0.77,127387.0,0.0,0.087,0.0513,-0.0014,-0.0586,1.2165,-0.0146,0.86
2819,3199,0.2015,0.5313,0.2688,0.3119,0.2015,-0.1102,0.36,81.62,0.78,126201.0,0.0,0.0855,0.0506,-0.0012,-0.0571,1.1996,-0.0151,0.86
2820,3199,0.2056,0.5292,0.2666,0.3094,0.214,-0.1079,2.87,109.79,0.79,125149.0,0.0,0.0905,0.0512,-0.0009,-0.0566,1.1361,-0.0144,0.86
2821,3199,0.2077,0.5238,0.2698,0.3164,0.1963,-0.1094,1.93,103.33,0.8,123623.0,0.0,0.0887,0.051,-0.0011,-0.0585,1.1351,-0.0139,0.86
2822,3199,0.2055,0.5206,0.2751,0.3017,0.1931,-0.1145,1.43,92.04,0.77,127028.0,0.0,0.083,0.048,-0.0009,-0.0565,1.1973,-0.0151,0.86
2823,3199,0.2047,0.5239,0.2724,0.3182,0.1993,-0.108,0.3,86.1,0.82,119644.0,0.0,0.086,0.0507,-0.0013,-0.0574,1.2353,-0.0141,0.86
2824,3199,0.2037,0.5288,0.2682,0.3041,0.2058,-0.1142,2.28,114.0,0.79,124234.0,0.0,0.0892,0.0475,-0.0011,-0.0548,1.271,-0.0148,0.86
2825,3199,0.1991,0.5282,0.2737,0.3168,0.1836,-0.1123,0.52,90.78,0.81,121529.0,0.0,0.0869,0.0498,-0.0009,-0.0582,1.2622,-0.0145,0.86
2826,3199,0.1931,0.5352,0.2722,0.3194,0.2151,-0.1092,1.88,121.97,0.82,120216.0,0.0,0.0962,0.0513,-0.0014,-0.0579,1.2889,-0.0156,0.86
2827,3199,0.1955,0.5376,0.2674,0.288,0.2109,-0.1162,0.16,96.91,0.78,126479.0,0.0,0.0864,0.0465,-0.001,-0.0535,1.3276,-0.0146,0.86
2828,3199,0.1927,0.5415,0.2662,0.2914,0.2062,-0.1149,1.28,88.49,0.78,125538.0,0.0,0.0855,0.0471,-0.0011,-0.0539,1.1792,-0.0146,0.86
2829,3199,0.1935,0.5451,0.2622,0.3131,0.218,-0.108,1.4,95.74,0.8,122248.0,0.0,0.0918,0.05,-0.0012,-0.0564,1.1763,-0.0144,0.86
2830,3199,0.1906,0.5479,0.2623,0.2976,0.2137,-0.1123,1.52,110.65,0.85,115893.0,0.0,0.0868,0.0484,-0.001,-0.0552,1.2467,-0.0143,0.86
2831,3199,0.1972,0.5432,0.2604,0.3078,0.2149,-0.1113,1.8,106.73,0.83,118152.0,0.0,0.0898,0.0485,-0.0011,-0.0568,1.218,-0.0157,0.86
2832,3199,0.1996,0.5446,0.2568,0.3025,0.1967,-0.1126,0.77,97.88,0.8,123015.0,0.0,0.0812,0.0495,-0.0012,-0.0551,1.2702,-0.0155,0.86
2833,3199,0.2013,0.5442,0.2555,0.3173,0.2252,-0.1085,1.02,82.99,0.78,125530.0,0.0,0.0946,0.0507,-0.0014,-0.0584,1.2921,-0.0154,0.86
2834,3199,0.2038,0.5412,0.2557,0.3134,0.2231,-0.1081,1.58,94.93,0.75,130658.0,0.0,0.0951,0.0491,-0.0011,-0.0553,1.195,-0.0153,0.86
2835,3199,0.2039,0.5419,0.2549,0.3283,0.2136,-0.1064,2.68,100.88,0.75,130440.0,0.0,0.0928,0.0513,-0.0009,-0.0599,1.1171,-0.0155,0.86
2836,3199,0.2018,0.5405,0.2586,0.3304,0.2118,-0.1079,2.91,128.86,0.76,128587.0,0.0,0.0924,0.0526,-0.0013,-0.0604,1.2241,-0.0153,0.86
2837,3199,0.2031,0.5352,0.2626,0.32,0.2001,-0.1099,1.12,113.53,0.79,124844.0,0.0,0.0868,0.0498,-0.001,-0.0565,1.2919,-0.0145,0.86
2838,3199,0.2038,0.5247,0.2726,0.3218,0.204,-0.1105,1.6,92.02,0.82,119569.0,0.0,0.0895,0.0505,-0.0016,-0.0588,1.2326,-0.0112,0.86
2839,3199,0.198,0.5246,0.2784,0.3056,0.1767,-0.1127,0.75,96.61,0.76,128563.0,0.0,0.081,0.0489,-0.0013,-0.0565,1.2551,-0.0149,0.86
2840,3199,0.1924,0.53,0.2784,0.3147,0.207,-0.1077,2.34,112.89,0.79,124159.0,0.0,0.0877,0.051,-0.0014,-0.0567,1.2145,-0.015,0.86
2841,3199,0.1868,0.5253,0.2888,0.3194,0.2091,-0.1067,1.63,105.1,0.77,126899.0,0.0,0.0919,0.0508,-0.0011,-0.0584,1.1979,-0.0141,0.86
2842,3199,0.188,0.5196,0.2934,0.3281,0.2061,-0.1055,1.78,117.43,0.76,129734.0,0.0,0.0941,0.053,-0.0015,-0.0605,1.26,-0.0148,0.86
2843,3199,0.1842,0.5221,0.2946,0.3028,0.177,-0.1144,0.41,91.65,0.76,130156.0,0.0,0.0837,0.049,-0.0012,-0.0562,1.2939,-0.0148,0.86
2844,3199,0.1793,0.526,0.2957,0.3288,0.2024,-0.1086,0.9,102.01,0.76,130188.0,0.0,0.0937,0.0514,-0.0013,-0.0601,1.2783,-0.0159,0.86
2845,3199,0.1796,0.5285,0.2927,0.3082,0.2184,-0.1108,2.47,102.71,0.77,128159.0,0.0,0.0903,0.0493,-0.0011,-0.0575,1.2431,-0.0153,0.86
2846,3199,0.1812,0.5298,0.2896,0.3164,0.2134,-0.1095,1.82,103.05,0.8,122286.0,0.0,0.0952,0.0486,-0.0009,-0.0558,1.2277,-0.0149,0.86
2847,3199,0.178,0.5296,0.293,0.3145,0.1885,-0.1113,1.04,96.63,0.75,131260.0,0.0,0.0835,0.0506,-0.0013,-0.0582,1.3135,-0.0143,0.86
2848,3199,0.1806,0.5292,0.2906,0.3261,0.2406,-0.1047,1.77,112.24,0.75,131011.0,0.0,0.0994,0.0512,-0.0013,-0.0593,1.3765,-0.0149,0.86
2849,3199,0.1858,0.5251,0.2896,0.3244,0.1984,-0.1098,1.98,106.38,0.76,129868.0,0.0,0.0931,0.0515,-0.0011,-0.0584,1.3235,-0.0151,0.86
2850,3199,0.1886,0.529,0.283,0.3125,0.2198,-0.1112,1.19,102.93,0.75,131089.0,0.0,0.0928,0.0494,-0.001,-0.0583,1.2754,-0.0116,0.86
2851,3199,0.1931,0.531,0.2764,0.3084,0.2132,-0.1123,1.11,97.37,0.75,130797.0,0.0,0.0918,0.0491,-0.0011,-0.0558,1.3455,-0.0159,0.86
2852,3199,0.1906,0.5377,0.272,0.2793,0.2129,-0.1189,0.58,79.4,0.78,126616.0,0.0,0.0822,0.045,-0.0011,-0.0515,1.3396,-0.0128,0.86
2853,3199,0.1946,0.5397,0.266,0.3011,0.2042,-0.1142,1.84,118.51,0.8,123593.0,0.0,0.0872,0.0465,-0.0011,-0.0554,1.3064,-0.0142,0.86
2854,3199,0.1988,0.5342,0.2673,0.3245,0.2283,-0.1078,1.39,100.11,0.75,130291.0,0.0,0.0986,0.0513,-0.001,-0.0586,1.3147,-0.0154,0.86
2855,3199,0.2023,0.5293,0.2686,0.3089,0.1939,-0.1131,0.83,92.7,0.79,124818.0,0.0,0.0876,0.0502,-0.001,-0.0568,1.2433,-0.0137,0.86
2856,3199,0.2051,0.5326,0.2625,0.3221,0.2231,-0.1086,1.56,111.91,0.78,125528.0,0.0,0.0963,0.0504,-0.0013,-0.0593,1.2609,-0.0133,0.86
2857,3199,0.2105,0.5298,0.2602,0.3269,0.2124,-0.1084,1.6,105.95,0.8,122600.0,0.0,0.0986,0.0508,-0.001,-0.0586,1.2425,-0.0156,0.86
2858,3199,0.2107,0.5338,0.2564,0.3155,0.2106,-0.1111,1.46,89.51,0.78,126839.0,0.0,0.0938,0.0492,-0.0012,-0.0572,1.2719,-0.0152,0.86
2859,3199,0.2099,0.5329,0.2583,0.3233,0.2179,-0.1074,3.59,125.15,0.76,128550.0,0.0,0.0993,0.0494,-0.0013,-0.0567,1.2452,-0.0157,0.86
2860,3199,0.2105,0.5328,0.2575,0.3016,0.2028,-0.1141,1.5,110.79,0.77,126914.0,0.0,0.0861,0.0485,-0.001,-0.0543,1.234,-0.012,0.86
2861,3199,0.2069,0.5337,0.2602,0.3187,0.2068,-0.11,1.54,100.3,0.79,124558.0,0.0,0.0932,0.0511,-0.001,-0.0569,1.2544,-0.0124,0.86
2862,3199,0.2033,0.5334,0.2641,0.3054,0.1921,-0.1141,1.52,92.48,0.78,126145.0,0.0,0.0872,0.0498,-0.0013,-0.0558,1.3195,-0.016,0.86
2863,3199,0.2028,0.5319,0.2666,0.3148,0.2195,-0.111,1.17,105.64,0.75,130852.0,0.0,0.0967,0.049,-0.001,-0.0565,1.2013,-0.0159,0.86
2864,3199,0.2035,0.5313,0.2665,0.3134,0.223,-0.1115,2.31,100.94,0.75,130933.0,0.0,0.0943,0.0493,-0.0013,-0.0571,1.2762,-0.0155,0.86
2865,3199,0.205,0.5279,0.2687,0.3158,0.2152,-0.1085,1.4,90.69,0.75,130504.0,0.0,0.0901,0.0507,-0.0009,-0.0574,1.1615,-0.0125,0.86
2866,3199,0.2054,0.5249,0.2717,0.3127,0.2409,-0.1058,2.4,104.05,0.74,131992.0,0.0,0.1011,0.0513,-0.0013,-0.0571,1.2828,-0.0112,0.86
2867,3199,0.2066,0.5268,0.2684,0.3059,0.2151,-0.1099,2.31,119.19,0.81,121755.0,0.0,0.0853,0.05,-0.0011,-0.0545,1.2401,-0.0151,0.86
2868,3199,0.2077,0.5274,0.2666,0.3024,0.194,-0.1161,0.66,107.83,0.78,126756.0,0.0,0.0877,0.0478,-0.0009,-0.0531,1.2748,-0.0147,0.86
2869,3199,0.2081,0.5265,0.2674,0.3216,0.2151,-0.1085,1.17,101.14,0.76,129591.0,0.0,0.0926,0.0508,-0.0009,-0.0566,1.1401,-0.0147,0.86
2870,3199,0.2073,0.5178,0.2767,0.3349,0.2162,-0.1043,1.63,98.92,0.8,123291.0,0.0,0.098,0.0532,-0.0012,-0.0598,1.2993,-0.0147,0.86
2871,3199,0.2079,0.5174,0.2767,0.3075,0.2077,-0.1134,1.22,93.82,0.81,121912.0,0.0,0.0928,0.0477,-0.0013,-0.0559,1.1705,-0.0126,0.86
2872,3199,0.2138,0.5143,0.2735,0.3178,0.2415,-0.1049,2.71,123.8,0.83,118502.0,0.0,0.0972,0.0507,-0.001,-0.0573,1.1448,-0.0154,0.86
2873,3199,0.2114,0.5169,0.2732,0.3225,0.2262,-0.1067,-0.15,84.95,0.85,115031.0,0.0,0.0989,0.0501,-0.0012,-0.0577,1.2458,-0.0163,0.86
2874,3199,0.2098,0.5227,0.2688,0.2973,0.2076,-0.1168,1.89,95.17,0.79,124122.0,0.0,0.0926,0.046,-0.0016,-0.0524,1.2026,-0.0156,0.86
2875,3199,0.2083,0.5297,0.2632,0.3034,0.2078,-0.1106,0.45,86.87,0.77,127877.0,0.0,0.0892,0.0517,-0.0018,-0.0562,1.1579,-0.0132,0.86
2876,3199,0.2095,0.5296,0.2618,0.3373,0.2353,-0.1052,1.19,94.34,0.8,122454.0,0.0,0.1019,0.0524,-0.0008,-0.0587,1.1898,-0.015,0.86
2877,3199,0.2102,0.5327,0.258,0.2928,0.2225,-0.1123,0.92,97.69,0.8,122346.0,0.0,0.0926,0.0463,-0.0015,-0.051,1.2005,-0.0158,0.86
2878,3199,0.2085,0.5323,0.2602,0.3214,0.214,-0.1084,1.42,104.06,0.77,127196.0,0.0,0.0979,0.0511,-0.001,-0.0565,1.2871,-0.0156,0.86
2879,3199,0.2088,0.5317,0.26,0.3084,0.2218,-0.1128,1.94,94.11,0.76,129759.0,0.0,0.0928,0.0486,-0.001,-0.0547,1.2527,-0.0146,0.86
2880,3199,0.2078,0.5356,0.257,0.3178,0.2104,-0.1098,2.61,127.05,0.75,131586.0,0.0,0.0954,0.0511,-0.0013,-0.0572,1.3098,-0.0149,0.86
2881,3199,0.2084,0.5313,0.2607,0.2938,0.2227,-0.1135,0.12,80.88,0.77,128497.0,0.0,0.0919,0.0464,-0.0011,-0.0519,1.1648,-0.0159,0.86
2882,3199,0.2046,0.5332,0.2626,0.3092,0.2076,-0.1128,1.35,92.57,0.79,124171.0,0.0,0.0929,0.0494,-0.0009,-0.057,1.3445,-0.0149,0.86
2883,3199,0.2047,0.5375,0.2584,0.3088,0.2119,-0.111,1.14,98.59,0.77,127482.0,0.0,0.0942,0.0487,-0.0013,-0.0562,1.2538,-0.0141,0.86
2884,3199,0.2014,0.5386,0.2608,0.299,0.2091,-0.1143,1.55,88.9,0.85,115629.0,0.0,0.092,0.0479,-0.0013,-0.0532,1.2394,-0.0158,0.86
2885,3199,0.2003,0.5375,0.2628,0.3302,0.2146,-0.1074,2.69,121.27,0.79,124305.0,0.0,0.0995,0.054,-0.0019,-0.0632,1.457,-0.0142,0.86
2886,3199,0.1995,0.5349,0.2662,0.3237,0.25,-0.1048,1.65,97.28,0.84,117225.0,0.0,0.105,0.0504,-0.0015,-0.0578,1.2301,-0.0151,0.86
2887,3199,0.2021,0.5285,0.27,0.3148,0.2157,-0.1099,1.77,106.46,0.79,124535.0,0.0,0.0966,0.0503,-0.0012,-0.0581,1.3172,-0.0147,0.86
2888,3199,0.2021,0.5272,0.2714,0.3008,0.201,-0.1149,1.05,97.99,0.76,128944.0,0.0,0.0963,0.0468,-0.0009,-0.0536,1.2823,-0.0145,0.86
2889,3199,0.2006,0.5292,0.2709,0.309,0.2282,-0.1069,0.91,91.88,0.81,121708.0,0.0,0.0927,0.0496,-0.0011,-0.0561,1.192,-0.0159,0.86
2890,3199,0.2022,0.5352,0.2628,0.3096,0.2136,-0.1124,1.47,101.2,0.77,128054.0,0.0,0.0912,0.0477,-0.0009,-0.0556,1.2028,-0.0125,0.86
2891,3199,0.2044,0.5341,0.2618,0.3045,0.2085,-0.1124,1.13,101.46,0.82,119752.0,0.0,0.0911,0.0494,-0.0013,-0.0558,1.2208,-0.0151,0.86
2892,3199,0.2068,0.532,0.2617,0.309,0.2136,-0.1113,1.74,113.22,0.77,127478.0,0.0,0.0947,0.0483,-0.0013,-0.0573,1.2098,-0.0118,0.86
2893,3199,0.2117,0.5276,0.2612,0.3185,0.2263,-0.1106,1.98,101.23,0.77,127524.0,0.0,0.1006,0.0494,-0.0013,-0.059,1.3914,-0.0145,0.86
2894,3199,0.2114,0.5301,0.2593,0.3012,0.2179,-0.1117,2.07,95.1,0.8,122338.0,0.0,0.0932,0.0481,-0.0012,-0.0553,1.2749,-0.0155,0.86
2895,3199,0.2131,0.529,0.2586,0.3216,0.2161,-0.1061,2.27,107.8,0.8,122962.0,0.0,0.0948,0.053,-0.0014,-0.0583,1.1663,-0.0153,0.86
2896,3199,0.2162,0.526,0.2584,0.3168,0.2155,-0.1079,2.01,101.34,0.83,118109.0,0.0,0.0957,0.0506,-0.0009,-0.0583,1.2118,-0.0141,0.86
2897,3199,0.2166,0.5269,0.2568,0.3077,0.2222,-0.108,0.78,89.3,0.79,124288.0,0.0,0.092,0.0502,-0.0013,-0.0566,1.2635,-0.0138,0.86
2898,3199,0.2144,0.526,0.2598,0.3253,0.2077,-0.1073,2.03,102.27,0.83,118955.0,0.0,0.0969,0.0511,-0.0014,-0.0588,1.158,-0.0136,0.86
2899,3199,0.2139,0.5214,0.265,0.3038,0.2336,-0.1118,1.05,86.35,0.77,127736.0,0.0,0.0963,0.0482,-0.0012,-0.0553,1.2748,-0.015,0.86
2900,3199,0.2108,0.526,0.2635,0.3075,0.2209,-0.1103,1.1,98.37,0.79,123837.0,0.0,0.094,0.0496,-0.0012,-0.0565,1.2045,-0.0144,0.86
2901,3199,0.2116,0.5226,0.2663,0.3038,0.2151,-0.1121,0.74,93.44,0.8,122237.0,0.0,0.0937,0.048,-0.001,-0.0547,1.3206,-0.0157,0.86
2902,3199,0.2101,0.5263,0.2639,0.2989,0.2115,-0.1131,0.94,88.98,0.79,123861.0,0.0,0.0922,0.0469,-0.0009,-0.0538,1.5382,-0.0133,0.86
2903,3199,0.209,0.529,0.2623,0.3123,0.2169,-0.1102,1.96,103.86,0.83,118789.0,0.0,0.091,0.0504,-0.0012,-0.0581,1.2757,-0.0122,0.86
2904,3199,0.212,0.5236,0.2647,0.3224,0.2162,-0.1092,0.74,91.47,0.79,124125.0,0.0,0.0946,0.0519,-0.0009,-0.0602,1.2201,-0.015,0.86
2905,3199,0.2128,0.5176,0.2701,0.318,0.2263,-0.1056,2.17,98.71,0.8,123277.0,0.0,0.0958,0.0515,-0.0013,-0.0583,1.1588,-0.0151,0.86
2906,3199,0.2155,0.5165,0.2686,0.3161,0.2394,-0.1085,1.25,91.9,0.8,122155.0,0.0,0.0973,0.0499,-0.0014,-0.0561,1.2738,-0.016,0.86
2907,3199,0.2178,0.5231,0.2596,0.2792,0.2234,-0.1179,-0.41,68.77,0.78,126227.0,0.0,0.0886,0.0442,-0.0009,-0.0496,1.3616,-0.0152,0.86
2908,3199,0.2153,0.5305,0.2548,0.3013,0.1957,-0.1141,1.74,112.01,0.79,124716.0,0.0,0.0898,0.0495,-0.001,-0.056,1.2319,-0.0147,0.86
2909,3199,0.2185,0.5265,0.2557,0.3161,0.2408,-0.1082,1.89,92.88,0.79,124315.0,0.0,0.0997,0.0502,-0.001,-0.0569,1.2873,-0.0148,0.86
2910,3199,0.2208,0.5229,0.257,0.3233,0.2672,-0.1022,2.67,115.94,0.82,120042.0,0.0,0.1116,0.0505,-0.0015,-0.0576,1.3091,-0.0147,0.86
2911,3199,0.2252,0.5163,0.2595,0.3238,0.2481,-0.1046,1.37,96.06,0.79,124224.0,0.0,0.0968,0.0525,-0.0012,-0.0593,1.2693,-0.0155,0.86
2912,3199,0.2225,0.521,0.2577,0.3079,0.2269,-0.1105,2.58,99.94,0.76,129640.0,0.0,0.0953,0.0494,-0.001,-0.0567,1.1861,-0.0151,0.86
2913,3199,0.2247,0.524,0.2527,0.3065,0.2385,-0.1092,2.28,97.43,0.78,125704.0,0.0,0.097,0.0493,-0.0015,-0.0563,1.2497,-0.0122,0.86
2914,3199,0.2271,0.5204,0.254,0.3027,0.2059,-0.1139,0.97,93.45,0.79,125081.0,0.0,0.0864,0.0494,-0.0013,-0.0551,1.3223,-0.0142,0.86
2915,3199,0.2293,0.5207,0.2512,0.3041,0.2433,-0.1106,1.25,102.95,0.82,120255.0,0.0,0.0953,0.0482,-0.0009,-0.0531,1.179,-0.0154,0.86
2916,3199,0.2333,0.5163,0.2517,0.3363,0.2604,-0.099,2.42,113.4,0.79,124921.0,0.0,0.1088,0.0526,-0.001,-0.0597,1.1431,-0.0156,0.86
2917,3199,0.2315,0.5168,0.2532,0.3204,0.2066,-0.108,2.64,120.01,0.76,129267.0,0.0,0.0915,0.0509,-0.0011,-0.0586,1.1107,-0.0158,0.86
2918,3199,0.2299,0.5169,0.2544,0.3021,0.2287,-0.1125,0.67,82.26,0.77,126902.0,0.0,0.0933,0.0484,-0.0009,-0.0552,1.2904,-0.0157,0.86
2919,3199,0.2282,0.5224,0.2504,0.3354,0.2531,-0.1027,1.81,110.92,0.76,129858.0,0.0,0.1039,0.0528,-0.0012,-0.0598,1.2728,-0.0154,0.86
2920,3199,0.2218,0.5264,0.2525,0.3007,0.2124,-0.1118,1.11,100.99,0.75,130761.0,0.0,0.0869,0.0486,-0.0011,-0.0554,1.2917,-0.0139,0.86
2921,3199,0.2164,0.5225,0.2617,0.3216,0.2129,-0.1074,1.41,87.89,0.76,129270.0,0.0,0.0923,0.0516,-0.0013,-0.0575,1.3252,-0.0154,0.86
2922,3199,0.2133,0.5266,0.2607,0.2891,0.218,-0.1145,2.34,114.45,0.81,121519.0,0.0,0.0901,0.047,-0.0014,-0.0515,1.2048,-0.0146,0.86
2923,3199,0.2139,0.5284,0.2582,0.3093,0.2168,-0.1113,-0.21,89.01,0.78,126038.0,0.0,0.0957,0.0482,-0.0012,-0.0539,1.2389,-0.0151,0.86
2924,3199,0.2089,0.5314,0.2602,0.3178,0.2189,-0.108,1.79,95.67,0.77,126908.0,0.0,0.097,0.0504,-0.0011,-0.0576,1.2038,-0.0158,0.86
2925,3199,0.2071,0.5329,0.2605,0.3051,0.2166,-0.1114,0.74,90.06,0.76,129741.0,0.0,0.0901,0.0498,-0.0014,-0.0555,1.186,-0.0143,0.86
2926,3199,0.207,0.533,0.2604,0.3076,0.219,-0.112,1.85,119.44,0.79,123928.0,0.0,0.0908,0.0488,-0.0011,-0.0559,1.7252,-0.0091,0.86
2927,3199,0.2099,0.5347,0.2557,0.3196,0.2249,-0.1089,1.82,104.5,0.8,122195.0,0.0,0.0985,0.0498,-0.001,-0.0564,1.1378,-0.0117,0.86
2928,3199,0.2161,0.5288,0.2556,0.3079,0.2259,-0.1102,1.93,108.52,0.78,125721.0,0.0,0.0905,0.0486,-0.001,-0.0549,1.236,-0.0144,0.86
2929,3199,0.2173,0.5279,0.2554,0.3099,0.2347,-0.1088,3.0,102.72,0.78,126402.0,0.0,0.0963,0.0484,-0.001,-0.0547,1.2871,-0.0146,0.86
2930,3199,0.2144,0.5356,0.2509,0.32,0.2209,-0.1088,1.02,91.43,0.79,124030.0,0.0,0.098,0.0516,-0.001,-0.057,1.24,-0.0152,0.86
2931,3199,0.2138,0.5349,0.252,0.3274,0.2152,-0.1041,2.55,121.76,0.8,123526.0,0.0,0.0948,0.0553,-0.0012,-0.0614,1.193,-0.0159,0.86
2932,3199,0.213,0.5325,0.2553,0.3106,0.2049,-0.1106,1.7,90.59,0.81,121470.0,0.0,0.088,0.0493,-0.0012,-0.0558,1.1209,-0.0126,0.86
2933,3199,0.2122,0.5304,0.2581,0.3069,0.2136,-0.1107,1.41,106.23,0.78,125646.0,0.0,0.0905,0.0499,-0.0011,-0.0543,1.1398,-0.0112,0.86
2934,3199,0.2096,0.5309,0.2605,0.3383,0.2003,-0.1057,2.57,121.67,0.83,118168.0,0.0,0.0955,0.0526,-0.0012,-0.0587,1.1285,-0.0157,0.86
2935,3199,0.2081,0.5297,0.2635,0.3183,0.2041,-0.1097,1.25,96.4,0.79,124509.0,0.0,0.092,0.0502,-0.0011,-0.0556,1.144,-0.0131,0.86
2936,3199,0.207,0.5239,0.2704,0.3312,0.1982,-0.1085,1.27,102.9,0.8,122195.0,0.0,0.0977,0.0517,-0.0014,-0.059,1.1987,-0.014,0.86
2937,3199,0.2066,0.5217,0.2729,0.3262,0.2267,-0.107,2.07,102.36,0.77,128131.0,0.0,0.0992,0.0508,-0.0013,-0.056,1.0258,-0.015,0.86
2938,3199,0.2033,0.5216,0.276,0.3228,0.2046,-0.1082,0.92,91.48,0.8,122795.0,0.0,0.0952,0.0514,-0.0011,-0.0558,1.1622,-0.0155,0.86
2939,3199,0.2026,0.5278,0.2704,0.3318,0.2158,-0.1058,1.82,118.51,0.81,121135.0,0.0,0.0987,0.053,-0.0012,-0.0576,1.0825,-0.0153,0.86
2940,3199,0.2015,0.5221,0.2772,0.333,0.2044,-0.1075,1.09,107.02,0.83,118945.0,0.0,0.0943,0.0517,-0.0013,-0.0575,1.2136,-0.0145,0.86
2941,3199,0.2001,0.5178,0.2829,0.3177,0.2086,-0.1093,1.43,109.95,0.77,127396.0,0.0,0.0891,0.0512,-0.0017,-0.0564,1.2782,-0.0134,0.86
2942,3199,0.1974,0.5193,0.2842,0.304,0.194,-0.1142,1.2,87.98,0.76,129558.0,0.0,0.0874,0.0492,-0.0011,-0.0541,1.2554,-0.015,0.86
2943,3199,0.1961,0.5193,0.2855,0.3295,0.2136,-0.1085,1.54,102.4,0.78,125606.0,0.0,0.0973,0.0531,-0.001,-0.0574,1.2256,-0.0151,0.86
2944,3199,0.1963,0.519,0.2857,0.3078,0.21,-0.1136,1.66,92.79,0.77,127174.0,0.0,0.0916,0.0495,-0.0014,-0.0531,1.1433,-0.0156,0.86
2945,3199,0.2006,0.5159,0.2842,0.3128,0.2058,-0.1121,1.56,95.36,0.77,127184.0,0.0,0.0908,0.0488,-0.0012,-0.0563,1.1766,-0.0151,0.86
2946,3199,0.1974,0.5221,0.2811,0.3291,0.2128,-0.1076,2.58,112.3,0.76,129375.0,0.0,0.0954,0.0538,-0.0012,-0.0598,1.2466,-0.015,0.86
2947,3199,0.2027,0.5201,0.278,0.3153,0.2464,-0.1099,1.89,90.78,0.76,129281.0,0.0,0.1047,0.0489,-0.0015,-0.0555,1.3804,-0.0151,0.86
2948,3199,0.2045,0.5223,0.2739,0.3301,0.2279,-0.1051,2.45,113.71,0.75,131235.0,0.0,0.1026,0.053,-0.0011,-0.058,1.5216,-0.014,0.86
2949,3199,0.2039,0.518,0.2786,0.337,0.2146,-0.1062,1.69,111.26,0.85,114977.0,0.0,0.1039,0.0525,-0.0015,-0.0576,1.1919,-0.0157,0.86
2950,3199,0.2028,0.5232,0.2745,0.3067,0.2138,-0.1144,0.46,95.96,0.78,126432.0,0.0,0.0952,0.0494,-0.001,-0.0547,1.3036,-0.0144,0.86
2951,3199,0.2006,0.5269,0.273,0.3222,0.201,-0.1085,1.82,103.98,0.81,120700.0,0.0,0.0946,0.0514,-0.0012,-0.0565,1.3079,-0.0158,0.86
2952,3199,0.2007,0.5325,0.2674,0.3079,0.2098,-0.1156,1.78,98.44,0.8,123027.0,0.0,0.0984,0.0475,-0.0011,-0.0541,1.2583,-0.012,0.86
2953,3199,0.2003,0.5337,0.2668,0.3185,0.1974,-0.1112,1.25,91.34,0.8,122565.0,0.0,0.0957,0.05,-0.0013,-0.0567,1.244,-0.0152,0.86
2954,3199,0.1985,0.5348,0.2677,0.319,0.2267,-0.1062,1.82,115.55,0.81,121561.0,0.0,0.0979,0.0518,-0.0011,-0.0567,1.116,-0.0161,0.86
2955,3199,0.1972,0.5303,0.2737,0.3223,0.2119,-0.1058,2.01,105.4,0.76,129941.0,0.0,0.0968,0.0521,-0.0011,-0.0577,1.2204,-0.0158,0.86
2956,3199,0.2036,0.5227,0.2749,0.3225,0.243,-0.1071,1.84,99.45,0.8,123423.0,0.0,0.0986,0.0511,-0.0009,-0.0571,1.2452,-0.0154,0.86
2957,3199,0.2011,0.5275,0.2725,0.2999,0.1915,-0.1154,0.86,93.6,0.83,118146.0,0.0,0.087,0.0489,-0.0012,-0.054,1.3259,-0.0135,0.86
2958,3199,0.1988,0.5312,0.2711,0.3216,0.227,-0.1069,2.48,115.44,0.8,123487.0,0.0,0.1006,0.0499,-0.0011,-0.0565,1.2673,-0.0148,0.86
2959,3199,0.2012,0.5317,0.2686,0.3142,0.2282,-0.1084,1.92,105.65,0.81,121231.0,0.0,0.0938,0.0511,-0.0011,-0.0567,1.2681,-0.014,0.86
2960,3199,0.2068,0.5291,0.2658,0.3236,0.2264,-0.1098,-0.1,78.23,0.82,120522.0,0.0,0.0979,0.0517,-0.0011,-0.0576,1.2585,-0.0158,0.86
2961,3199,0.2059,0.5318,0.264,0.3159,0.2201,-0.1094,1.24,105.26,0.85,115950.0,0.0,0.0976,0.0505,-0.0012,-0.0553,1.4243,-0.0155,0.86
2962,3199,0.2064,0.5331,0.2625,0.3081,0.2118,-0.1113,2.02,108.55,0.79,124416.0,0.0,0.0966,0.0485,-0.0011,-0.0544,1.3203,-0.0152,0.86
2963,3199,0.2069,0.5325,0.2624,0.3202,0.2403,-0.1058,2.47,105.9,0.78,126233.0,0.0,0.1009,0.0515,-0.0009,-0.0559,1.3234,-0.0127,0.86
2964,3199,0.2121,0.529,0.2608,0.2985,0.2368,-0.1127,0.97,89.92,0.79,124839.0,0.0,0.0964,0.0469,-0.0011,-0.0522,1.3451,-0.0156,0.86
2965,3199,0.213,0.528,0.2604,0.3229,0.2126,-0.1104,2.02,111.14,0.79,124263.0,0.0,0.0934,0.0501,-0.001,-0.0565,1.179,-0.0162,0.86
2966,3199,0.2143,0.5274,0.2595,0.3203,0.2407,-0.1058,2.37,113.83,0.81,121285.0,0.0,0.1026,0.0501,-0.0012,-0.0573,1.264,-0.0152,0.86
2967,3199,0.2151,0.5255,0.2607,0.3117,0.2263,-0.1089,1.29,88.83,0.79,124595.0,0.0,0.095,0.0499,-0.0007,-0.0554,1.3413,-0.0129,0.86
2968,3199,0.2173,0.5224,0.2614,0.3181,0.2252,-0.1073,2.0,105.1,0.78,126151.0,0.0,0.0937,0.0516,-0.0015,-0.0581,1.3314,-0.0112,0.86
2969,3199,0.2207,0.5217,0.2589,0.2999,0.2347,-0.1113,3.09,100.56,0.75,130579.0,0.0,0.0969,0.0482,-0.0008,-0.0529,1.3103,-0.0152,0.86
2970,3199,0.2193,0.5218,0.2604,0.3134,0.2318,-0.109,1.04,96.98,0.76,129610.0,0.0,0.0957,0.0498,-0.0009,-0.0561,1.4978,-0.0142,0.86
2971,3199,0.2239,0.5192,0.2584,0.3008,0.2015,-0.1133,0.87,110.72,0.76,130023.0,0.0,0.0893,0.0481,-0.0012,-0.0525,1.2679,-0.0159,0.86
2972,3199,0.2229,0.5223,0.2563,0.3106,0.2243,-0.1113,0.51,88.73,0.75,131043.0,0.0,0.0968,0.0492,-0.0012,-0.0546,1.273,-0.0135,0.86
2973,3199,0.2211,0.5278,0.2525,0.314,0.2338,-0.106,3.2,123.64,0.8,122378.0,0.0,0.0964,0.0509,-0.0013,-0.0552,1.258,-0.0139,0.86
2974,3199,0.2166,0.5345,0.2501,0.2965,0.2194,-0.1147,2.42,101.15,0.82,119580.0,0.0,0.0907,0.0478,-0.0012,-0.0512,1.2638,-0.0152,0.87
2975,3199,0.2102,0.54,0.251,0.3049,0.2164,-0.111,2.76,113.02,0.81,121013.0,0.0,0.0939,0.0488,-0.0022,-0.0554,1.3537,-0.0138,0.87
2976,3199,0.2087,0.5401,0.2522,0.3069,0.2189,-0.1105,2.1,109.0,0.82,120125.0,0.0,0.091,0.0487,-0.0015,-0.0547,1.2377,-0.0152,0.87
2977,3199,0.2095,0.5393,0.252,0.3244,0.2045,-0.1047,1.64,111.42,0.78,126571.0,0.0,0.0981,0.0539,-0.0014,-0.0572,1.2407,-0.0154,0.87
2978,3199,0.2065,0.5369,0.2573,0.311,0.2007,-0.1104,1.89,106.84,0.78,125534.0,0.0,0.0914,0.0513,-0.0012,-0.0544,1.2708,-0.0159,0.87
2979,3199,0.2083,0.5345,0.2581,0.3094,0.2165,-0.1111,1.86,104.9,0.75,131150.0,0.0,0.0913,0.0498,-0.0017,-0.0546,1.2171,-0.0162,0.87
2980,3199,0.2079,0.5376,0.2553,0.2952,0.2296,-0.1134,1.93,103.88,0.79,124833.0,0.0,0.0923,0.0463,-0.0013,-0.0521,1.2248,-0.0151,0.87
2981,3199,0.2068,0.5369,0.257,0.321,0.2122,-0.1081,1.28,109.21,0.81,121893.0,0.0,0.0913,0.0524,-0.001,-0.0571,1.2612,-0.0154,0.87
2982,3199,0.2085,0.5347,0.2573,0.3078,0.212,-0.1099,0.39,82.61,0.8,122540.0,0.0,0.0892,0.0488,-0.0015,-0.0534,1.2181,-0.0137,0.87
2983,3199,0.2041,0.5362,0.2599,0.3152,0.2176,-0.108,1.79,98.18,0.76,129360.0,0.0,0.0929,0.0524,-0.0012,-0.0571,1.1121,-0.0133,0.87
2984,3199,0.2059,0.5325,0.2618,0.3286,0.2256,-0.1025,1.33,84.91,0.79,123744.0,0.0,0.0949,0.0541,-0.0011,-0.0578,1.2071,-0.0146,0.87
2985,3199,0.205,0.534,0.2612,0.3127,0.2188,-0.106,1.35,87.77,0.84,117648.0,0.0,0.0936,0.0508,-0.0011,-0.0526,1.1887,-0.014,0.87
2986,3199,0.2024,0.5366,0.2613,0.3315,0.2233,-0.1059,2.36,103.58,0.84,116358.0,0.0,0.0986,0.0515,-0.001,-0.0568,1.2048,-0.0151,0.87
2987,3199,0.2062,0.538,0.2564,0.3149,0.2232,-0.1094,1.07,94.27,0.79,123683.0,0.0,0.0924,0.05,-0.0016,-0.055,1.179,-0.0148,0.87
2988,3199,0.2089,0.5355,0.2562,0.3103,0.2105,-0.1115,1.42,97.92,0.79,123678.0,0.0,0.0914,0.0505,-0.001,-0.0552,1.2222,-0.0152,0.87
2989,3199,0.2099,0.5378,0.2528,0.3141,0.2198,-0.1098,1.16,94.13,0.78,126495.0,0.0,0.0911,0.0525,-0.0013,-0.0585,1.2288,-0.0146,0.87
2990,3199,0.2045,0.543,0.2529,0.3118,0.2108,-0.11,1.5,109.2,0.76,128776.0,0.0,0.0934,0.0508,-0.0013,-0.0557,1.258,-0.0158,0.87
2991,3199,0.2027,0.5381,0.2597,0.3252,0.2099,-0.106,1.18,97.97,0.79,124007.0,0.0,0.0923,0.0518,-0.0012,-0.0577,1.3479,-0.0136,0.87
2992,3199,0.2013,0.5321,0.2676,0.3284,0.1983,-0.1083,1.77,100.8,0.83,118230.0,0.0,0.0904,0.0525,-0.0015,-0.0578,1.1773,-0.0152,0.87
2993,3199,0.1999,0.5325,0.2686,0.3056,0.215,-0.1121,1.66,103.15,0.77,128049.0,0.0,0.0965,0.048,-0.001,-0.0531,1.1734,-0.0151,0.87
2994,3199,0.1975,0.5318,0.2718,0.3228,0.2286,-0.1066,2.24,112.89,0.82,120299.0,0.0,0.1012,0.0519,-0.0009,-0.0572,1.2311,-0.016,0.87
2995,3199,0.2013,0.5234,0.2764,0.3406,0.2454,-0.0996,0.88,92.69,0.8,122224.0,0.0,0.1026,0.0548,-0.001,-0.061,1.3853,-0.0157,0.87
2996,3199,0.2025,0.5233,0.2755,0.3135,0.2106,-0.1085,2.01,114.88,0.78,125267.0,0.0,0.0873,0.0503,-0.0013,-0.0558,1.2304,-0.0156,0.87
2997,3199,0.2047,0.5244,0.2726,0.3184,0.2249,-0.1079,1.61,99.63,0.8,123272.0,0.0,0.0944,0.0506,-0.0012,-0.0559,1.2055,-0.0131,0.87
2998,3199,0.2054,0.53,0.2666,0.307,0.2207,-0.1115,0.9,93.94,0.8,123314.0,0.0,0.0941,0.0489,-0.001,-0.0535,1.2608,-0.0157,0.87
2999,3199,0.2107,0.5266,0.2647,0.3187,0.2141,-0.1135,0.84,92.63,0.77,127428.0,0.0,0.0962,0.0478,-0.0011,-0.0532,1.1943,-0.0157,0.87
3000,3199,0.2091,0.5261,0.2669,0.3237,0.1826,-0.1084,1.33,106.22,0.77,127218.0,0.0,0.0954,0.052,-0.0012,-0.0566,1.1805,-0.0152,0.87
3001,3199,0.2076,0.5248,0.2691,0.3342,0.2175,-0.1034,1.59,106.25,0.77,128237.0,0.0,0.0951,0.0552,-0.0013,-0.0586,1.3016,-0.0135,0.87
3002,3199,0.2111,0.5248,0.2656,0.317,0.2176,-0.1109,2.85,99.8,0.76,128687.0,0.0,0.0924,0.0511,-0.0017,-0.054,1.3321,-0.0156,0.87
3003,3199,0.2143,0.5211,0.2661,0.3108,0.22,-0.1091,0.01,94.41,0.76,130116.0,0.0,0.0945,0.0514,-0.0008,-0.0543,1.2311,-0.0149,0.87
3004,3199,0.2134,0.5202,0.268,0.3125,0.214,-0.1101,2.14,102.66,0.76,129279.0,0.0,0.0953,0.0498,-0.0012,-0.0538,1.2309,-0.0152,0.87
3005,3199,0.2131,0.522,0.2667,0.3096,0.2156,-0.1107,1.6,103.64,0.76,129198.0,0.0,0.0935,0.0481,-0.0011,-0.0521,1.2315,-0.015,0.87
3006,3199,0.2104,0.5245,0.2662,0.3096,0.2209,-0.1112,1.44,103.31,0.75,130913.0,0.0,0.0925,0.0487,-0.0011,-0.0533,1.197,-0.0141,0.87
3007,3199,0.2135,0.522,0.2651,0.3062,0.2358,-0.1101,1.63,107.58,0.79,124960.0,0.0,0.0932,0.0496,-0.0011,-0.0513,1.2665,-0.0149,0.87
3008,3199,0.21,0.526,0.2642,0.3229,0.229,-0.1057,2.63,109.43,0.77,127284.0,0.0,0.099,0.0515,-0.0009,-0.0537,1.2643,-0.0138,0.87
3009,3199,0.2119,0.527,0.2614,0.3007,0.2231,-0.1128,1.36,96.68,0.79,124301.0,0.0,0.0937,0.0495,-0.0011,-0.052,1.2672,-0.0149,0.87
3010,3199,0.2135,0.5287,0.258,0.3047,0.2449,-0.1105,1.79,98.59,0.82,119469.0,0.0,0.1023,0.0473,-0.0012,-0.051,1.1312,-0.0132,0.87
3011,3199,0.2177,0.5292,0.2535,0.3262,0.2416,-0.1054,2.06,91.81,0.78,125407.0,0.0,0.1052,0.0516,-0.0017,-0.0564,1.3322,-0.0148,0.87
3012,3199,0.215,0.5334,0.2523,0.324,0.2196,-0.1085,2.44,107.35,0.77,127191.0,0.0,0.0998,0.0494,-0.0014,-0.0569,1.2726,-0.0152,0.87
3013,3199,0.2143,0.5336,0.2527,0.3135,0.2096,-0.1117,1.77,113.41,0.85,115978.0,0.0,0.0997,0.0485,-0.0009,-0.0542,1.2655,-0.0142,0.87
3014,3199,0.2181,0.5309,0.2515,0.311,0.223,-0.1131,1.5,87.56,0.84,117294.0,0.0,0.1006,0.0468,-0.0012,-0.0514,1.1768,-0.0145,0.87
3015,3199,0.2266,0.5285,0.2454,0.3131,0.2309,-0.1098,1.74,115.44,0.82,119965.0,0.0,0.0939,0.0501,-0.0007,-0.0537,1.2492,-0.0157,0.87
3016,3199,0.2271,0.5252,0.2482,0.3312,0.2318,-0.1058,2.22,108.29,0.79,124434.0,0.0,0.1109,0.0506,-0.0012,-0.0548,1.3838,-0.0159,0.87
3017,3199,0.2207,0.5235,0.2564,0.2997,0.2058,-0.1152,2.09,98.56,0.78,126749.0,0.0,0.0893,0.0489,-0.0012,-0.0507,1.2795,-0.0142,0.87
3018,3199,0.213,0.5231,0.2645,0.3211,0.1929,-0.1088,1.05,91.52,0.81,121252.0,0.0,0.0868,0.0517,-0.0013,-0.0538,1.2456,-0.0156,0.87
3019,3199,0.2138,0.5243,0.2624,0.3214,0.2201,-0.1085,1.85,101.58,0.79,124292.0,0.0,0.1048,0.0497,-0.0013,-0.0548,1.314,-0.0168,0.87
3020,3199,0.2144,0.5249,0.261,0.3165,0.2344,-0.1094,2.07,103.3,0.81,122104.0,0.0,0.0999,0.0505,-0.0011,-0.0542,1.2268,-0.0142,0.87
3021,3199,0.2135,0.5275,0.2592,0.3088,0.2288,-0.1098,2.66,97.21,0.87,112569.0,0.0,0.0942,0.0504,-0.0017,-0.053,1.1039,-0.0152,0.87
3022,3199,0.2123,0.5268,0.2613,0.3342,0.2283,-0.1058,3.31,121.02,0.78,125914.0,0.0,0.1001,0.0525,-0.0013,-0.0569,1.262,-0.0152,0.87
3023,3199,0.2138,0.5276,0.2588,0.3091,0.219,-0.1136,1.3,95.73,0.83,118575.0,0.0,0.0986,0.0483,-0.0014,-0.0516,1.2002,-0.0155,0.87
3024,3199,0.2058,0.5317,0.263,0.3151,0.2187,-0.1092,1.63,106.12,0.78,126807.0,0.0,0.0934,0.0506,-0.0012,-0.0531,1.2322,-0.0153,0.87
3025,3199,0.2037,0.5339,0.2626,0.3159,0.2011,-0.1108,1.13,105.43,0.83,118148.0,0.0,0.0903,0.0516,-0.0012,-0.0552,1.1285,-0.0154,0.87
3026,3199,0.2039,0.532,0.2643,0.3177,0.211,-0.1111,0.93,97.53,0.78,126008.0,0.0,0.0935,0.0501,-0.0011,-0.0529,1.2268,-0.0158,0.87
3027,3199,0.2039,0.5306,0.2661,0.3307,0.2145,-0.1068,2.32,112.82,0.79,124803.0,0.0,0.099,0.0514,-0.001,-0.0567,1.2865,-0.016,0.87
3028,3199,0.2049,0.5309,0.2648,0.3101,0.199,-0.1133,2.2,103.78,0.81,121858.0,0.0,0.0905,0.0498,-0.0013,-0.0541,1.2905,-0.0138,0.87
3029,3199,0.2055,0.5345,0.2606,0.3056,0.2165,-0.1122,0.79,91.21,0.85,115832.0,0.0,0.0933,0.0489,-0.0014,-0.053,1.2053,-0.0154,0.87
3030,3199,0.2055,0.5366,0.2586,0.3013,0.2222,-0.1099,1.72,85.95,0.8,122721.0,0.0,0.0913,0.0494,-0.0009,-0.0522,1.172,-0.0118,0.87
3031,3199,0.2042,0.5396,0.257,0.3078,0.2172,-0.1116,1.88,100.0,0.77,127901.0,0.0,0.0912,0.049,-0.0012,-0.0534,1.212,-0.0149,0.87
3032,3199,0.2024,0.5363,0.2623,0.3351,0.2283,-0.1058,1.48,89.76,0.83,118856.0,0.0,0.1035,0.0508,-0.0011,-0.056,1.2987,-0.0154,0.87
3033,3199,0.2042,0.5319,0.2649,0.3318,0.2356,-0.105,2.52,104.01,0.78,125429.0,0.0,0.1052,0.0513,-0.0011,-0.0572,1.2966,-0.0143,0.87
3034,3199,0.2053,0.5257,0.2697,0.3297,0.2163,-0.1071,1.95,107.85,0.81,121930.0,0.0,0.0958,0.0529,-0.001,-0.0583,1.2161,-0.0139,0.87
3035,3199,0.2055,0.5218,0.2733,0.3297,0.2388,-0.1042,1.42,98.11,0.76,128587.0,0.0,0.1015,0.053,-0.0015,-0.0578,1.2345,-0.0153,0.87
3036,3199,0.2036,0.5276,0.2691,0.3219,0.2461,-0.1082,2.02,103.76,0.79,124271.0,0.0,0.1049,0.0504,-0.001,-0.0574,1.2354,-0.0127,0.87
3037,3199,0.2034,0.5286,0.2682,0.3392,0.2146,-0.1044,1.08,87.77,0.8,123167.0,0.0,0.0997,0.0523,-0.0008,-0.0578,1.2961,-0.0162,0.87
3038,3199,0.2073,0.5219,0.2712,0.3226,0.2186,-0.1087,1.86,110.42,0.79,125069.0,0.0,0.0958,0.0503,-0.001,-0.0555,1.3279,-0.0155,0.87
3039,3199,0.2129,0.5151,0.2724,0.3289,0.2333,-0.1063,0.78,92.4,0.78,126794.0,0.0,0.1027,0.0512,-0.0007,-0.0573,1.1815,-0.0153,0.87
3040,3199,0.2132,0.5173,0.2697,0.298,0.2027,-0.1145,1.27,111.79,0.79,124933.0,0.0,0.0913,0.0479,-0.0008,-0.0517,1.2567,-0.0138,0.87
3041,3199,0.2147,0.5167,0.2691,0.2994,0.2161,-0.1163,0.82,85.44,0.79,124916.0,0.0,0.0927,0.0465,-0.001,-0.0528,1.1777,-0.0154,0.87
3042,3199,0.2137,0.5217,0.2652,0.3262,0.197,-0.1103,0.71,103.55,0.77,127298.0,0.0,0.0971,0.0514,-0.0011,-0.0583,1.2259,-0.0151,0.87
3043,3199,0.2143,0.5197,0.2669,0.3423,0.2079,-0.1037,1.28,111.41,0.83,118419.0,0.0,0.098,0.0547,-0.0009,-0.0596,1.1796,-0.0157,0.87
3044,3199,0.2147,0.5226,0.2637,0.3184,0.2056,-0.1134,-0.74,85.94,0.8,123560.0,0.0,0.0965,0.0502,-0.0011,-0.0561,1.2925,-0.013,0.87
3045,3199,0.2079,0.5276,0.2656,0.3154,0.2041,-0.1106,1.93,114.17,0.81,121335.0,0.0,0.0912,0.0499,-0.0012,-0.0549,1.2638,-0.0148,0.87
3046,3199,0.2043,0.5263,0.2703,0.3275,0.2151,-0.1064,2.08,109.1,0.78,126235.0,0.0,0.0993,0.0523,-0.0009,-0.0567,1.1753,-0.0144,0.87
3047,3199,0.2013,0.528,0.2714,0.3134,0.2112,-0.1124,1.29,93.52,0.8,122590.0,0.0,0.0977,0.0489,-0.0013,-0.0537,1.4203,-0.0158,0.87
3048,3199,0.1974,0.5323,0.271,0.3196,0.1994,-0.1119,0.93,108.48,0.77,126925.0,0.0,0.0965,0.0496,-0.001,-0.0531,1.2662,-0.0155,0.87
3049,3199,0.1937,0.5377,0.2696,0.316,0.1967,-0.1138,1.95,101.21,0.77,127752.0,0.0,0.0956,0.0485,-0.0012,-0.054,1.4363,-0.0157,0.88
3050,3199,0.1942,0.538,0.269,0.3093,0.2109,-0.1131,0.29,80.95,0.76,129313.0,0.0,0.0935,0.0484,-0.001,-0.054,1.4905,-0.0151,0.88
3051,3199,0.1916,0.5459,0.2635,0.3037,0.1998,-0.1159,1.75,96.66,0.76,129534.0,0.0,0.0907,0.0493,-0.0009,-0.0546,1.5255,-0.0143,0.88
3052,3199,0.1948,0.5396,0.2665,0.3305,0.206,-0.1083,0.71,92.45,0.76,129597.0,0.0,0.1002,0.0526,-0.0011,-0.0575,1.1857,-0.0162,0.88
3053,3199,0.1956,0.5394,0.2658,0.3129,0.2261,-0.1088,1.94,110.38,0.77,127704.0,0.0,0.0974,0.0502,-0.0012,-0.0534,1.3619,-0.0148,0.88
3054,3199,0.1954,0.5408,0.2648,0.3082,0.2211,-0.1108,2.38,105.75,0.76,130055.0,0.0,0.0959,0.0487,-0.0013,-0.0535,1.2136,-0.015,0.88
3055,3199,0.1995,0.5382,0.2635,0.3292,0.2047,-0.1086,2.1,107.13,0.79,124639.0,0.0,0.0993,0.0509,-0.0011,-0.0572,1.2259,-0.0152,0.88
3056,3199,0.2021,0.5338,0.2655,0.3413,0.2332,-0.1046,1.37,111.96,0.75,130838.0,0.0,0.1097,0.0518,-0.0012,-0.0585,1.4682,-0.0138,0.88
3057,3199,0.2084,0.5235,0.2696,0.3252,0.2058,-0.1055,2.09,103.68,0.78,125523.0,0.0,0.0979,0.0517,-0.0012,-0.0546,1.1939,-0.0157,0.88
3058,3199,0.2092,0.5274,0.265,0.3204,0.2129,-0.1095,1.08,88.7,0.79,124977.0,0.0,0.0992,0.0506,-0.001,-0.0553,1.3144,-0.0153,0.88
3059,3199,0.2072,0.5302,0.264,0.3115,0.1966,-0.1132,1.06,92.13,0.8,123215.0,0.0,0.0961,0.0487,-0.0012,-0.0524,1.3046,-0.0145,0.88
3060,3199,0.205,0.5263,0.2699,0.3276,0.189,-0.1074,1.77,108.86,0.83,118709.0,0.0,0.0956,0.0531,-0.0013,-0.0579,1.3491,-0.0141,0.88
3061,3199,0.2002,0.5288,0.2722,0.3043,0.191,-0.1151,2.12,98.04,0.79,124409.0,0.0,0.0937,0.0473,-0.0013,-0.0519,1.2078,-0.0149,0.88
3062,3199,0.2032,0.527,0.271,0.3354,0.2276,-0.1049,2.6,119.81,0.8,122145.0,0.0,0.1026,0.0522,-0.0011,-0.0564,1.4222,-0.0152,0.88
3063,3199,0.2033,0.5293,0.2685,0.309,0.1981,-0.1138,2.37,103.69,0.83,118047.0,0.0,0.089,0.0497,-0.0012,-0.0525,1.3421,-0.0146,0.88
3064,3199,0.2046,0.53,0.2664,0.3268,0.2084,-0.1108,1.27,103.59,0.82,119432.0,0.0,0.0994,0.0503,-0.001,-0.054,1.1818,-0.0153,0.88
3065,3199,0.2023,0.5274,0.2714,0.3311,0.2127,-0.1069,1.36,97.97,0.8,122195.0,0.0,0.099,0.0529,-0.0016,-0.0568,1.2781,-0.0145,0.88
3066,3199,0.2044,0.5239,0.2728,0.3437,0.2382,-0.1019,2.1,116.84,0.82,119836.0,0.0,0.1086,0.0515,-0.0008,-0.0558,1.2672,-0.0153,0.88
3067,3199,0.2003,0.5271,0.2734,0.2852,0.2086,-0.1192,1.42,103.05,0.79,123844.0,0.0,0.0884,0.0458,-0.0013,-0.0475,1.3046,-0.0119,0.88
3068,3199,0.1983,0.5298,0.2726,0.3184,0.2169,-0.1087,1.19,107.92,0.77,126894.0,0.0,0.098,0.0506,-0.0014,-0.054,1.3154,-0.0147,0.88
3069,3199,0.1953,0.5319,0.2731,0.32,0.1818,-0.1119,2.48,106.92,0.78,125544.0,0.0,0.0955,0.0501,-0.0011,-0.0529,1.1209,-0.0159,0.88
3070,3199,0.2004,0.5272,0.2729,0.3178,0.2013,-0.1094,1.39,96.52,0.78,125960.0,0.0,0.0916,0.0498,-0.0014,-0.0531,1.3126,-0.0148,0.88
3071,3199,0.2046,0.527,0.2689,0.308,0.2114,-0.1097,2.02,109.66,0.82,119992.0,0.0,0.0901,0.0507,-0.0012,-0.0525,1.3835,-0.0141,0.88
3072,3199,0.2037,0.5338,0.263,0.2823,0.2094,-0.1201,0.66,90.53,0.77,128349.0,0.0,0.0893,0.0444,-0.0009,-0.047,1.3052,-0.0145,0.88
3073,3199,0.2017,0.5369,0.262,0.3215,0.2025,-0.1079,1.66,93.89,0.8,123316.0,0.0,0.0969,0.0501,-0.001,-0.0516,1.3129,-0.0159,0.88
3074,3199,0.2053,0.5374,0.2581,0.2976,0.2044,-0.1145,1.46,89.71,0.84,117448.0,0.0,0.0883,0.0491,-0.0019,-0.0515,1.3583,-0.0159,0.88
3075,3199,0.2051,0.5331,0.2628,0.3249,0.1924,-0.1075,1.21,99.56,0.78,125992.0,0.0,0.0924,0.0517,-0.0011,-0.0544,1.2613,-0.0149,0.88
3076,3199,0.1963,0.529,0.2758,0.3139,0.1672,-0.1137,0.07,73.94,0.76,129491.0,0.0,0.0841,0.0516,-0.0018,-0.0537,1.2307,-0.015,0.88
3077,3199,0.1914,0.5283,0.281,0.3284,0.2078,-0.1052,1.27,90.0,0.8,122783.0,0.0,0.0996,0.0527,-0.0011,-0.0546,1.2728,-0.0157,0.88
3078,3199,0.193,0.527,0.2804,0.3256,0.1866,-0.1116,1.64,106.48,0.76,129704.0,0.0,0.0933,0.0501,-0.001,-0.0539,1.4006,-0.0117,0.88
3079,3199,0.193,0.5226,0.2852,0.3446,0.2009,-0.1076,2.41,111.79,0.77,127836.0,0.0,0.0986,0.0544,-0.0012,-0.0559,1.3209,-0.0154,0.88
3080,3199,0.1889,0.5282,0.2837,0.3035,0.1774,-0.1155,0.93,93.82,0.77,127209.0,0.0,0.0845,0.0487,-0.0008,-0.0513,1.2371,-0.0158,0.88
3081,3199,0.1889,0.5297,0.2822,0.3224,0.2145,-0.1077,1.56,98.73,0.75,131298.0,0.0,0.0993,0.0507,-0.001,-0.0527,1.268,-0.0159,0.88
3082,3199,0.1912,0.5281,0.2814,0.3291,0.1951,-0.1106,2.16,112.1,0.8,123151.0,0.0,0.0979,0.05,-0.0012,-0.0545,1.303,-0.0156,0.88
3083,3199,0.1923,0.5287,0.2795,0.3077,0.1943,-0.114,0.77,96.75,0.79,124393.0,0.0,0.095,0.0481,-0.0015,-0.0518,1.2097,-0.0152,0.88
3084,3199,0.1904,0.5262,0.2838,0.3537,0.1977,-0.1013,2.38,108.18,0.84,117504.0,0.0,0.1023,0.0549,-0.001,-0.0591,1.129,-0.0137,0.88
3085,3199,0.1896,0.5229,0.2874,0.3453,0.2017,-0.1045,2.07,106.98,0.85,115405.0,0.0,0.102,0.0544,-0.0012,-0.0567,1.4044,-0.0151,0.88
3086,3199,0.1888,0.5262,0.2851,0.2991,0.1724,-0.1189,-0.14,93.5,0.79,124637.0,0.0,0.0897,0.0465,-0.0014,-0.0506,1.2847,-0.016,0.88
3087,3199,0.1948,0.5201,0.2856,0.3319,0.2019,-0.108,1.09,82.52,0.78,126160.0,0.0,0.0987,0.0524,-0.0009,-0.0548,1.3479,-0.0134,0.88
3088,3199,0.1954,0.5214,0.284,0.317,0.1955,-0.1123,1.42,97.66,0.77,127940.0,0.0,0.0953,0.0489,-0.0009,-0.054,1.3252,-0.0157,0.88
3089,3199,0.193,0.5245,0.283,0.3319,0.1992,-0.1079,3.49,114.08,0.8,122727.0,0.0,0.093,0.0527,-0.0011,-0.0551,1.3298,-0.016,0.88
3090,3199,0.1967,0.5262,0.2776,0.3286,0.2156,-0.1103,2.2,114.6,0.78,126644.0,0.0,0.102,0.0494,-0.001,-0.0535,1.2716,-0.0161,0.88
3091,3199,0.2022,0.5204,0.278,0.337,0.2092,-0.107,0.93,104.98,0.78,125317.0,0.0,0.1015,0.0513,-0.0008,-0.0567,1.3879,-0.0134,0.88
3092,3199,0.1964,0.5244,0.2799,0.3306,0.2057,-0.1088,1.07,79.2,0.77,128164.0,0.0,0.0989,0.0519,-0.0012,-0.0559,1.331,-0.0151,0.88
3093,3199,0.1939,0.5248,0.2821,0.337,0.1806,-0.11,0.09,98.34,0.78,126127.0,0.0,0.0955,0.0517,-0.0015,-0.0574,1.2643,-0.0151,0.88
3094,3199,0.193,0.5282,0.2795,0.3147,0.2053,-0.1137,1.96,107.97,0.8,122896.0,0.0,0.0952,0.0484,-0.0009,-0.0533,1.3505,-0.0141,0.88
3095,3199,0.1971,0.5299,0.2737,0.3173,0.2121,-0.113,1.08,95.0,0.8,122405.0,0.0,0.0939,0.0489,-0.0011,-0.0532,1.4282,-0.0164,0.88
3096,3199,0.1924,0.5381,0.2701,0.3157,0.2093,-0.1135,1.8,101.16,0.79,124229.0,0.0,0.0993,0.0487,-0.001,-0.0529,1.2014,-0.0124,0.88
3097,3199,0.1943,0.5366,0.2696,0.325,0.1869,-0.109,0.59,89.39,0.76,128597.0,0.0,0.0934,0.0503,-0.0012,-0.056,1.3216,-0.0149,0.88
3098,3199,0.1889,0.5369,0.2751,0.3346,0.2016,-0.1062,1.48,103.88,0.77,127369.0,0.0,0.1,0.0524,-0.0014,-0.0563,1.2881,-0.0155,0.88
3099,3199,0.1896,0.5345,0.2768,0.3258,0.2034,-0.1108,1.16,102.31,0.77,128369.0,0.0,0.0987,0.0497,-0.0013,-0.056,1.7727,-0.0108,0.88
3100,3199,0.1941,0.534,0.2731,0.3281,0.225,-0.1061,2.15,105.49,0.79,124634.0,0.0,0.1006,0.0522,-0.0016,-0.0568,1.3528,-0.0137,0.88
3101,3199,0.195,0.5335,0.2728,0.3303,0.2008,-0.1108,0.47,90.53,0.79,124480.0,0.0,0.1008,0.0508,-0.001,-0.0543,1.3198,-0.016,0.88
3102,3199,0.1901,0.5381,0.2731,0.3274,0.1971,-0.1109,2.43,108.32,0.8,123366.0,0.0,0.0991,0.0502,-0.0011,-0.0553,1.2817,-0.0156,0.88
3103,3199,0.1963,0.5296,0.2751,0.3305,0.2212,-0.1083,1.22,98.8,0.8,122615.0,0.0,0.1036,0.0506,-0.0013,-0.0555,1.341,-0.0156,0.88
3104,3199,0.1985,0.5297,0.2725,0.3324,0.2162,-0.1077,3.03,94.02,0.79,124468.0,0.0,0.1057,0.0505,-0.0013,-0.0561,1.2375,-0.015,0.88
3105,3199,0.1954,0.5319,0.2735,0.3166,0.202,-0.1106,2.2,104.94,0.79,124750.0,0.0,0.0987,0.0492,-0.001,-0.0522,1.2802,-0.0137,0.88
3106,3199,0.1898,0.5336,0.2775,0.3191,0.1953,-0.1138,1.11,92.0,0.76,129243.0,0.0,0.0972,0.0491,-0.0013,-0.0543,1.3002,-0.0146,0.88
3107,3199,0.1951,0.5349,0.2709,0.326,0.199,-0.1113,2.78,95.66,0.76,129330.0,0.0,0.1008,0.0508,-0.0012,-0.056,1.3081,-0.0147,0.88
3108,3199,0.1971,0.53,0.2736,0.3532,0.213,-0.102,2.35,117.11,0.76,129959.0,0.0,0.1122,0.0521,-0.0014,-0.0582,1.2725,-0.0159,0.88
3109,3199,0.195,0.5262,0.2795,0.3279,0.1884,-0.1112,1.62,104.36,0.76,130043.0,0.0,0.0986,0.0501,-0.0011,-0.0548,1.3055,-0.0132,0.88
3110,3199,0.1927,0.5284,0.2797,0.3296,0.2217,-0.1067,1.94,117.5,0.75,130790.0,0.0,0.1036,0.0516,-0.0011,-0.0555,1.2678,-0.0134,0.88
3111,3199,0.1967,0.5291,0.2749,0.3193,0.2139,-0.1117,1.17,93.61,0.77,128385.0,0.0,0.1035,0.0481,-0.0008,-0.0533,1.4499,-0.0124,0.88
3112,3199,0.1994,0.5309,0.2702,0.3254,0.2099,-0.11,1.2,99.77,0.81,122011.0,0.0,0.0998,0.0506,-0.001,-0.0532,1.3088,-0.0135,0.88
3113,3199,0.1987,0.5329,0.2688,0.3271,0.2299,-0.1058,2.07,95.2,0.78,126209.0,0.0,0.1046,0.0508,-0.0012,-0.0555,1.2774,-0.0155,0.88
3114,3199,0.2018,0.5265,0.2722,0.3362,0.2193,-0.1036,1.24,110.58,0.79,124735.0,0.0,0.1073,0.0528,-0.0009,-0.0578,1.2639,-0.0154,0.88
3115,3199,0.2066,0.5209,0.2731,0.3341,0.213,-0.1094,2.29,117.31,0.79,124463.0,0.0,0.0989,0.0519,-0.0009,-0.0571,1.3557,-0.0141,0.88
3116,3199,0.2115,0.5156,0.2734,0.3276,0.2143,-0.1069,2.33,129.36,0.8,123207.0,0.0,0.0985,0.0523,-0.0009,-0.0551,1.3761,-0.0158,0.88
3117,3199,0.2089,0.5115,0.2802,0.3246,0.2058,-0.1108,1.29,92.13,0.78,126407.0,0.0,0.1006,0.0505,-0.0008,-0.055,1.3526,-0.0157,0.89
3118,3199,0.2092,0.5166,0.2744,0.316,0.217,-0.111,1.21,106.79,0.8,122259.0,0.0,0.0987,0.0493,-0.001,-0.0539,1.2491,-0.0154,0.89
3119,3199,0.2128,0.5157,0.2718,0.3513,0.2244,-0.1002,2.33,117.77,0.79,124686.0,0.0,0.1058,0.0541,-0.001,-0.0596,1.1669,-0.0133,0.89
3120,3199,0.2098,0.516,0.2745,0.3462,0.2052,-0.1051,2.49,112.7,0.78,125491.0,0.0,0.1064,0.0535,-0.0011,-0.0574,1.3231,-0.015,0.89
3121,3199,0.211,0.5125,0.2772,0.3227,0.227,-0.1084,1.81,94.92,0.8,122585.0,0.0,0.1013,0.0504,-0.0009,-0.0541,1.2803,-0.0156,0.89
3122,3199,0.2091,0.5133,0.2785,0.3301,0.201,-0.1121,1.77,104.32,0.78,126579.0,0.0,0.1061,0.0485,-0.0013,-0.0546,1.3293,-0.0143,0.88
3123,3199,0.2067,0.5162,0.2781,0.3221,0.1839,-0.113,0.44,95.35,0.81,121000.0,0.0,0.0909,0.0519,-0.0013,-0.0544,1.2805,-0.0139,0.89
3124,3199,0.2069,0.5155,0.2789,0.3308,0.2081,-0.1057,1.49,110.38,0.8,122396.0,0.0,0.099,0.0525,-0.0013,-0.0561,1.3161,-0.0149,0.89
3125,3199,0.2024,0.5171,0.2817,0.3152,0.1919,-0.112,0.98,92.0,0.78,126277.0,0.0,0.0912,0.0505,-0.0011,-0.0529,1.2099,-0.0163,0.89
3126,3199,0.2025,0.5151,0.2834,0.3417,0.2144,-0.1026,1.66,107.88,0.77,127046.0,0.0,0.1006,0.0551,-0.0026,-0.0586,1.2062,-0.0156,0.89
3127,3199,0.202,0.5159,0.2832,0.3358,0.193,-0.1082,2.31,112.57,0.78,126006.0,0.0,0.0956,0.0527,-0.0014,-0.0581,1.3552,-0.0156,0.89
3128,3199,0.198,0.5172,0.2856,0.335,0.1873,-0.109,2.11,113.7,0.82,119469.0,0.0,0.096,0.0525,-0.0013,-0.0563,1.3087,-0.0132,0.89
3129,3199,0.1954,0.5169,0.2882,0.3358,0.1905,-0.1088,1.56,95.1,0.79,123882.0,0.0,0.0962,0.0526,-0.0011,-0.0568,1.3287,-0.012,0.89
3130,3199,0.1962,0.5188,0.2855,0.3272,0.2037,-0.1097,1.31,100.96,0.76,129219.0,0.0,0.0996,0.0501,-0.0013,-0.0555,1.2794,-0.0156,0.89
3131,3199,0.1929,0.5201,0.2872,0.3192,0.1977,-0.1104,1.91,106.57,0.79,124670.0,0.0,0.0958,0.0493,-0.0012,-0.0528,1.3235,-0.016,0.89
3132,3199,0.1927,0.5181,0.2892,0.3369,0.2304,-0.1063,3.15,117.24,0.77,127450.0,0.0,0.103,0.052,-0.001,-0.0579,1.2665,-0.016,0.89
3133,3199,0.1946,0.5157,0.2898,0.3361,0.2057,-0.1065,1.61,103.35,0.78,125552.0,0.0,0.1034,0.051,-0.0013,-0.0563,1.2535,-0.0149,0.89
3134,3199,0.1914,0.5155,0.2931,0.3195,0.2087,-0.1094,2.62,93.58,0.78,126744.0,0.0,0.0976,0.0509,-0.0009,-0.0558,1.1821,-0.0147,0.89
3135,3199,0.1947,0.5101,0.2952,0.3257,0.2126,-0.1081,2.08,108.59,0.8,122376.0,0.0,0.1007,0.05,-0.0013,-0.0541,1.2451,-0.015,0.89
3136,3199,0.195,0.5131,0.292,0.3327,0.2186,-0.1071,1.95,125.69,0.79,124644.0,0.0,0.1026,0.0513,-0.0007,-0.0549,1.208,-0.0155,0.89
3137,3199,0.1987,0.5123,0.289,0.3438,0.2335,-0.1018,2.16,105.46,0.79,124898.0,0.0,0.1033,0.054,-0.0013,-0.0572,1.3698,-0.0154,0.89
3138,3199,0.1958,0.5082,0.296,0.3344,0.1876,-0.1074,1.02,108.34,0.82,119952.0,0.0,0.0948,0.0535,-0.001,-0.0572,1.2867,-0.0149,0.89
3139,3199,0.1971,0.5093,0.2938,0.3342,0.2296,-0.1069,2.38,109.9,0.82,120325.0,0.0,0.1039,0.0512,-0.0012,-0.0565,1.3433,-0.0141,0.89
3140,3199,0.2016,0.5079,0.2909,0.3141,0.2247,-0.1101,1.6,99.91,0.81,120966.0,0.0,0.0959,0.0506,-0.0011,-0.0557,1.24,-0.0149,0.89
3141,3199,0.2061,0.5098,0.2845,0.3395,0.2134,-0.1062,1.56,103.52,0.78,126638.0,0.0,0.1029,0.0538,-0.0012,-0.057,1.3111,-0.0156,0.89
3142,3199,0.2062,0.51,0.2841,0.317,0.2193,-0.1113,2.49,103.6,0.77,126931.0,0.0,0.1015,0.0499,-0.0014,-0.0534,1.2858,-0.0154,0.89
3143,3199,0.2078,0.5098,0.283,0.3304,0.2079,-0.1074,1.32,100.3,0.78,126345.0,0.0,0.097,0.0534,-0.001,-0.059,1.1648,-0.0155,0.89
3144,3199,0.2108,0.5111,0.2786,0.3362,0.246,-0.1022,2.29,97.48,0.76,129275.0,0.0,0.1088,0.0532,-0.0015,-0.0575,1.3119,-0.0161,0.89
3145,3199,0.2115,0.5115,0.2776,0.3343,0.2058,-0.1064,2.72,114.55,0.77,126859.0,0.0,0.101,0.0532,-0.0015,-0.0567,1.3163,-0.0148,0.89
3146,3199,0.2149,0.5104,0.2755,0.3156,0.2173,-0.112,1.31,96.64,0.81,121186.0,0.0,0.0992,0.0483,-0.0008,-0.0535,1.2992,-0.0143,0.89
3147,3199,0.2124,0.5174,0.2712,0.3159,0.2,-0.1137,1.52,117.6,0.79,124862.0,0.0,0.0927,0.05,-0.0014,-0.055,1.3988,-0.013,0.89
3148,3199,0.2133,0.5164,0.2716,0.3405,0.2259,-0.1063,1.42,100.73,0.79,124270.0,0.0,0.1062,0.0529,-0.0011,-0.0591,1.3149,-0.0142,0.89
3149,3199,0.2124,0.5184,0.2707,0.3448,0.2221,-0.1032,1.82,126.02,0.8,123059.0,0.0,0.1073,0.0525,-0.001,-0.0584,1.178,-0.0155,0.89
3150,3199,0.2097,0.5194,0.2723,0.33,0.2414,-0.105,3.03,111.84,0.8,123474.0,0.0,0.1055,0.0523,-0.0014,-0.0559,1.2809,-0.0157,0.89
3151,3199,0.2138,0.514,0.2739,0.3496,0.2228,-0.1006,1.45,104.97,0.78,125465.0,0.0,0.106,0.0553,-0.0011,-0.0577,1.28,-0.0127,0.89
3152,3199,0.2138,0.5174,0.2705,0.317,0.2117,-0.1114,0.87,101.1,0.77,127128.0,0.0,0.1013,0.0504,-0.001,-0.0544,1.3131,-0.0154,0.89
3153,3199,0.22,0.5123,0.2689,0.3133,0.2284,-0.1117,0.91,82.64,0.87,112405.0,0.0,0.1019,0.0491,-0.0011,-0.0525,1.2914,-0.0163,0.89
3154,3199,0.2173,0.5151,0.2687,0.328,0.2225,-0.1075,1.51,99.04,0.8,122738.0,0.0,0.1011,0.0521,-0.0012,-0.0573,1.2342,-0.0154,0.89
3155,3199,0.2171,0.5123,0.2716,0.33,0.2186,-0.1065,2.89,105.46,0.8,122729.0,0.0,0.1047,0.0515,-0.0009,-0.0556,1.2541,-0.0159,0.89
3156,3199,0.2185,0.508,0.2744,0.3392,0.2318,-0.1043,2.0,103.19,0.79,125204.0,0.0,0.1075,0.0536,-0.0014,-0.0594,1.2559,-0.0147,0.89
3157,3199,0.2187,0.5066,0.2754,0.3347,0.215,-0.1061,2.37,121.37,0.78,125702.0,0.0,0.0996,0.0532,-0.0013,-0.0582,1.3532,-0.0137,0.89
3158,3199,0.2163,0.5115,0.2727,0.3237,0.2296,-0.1071,0.89,93.42,0.83,118326.0,0.0,0.1017,0.0524,-0.0011,-0.0596,1.3618,-0.0157,0.89
3159,3199,0.2155,0.5138,0.2708,0.3099,0.2349,-0.1099,2.39,105.75,0.82,119493.0,0.0,0.0963,0.05,-0.0009,-0.0553,1.274,-0.0161,0.89
3160,3199,0.2128,0.5171,0.27,0.3031,0.2231,-0.1139,2.4,109.7,0.78,125948.0,0.0,0.0973,0.0456,-0.0009,-0.0507,1.2063,-0.0164,0.89
3161,3199,0.209,0.5224,0.2687,0.3133,0.2135,-0.1108,3.35,120.18,0.78,125435.0,0.0,0.0979,0.05,-0.0009,-0.0546,1.2603,-0.0158,0.89
3162,3199,0.2122,0.5184,0.2694,0.3385,0.243,-0.1002,1.84,105.24,0.78,125270.0,0.0,0.1011,0.0552,-0.0013,-0.0595,1.1681,-0.0146,0.89
3163,3199,0.2097,0.5199,0.2705,0.3185,0.201,-0.1113,2.35,104.92,0.77,127244.0,0.0,0.0972,0.0512,-0.0012,-0.0559,1.1877,-0.0137,0.89
3164,3199,0.207,0.5212,0.2719,0.3208,0.2241,-0.107,0.32,79.55,0.84,116861.0,0.0,0.0989,0.0521,-0.0012,-0.0573,1.1994,-0.0141,0.89
3165,3199,0.2075,0.5255,0.2673,0.33,0.2161,-0.1099,1.26,111.15,0.82,119418.0,0.0,0.098,0.0525,-0.001,-0.0569,1.3172,-0.0123,0.89
3166,3199,0.2068,0.5268,0.2674,0.3063,0.2226,-0.1125,1.97,85.82,0.85,115422.0,0.0,0.0985,0.049,-0.001,-0.0538,1.3418,-0.0143,0.89
3167,3199,0.209,0.5291,0.2626,0.3179,0.2174,-0.1099,1.53,100.05,0.82,120564.0,0.0,0.1009,0.0509,-0.0009,-0.0567,1.3502,-0.015,0.89
3168,3199,0.2094,0.5289,0.2623,0.3195,0.197,-0.1102,0.52,84.73,0.79,124496.0,0.0,0.0964,0.0497,-0.0015,-0.0562,1.2508,-0.0143,0.89
3169,3199,0.2071,0.5356,0.258,0.3086,0.2139,-0.113,1.97,100.55,0.79,124529.0,0.0,0.0989,0.0495,-0.0015,-0.0549,1.3472,-0.0123,0.89
3170,3199,0.2131,0.533,0.255,0.3225,0.2293,-0.1091,3.34,115.75,0.78,125997.0,0.0,0.1075,0.049,-0.0009,-0.0557,1.2837,-0.0115,0.89
3171,3199,0.2124,0.5308,0.2578,0.3122,0.2029,-0.1125,2.14,109.97,0.79,124093.0,0.0,0.0977,0.0496,-0.0011,-0.0549,1.2635,-0.0153,0.89
3172,3199,0.211,0.5314,0.2587,0.3359,0.2444,-0.1043,1.99,108.37,0.83,117736.0,0.0,0.109,0.0508,-0.0011,-0.0575,1.2692,-0.0163,0.89
3173,3199,0.2177,0.5289,0.2546,0.3191,0.2398,-0.1075,1.7,102.06,0.89,110853.0,0.0,0.1057,0.0495,-0.0015,-0.0564,1.3139,-0.0165,0.89
3174,3199,0.2216,0.5272,0.2523,0.3251,0.251,-0.1065,2.34,105.23,0.82,120340.0,0.0,0.1048,0.0513,-0.0012,-0.0571,1.336,-0.0159,0.89
3175,3199,0.2249,0.5257,0.2506,0.3134,0.2533,-0.1083,2.09,93.37,0.8,122197.0,0.0,0.105,0.0491,-0.001,-0.0543,1.3228,-0.0161,0.89
3176,3199,0.2269,0.5277,0.2464,0.3229,0.2154,-0.1086,2.45,110.98,0.78,125393.0,0.0,0.0998,0.0509,-0.0014,-0.0573,1.2614,-0.0142,0.89
3177,3199,0.2191,0.5275,0.2544,0.3126,0.2191,-0.109,1.21,115.86,0.81,120798.0,0.0,0.0981,0.0512,-0.001,-0.0563,1.2951,-0.0114,0.89
3178,3199,0.2166,0.5243,0.2599,0.3256,0.223,-0.1092,2.24,107.25,0.78,126093.0,0.0,0.1035,0.0503,-0.0009,-0.0554,1.1994,-0.0126,0.89
3179,3199,0.2202,0.516,0.2643,0.3483,0.2412,-0.1012,2.11,106.46,0.79,124016.0,0.0,0.1047,0.0546,-0.0009,-0.0609,1.1661,-0.0153,0.89
3180,3199,0.2187,0.5173,0.2646,0.3256,0.2215,-0.1083,1.05,89.07,0.83,118591.0,0.0,0.0969,0.052,-0.0011,-0.058,1.2404,-0.0143,0.89
3181,3199,0.2166,0.5187,0.2652,0.32,0.227,-0.1069,1.49,102.27,0.8,122866.0,0.0,0.0958,0.0521,-0.0015,-0.0556,1.3324,-0.0158,0.9
3182,3199,0.2146,0.5167,0.2692,0.3291,0.2084,-0.1042,1.42,95.65,0.78,126151.0,0.0,0.0944,0.0542,-0.0013,-0.0599,1.1606,-0.0136,0.9
3183,3199,0.2133,0.5087,0.2785,0.341,0.2303,-0.102,1.32,102.93,0.79,124495.0,0.0,0.1058,0.0527,-0.0011,-0.0598,1.2498,-0.0153,0.9
3184,3199,0.2157,0.5086,0.2761,0.3105,0.245,-0.1098,2.41,111.17,0.82,120452.0,0.0,0.1007,0.0492,-0.0011,-0.0542,1.2478,-0.0147,0.89
3185,3199,0.2211,0.5064,0.2734,0.3043,0.2262,-0.1127,0.87,98.09,0.81,122054.0,0.0,0.0955,0.0473,-0.001,-0.0535,1.3992,-0.0114,0.9
3186,3199,0.2205,0.5083,0.2719,0.3219,0.232,-0.1066,2.03,96.25,0.82,119754.0,0.0,0.1045,0.0511,-0.0009,-0.0574,1.3518,-0.0156,0.9
3187,3199,0.2198,0.5093,0.2713,0.3214,0.2178,-0.1092,1.63,106.12,0.81,121386.0,0.0,0.0945,0.0516,-0.0015,-0.057,1.3536,-0.0163,0.9
3188,3199,0.2129,0.5199,0.2677,0.2973,0.1872,-0.1211,2.35,103.63,0.8,122917.0,0.0,0.0894,0.048,-0.0011,-0.0539,1.3154,-0.017,0.9
3189,3199,0.2105,0.529,0.261,0.3152,0.2446,-0.1118,2.44,111.67,0.77,128475.0,0.0,0.1069,0.0478,-0.0008,-0.0553,1.254,-0.0153,0.9
3190,3199,0.2101,0.5259,0.2646,0.3225,0.2373,-0.1054,1.73,110.98,0.81,120693.0,0.0,0.0966,0.0519,-0.0013,-0.0558,1.2097,-0.0161,0.9
3191,3199,0.2151,0.5179,0.2677,0.318,0.2443,-0.1058,0.75,86.53,0.81,121346.0,0.0,0.1082,0.0491,-0.0015,-0.0544,1.8832,-0.012,0.9
3192,3199,0.2175,0.5206,0.2626,0.3268,0.2112,-0.1102,1.85,100.05,0.8,122504.0,0.0,0.1019,0.0502,-0.0009,-0.0574,1.2307,-0.0162,0.9
3193,3199,0.2162,0.525,0.2599,0.3272,0.2076,-0.1076,0.91,115.38,0.84,117690.0,0.0,0.0972,0.0522,-0.0011,-0.0564,1.4824,-0.0148,0.9
3194,3199,0.2137,0.5283,0.2587,0.3061,0.2265,-0.1121,1.18,111.74,0.78,125375.0,0.0,0.0984,0.0483,-0.0009,-0.0538,1.3634,-0.0166,0.9
3195,3199,0.2115,0.5325,0.2566,0.3149,0.2298,-0.1119,2.34,107.01,0.76,129845.0,0.0,0.1,0.0491,-0.0011,-0.0544,1.2167,-0.0157,0.9
3196,3199,0.2109,0.5267,0.2624,0.3352,0.2376,-0.1022,2.11,112.57,0.78,126699.0,0.0,0.1036,0.053,-0.0012,-0.0587,1.3134,-0.0152,0.9
3197,3199,0.2121,0.5263,0.2616,0.3179,0.2338,-0.11,3.07,116.5,0.8,122243.0,0.0,0.1018,0.05,-0.0011,-0.0547,1.2126,-0.0145,0.89
3198,3199,0.2179,0.5234,0.2588,0.3062,0.2264,-0.1119,1.76,91.47,0.8,122865.0,0.0,0.0968,0.0491,-0.0015,-0.0555,1.3872,-0.0145,0.9
