iteration,total,hold_success,dropped,time_out,r_face_alignment,r_hold_bonus,r_dropped_penalty,mean_reward,mean_ep_len,iter_time_s,steps_per_s,invalid_state,r_hold_progress,r_grasp_contact,r_excess_force,r_joint_limits,value_loss,surrogate_loss,action_std
1750,4000,0.0,0.0357,0.0361,0.0192,0.0,-0.0637,-1.28,20.85,1.7,57833.0,0.0,0.0014,0.0024,-0.0002,-0.0033,1.6107,-0.0036,1.01
1751,4000,0.0,0.0785,0.1001,0.06,0.0,-0.0362,-0.15,41.88,0.77,128320.0,0.0,0.0141,0.0102,-0.0012,-0.0119,0.4526,-0.0086,1.01
1752,4000,0.0471,0.0974,0.1473,0.1252,0.2339,-0.0259,5.45,64.92,0.76,129978.0,0.0,0.077,0.0166,-0.0012,-0.0188,0.6432,-0.0134,1.01
1753,4000,0.1401,0.1067,0.1848,0.1751,0.358,-0.0179,8.08,87.45,0.75,131838.0,0.0,0.1091,0.0241,-0.0013,-0.0308,0.5449,-0.0131,1.01
1754,4000,0.2461,0.1121,0.207,0.22,0.4798,-0.0144,8.76,104.28,0.75,130688.0,0.0,0.1407,0.0314,-0.0024,-0.0404,0.6295,-0.014,1.01
1755,4000,0.3483,0.1174,0.2159,0.239,0.4653,-0.0183,8.88,116.46,0.76,129478.0,0.0,0.1453,0.0344,-0.0022,-0.0432,0.5589,-0.0137,1.02
1756,4000,0.4227,0.1181,0.2192,0.2682,0.5055,-0.0124,10.09,119.7,0.75,130708.0,0.0,0.1657,0.0384,-0.002,-0.0479,0.6217,-0.0139,1.02
1757,4000,0.4858,0.1207,0.2109,0.2822,0.4931,-0.0182,8.86,125.52,0.75,130981.0,0.0,0.1701,0.0406,-0.002,-0.0497,0.638,-0.0125,1.02
1758,4000,0.5379,0.1199,0.2042,0.3024,0.5316,-0.0136,10.95,130.71,0.76,130081.0,0.0,0.1827,0.0437,-0.002,-0.055,0.5742,-0.0086,1.02
1759,4000,0.5778,0.1209,0.1981,0.3139,0.512,-0.0166,9.63,134.91,0.75,131157.0,0.0,0.1835,0.0449,-0.0021,-0.0558,0.6779,-0.0137,1.02
1760,4000,0.6109,0.1251,0.189,0.3268,0.5449,-0.0141,11.61,142.94,0.75,130374.0,0.0,0.1949,0.0471,-0.0022,-0.059,0.5578,-0.0145,1.02
1761,4000,0.6416,0.1268,0.1783,0.3411,0.5377,-0.0141,12.13,137.77,0.75,130929.0,0.0,0.2003,0.0495,-0.002,-0.0623,0.5684,-0.0135,1.02
1762,4000,0.67,0.1264,0.1681,0.346,0.5419,-0.0172,10.17,151.46,0.76,130117.0,0.0,0.2034,0.0493,-0.002,-0.0625,0.6373,-0.0135,1.02
1763,4000,0.6913,0.1264,0.1638,0.3412,0.5461,-0.0162,10.28,125.74,0.76,130158.0,0.0,0.2002,0.0485,-0.0021,-0.0608,0.6101,-0.011,1.02
1764,4000,0.7082,0.1279,0.1591,0.3422,0.5361,-0.0199,10.96,141.33,0.76,128616.0,0.0,0.1974,0.0491,-0.0021,-0.0601,0.627,-0.0091,1.02
1765,4000,0.7203,0.1257,0.1545,0.3959,0.4876,-0.0168,10.69,156.92,0.76,129222.0,0.0,0.2165,0.0585,-0.0023,-0.0712,0.4939,-0.0136,1.02
1766,4000,0.7308,0.1205,0.1493,0.38,0.5275,-0.0171,11.21,155.45,0.76,129835.0,0.0,0.2129,0.0561,-0.0019,-0.0696,0.4907,-0.0133,1.02
1767,4000,0.7356,0.1147,0.1501,0.442,0.4647,-0.0162,10.35,155.42,0.76,129209.0,0.0,0.2259,0.0655,-0.0025,-0.0796,0.5486,-0.0138,1.02
1768,4000,0.7294,0.1156,0.1552,0.3976,0.4827,-0.0194,11.01,170.88,0.76,128837.0,0.0,0.2143,0.0589,-0.002,-0.0712,0.5629,-0.0135,1.02
1769,4000,0.7214,0.1177,0.1611,0.4562,0.4389,-0.0172,10.57,176.23,0.76,129911.0,0.0,0.2273,0.0698,-0.0028,-0.0854,0.5976,-0.0121,1.02
1770,4000,0.7126,0.1189,0.1689,0.4292,0.4608,-0.0178,10.45,154.37,0.76,129805.0,0.0,0.22,0.0647,-0.0027,-0.0774,0.5897,-0.0136,1.02
1771,4000,0.708,0.1218,0.1706,0.4194,0.4646,-0.0189,10.21,168.53,0.76,129842.0,0.0,0.2138,0.0628,-0.002,-0.0765,0.4977,-0.0135,1.02
1772,4000,0.7015,0.1214,0.1776,0.4347,0.478,-0.0141,10.35,162.57,0.76,128764.0,0.0,0.2206,0.0657,-0.0024,-0.0785,0.5195,-0.0134,1.02
1773,4000,0.6927,0.1217,0.1861,0.4463,0.4501,-0.0174,10.4,193.39,0.76,129877.0,0.0,0.2273,0.0661,-0.0025,-0.0791,0.499,-0.0114,1.02
1774,4000,0.6886,0.1215,0.1906,0.4473,0.467,-0.0142,11.31,184.66,0.76,129673.0,0.0,0.2269,0.0673,-0.0024,-0.081,0.5218,-0.0139,1.02
1775,4000,0.681,0.1201,0.1996,0.4452,0.4676,-0.0138,10.95,179.83,0.76,130146.0,0.0,0.2168,0.0673,-0.0021,-0.0808,0.4357,-0.0126,1.02
1776,4000,0.676,0.1178,0.2069,0.4532,0.4517,-0.0157,9.9,172.48,0.76,129313.0,0.0,0.2284,0.0684,-0.0021,-0.0809,0.4936,-0.0131,1.02
1777,4000,0.6679,0.1187,0.2143,0.4237,0.4467,-0.0201,9.95,159.66,0.76,129089.0,0.0,0.2111,0.0627,-0.0021,-0.0772,0.5494,-0.0125,1.02
1778,4000,0.6621,0.1206,0.2183,0.4378,0.4627,-0.0169,10.15,158.08,0.76,130015.0,0.0,0.2181,0.0654,-0.0022,-0.0782,0.4922,-0.0106,1.02
1779,4000,0.6603,0.1229,0.2177,0.4171,0.4616,-0.0183,11.33,179.36,0.76,129857.0,0.0,0.2115,0.0607,-0.0021,-0.075,0.526,-0.0116,1.02
1780,4000,0.6591,0.1226,0.2192,0.4241,0.4569,-0.0188,10.67,165.75,0.76,129483.0,0.0,0.2123,0.0627,-0.002,-0.0747,0.5723,-0.0131,1.02
1781,4000,0.6597,0.1246,0.2166,0.4137,0.4678,-0.0201,10.96,175.89,0.76,129336.0,0.0,0.2121,0.06,-0.0023,-0.0752,0.4848,-0.0134,1.02
1782,4000,0.6597,0.1226,0.2184,0.4582,0.4541,-0.0139,11.4,177.92,0.77,127765.0,0.0,0.2276,0.0678,-0.002,-0.0828,0.5046,-0.0145,1.02
1783,4000,0.658,0.1203,0.2228,0.4783,0.4376,-0.0151,12.08,216.0,0.76,129106.0,0.0,0.2353,0.0707,-0.0019,-0.0862,0.4564,-0.0132,1.02
1784,4000,0.6494,0.118,0.2338,0.5092,0.3928,-0.0163,11.43,206.38,0.76,129876.0,0.0,0.2322,0.0766,-0.0025,-0.0917,0.4544,-0.0109,1.02
1785,4000,0.6477,0.117,0.2365,0.4382,0.4769,-0.0148,10.44,150.12,0.76,128671.0,0.0,0.2207,0.0647,-0.0018,-0.0786,0.5118,-0.0122,1.02
1786,4000,0.6476,0.1179,0.2354,0.4617,0.4601,-0.0146,11.54,182.75,0.76,128925.0,0.0,0.2232,0.0693,-0.0021,-0.0841,0.4798,-0.0131,1.02
1787,4000,0.6501,0.1167,0.2342,0.4544,0.4496,-0.0161,9.92,186.1,0.76,129645.0,0.0,0.2204,0.0677,-0.002,-0.0818,0.5097,-0.0115,1.02
1788,4000,0.6506,0.1168,0.2336,0.4469,0.4837,-0.014,11.87,174.33,0.76,130125.0,0.0,0.2303,0.0667,-0.0027,-0.0802,0.5079,-0.0116,1.02
1789,4000,0.6548,0.1155,0.2303,0.4392,0.4557,-0.016,10.05,184.04,0.76,128833.0,0.0,0.2164,0.0663,-0.0021,-0.0807,0.5176,-0.0135,1.02
1790,4000,0.6521,0.1166,0.2315,0.4195,0.4636,-0.0176,10.91,167.19,0.75,130304.0,0.0,0.211,0.0624,-0.0019,-0.0754,0.5365,-0.0138,1.02
1791,4000,0.6526,0.1189,0.2287,0.4293,0.4815,-0.0149,11.95,168.11,0.76,129900.0,0.0,0.2203,0.0635,-0.0019,-0.0763,0.5331,-0.0124,1.02
1792,4000,0.657,0.1142,0.2291,0.4629,0.4577,-0.0146,10.89,166.54,0.76,129952.0,0.0,0.2337,0.0707,-0.0021,-0.0849,0.5548,-0.0128,1.02
1793,4000,0.6575,0.1146,0.2286,0.4302,0.4708,-0.0169,10.87,168.19,0.75,130561.0,0.0,0.2201,0.0636,-0.0018,-0.077,0.5973,-0.0128,1.02
1794,4000,0.6595,0.1128,0.2285,0.4306,0.4552,-0.019,10.3,155.46,0.76,129882.0,0.0,0.2199,0.0642,-0.0023,-0.0752,0.5223,-0.0123,1.02
1795,4000,0.6622,0.1111,0.2276,0.4278,0.4885,-0.0129,10.67,161.09,0.76,129564.0,0.0,0.2253,0.0636,-0.002,-0.077,0.467,-0.0138,1.02
1796,4000,0.6653,0.1081,0.2274,0.4212,0.4781,-0.0165,10.1,166.09,0.76,129857.0,0.0,0.2132,0.062,-0.0019,-0.0735,0.5962,-0.0135,1.02
1797,4000,0.6667,0.1086,0.2253,0.405,0.4736,-0.0174,10.78,171.4,0.76,130078.0,0.0,0.2162,0.0607,-0.0023,-0.074,0.5351,-0.0135,1.02
1798,4000,0.6665,0.1113,0.2224,0.4223,0.469,-0.0183,11.17,166.14,0.76,129974.0,0.0,0.223,0.0625,-0.0018,-0.0736,0.5077,-0.0119,1.02
1799,4000,0.6709,0.112,0.2173,0.4211,0.4872,-0.0156,11.68,187.24,0.77,128187.0,0.0,0.2153,0.0614,-0.0021,-0.0753,0.5154,-0.0136,1.02
1800,4000,0.6761,0.1096,0.2143,0.4396,0.4859,-0.0155,11.54,177.78,0.77,127475.0,0.0,0.2312,0.0638,-0.0021,-0.0778,0.4895,-0.0117,1.02
1801,4000,0.6753,0.1115,0.2134,0.4276,0.4629,-0.0179,11.16,166.24,0.76,129458.0,0.0,0.2247,0.0638,-0.002,-0.0771,0.5011,-0.0128,1.02
1802,4000,0.6729,0.1134,0.2144,0.4566,0.465,-0.0128,10.91,178.72,0.76,129986.0,0.0,0.2349,0.0677,-0.0018,-0.0819,0.5507,-0.014,1.02
1803,4000,0.6711,0.1128,0.2168,0.4622,0.4406,-0.0169,11.45,198.83,0.75,130438.0,0.0,0.2281,0.0687,-0.0025,-0.0813,0.4955,-0.0127,1.02
1804,4000,0.666,0.112,0.2228,0.4419,0.4826,-0.0126,12.31,176.38,0.75,130231.0,0.0,0.2328,0.0645,-0.0022,-0.0774,0.4797,-0.0139,1.02
1805,4000,0.6703,0.1118,0.2188,0.4371,0.4808,-0.016,10.47,183.69,0.77,128081.0,0.0,0.229,0.0636,-0.002,-0.0765,0.5371,-0.0102,1.02
1806,4000,0.6672,0.1132,0.2206,0.4527,0.4385,-0.0164,11.82,187.39,0.77,128314.0,0.0,0.2307,0.0655,-0.002,-0.0789,0.4917,-0.0082,1.02
1807,4000,0.6616,0.1178,0.2215,0.4501,0.4631,-0.0176,11.48,163.45,0.76,129493.0,0.0,0.2289,0.0652,-0.0019,-0.077,0.5348,-0.0115,1.02
1808,4000,0.6606,0.119,0.2213,0.4511,0.4443,-0.0178,10.91,196.02,0.76,130077.0,0.0,0.2255,0.066,-0.0019,-0.0808,0.4849,-0.0124,1.02
1809,4000,0.6599,0.1171,0.224,0.4155,0.4406,-0.0185,11.0,193.97,0.76,129830.0,0.0,0.2118,0.0599,-0.002,-0.074,0.4423,-0.0127,1.02
1810,4000,0.6595,0.1162,0.2253,0.4249,0.487,-0.0154,9.56,159.3,0.76,129922.0,0.0,0.2198,0.0611,-0.0019,-0.0742,0.504,-0.0129,1.02
1811,4000,0.6634,0.1186,0.219,0.4374,0.4679,-0.0181,11.74,186.41,0.76,129201.0,0.0,0.2247,0.0632,-0.0019,-0.0757,0.4886,-0.0124,1.02
1812,4000,0.6664,0.1158,0.2188,0.4684,0.4491,-0.0152,10.15,181.2,0.76,129931.0,0.0,0.2368,0.0665,-0.0021,-0.0812,0.5647,-0.0111,1.02
1813,4000,0.6665,0.1149,0.2194,0.4466,0.4658,-0.0155,9.95,200.11,0.75,130529.0,0.0,0.2271,0.0631,-0.0018,-0.0785,0.5884,-0.0091,1.02
1814,4000,0.6592,0.1163,0.225,0.4415,0.4494,-0.0203,10.1,158.36,0.76,128759.0,0.0,0.2282,0.062,-0.0021,-0.0753,0.5167,-0.0134,1.02
1815,4000,0.6554,0.1174,0.2282,0.458,0.4636,-0.0122,11.39,185.7,0.75,130936.0,0.0,0.2333,0.0655,-0.0021,-0.0798,0.5416,-0.012,1.02
1816,4000,0.6527,0.1162,0.2323,0.4368,0.4667,-0.018,11.15,165.72,0.76,129288.0,0.0,0.2267,0.062,-0.0016,-0.0759,0.5041,-0.0118,1.02
1817,4000,0.6511,0.1183,0.2319,0.4472,0.4589,-0.0165,11.18,171.47,0.75,130931.0,0.0,0.226,0.0647,-0.0016,-0.0784,0.5758,-0.013,1.02
1818,4000,0.6529,0.1187,0.2295,0.4558,0.4753,-0.0135,11.89,188.25,0.75,130243.0,0.0,0.2343,0.0649,-0.0021,-0.0784,0.5686,-0.0138,1.03
1819,4000,0.6541,0.1178,0.229,0.4418,0.4453,-0.0174,10.82,179.9,0.76,129968.0,0.0,0.2257,0.0623,-0.0021,-0.0776,0.5688,-0.0124,1.03
1820,4000,0.6538,0.1194,0.2275,0.4283,0.4452,-0.0201,10.76,172.12,0.75,130647.0,0.0,0.2145,0.0601,-0.002,-0.0725,0.5383,-0.0128,1.03
1821,4000,0.6581,0.1209,0.2218,0.4442,0.4755,-0.015,11.16,161.66,0.75,130576.0,0.0,0.2315,0.0615,-0.002,-0.0754,0.5524,-0.0125,1.03
1822,4000,0.6646,0.12,0.2162,0.445,0.4752,-0.0159,11.54,177.76,0.76,129753.0,0.0,0.2275,0.0616,-0.002,-0.0747,0.5515,-0.0092,1.03
1823,4000,0.6687,0.1176,0.2142,0.4462,0.4694,-0.0145,12.35,180.38,0.75,130529.0,0.0,0.2303,0.0619,-0.0016,-0.0752,0.5033,-0.0089,1.02
1824,4000,0.6725,0.1131,0.2148,0.4221,0.4665,-0.0172,11.58,176.06,0.76,129237.0,0.0,0.2162,0.0596,-0.0019,-0.0721,0.5567,-0.0124,1.02
1825,4000,0.6731,0.115,0.2124,0.4267,0.4596,-0.0203,10.96,183.48,0.76,129885.0,0.0,0.2214,0.0583,-0.0017,-0.0704,0.5693,-0.0134,1.02
1826,4000,0.6718,0.1186,0.21,0.4283,0.5019,-0.0154,11.45,173.46,0.76,129957.0,0.0,0.2294,0.0571,-0.002,-0.069,0.6262,-0.0124,1.02
1827,4000,0.674,0.1185,0.208,0.4533,0.4683,-0.0158,11.02,157.14,0.76,129334.0,0.0,0.2367,0.0634,-0.002,-0.0766,0.5204,-0.0137,1.02
1828,4000,0.6781,0.118,0.2044,0.4294,0.4797,-0.0161,10.91,179.08,0.76,129177.0,0.0,0.2219,0.0612,-0.0018,-0.0749,0.4672,-0.012,1.02
1829,4000,0.678,0.1183,0.2042,0.4248,0.4875,-0.0166,12.02,195.41,0.76,130165.0,0.0,0.2258,0.0579,-0.002,-0.0715,0.5453,-0.0138,1.02
1830,4000,0.6763,0.1185,0.2058,0.4259,0.4828,-0.0165,11.53,184.12,0.75,130682.0,0.0,0.2242,0.0591,-0.0019,-0.0716,0.4893,-0.0121,1.02
1831,4000,0.6779,0.1152,0.2075,0.4378,0.492,-0.012,10.98,170.41,0.75,130665.0,0.0,0.2319,0.0599,-0.0017,-0.0745,0.4998,-0.0135,1.03
1832,4000,0.6749,0.1153,0.2107,0.4491,0.4794,-0.0145,11.0,177.61,0.76,130094.0,0.0,0.2356,0.0628,-0.0021,-0.0774,0.5755,-0.0108,1.03
1833,4000,0.6738,0.1144,0.2128,0.4281,0.4808,-0.0152,10.63,181.63,0.75,130538.0,0.0,0.2286,0.0587,-0.0017,-0.0729,0.5237,-0.0127,1.03
1834,4000,0.6804,0.1107,0.2097,0.4364,0.4885,-0.0146,11.41,180.64,0.76,130022.0,0.0,0.2316,0.0598,-0.0019,-0.0745,0.547,-0.0126,1.03
1835,4000,0.6823,0.1102,0.208,0.4402,0.486,-0.0138,11.25,163.91,0.75,130279.0,0.0,0.231,0.0624,-0.002,-0.0764,0.5926,-0.0129,1.03
1836,4000,0.6863,0.1124,0.2017,0.4098,0.4954,-0.0172,10.95,168.26,0.75,130526.0,0.0,0.2217,0.0572,-0.0021,-0.0712,0.5433,-0.0121,1.03
1837,4000,0.69,0.1148,0.1955,0.423,0.5044,-0.0154,12.64,181.2,0.75,130428.0,0.0,0.2296,0.0591,-0.0018,-0.0738,0.5459,-0.0139,1.03
1838,4000,0.6921,0.1156,0.1925,0.4186,0.4931,-0.0156,11.68,172.46,0.75,130668.0,0.0,0.2312,0.0587,-0.0018,-0.0757,0.6251,-0.0134,1.03
1839,4000,0.694,0.1141,0.192,0.4192,0.502,-0.0147,11.11,156.28,0.76,129291.0,0.0,0.231,0.0592,-0.0018,-0.0757,0.5545,-0.0117,1.03
1840,4000,0.6992,0.1095,0.1912,0.4292,0.496,-0.0136,10.08,166.59,0.75,131241.0,0.0,0.2307,0.0595,-0.0016,-0.0764,0.5621,-0.0128,1.03
1841,4000,0.704,0.1067,0.1893,0.4125,0.5209,-0.0153,11.16,154.71,0.75,131164.0,0.0,0.2273,0.0573,-0.0019,-0.072,0.6176,-0.0127,1.03
1842,4000,0.7136,0.1042,0.1823,0.4042,0.5199,-0.014,11.64,157.48,0.75,130322.0,0.0,0.2246,0.0562,-0.0019,-0.0722,0.5832,-0.0134,1.03
1843,4000,0.7198,0.1044,0.1758,0.3966,0.5049,-0.0161,11.18,163.83,0.75,130758.0,0.0,0.221,0.0549,-0.0016,-0.0715,0.5121,-0.0135,1.03
1844,4000,0.7234,0.1068,0.1701,0.3898,0.5209,-0.013,12.49,172.55,0.75,130749.0,0.0,0.2209,0.0533,-0.0017,-0.0679,0.5241,-0.013,1.03
1845,4000,0.724,0.1076,0.1689,0.4041,0.5036,-0.0157,11.38,169.57,0.75,130899.0,0.0,0.2282,0.0554,-0.0015,-0.0716,0.4864,-0.0127,1.03
1846,4000,0.7241,0.1072,0.1694,0.3962,0.5204,-0.0164,10.55,164.52,0.75,130331.0,0.0,0.2241,0.0544,-0.0019,-0.0709,0.6087,-0.0135,1.03
1847,4000,0.7248,0.1085,0.1675,0.4091,0.5149,-0.0146,10.97,143.98,0.75,130743.0,0.0,0.2299,0.0565,-0.0017,-0.0721,0.5608,-0.0138,1.03
1848,4000,0.7263,0.1088,0.1657,0.3874,0.5157,-0.0167,11.14,146.75,0.76,129507.0,0.0,0.2174,0.0553,-0.0019,-0.0717,0.68,-0.0139,1.03
1849,4000,0.7244,0.1135,0.1626,0.3799,0.5087,-0.0183,11.13,151.74,0.75,130473.0,0.0,0.2151,0.0523,-0.0017,-0.065,0.6441,-0.0127,1.03
1850,4000,0.7243,0.1156,0.1608,0.4107,0.5035,-0.0167,10.55,152.49,0.76,129798.0,0.0,0.2288,0.0571,-0.0019,-0.0729,0.5504,-0.0135,1.03
1851,4000,0.7278,0.1159,0.1573,0.3993,0.5532,-0.0109,12.15,157.63,0.77,128488.0,0.0,0.2309,0.0537,-0.0018,-0.0692,0.5451,-0.0118,1.04
1852,4000,0.7313,0.1134,0.1563,0.385,0.5249,-0.0147,11.71,151.15,0.76,128868.0,0.0,0.2242,0.0529,-0.002,-0.0667,0.5919,-0.0132,1.04
1853,4000,0.7293,0.1166,0.155,0.3802,0.4972,-0.0198,11.34,148.75,0.75,130373.0,0.0,0.2172,0.0524,-0.0018,-0.0668,0.5715,-0.0141,1.04
1854,4000,0.7296,0.1171,0.1543,0.3903,0.5341,-0.0148,11.13,163.37,0.76,129451.0,0.0,0.224,0.0535,-0.0018,-0.0668,0.5205,-0.0144,1.04
1855,4000,0.7307,0.1175,0.1528,0.3979,0.5318,-0.0121,11.44,151.44,0.75,130610.0,0.0,0.2258,0.0537,-0.0017,-0.0671,0.4393,-0.0142,1.03
1856,4000,0.7357,0.1113,0.154,0.3951,0.5324,-0.0116,11.06,135.96,0.76,129138.0,0.0,0.2285,0.0539,-0.0017,-0.0683,0.5451,-0.0136,1.03
1857,4000,0.7403,0.1055,0.1552,0.3998,0.5083,-0.0151,10.69,175.23,0.76,130113.0,0.0,0.2264,0.0552,-0.0016,-0.0696,0.5393,-0.012,1.03
1858,4000,0.7342,0.1094,0.1575,0.3887,0.5032,-0.0171,10.26,142.87,0.76,129577.0,0.0,0.2233,0.0537,-0.0016,-0.0669,0.5349,-0.0139,1.03
1859,4000,0.7341,0.1105,0.1563,0.3983,0.5195,-0.0144,11.48,165.62,0.75,130479.0,0.0,0.2288,0.0552,-0.0015,-0.0699,0.5936,-0.0114,1.03
1860,4000,0.7368,0.1123,0.1518,0.3732,0.5201,-0.0178,10.57,151.13,0.76,129890.0,0.0,0.2179,0.0499,-0.0017,-0.0638,0.5779,-0.0136,1.03
1861,4000,0.7348,0.1135,0.1524,0.4041,0.5078,-0.0153,10.99,155.57,0.76,130194.0,0.0,0.2265,0.0567,-0.0017,-0.0728,0.5549,-0.0136,1.03
1862,4000,0.7344,0.1124,0.1539,0.4158,0.5111,-0.0136,11.19,161.07,0.76,129535.0,0.0,0.2325,0.057,-0.0018,-0.0743,0.5329,-0.0133,1.03
1863,4000,0.7333,0.1095,0.1579,0.4085,0.513,-0.0134,11.36,158.12,0.75,130713.0,0.0,0.2297,0.0565,-0.0018,-0.0718,0.4805,-0.0135,1.03
1864,4000,0.7359,0.1072,0.1575,0.3878,0.5167,-0.0148,11.32,167.43,0.76,129761.0,0.0,0.2227,0.0536,-0.0017,-0.0697,0.5097,-0.0135,1.03
1865,4000,0.7333,0.1067,0.1604,0.4138,0.5036,-0.0151,10.68,154.6,0.75,130856.0,0.0,0.2308,0.0583,-0.0019,-0.0738,0.554,-0.0124,1.03
1866,4000,0.7321,0.1078,0.1608,0.3916,0.5142,-0.0154,10.82,153.55,0.76,129872.0,0.0,0.2211,0.0549,-0.0021,-0.0693,0.4453,-0.0137,1.03
1867,4000,0.7322,0.1078,0.1606,0.4189,0.5158,-0.0137,12.08,180.67,0.75,130430.0,0.0,0.2242,0.0604,-0.002,-0.0765,0.5198,-0.014,1.04
1868,4000,0.738,0.1033,0.1591,0.4009,0.5307,-0.0122,11.95,153.46,0.77,128462.0,0.0,0.2283,0.0548,-0.0018,-0.0681,0.4636,-0.0138,1.04
1869,4000,0.7423,0.1027,0.1554,0.3741,0.5207,-0.0175,11.17,141.15,0.76,129957.0,0.0,0.2138,0.0521,-0.002,-0.0669,0.5853,-0.0141,1.04
1870,4000,0.7375,0.1057,0.1573,0.4117,0.4877,-0.0186,9.6,162.15,0.76,129591.0,0.0,0.2218,0.0576,-0.0017,-0.073,0.5903,-0.0138,1.04
1871,4000,0.7306,0.1101,0.16,0.3909,0.5091,-0.017,11.52,163.56,0.76,130157.0,0.0,0.2174,0.055,-0.0019,-0.0695,0.4808,-0.0121,1.04
1872,4000,0.7295,0.1091,0.162,0.4115,0.5254,-0.0131,11.61,158.78,0.75,130362.0,0.0,0.2319,0.0569,-0.0023,-0.0719,0.532,-0.013,1.04
1873,4000,0.7317,0.1105,0.1585,0.3867,0.5183,-0.0153,10.7,166.24,0.76,129611.0,0.0,0.2193,0.055,-0.0018,-0.0691,0.54,-0.0134,1.04
1874,4000,0.7347,0.1078,0.158,0.4121,0.5258,-0.013,11.29,161.99,0.76,129896.0,0.0,0.2329,0.0583,-0.0019,-0.0739,0.5302,-0.0119,1.04
1875,4000,0.7351,0.1062,0.1593,0.4284,0.5135,-0.0114,12.06,165.37,0.75,130418.0,0.0,0.236,0.0594,-0.0017,-0.0765,0.4998,-0.0123,1.04
1876,4000,0.7338,0.1037,0.1632,0.4313,0.4959,-0.0132,11.16,169.5,0.75,130427.0,0.0,0.2296,0.0603,-0.0018,-0.0774,0.527,-0.0131,1.04
1877,4000,0.7303,0.1009,0.1693,0.3981,0.5013,-0.0141,10.84,157.08,0.75,131079.0,0.0,0.2238,0.056,-0.0017,-0.0721,0.534,-0.0134,1.04
1878,4000,0.7266,0.1027,0.1712,0.4149,0.5118,-0.0144,10.82,149.49,0.77,128338.0,0.0,0.2298,0.0572,-0.0018,-0.0726,0.5937,-0.0137,1.04
1879,4000,0.7264,0.104,0.1701,0.3977,0.5005,-0.0152,10.92,171.24,0.76,129489.0,0.0,0.2214,0.0565,-0.0017,-0.0717,0.6292,-0.0137,1.04
1880,4000,0.7248,0.1053,0.1704,0.3883,0.4986,-0.0161,10.16,156.12,0.76,129494.0,0.0,0.2145,0.0544,-0.0021,-0.0708,0.5129,-0.0137,1.04
1881,4000,0.7222,0.1078,0.1707,0.39,0.5159,-0.0138,11.08,151.84,0.76,128862.0,0.0,0.2199,0.056,-0.0019,-0.07,0.4994,-0.0123,1.04
1882,4000,0.7245,0.1088,0.1675,0.4001,0.5177,-0.0135,10.9,170.32,0.76,129427.0,0.0,0.2249,0.0577,-0.002,-0.0728,0.5442,-0.014,1.04
1883,4000,0.7206,0.1105,0.1695,0.415,0.4873,-0.0157,11.24,162.01,0.76,129159.0,0.0,0.2246,0.0594,-0.0016,-0.0777,0.5406,-0.0124,1.04
1884,4000,0.7231,0.1077,0.1697,0.3955,0.5082,-0.0153,11.17,156.48,0.75,130781.0,0.0,0.2196,0.0561,-0.0018,-0.0728,0.541,-0.0132,1.04
1885,4000,0.7221,0.1105,0.1678,0.4002,0.5105,-0.0152,12.07,182.73,0.76,129750.0,0.0,0.2236,0.0573,-0.0019,-0.0736,0.4967,-0.0102,1.04
1886,4000,0.7218,0.1092,0.1692,0.4175,0.4896,-0.0132,10.2,172.63,0.75,130297.0,0.0,0.2295,0.0606,-0.0019,-0.0745,0.4598,-0.0101,1.04
1887,4000,0.7174,0.1103,0.1726,0.4044,0.51,-0.0149,10.91,152.77,0.77,127211.0,0.0,0.227,0.0586,-0.002,-0.0736,0.5546,-0.0125,1.04
1888,4000,0.7176,0.1095,0.1731,0.4137,0.5068,-0.0144,10.83,180.34,0.75,130613.0,0.0,0.2289,0.0593,-0.002,-0.0778,0.5447,-0.0118,1.04
1889,4000,0.713,0.1121,0.1751,0.3964,0.4948,-0.0174,10.76,160.95,0.76,129997.0,0.0,0.2123,0.0572,-0.0021,-0.0724,0.526,-0.0131,1.04
1890,4000,0.7067,0.1138,0.1797,0.4401,0.4767,-0.0135,11.13,155.82,0.76,129824.0,0.0,0.2295,0.0631,-0.0021,-0.0818,0.5609,-0.0124,1.04
1891,4000,0.7026,0.1155,0.1822,0.412,0.4829,-0.0165,9.67,165.07,0.76,130000.0,0.0,0.2182,0.0582,-0.0023,-0.075,0.5317,-0.0134,1.04
1892,4000,0.7039,0.1144,0.1818,0.3963,0.4956,-0.0161,10.8,166.86,0.76,129497.0,0.0,0.219,0.0563,-0.0023,-0.0737,0.5301,-0.0131,1.04
1893,4000,0.7041,0.1135,0.1824,0.4103,0.4977,-0.0139,11.05,174.11,0.75,130613.0,0.0,0.2227,0.0579,-0.002,-0.0731,0.4969,-0.0124,1.04
1894,4000,0.6985,0.1149,0.1866,0.4189,0.4765,-0.0181,11.5,174.96,0.75,130238.0,0.0,0.2228,0.0599,-0.002,-0.0769,0.53,-0.0136,1.04
1895,4000,0.6954,0.1179,0.1868,0.3921,0.497,-0.0171,9.86,155.65,0.76,129543.0,0.0,0.2188,0.0555,-0.002,-0.0719,0.5186,-0.0112,1.04
1896,4000,0.69,0.1208,0.1895,0.4425,0.4757,-0.0145,10.33,167.24,0.76,130202.0,0.0,0.2314,0.0619,-0.0021,-0.0812,0.4701,-0.0139,1.04
1897,4000,0.6838,0.12,0.1965,0.4131,0.4883,-0.0143,10.54,159.86,0.75,130509.0,0.0,0.2202,0.0578,-0.002,-0.0751,0.4959,-0.012,1.04
1898,4000,0.6846,0.1196,0.196,0.4175,0.4765,-0.0159,11.06,153.47,0.76,129819.0,0.0,0.2228,0.0571,-0.0018,-0.0738,0.4597,-0.0138,1.04
1899,4000,0.6825,0.1186,0.1993,0.4396,0.457,-0.016,11.09,171.96,0.75,130813.0,0.0,0.2244,0.0619,-0.002,-0.0814,0.4909,-0.0113,1.04
1900,4000,0.6815,0.1161,0.2027,0.4088,0.5143,-0.0122,11.05,143.08,0.76,129926.0,0.0,0.2249,0.0568,-0.002,-0.0736,0.4871,-0.0089,1.04
1901,4000,0.6834,0.1146,0.2022,0.4202,0.4834,-0.0155,11.37,180.27,0.77,128278.0,0.0,0.2199,0.0593,-0.0022,-0.0758,0.4827,-0.0123,1.04
1902,4000,0.6847,0.1143,0.2012,0.4425,0.4941,-0.0133,11.27,191.66,0.76,129693.0,0.0,0.2341,0.0627,-0.0022,-0.0782,0.4888,-0.0132,1.04
1903,4000,0.6845,0.1176,0.1981,0.4121,0.4718,-0.0189,9.65,167.33,0.76,129364.0,0.0,0.217,0.058,-0.0019,-0.0761,0.5744,-0.0092,1.04
1904,4000,0.6794,0.121,0.2,0.4386,0.4774,-0.0144,10.54,154.72,0.76,129479.0,0.0,0.2318,0.0623,-0.0022,-0.0807,0.5126,-0.0111,1.04
1905,4000,0.6823,0.1166,0.2016,0.4383,0.4991,-0.0108,11.39,174.78,0.77,128099.0,0.0,0.2336,0.0622,-0.0021,-0.0814,0.506,-0.0134,1.04
1906,4000,0.6813,0.1134,0.2061,0.4658,0.4588,-0.0157,11.38,195.17,0.76,130035.0,0.0,0.238,0.0658,-0.0018,-0.085,0.5333,-0.0132,1.04
1907,4000,0.6822,0.1123,0.2065,0.4295,0.4749,-0.0159,11.64,175.73,0.76,130166.0,0.0,0.2201,0.0615,-0.0018,-0.0793,0.5019,-0.0091,1.04
1908,4000,0.6807,0.1138,0.2066,0.3987,0.4821,-0.0185,10.21,147.69,0.76,129900.0,0.0,0.2148,0.0572,-0.0019,-0.0703,0.5487,-0.0131,1.04
1909,4000,0.6846,0.1115,0.2047,0.4257,0.492,-0.0153,11.02,158.72,0.76,129022.0,0.0,0.2256,0.0607,-0.0018,-0.0797,0.5423,-0.01,1.04
1910,4000,0.6851,0.1129,0.2027,0.4395,0.4784,-0.0155,10.09,162.69,0.75,130324.0,0.0,0.23,0.0622,-0.0021,-0.0808,0.5013,-0.0096,1.04
1911,4000,0.6845,0.1146,0.202,0.4042,0.4746,-0.0183,10.66,151.74,0.75,130213.0,0.0,0.213,0.059,-0.0024,-0.0734,0.5008,-0.0125,1.04
1912,4000,0.6863,0.1148,0.1997,0.4322,0.486,-0.0133,10.87,173.96,0.76,129721.0,0.0,0.2302,0.0602,-0.002,-0.0755,0.5172,-0.0129,1.04
1913,4000,0.6831,0.1127,0.2049,0.4249,0.4776,-0.0172,9.35,161.86,0.76,128767.0,0.0,0.2256,0.0614,-0.0019,-0.0773,0.5596,-0.0132,1.04
1914,4000,0.6831,0.1105,0.2072,0.4299,0.4864,-0.0151,11.46,165.09,0.77,127782.0,0.0,0.2285,0.0622,-0.0021,-0.0788,0.6176,-0.0113,1.04
1915,4000,0.6886,0.1091,0.2033,0.4212,0.483,-0.018,10.57,158.62,0.77,128092.0,0.0,0.2207,0.061,-0.0021,-0.0782,0.561,-0.008,1.04
1916,4000,0.6898,0.1105,0.2007,0.4397,0.4597,-0.0161,10.97,166.63,0.77,128157.0,0.0,0.2279,0.0628,-0.0019,-0.0808,0.4658,-0.0134,1.04
1917,4000,0.6886,0.1125,0.1999,0.4311,0.479,-0.0151,11.31,184.36,0.76,129070.0,0.0,0.2262,0.063,-0.0023,-0.0775,0.5481,-0.0109,1.04
1918,4000,0.6859,0.1137,0.2014,0.445,0.4724,-0.0133,11.75,169.49,0.76,129830.0,0.0,0.2284,0.0636,-0.0019,-0.0803,0.5913,-0.0132,1.04
1919,4000,0.6799,0.1143,0.2067,0.451,0.4605,-0.0171,11.53,191.69,0.75,130469.0,0.0,0.2359,0.0649,-0.002,-0.0833,0.4893,-0.0122,1.04
1920,4000,0.6803,0.1135,0.207,0.4228,0.4703,-0.0161,10.89,165.4,0.76,129482.0,0.0,0.2194,0.0592,-0.0018,-0.0771,0.5224,-0.0132,1.04
1921,4000,0.6782,0.116,0.2063,0.421,0.4699,-0.0169,10.97,151.59,0.76,128584.0,0.0,0.2198,0.0597,-0.002,-0.0762,0.5389,-0.0141,1.04
1922,4000,0.6787,0.1155,0.2063,0.4412,0.4731,-0.0147,10.8,173.7,0.76,129504.0,0.0,0.2301,0.0615,-0.0019,-0.0781,0.4704,-0.0124,1.04
1923,4000,0.6801,0.1134,0.2072,0.4156,0.498,-0.015,10.88,155.31,0.76,129317.0,0.0,0.2277,0.0592,-0.0022,-0.0735,0.4979,-0.0124,1.04
1924,4000,0.683,0.1122,0.2056,0.4266,0.4967,-0.0127,11.85,172.13,0.76,129565.0,0.0,0.2339,0.061,-0.0021,-0.0761,0.508,-0.013,1.04
1925,4000,0.6842,0.1107,0.2061,0.4282,0.4852,-0.015,10.58,162.24,0.76,129433.0,0.0,0.2295,0.0597,-0.0019,-0.075,0.5535,-0.0123,1.04
1926,4000,0.6828,0.1103,0.2076,0.4508,0.4713,-0.0131,11.51,165.47,0.76,129717.0,0.0,0.2398,0.0631,-0.0024,-0.0797,0.4757,-0.0101,1.04
1927,4000,0.687,0.1075,0.2062,0.439,0.4935,-0.0135,11.81,192.01,0.76,128571.0,0.0,0.235,0.0614,-0.002,-0.0757,0.4985,-0.0087,1.04
1928,4000,0.6862,0.1089,0.2057,0.4415,0.4829,-0.0144,11.89,184.19,0.76,129586.0,0.0,0.2343,0.0614,-0.0019,-0.0768,0.5701,-0.0129,1.04
1929,4000,0.6818,0.1102,0.2088,0.4326,0.464,-0.0154,11.07,185.28,0.76,129627.0,0.0,0.2222,0.0614,-0.0021,-0.0764,0.4587,-0.0123,1.04
1930,4000,0.676,0.1085,0.2162,0.4561,0.4632,-0.015,11.18,165.22,0.76,129070.0,0.0,0.2306,0.063,-0.0019,-0.0781,0.5421,-0.0126,1.04
1931,4000,0.6768,0.1101,0.2139,0.4246,0.4856,-0.0156,11.91,162.52,0.76,129628.0,0.0,0.2256,0.06,-0.0018,-0.0757,0.5466,-0.0135,1.04
1932,4000,0.6784,0.1084,0.2137,0.4518,0.4624,-0.0142,12.57,191.0,0.77,127221.0,0.0,0.2287,0.064,-0.0019,-0.0785,0.548,-0.0108,1.04
1933,4000,0.6768,0.1104,0.213,0.4395,0.4563,-0.0169,10.85,184.72,0.76,129284.0,0.0,0.2234,0.0621,-0.002,-0.0774,0.4828,-0.0104,1.04
1934,4000,0.6732,0.1101,0.2172,0.4533,0.4882,-0.0132,11.84,172.38,0.77,128270.0,0.0,0.2392,0.0651,-0.0021,-0.0794,0.4737,-0.013,1.04
1935,4000,0.6731,0.1108,0.2166,0.4545,0.4597,-0.0156,11.47,195.65,0.76,130073.0,0.0,0.2234,0.0636,-0.0022,-0.0823,0.4528,-0.0131,1.04
1936,4000,0.672,0.1089,0.2199,0.4937,0.4592,-0.0116,11.54,196.72,0.76,129454.0,0.0,0.2454,0.0729,-0.002,-0.0905,0.5255,-0.0098,1.04
1937,4000,0.668,0.1098,0.2229,0.4505,0.4888,-0.0141,12.1,188.49,0.76,128908.0,0.0,0.232,0.0635,-0.0021,-0.08,0.5215,-0.0124,1.04
1938,4000,0.6725,0.1082,0.22,0.4336,0.4905,-0.0135,12.07,179.03,0.77,128355.0,0.0,0.225,0.0628,-0.0018,-0.0764,0.5384,-0.0108,1.04
1939,4000,0.6767,0.1072,0.2168,0.4181,0.4783,-0.0164,10.98,148.61,0.76,129002.0,0.0,0.2165,0.06,-0.0019,-0.0735,0.5835,-0.0088,1.04
1940,4000,0.6776,0.108,0.2149,0.4523,0.4813,-0.0131,11.07,168.99,0.76,128980.0,0.0,0.2321,0.0643,-0.0018,-0.0824,0.5413,-0.0119,1.04
1941,4000,0.6726,0.1072,0.2207,0.4698,0.4525,-0.0146,10.63,175.39,0.76,129997.0,0.0,0.2365,0.0668,-0.0022,-0.0838,0.5186,-0.0129,1.04
1942,4000,0.6662,0.1068,0.2276,0.4405,0.4735,-0.0147,11.14,163.09,0.76,129066.0,0.0,0.2273,0.0625,-0.0019,-0.0775,0.5103,-0.0128,1.04
1943,4000,0.6643,0.1084,0.2278,0.4506,0.4549,-0.0167,10.17,171.41,0.76,128561.0,0.0,0.2255,0.0633,-0.002,-0.0799,0.4853,-0.0118,1.04
1944,4000,0.6692,0.1068,0.2243,0.4472,0.4683,-0.0163,9.88,187.76,0.76,129474.0,0.0,0.2286,0.0627,-0.0019,-0.0775,0.5835,-0.0135,1.04
1945,4000,0.664,0.1086,0.2278,0.4746,0.4523,-0.0137,10.34,168.62,0.76,129088.0,0.0,0.2314,0.0666,-0.002,-0.0828,0.5073,-0.0135,1.04
1946,4000,0.6622,0.1094,0.2288,0.4272,0.4807,-0.0159,10.93,170.21,0.76,129324.0,0.0,0.2251,0.0603,-0.0024,-0.0764,0.5088,-0.0136,1.04
1947,4000,0.6609,0.1142,0.2254,0.4165,0.462,-0.0217,10.47,183.13,0.76,129682.0,0.0,0.2201,0.0577,-0.002,-0.074,0.5117,-0.0118,1.04
1948,4000,0.6615,0.1163,0.2229,0.4396,0.4567,-0.018,10.22,152.59,0.76,129692.0,0.0,0.225,0.062,-0.0024,-0.0781,0.5535,-0.0138,1.04
1949,4000,0.6644,0.1179,0.2185,0.4397,0.4977,-0.0156,11.13,176.64,0.76,129560.0,0.0,0.2312,0.0614,-0.002,-0.0791,0.5676,-0.0118,1.04
1950,4000,0.6681,0.1134,0.2192,0.4429,0.4936,-0.0121,11.17,169.02,0.76,128901.0,0.0,0.2306,0.0627,-0.002,-0.0793,0.509,-0.0138,1.04
1951,4000,0.6667,0.1143,0.2194,0.4753,0.4655,-0.0138,11.83,192.41,0.75,130213.0,0.0,0.2385,0.0667,-0.0018,-0.0853,0.4728,-0.0133,1.04
1952,4000,0.6725,0.1106,0.2171,0.4307,0.5001,-0.0135,11.21,156.74,0.76,129398.0,0.0,0.2314,0.0606,-0.0018,-0.077,0.486,-0.013,1.04
1953,4000,0.6774,0.108,0.2149,0.4376,0.4825,-0.0165,9.82,159.71,0.76,130082.0,0.0,0.2285,0.0607,-0.0025,-0.0778,0.5959,-0.0127,1.04
1954,4000,0.6803,0.1082,0.2117,0.431,0.5115,-0.0128,11.11,152.1,0.76,129365.0,0.0,0.2314,0.0609,-0.002,-0.0759,0.5481,-0.0139,1.04
1955,4000,0.6821,0.1094,0.2087,0.4401,0.4965,-0.0148,10.83,171.75,0.76,129844.0,0.0,0.2306,0.0627,-0.0019,-0.0807,0.6044,-0.0139,1.04
1956,4000,0.685,0.1073,0.2081,0.4468,0.4636,-0.0176,9.77,158.41,0.76,128955.0,0.0,0.2297,0.0632,-0.0018,-0.0801,0.6241,-0.0131,1.04
1957,4000,0.6819,0.1114,0.2072,0.4219,0.4698,-0.018,11.16,177.98,0.75,130301.0,0.0,0.2205,0.0595,-0.0018,-0.0757,0.4944,-0.012,1.04
1958,4000,0.6865,0.1104,0.2035,0.4204,0.5154,-0.014,11.49,159.69,0.75,130482.0,0.0,0.2282,0.0586,-0.0017,-0.0753,0.5328,-0.0111,1.04
1959,4000,0.6926,0.1079,0.1998,0.4247,0.491,-0.0125,11.36,172.66,0.75,130719.0,0.0,0.2311,0.0604,-0.002,-0.0755,0.5842,-0.0128,1.04
1960,4000,0.6921,0.1096,0.1986,0.4174,0.4942,-0.0171,11.42,166.3,0.76,130073.0,0.0,0.2282,0.0585,-0.0017,-0.0761,0.6343,-0.0129,1.04
1961,4000,0.6953,0.1106,0.1943,0.4224,0.4789,-0.0169,10.96,174.38,0.76,129572.0,0.0,0.2253,0.0589,-0.002,-0.0768,0.5794,-0.0129,1.04
1962,4000,0.6964,0.1101,0.1938,0.4227,0.5065,-0.0118,11.41,155.32,0.75,130280.0,0.0,0.2293,0.0604,-0.002,-0.078,0.4948,-0.014,1.04
1963,4000,0.6967,0.1112,0.1926,0.416,0.4533,-0.0202,11.06,158.66,0.76,129901.0,0.0,0.22,0.0595,-0.0018,-0.0791,0.5212,-0.0113,1.04
1964,4000,0.6951,0.1122,0.1932,0.4345,0.4947,-0.0147,11.37,186.23,0.76,129819.0,0.0,0.2335,0.0623,-0.002,-0.0794,0.5333,-0.0126,1.04
1965,4000,0.6944,0.11,0.196,0.4223,0.5093,-0.0129,11.78,157.43,0.75,130497.0,0.0,0.2308,0.0595,-0.0018,-0.0762,0.5309,-0.0122,1.04
1966,4000,0.6955,0.1091,0.1959,0.4164,0.51,-0.0136,10.9,162.7,0.75,130280.0,0.0,0.2299,0.0573,-0.0018,-0.0772,0.4763,-0.0134,1.04
1967,4000,0.695,0.1102,0.1952,0.4278,0.4969,-0.0146,10.68,165.58,0.76,128805.0,0.0,0.2355,0.0605,-0.002,-0.0787,0.5515,-0.01,1.04
1968,4000,0.698,0.1106,0.1918,0.4141,0.5121,-0.0148,10.62,162.9,0.76,128683.0,0.0,0.2329,0.0573,-0.0016,-0.0746,0.6283,-0.0087,1.04
1969,4000,0.702,0.113,0.1855,0.4158,0.4961,-0.0158,10.94,159.96,0.77,128224.0,0.0,0.2295,0.0571,-0.0021,-0.0741,0.5451,-0.0125,1.04
1970,4000,0.7056,0.1102,0.1848,0.445,0.5039,-0.0124,12.05,170.23,0.76,129913.0,0.0,0.2459,0.062,-0.0018,-0.0792,0.5766,-0.0144,1.05
1971,4000,0.7112,0.1087,0.1806,0.3981,0.5044,-0.0166,10.65,142.48,0.77,127117.0,0.0,0.2234,0.0554,-0.0017,-0.0713,0.5313,-0.0142,1.04
1972,4000,0.7139,0.1077,0.1792,0.4184,0.4904,-0.0146,10.38,143.45,0.76,129829.0,0.0,0.2316,0.0569,-0.0021,-0.0727,0.5321,-0.0107,1.04
1973,4000,0.7147,0.1062,0.1801,0.4122,0.5035,-0.0143,11.79,168.73,0.76,129824.0,0.0,0.2283,0.0568,-0.0018,-0.0731,0.5522,-0.0109,1.05
1974,4000,0.7152,0.1063,0.1794,0.4252,0.5021,-0.0149,11.66,174.69,0.76,129626.0,0.0,0.2331,0.0598,-0.0024,-0.0778,0.5834,-0.0138,1.05
1975,4000,0.7163,0.1096,0.1748,0.4041,0.5075,-0.0179,10.42,158.01,0.76,129484.0,0.0,0.225,0.0562,-0.0021,-0.0748,0.5742,-0.0138,1.05
1976,4000,0.7165,0.1115,0.1727,0.417,0.506,-0.0137,10.89,168.07,0.76,129983.0,0.0,0.2293,0.0577,-0.0019,-0.0763,0.5199,-0.0121,1.05
1977,4000,0.7185,0.1084,0.1734,0.4085,0.518,-0.0124,11.94,175.14,0.77,128326.0,0.0,0.2262,0.0583,-0.0019,-0.0743,0.5298,-0.013,1.05
1978,4000,0.722,0.1083,0.17,0.4332,0.5003,-0.0158,10.61,179.83,0.76,129295.0,0.0,0.2349,0.0599,-0.002,-0.0785,0.5841,-0.0115,1.05
1979,4000,0.7242,0.1089,0.1671,0.4235,0.5005,-0.0155,10.31,163.92,0.76,129515.0,0.0,0.2295,0.0583,-0.0018,-0.0742,0.6553,-0.0088,1.05
1980,4000,0.7193,0.1129,0.1681,0.4236,0.4949,-0.0159,11.02,182.62,0.76,129731.0,0.0,0.2298,0.059,-0.0023,-0.0775,0.5666,-0.0142,1.05
1981,4000,0.7225,0.1124,0.1655,0.4029,0.5297,-0.0153,10.36,138.73,0.76,129513.0,0.0,0.23,0.0547,-0.0019,-0.0703,0.6252,-0.0146,1.05
1982,4000,0.7226,0.1162,0.1615,0.4033,0.5078,-0.0159,10.93,160.78,0.76,129934.0,0.0,0.2255,0.0553,-0.0016,-0.0722,0.6021,-0.0129,1.05
1983,4000,0.7234,0.1131,0.1638,0.4425,0.5048,-0.0127,12.0,192.07,0.75,130221.0,0.0,0.2381,0.062,-0.0017,-0.0813,0.6285,-0.0133,1.05
1984,4000,0.7256,0.1114,0.1636,0.4064,0.4985,-0.0183,10.66,164.24,0.76,129939.0,0.0,0.2252,0.0558,-0.0017,-0.0723,0.5891,-0.0126,1.05
1985,4000,0.7244,0.1145,0.1616,0.3912,0.5228,-0.0168,10.34,141.62,0.76,129427.0,0.0,0.2232,0.0533,-0.0016,-0.0722,0.6644,-0.0139,1.05
1986,4000,0.7288,0.115,0.1566,0.4151,0.5144,-0.014,11.65,177.44,0.76,130057.0,0.0,0.2337,0.0568,-0.0015,-0.0736,0.6434,-0.0138,1.05
1987,4000,0.7329,0.1145,0.1527,0.4056,0.5072,-0.0161,10.85,161.62,0.76,130173.0,0.0,0.2277,0.0573,-0.0018,-0.0749,0.5473,-0.0125,1.05
1988,4000,0.7348,0.1149,0.1503,0.38,0.5356,-0.0154,11.33,154.06,0.76,129765.0,0.0,0.2226,0.0528,-0.0019,-0.068,0.6724,-0.0135,1.05
1989,4000,0.7334,0.12,0.1466,0.3626,0.4961,-0.0223,9.72,136.12,0.77,127421.0,0.0,0.2043,0.0498,-0.0014,-0.0652,0.6471,-0.0127,1.05
1990,4000,0.7303,0.1234,0.1463,0.3755,0.5156,-0.0157,10.71,164.35,0.77,128388.0,0.0,0.2148,0.0522,-0.0017,-0.0686,0.6649,-0.0145,1.05
1991,4000,0.7316,0.1252,0.1434,0.3796,0.5364,-0.0137,11.04,152.49,0.76,128801.0,0.0,0.2201,0.0517,-0.0016,-0.0683,0.5077,-0.0135,1.05
1992,4000,0.7391,0.1218,0.1393,0.3839,0.5452,-0.013,11.11,135.12,0.76,129403.0,0.0,0.2234,0.0527,-0.0017,-0.0699,0.5478,-0.0134,1.05
1993,4000,0.7487,0.1188,0.1327,0.374,0.5512,-0.0141,10.79,152.76,0.76,129351.0,0.0,0.2197,0.0501,-0.0019,-0.0652,0.6053,-0.014,1.05
1994,4000,0.748,0.1214,0.1308,0.3969,0.5333,-0.0155,10.8,143.97,0.76,129641.0,0.0,0.2262,0.0545,-0.0019,-0.0711,0.5922,-0.0111,1.05
1995,4000,0.7524,0.1208,0.127,0.3598,0.5249,-0.0161,10.75,146.19,0.75,130531.0,0.0,0.213,0.0494,-0.0016,-0.0655,0.5787,-0.009,1.05
1996,4000,0.7513,0.1192,0.1299,0.3893,0.5274,-0.0146,11.33,148.99,0.76,129777.0,0.0,0.2219,0.0537,-0.0018,-0.069,0.5602,-0.0122,1.05
1997,4000,0.7521,0.1157,0.1329,0.3929,0.5352,-0.0135,12.09,156.64,0.78,126304.0,0.0,0.2213,0.0555,-0.0017,-0.0726,0.556,-0.0139,1.06
1998,4000,0.753,0.1114,0.1363,0.4169,0.5274,-0.0123,11.36,173.08,0.76,129151.0,0.0,0.2334,0.0586,-0.0017,-0.0742,0.5459,-0.0141,1.05
1999,4000,0.75,0.1102,0.1404,0.4066,0.5017,-0.0166,10.39,153.45,0.76,129001.0,0.0,0.2266,0.0562,-0.0018,-0.0705,0.5718,-0.0129,1.06
2000,4000,0.7456,0.1123,0.1425,0.3908,0.5274,-0.0144,11.22,167.54,0.76,129810.0,0.0,0.2222,0.0544,-0.0024,-0.0677,0.5215,-0.0136,1.06
2001,4000,0.7457,0.1093,0.1456,0.406,0.5106,-0.0147,11.19,150.3,0.76,129763.0,0.0,0.228,0.0566,-0.0018,-0.0709,0.5833,-0.0129,1.06
2002,4000,0.7429,0.1088,0.1491,0.4,0.5111,-0.0145,11.5,170.78,0.76,129089.0,0.0,0.2202,0.0574,-0.0018,-0.0741,0.6087,-0.0136,1.05
2003,4000,0.7392,0.1098,0.1515,0.4212,0.4891,-0.0157,10.73,158.38,0.76,128954.0,0.0,0.2295,0.0602,-0.0019,-0.0764,0.4901,-0.0143,1.05
2004,4000,0.7369,0.1079,0.1557,0.4144,0.4967,-0.0152,10.64,150.06,0.76,128847.0,0.0,0.2223,0.0587,-0.0016,-0.0726,0.5707,-0.0138,1.06
2005,4000,0.7332,0.1118,0.1553,0.3889,0.5091,-0.0178,10.58,158.84,0.76,129527.0,0.0,0.2189,0.0553,-0.0019,-0.0703,0.5524,-0.0131,1.06
2006,4000,0.7291,0.1133,0.1577,0.4192,0.5112,-0.0115,11.36,160.32,0.76,129127.0,0.0,0.228,0.0592,-0.0021,-0.0776,0.5139,-0.013,1.06
2007,4000,0.725,0.1165,0.1585,0.3955,0.4859,-0.0228,11.32,153.34,0.76,128796.0,0.0,0.2181,0.0562,-0.0018,-0.0709,0.5592,-0.0125,1.06
2008,4000,0.721,0.1192,0.1598,0.4348,0.4955,-0.014,10.8,173.41,0.76,129157.0,0.0,0.2324,0.0603,-0.0018,-0.0773,0.4692,-0.0129,1.05
2009,4000,0.7205,0.1157,0.1641,0.4271,0.5024,-0.0135,10.64,148.65,0.76,129128.0,0.0,0.2369,0.0609,-0.0018,-0.0782,0.5346,-0.0133,1.05
2010,4000,0.7226,0.1149,0.1627,0.422,0.4964,-0.0154,11.25,175.83,0.76,128956.0,0.0,0.232,0.0599,-0.0019,-0.0747,0.5744,-0.0138,1.05
2011,4000,0.7149,0.1161,0.1693,0.44,0.4825,-0.0154,10.57,171.89,0.76,129094.0,0.0,0.2356,0.0634,-0.0017,-0.0808,0.574,-0.012,1.05
2012,4000,0.7093,0.1178,0.1731,0.4049,0.468,-0.0206,9.95,164.19,0.76,128675.0,0.0,0.2146,0.0595,-0.002,-0.0751,0.4714,-0.0135,1.05
2013,4000,0.7041,0.1192,0.177,0.4154,0.5012,-0.0148,10.15,153.33,0.76,129004.0,0.0,0.2285,0.0595,-0.0021,-0.0742,0.5548,-0.014,1.05
2014,4000,0.7043,0.1207,0.1752,0.4198,0.4843,-0.0175,10.74,172.88,0.77,127700.0,0.0,0.2295,0.0593,-0.0018,-0.0743,0.5494,-0.0135,1.06
2015,4000,0.698,0.1214,0.1811,0.4439,0.463,-0.0176,11.08,176.0,0.77,127152.0,0.0,0.2343,0.0624,-0.0017,-0.0777,0.4632,-0.011,1.06
2016,4000,0.6947,0.1195,0.1865,0.4308,0.5071,-0.0125,10.94,141.23,0.76,129466.0,0.0,0.2339,0.0616,-0.002,-0.0755,0.4475,-0.009,1.06
2017,4000,0.7017,0.1147,0.1843,0.4314,0.4951,-0.0126,11.21,176.51,0.77,128304.0,0.0,0.2302,0.0607,-0.002,-0.0752,0.408,-0.0138,1.06
2018,4000,0.7052,0.1091,0.1862,0.4371,0.5112,-0.0114,10.9,166.35,0.77,128066.0,0.0,0.2332,0.0635,-0.002,-0.0792,0.5189,-0.0098,1.05
2019,4000,0.7018,0.112,0.1867,0.4337,0.451,-0.0193,10.87,168.94,0.76,128528.0,0.0,0.2248,0.0623,-0.002,-0.076,0.5676,-0.0087,1.05
2020,4000,0.6967,0.1134,0.1903,0.4152,0.4858,-0.0156,9.98,158.07,0.77,128413.0,0.0,0.221,0.0595,-0.0018,-0.0754,0.5443,-0.0139,1.05
2021,4000,0.6868,0.1164,0.1972,0.4444,0.4698,-0.0154,9.98,142.73,0.76,129429.0,0.0,0.2326,0.0636,-0.0019,-0.0786,0.5174,-0.0123,1.05
2022,4000,0.6861,0.1169,0.1973,0.4182,0.4926,-0.016,10.78,159.25,0.76,128874.0,0.0,0.2228,0.0607,-0.0022,-0.0732,0.5483,-0.0131,1.05
2023,4000,0.689,0.1174,0.194,0.4175,0.4854,-0.0149,10.64,163.6,0.77,127760.0,0.0,0.2238,0.0601,-0.002,-0.0738,0.4914,-0.0138,1.05
2024,4000,0.6922,0.116,0.1923,0.4259,0.5185,-0.0113,11.48,155.6,0.76,129316.0,0.0,0.2316,0.0621,-0.0021,-0.073,0.4838,-0.0141,1.05
2025,4000,0.6965,0.1144,0.1896,0.4296,0.4824,-0.0141,11.1,152.86,0.76,128536.0,0.0,0.2236,0.0625,-0.0018,-0.0762,0.4304,-0.014,1.05
2026,4000,0.6933,0.1136,0.1938,0.4278,0.4952,-0.0143,11.55,156.21,0.77,128208.0,0.0,0.2257,0.0625,-0.0019,-0.0751,0.5118,-0.0141,1.05
2027,4000,0.698,0.1121,0.1904,0.4152,0.5083,-0.0159,10.76,169.36,0.76,128726.0,0.0,0.2245,0.0596,-0.0021,-0.0726,0.5737,-0.0118,1.05
2028,4000,0.7065,0.1089,0.1851,0.4154,0.5156,-0.013,10.87,161.09,0.77,127954.0,0.0,0.2189,0.0612,-0.002,-0.074,0.5362,-0.0093,1.05
2029,4000,0.7119,0.1062,0.1823,0.4303,0.5012,-0.0118,11.15,181.07,0.76,128717.0,0.0,0.2272,0.0624,-0.002,-0.0759,0.4908,-0.0145,1.05
2030,4000,0.7105,0.104,0.1857,0.4099,0.4915,-0.017,10.12,138.38,0.76,129240.0,0.0,0.2196,0.0592,-0.0022,-0.0711,0.481,-0.0104,1.06
2031,4000,0.7073,0.1041,0.1891,0.4365,0.4915,-0.0137,11.35,164.06,0.76,128997.0,0.0,0.2317,0.0638,-0.0022,-0.0748,0.5386,-0.0089,1.05
2032,4000,0.7073,0.104,0.1889,0.427,0.5001,-0.0137,11.7,167.56,0.76,128641.0,0.0,0.2254,0.0626,-0.0025,-0.0744,0.5089,-0.0135,1.05
2033,4000,0.7128,0.102,0.1854,0.4331,0.5125,-0.0118,11.96,188.27,0.77,127782.0,0.0,0.232,0.0638,-0.002,-0.0768,0.563,-0.0101,1.05
2034,4000,0.7171,0.1006,0.1826,0.4116,0.5176,-0.0145,11.59,158.02,0.76,128677.0,0.0,0.2223,0.0614,-0.0023,-0.0735,0.5127,-0.0128,1.05
2035,4000,0.7227,0.0982,0.1796,0.4351,0.4975,-0.0133,10.78,165.75,0.77,128472.0,0.0,0.2316,0.0643,-0.002,-0.0766,0.5311,-0.0142,1.05
2036,4000,0.7236,0.0979,0.1795,0.4052,0.5143,-0.0142,11.43,160.17,0.76,129138.0,0.0,0.2197,0.0588,-0.0019,-0.0715,0.6379,-0.0117,1.06
2037,4000,0.7277,0.1,0.1731,0.3976,0.5179,-0.0143,11.25,161.59,0.76,128759.0,0.0,0.2232,0.0585,-0.0021,-0.0709,0.528,-0.0137,1.06
2038,4000,0.7312,0.0985,0.1709,0.416,0.5203,-0.0116,11.41,151.97,0.77,128110.0,0.0,0.2257,0.0605,-0.002,-0.0713,0.4737,-0.0136,1.06
2039,4000,0.7361,0.0984,0.166,0.3869,0.5367,-0.0141,11.92,161.74,0.76,129148.0,0.0,0.2182,0.0553,-0.0026,-0.0669,0.5476,-0.0137,1.06
2040,4000,0.7374,0.0997,0.1633,0.3818,0.5143,-0.0153,10.76,157.95,0.76,128680.0,0.0,0.2109,0.0555,-0.0017,-0.068,0.495,-0.0111,1.06
2041,4000,0.7355,0.1003,0.1649,0.4034,0.5187,-0.0132,11.05,161.7,0.76,129253.0,0.0,0.2235,0.0594,-0.0023,-0.0739,0.5399,-0.0134,1.06
2042,4000,0.7389,0.1008,0.1613,0.3906,0.5351,-0.0131,10.06,133.11,0.76,129796.0,0.0,0.2223,0.0558,-0.0019,-0.0684,0.5404,-0.0139,1.06
2043,4000,0.7425,0.1019,0.1566,0.3898,0.5169,-0.0156,11.63,144.39,0.76,129268.0,0.0,0.2134,0.0566,-0.0021,-0.0704,0.5715,-0.0138,1.06
2044,4000,0.7434,0.1039,0.1536,0.4087,0.4947,-0.0171,10.77,144.27,0.76,129663.0,0.0,0.2237,0.0603,-0.0021,-0.0745,0.5708,-0.0123,1.06
2045,4000,0.7407,0.1072,0.1529,0.3848,0.5184,-0.0137,11.82,163.63,0.76,128860.0,0.0,0.2173,0.0554,-0.0018,-0.0681,0.4986,-0.0127,1.06
2046,4000,0.737,0.1065,0.1571,0.4002,0.5145,-0.0143,10.78,147.34,0.78,125953.0,0.0,0.2219,0.0582,-0.0022,-0.0716,0.5214,-0.0149,1.06
2047,4000,0.7332,0.1077,0.1598,0.4009,0.5096,-0.0163,11.2,140.92,0.76,128747.0,0.0,0.2219,0.0583,-0.0022,-0.0712,0.5311,-0.0132,1.06
2048,4000,0.7346,0.1099,0.1563,0.3735,0.5335,-0.016,11.48,144.49,0.76,129307.0,0.0,0.212,0.0541,-0.0023,-0.0652,0.5219,-0.0118,1.06
2049,4000,0.7362,0.1104,0.1539,0.3884,0.5155,-0.0159,11.23,167.33,0.77,128486.0,0.0,0.2144,0.0567,-0.0021,-0.0688,0.4592,-0.013,1.06
2050,4000,0.7391,0.11,0.1516,0.3771,0.5212,-0.0161,10.34,144.32,0.76,129447.0,0.0,0.2144,0.0541,-0.0019,-0.0656,0.5174,-0.0118,1.06
2051,4000,0.7435,0.1094,0.1478,0.3772,0.5369,-0.015,10.59,152.96,0.77,128367.0,0.0,0.218,0.0534,-0.0019,-0.0657,0.529,-0.0136,1.06
2052,4000,0.7452,0.1098,0.1454,0.3816,0.5202,-0.016,11.19,157.27,0.78,125332.0,0.0,0.2163,0.0562,-0.0022,-0.0677,0.4981,-0.01,1.06
2053,4000,0.7479,0.1098,0.143,0.3861,0.5353,-0.0125,11.7,161.07,0.77,127869.0,0.0,0.2196,0.055,-0.0022,-0.067,0.4654,-0.0085,1.06
2054,4000,0.7498,0.1083,0.1424,0.3896,0.5414,-0.0129,11.38,154.36,0.76,128718.0,0.0,0.2223,0.0556,-0.0016,-0.0688,0.4381,-0.0124,1.06
2055,4000,0.7528,0.1067,0.141,0.3827,0.5052,-0.0169,10.83,151.97,0.76,128600.0,0.0,0.2159,0.0551,-0.002,-0.0668,0.4637,-0.014,1.06
2056,4000,0.7492,0.1076,0.1436,0.4058,0.5259,-0.0119,11.74,158.54,0.76,128620.0,0.0,0.2269,0.0604,-0.0019,-0.0739,0.4979,-0.0121,1.06
2057,4000,0.7504,0.1032,0.1467,0.4231,0.5068,-0.0138,10.64,160.57,0.77,128232.0,0.0,0.2318,0.0626,-0.0021,-0.0757,0.4884,-0.0127,1.06
2058,4000,0.7503,0.1011,0.1489,0.4049,0.5304,-0.0135,10.65,161.63,0.76,128587.0,0.0,0.2279,0.0587,-0.0018,-0.0715,0.5798,-0.0093,1.06
2059,4000,0.7481,0.1045,0.148,0.3895,0.5142,-0.0165,11.8,152.66,0.76,129387.0,0.0,0.2201,0.0564,-0.0019,-0.069,0.5245,-0.0136,1.06
2060,4000,0.7474,0.1059,0.1477,0.4149,0.5134,-0.013,11.47,176.21,0.77,127714.0,0.0,0.2278,0.0606,-0.0019,-0.0743,0.4673,-0.0139,1.06
2061,4000,0.7482,0.104,0.1491,0.41,0.5311,-0.0116,12.11,167.3,0.77,128263.0,0.0,0.2308,0.0599,-0.002,-0.0727,0.5124,-0.0141,1.06
2062,4000,0.748,0.1033,0.1496,0.391,0.5277,-0.0142,10.97,140.71,0.77,128360.0,0.0,0.222,0.0573,-0.0018,-0.0701,0.537,-0.0138,1.06
2063,4000,0.7482,0.1035,0.1488,0.383,0.5284,-0.0136,11.9,162.62,0.76,129001.0,0.0,0.2189,0.0561,-0.0018,-0.0693,0.5035,-0.0131,1.06
2064,4000,0.7468,0.1028,0.1509,0.373,0.5197,-0.0152,10.25,144.59,0.76,128764.0,0.0,0.2147,0.0547,-0.0017,-0.0667,0.515,-0.013,1.06
2065,4000,0.7463,0.1034,0.1507,0.39,0.5069,-0.0154,11.44,157.23,0.77,128367.0,0.0,0.219,0.0562,-0.0017,-0.0696,0.4907,-0.0127,1.06
2066,4000,0.7424,0.1045,0.1534,0.3879,0.5348,-0.0136,12.52,170.55,0.77,127786.0,0.0,0.226,0.056,-0.0019,-0.0671,0.4613,-0.0136,1.06
2067,4000,0.7411,0.1022,0.1569,0.399,0.5136,-0.0135,11.27,150.07,0.77,127901.0,0.0,0.2235,0.0581,-0.002,-0.07,0.4635,-0.0132,1.06
2068,4000,0.7349,0.102,0.1634,0.3823,0.5234,-0.0137,10.61,132.61,0.76,129714.0,0.0,0.217,0.0562,-0.0019,-0.0679,0.4788,-0.0132,1.06
2069,4000,0.7354,0.1013,0.1635,0.393,0.5358,-0.0124,11.98,160.99,0.76,128898.0,0.0,0.2246,0.058,-0.002,-0.0687,0.5037,-0.0139,1.06
2070,4000,0.7365,0.101,0.1627,0.3986,0.5294,-0.0134,10.91,154.18,0.76,128542.0,0.0,0.2246,0.0579,-0.002,-0.0684,0.4998,-0.0122,1.06
2071,4000,0.7348,0.1038,0.1616,0.4067,0.5121,-0.0147,11.52,155.88,0.76,128899.0,0.0,0.2271,0.0598,-0.0022,-0.0713,0.5275,-0.0092,1.06
2072,4000,0.735,0.105,0.1602,0.4034,0.5117,-0.0146,11.16,163.71,0.76,129449.0,0.0,0.2243,0.0589,-0.002,-0.0718,0.5099,-0.0122,1.06
2073,4000,0.7325,0.109,0.1588,0.3918,0.5121,-0.0168,10.39,125.44,0.76,129800.0,0.0,0.2184,0.0574,-0.0023,-0.0678,0.4953,-0.0133,1.06
2074,4000,0.7335,0.1095,0.1576,0.4112,0.5088,-0.0133,11.66,166.95,0.76,129576.0,0.0,0.2249,0.0606,-0.0021,-0.0724,0.4617,-0.014,1.06
2075,4000,0.7349,0.1048,0.1611,0.4138,0.5235,-0.0123,10.72,168.39,0.76,128976.0,0.0,0.231,0.0617,-0.0024,-0.0726,0.4826,-0.014,1.06
2076,4000,0.7332,0.1047,0.1629,0.408,0.4849,-0.017,11.94,162.9,0.76,129681.0,0.0,0.2226,0.0605,-0.0024,-0.0732,0.4638,-0.011,1.06
2077,4000,0.7299,0.1063,0.1644,0.4197,0.4933,-0.0162,11.36,180.42,0.76,129488.0,0.0,0.2288,0.0636,-0.0023,-0.0739,0.4373,-0.0136,1.06
2078,4000,0.7264,0.1075,0.1668,0.3972,0.5067,-0.0155,10.66,158.53,0.76,129078.0,0.0,0.223,0.0601,-0.0026,-0.0691,0.4747,-0.0127,1.06
2079,4000,0.7288,0.1067,0.1651,0.4032,0.5037,-0.0154,11.7,171.86,0.81,121335.0,0.0,0.2182,0.0605,-0.0022,-0.0709,0.4753,-0.0119,1.06
2080,4000,0.7273,0.104,0.169,0.4308,0.5058,-0.0127,11.33,174.82,0.77,127425.0,0.0,0.2346,0.0644,-0.0024,-0.0758,0.497,-0.0144,1.06
2081,4000,0.7236,0.1034,0.1733,0.4152,0.5073,-0.0146,9.91,150.54,0.77,128389.0,0.0,0.2243,0.0623,-0.0021,-0.0737,0.479,-0.013,1.06
2082,4000,0.722,0.1058,0.1724,0.408,0.5132,-0.0151,12.16,152.76,0.76,129344.0,0.0,0.2243,0.0614,-0.0023,-0.0734,0.4454,-0.0128,1.06
2083,4000,0.723,0.1064,0.1708,0.4233,0.5162,-0.0111,11.46,149.46,0.78,126743.0,0.0,0.2316,0.063,-0.0024,-0.0728,0.4948,-0.0133,1.06
2084,4000,0.7246,0.1043,0.1713,0.4009,0.5337,-0.0126,11.6,143.48,0.76,129353.0,0.0,0.2281,0.0595,-0.0022,-0.07,0.4238,-0.0117,1.06
2085,4000,0.7264,0.1042,0.1696,0.406,0.5097,-0.0146,11.08,166.47,0.77,128382.0,0.0,0.2257,0.0612,-0.002,-0.0719,0.4547,-0.0132,1.06
2086,4000,0.7256,0.1032,0.1714,0.3948,0.5087,-0.0153,10.43,151.81,0.77,128036.0,0.0,0.2205,0.0588,-0.0023,-0.0705,0.4297,-0.0129,1.06
2087,4000,0.7227,0.1057,0.1717,0.4147,0.5021,-0.0146,11.03,148.43,0.76,129730.0,0.0,0.2253,0.061,-0.0021,-0.0708,0.5142,-0.0138,1.06
2088,4000,0.7261,0.104,0.1701,0.434,0.507,-0.0121,12.17,180.91,0.77,127647.0,0.0,0.2369,0.0645,-0.0022,-0.073,0.5496,-0.011,1.06
2089,4000,0.7264,0.101,0.1729,0.4175,0.4984,-0.0156,11.07,167.65,0.76,128838.0,0.0,0.2283,0.0619,-0.002,-0.0741,0.4357,-0.0138,1.06
2090,4000,0.7271,0.0988,0.1742,0.4154,0.5318,-0.0115,12.03,182.59,0.79,124031.0,0.0,0.236,0.0615,-0.002,-0.0721,0.569,-0.0118,1.06
2091,4000,0.7276,0.099,0.1735,0.4177,0.4826,-0.0169,10.24,175.63,0.76,128955.0,0.0,0.2226,0.0626,-0.0022,-0.0713,0.4757,-0.0123,1.06
2092,4000,0.7232,0.0999,0.177,0.4384,0.5073,-0.012,10.63,174.38,0.76,128671.0,0.0,0.2441,0.0649,-0.0025,-0.0728,0.4887,-0.014,1.06
2093,4000,0.7217,0.1032,0.175,0.409,0.5126,-0.0157,11.53,161.06,0.76,129145.0,0.0,0.2278,0.0617,-0.0018,-0.0702,0.5387,-0.0137,1.06
2094,4000,0.7231,0.1027,0.1743,0.4221,0.5127,-0.0121,11.95,169.63,0.76,129267.0,0.0,0.2346,0.0631,-0.002,-0.0726,0.5046,-0.011,1.06
2095,4000,0.7247,0.1025,0.1731,0.4232,0.511,-0.0129,11.8,162.26,0.76,129463.0,0.0,0.2293,0.0626,-0.0019,-0.0707,0.5585,-0.0092,1.06
2096,4000,0.7285,0.1034,0.1683,0.3997,0.5042,-0.0175,11.73,159.22,0.76,129846.0,0.0,0.2238,0.0592,-0.0022,-0.0677,0.5363,-0.0124,1.06
2097,4000,0.7293,0.1041,0.1669,0.4043,0.5031,-0.0152,11.25,160.03,0.76,128510.0,0.0,0.2278,0.0593,-0.0021,-0.0692,0.4741,-0.009,1.06
2098,4000,0.7286,0.1032,0.1685,0.4182,0.5238,-0.0131,12.33,156.28,0.76,130149.0,0.0,0.2338,0.0629,-0.002,-0.0717,0.5026,-0.0139,1.06
2099,4000,0.7329,0.1029,0.1647,0.3839,0.5281,-0.0141,12.07,142.22,0.76,129808.0,0.0,0.2202,0.0561,-0.0021,-0.0663,0.5261,-0.0141,1.06
2100,4000,0.7337,0.1039,0.1631,0.4049,0.5113,-0.0142,11.19,153.04,0.76,130065.0,0.0,0.2222,0.0595,-0.0019,-0.0693,0.4882,-0.0128,1.06
2101,4000,0.7313,0.1059,0.1638,0.4033,0.511,-0.014,11.82,157.36,0.76,129299.0,0.0,0.224,0.0601,-0.0018,-0.0718,0.4298,-0.0143,1.06
2102,4000,0.7375,0.1019,0.1614,0.391,0.5343,-0.0141,10.97,145.93,0.77,127346.0,0.0,0.225,0.0574,-0.0021,-0.0674,0.5619,-0.0115,1.06
2103,4000,0.7405,0.1019,0.1583,0.4041,0.5257,-0.0124,11.4,172.94,0.76,130102.0,0.0,0.2288,0.0584,-0.0022,-0.07,0.5368,-0.0128,1.06
2104,4000,0.7382,0.1031,0.1594,0.4089,0.498,-0.0181,10.24,165.88,0.76,129337.0,0.0,0.2232,0.06,-0.0019,-0.0713,0.5592,-0.0143,1.06
2105,4000,0.7361,0.1052,0.1594,0.409,0.5236,-0.0141,11.21,172.37,0.76,129572.0,0.0,0.2296,0.0607,-0.0018,-0.0696,0.5103,-0.0138,1.06
2106,4000,0.7354,0.106,0.1593,0.3976,0.5223,-0.0121,11.64,157.18,0.76,130010.0,0.0,0.2226,0.0574,-0.0017,-0.0682,0.5302,-0.0145,1.06
2107,4000,0.7381,0.106,0.1563,0.3942,0.5152,-0.0152,11.0,145.93,0.77,128041.0,0.0,0.2227,0.0576,-0.0019,-0.0689,0.587,-0.0116,1.06
2108,4000,0.739,0.1044,0.1571,0.3916,0.5077,-0.0181,10.24,146.98,0.76,129461.0,0.0,0.2169,0.058,-0.0018,-0.0658,0.5766,-0.0119,1.06
2109,4000,0.7367,0.1096,0.1542,0.3731,0.5198,-0.017,11.51,147.83,0.75,130409.0,0.0,0.2164,0.053,-0.0019,-0.0619,0.6461,-0.0093,1.06
2110,4000,0.7373,0.1122,0.151,0.3747,0.5153,-0.0173,10.57,140.78,0.76,129276.0,0.0,0.2108,0.0557,-0.002,-0.065,0.5407,-0.0136,1.06
2111,4000,0.7422,0.1141,0.1445,0.3697,0.5277,-0.0166,11.57,159.88,0.76,129405.0,0.0,0.214,0.0543,-0.0019,-0.0626,0.5106,-0.0143,1.06
2112,4000,0.7431,0.112,0.146,0.3987,0.5231,-0.0142,10.53,149.98,0.77,128156.0,0.0,0.2266,0.0583,-0.0019,-0.0677,0.533,-0.0142,1.06
2113,4000,0.7461,0.1097,0.1456,0.3984,0.524,-0.0137,12.12,156.85,0.76,129494.0,0.0,0.2237,0.0577,-0.002,-0.0669,0.4561,-0.0141,1.06
2114,4000,0.7458,0.1046,0.1508,0.4083,0.5155,-0.0138,11.68,173.89,0.77,128303.0,0.0,0.2274,0.0579,-0.0017,-0.0669,0.4806,-0.0133,1.06
2115,4000,0.7455,0.1018,0.1538,0.3975,0.5223,-0.0136,10.49,145.16,0.76,129474.0,0.0,0.2222,0.0567,-0.0017,-0.0681,0.5621,-0.0135,1.06
2116,4000,0.7466,0.1048,0.1495,0.3682,0.5046,-0.021,11.07,156.56,0.76,129308.0,0.0,0.2127,0.0529,-0.0018,-0.0594,0.5563,-0.0145,1.06
2117,4000,0.7416,0.1091,0.1498,0.3809,0.5276,-0.0144,11.11,144.87,0.76,130033.0,0.0,0.2172,0.0551,-0.002,-0.0642,0.4984,-0.0123,1.06
2118,4000,0.7446,0.109,0.1469,0.3884,0.5103,-0.0157,9.98,148.15,0.77,128233.0,0.0,0.2204,0.0547,-0.0016,-0.0653,0.4867,-0.0092,1.06
2119,4000,0.7426,0.1108,0.1472,0.3725,0.504,-0.0179,10.53,145.19,0.76,129273.0,0.0,0.2101,0.0542,-0.0018,-0.0633,0.5142,-0.0129,1.06
2120,4000,0.7373,0.1131,0.1501,0.3806,0.516,-0.0163,10.59,145.67,0.76,129468.0,0.0,0.2152,0.0548,-0.0021,-0.0639,0.5084,-0.0116,1.06
2121,4000,0.7389,0.1125,0.149,0.3926,0.5239,-0.0151,10.84,166.52,0.76,129908.0,0.0,0.2199,0.0558,-0.002,-0.0668,0.5509,-0.0123,1.06
2122,4000,0.7403,0.1132,0.1467,0.3949,0.5019,-0.0171,11.09,164.46,0.76,129769.0,0.0,0.2221,0.0569,-0.0016,-0.0674,0.5716,-0.0138,1.06
2123,4000,0.737,0.1163,0.147,0.3951,0.4944,-0.0179,10.64,164.55,0.76,129324.0,0.0,0.2181,0.0569,-0.0017,-0.0666,0.544,-0.0146,1.06
2124,4000,0.7347,0.1147,0.1509,0.3948,0.5029,-0.0153,9.95,137.33,0.77,127343.0,0.0,0.2174,0.0564,-0.0017,-0.066,0.5468,-0.0134,1.06
2125,4000,0.732,0.1165,0.1518,0.3845,0.5108,-0.0181,11.25,161.49,0.76,129234.0,0.0,0.2156,0.0555,-0.0018,-0.0661,0.4994,-0.0143,1.06
2126,4000,0.731,0.1154,0.1538,0.4138,0.5045,-0.0134,10.72,166.5,0.75,130259.0,0.0,0.2234,0.0589,-0.0019,-0.0697,0.475,-0.0116,1.06
2127,4000,0.7292,0.1137,0.1572,0.3924,0.5086,-0.0153,11.63,150.64,0.76,129977.0,0.0,0.2182,0.0569,-0.0018,-0.0673,0.5089,-0.013,1.06
2128,4000,0.7277,0.1119,0.1604,0.4038,0.5014,-0.0151,10.37,166.56,0.77,127272.0,0.0,0.2237,0.0582,-0.0019,-0.0679,0.5254,-0.014,1.06
2129,4000,0.729,0.1104,0.1611,0.3956,0.5157,-0.0144,11.82,168.77,0.77,128016.0,0.0,0.2217,0.0573,-0.0021,-0.0664,0.5249,-0.0132,1.06
2130,4000,0.7294,0.1105,0.1606,0.4027,0.51,-0.0159,10.62,146.37,0.76,128824.0,0.0,0.2219,0.0562,-0.0016,-0.0656,0.6233,-0.0102,1.06
2131,4000,0.7313,0.1113,0.1578,0.3901,0.5164,-0.0165,11.29,155.15,0.76,129046.0,0.0,0.221,0.0549,-0.0016,-0.0635,0.5265,-0.0145,1.06
2132,4000,0.7355,0.1115,0.1535,0.3935,0.5331,-0.0131,11.01,149.48,0.76,129440.0,0.0,0.2247,0.0558,-0.0019,-0.064,0.5388,-0.012,1.06
2133,4000,0.7362,0.1132,0.1512,0.3839,0.5022,-0.0178,10.51,142.88,0.76,129468.0,0.0,0.2134,0.0538,-0.0017,-0.0638,0.5397,-0.013,1.06
2134,4000,0.738,0.1135,0.1491,0.4062,0.5202,-0.014,12.39,171.91,0.76,128717.0,0.0,0.2271,0.0562,-0.0018,-0.066,0.5351,-0.0119,1.06
2135,4000,0.7392,0.1102,0.151,0.4057,0.535,-0.0136,11.93,185.72,0.76,129481.0,0.0,0.2254,0.0562,-0.0018,-0.0649,0.4754,-0.0138,1.06
2136,4000,0.7423,0.1052,0.1531,0.4121,0.5324,-0.0102,10.56,155.08,0.77,128175.0,0.0,0.2305,0.0584,-0.0019,-0.0686,0.5441,-0.0112,1.06
2137,4000,0.7405,0.1052,0.155,0.4055,0.5051,-0.0146,11.7,180.92,0.77,128439.0,0.0,0.2219,0.0571,-0.0016,-0.0682,0.4497,-0.0126,1.06
2138,4000,0.7369,0.1045,0.1591,0.4174,0.4965,-0.0141,10.71,153.2,0.76,129489.0,0.0,0.2245,0.0598,-0.0018,-0.071,0.4721,-0.0142,1.06
2139,4000,0.7305,0.1045,0.1655,0.4081,0.5205,-0.0123,11.23,157.78,0.76,129269.0,0.0,0.2262,0.0581,-0.0017,-0.067,0.5765,-0.0098,1.06
2140,4000,0.7291,0.1072,0.1642,0.422,0.5065,-0.0147,12.67,178.23,0.77,127189.0,0.0,0.2321,0.0601,-0.0017,-0.0692,0.4965,-0.0087,1.06
2141,4000,0.7309,0.1057,0.1641,0.4152,0.5279,-0.0109,12.03,161.35,0.76,129354.0,0.0,0.2303,0.0597,-0.0018,-0.0695,0.5742,-0.011,1.06
2142,4000,0.7297,0.1074,0.1636,0.3866,0.4642,-0.0212,10.4,142.02,0.76,129901.0,0.0,0.2066,0.0569,-0.0017,-0.0675,0.5789,-0.0103,1.06
2143,4000,0.7231,0.1119,0.1658,0.4112,0.4861,-0.0185,10.4,155.14,0.76,129482.0,0.0,0.2209,0.0598,-0.0017,-0.0694,0.5476,-0.0125,1.06
2144,4000,0.7183,0.1175,0.1652,0.3999,0.5081,-0.015,11.14,182.07,0.76,129374.0,0.0,0.2208,0.0572,-0.0017,-0.0675,0.5223,-0.0138,1.06
2145,4000,0.7154,0.1163,0.1693,0.4172,0.4987,-0.0139,10.96,164.67,0.76,129547.0,0.0,0.2289,0.0604,-0.0023,-0.0695,0.5061,-0.0131,1.06
2146,4000,0.7166,0.113,0.1714,0.3892,0.5152,-0.0166,10.79,163.21,0.76,129289.0,0.0,0.2188,0.0549,-0.0017,-0.0641,0.5082,-0.014,1.06
2147,4000,0.7191,0.1118,0.17,0.4115,0.5123,-0.0138,11.44,176.34,0.76,128692.0,0.0,0.2223,0.0582,-0.0016,-0.0692,0.5256,-0.0111,1.06
2148,4000,0.7215,0.1074,0.172,0.43,0.4984,-0.0129,11.74,179.09,0.76,129001.0,0.0,0.2313,0.0617,-0.0015,-0.0718,0.4889,-0.0115,1.06
2149,4000,0.7179,0.1075,0.1755,0.4027,0.4825,-0.018,10.7,165.64,0.77,128423.0,0.0,0.2173,0.0562,-0.0014,-0.066,0.4968,-0.0132,1.06
2150,4000,0.7133,0.109,0.1786,0.4195,0.491,-0.0141,11.17,180.57,0.76,129269.0,0.0,0.2261,0.0599,-0.0017,-0.0708,0.3918,-0.0133,1.06
2151,4000,0.7123,0.1085,0.18,0.4164,0.4944,-0.0146,11.21,167.3,0.76,129156.0,0.0,0.2228,0.0599,-0.0018,-0.0697,0.4361,-0.013,1.06
2152,4000,0.7125,0.105,0.1833,0.4195,0.4977,-0.0147,10.95,156.15,0.76,128960.0,0.0,0.2232,0.0582,-0.0017,-0.0668,0.5465,-0.0135,1.06
2153,4000,0.7104,0.1044,0.186,0.4409,0.4829,-0.0146,10.4,169.35,0.79,124949.0,0.0,0.2275,0.0632,-0.0019,-0.0734,0.5182,-0.014,1.06
2154,4000,0.707,0.1069,0.1869,0.4482,0.475,-0.0161,11.26,162.74,0.77,127874.0,0.0,0.2337,0.0637,-0.0017,-0.0706,0.5131,-0.0119,1.06
2155,4000,0.7038,0.1056,0.1916,0.4379,0.4786,-0.0152,9.45,142.59,0.76,129680.0,0.0,0.2287,0.0627,-0.0021,-0.0734,0.5953,-0.0136,1.06
2156,4000,0.7027,0.1057,0.1926,0.4576,0.484,-0.0121,10.61,174.39,0.76,128673.0,0.0,0.2332,0.0646,-0.0018,-0.0754,0.5144,-0.014,1.06
2157,4000,0.6988,0.1059,0.1964,0.415,0.4624,-0.019,11.23,176.84,0.77,128212.0,0.0,0.22,0.0584,-0.0018,-0.0664,0.4585,-0.0124,1.06
2158,4000,0.6944,0.1074,0.1991,0.4362,0.476,-0.0141,11.87,184.08,0.76,128535.0,0.0,0.2304,0.0619,-0.0018,-0.0735,0.4675,-0.0132,1.06
2159,4000,0.6924,0.1067,0.2018,0.4284,0.4978,-0.0128,11.61,174.35,0.76,129038.0,0.0,0.23,0.0594,-0.0021,-0.0683,0.4923,-0.0143,1.06
2160,4000,0.6911,0.1066,0.2035,0.416,0.4808,-0.0154,10.83,161.23,0.77,128027.0,0.0,0.2242,0.0594,-0.0015,-0.0693,0.4652,-0.0128,1.06
2161,4000,0.6957,0.1022,0.2032,0.4265,0.4861,-0.0149,11.5,172.43,0.76,128896.0,0.0,0.2301,0.0593,-0.0017,-0.071,0.5356,-0.0124,1.06
2162,4000,0.6959,0.1013,0.2037,0.4186,0.4836,-0.0162,11.41,176.01,0.77,127942.0,0.0,0.2227,0.0584,-0.0019,-0.068,0.4728,-0.0146,1.06
2163,4000,0.6948,0.1031,0.203,0.4202,0.486,-0.0162,10.74,151.2,0.76,129033.0,0.0,0.2244,0.0594,-0.002,-0.0688,0.6024,-0.0107,1.06
2164,4000,0.697,0.1088,0.1953,0.4119,0.5004,-0.0162,11.52,160.85,0.76,128959.0,0.0,0.2232,0.0566,-0.0015,-0.067,0.4955,-0.0094,1.06
2165,4000,0.702,0.1085,0.1905,0.4223,0.5054,-0.012,11.83,159.64,0.76,129090.0,0.0,0.229,0.0598,-0.0018,-0.0676,0.5055,-0.0134,1.06
2166,4000,0.7035,0.1051,0.1921,0.4259,0.4947,-0.0153,10.88,165.63,0.76,129202.0,0.0,0.2315,0.0592,-0.0017,-0.0676,0.5614,-0.0093,1.06
2167,4000,0.6987,0.108,0.194,0.4346,0.4698,-0.0179,11.0,179.88,0.77,127605.0,0.0,0.2327,0.0616,-0.0017,-0.0707,0.579,-0.0135,1.06
2168,4000,0.6985,0.1094,0.1927,0.4288,0.4778,-0.0173,11.84,168.91,0.76,129955.0,0.0,0.2293,0.0599,-0.0019,-0.0688,0.5233,-0.0139,1.06
2169,4000,0.6993,0.1099,0.1912,0.427,0.4966,-0.0136,11.48,183.46,0.76,129120.0,0.0,0.2279,0.0601,-0.0017,-0.0701,0.5814,-0.0133,1.06
2170,4000,0.704,0.108,0.1885,0.4212,0.5007,-0.0149,10.65,165.35,0.77,128359.0,0.0,0.229,0.0593,-0.0016,-0.0686,0.5666,-0.0125,1.06
2171,4000,0.7057,0.107,0.1876,0.4223,0.5031,-0.0146,10.8,156.77,0.76,129421.0,0.0,0.23,0.0595,-0.0019,-0.0685,0.6644,-0.0135,1.06
2172,4000,0.7098,0.106,0.1845,0.4068,0.4908,-0.0167,10.52,145.79,0.76,129202.0,0.0,0.2199,0.0568,-0.0017,-0.0663,0.5895,-0.0139,1.06
2173,4000,0.7126,0.1058,0.182,0.4149,0.5009,-0.0154,10.24,158.2,0.77,127933.0,0.0,0.226,0.0586,-0.0015,-0.0689,0.5423,-0.0123,1.06
2174,4000,0.7157,0.1076,0.1773,0.3949,0.5372,-0.0105,11.39,157.48,0.76,128959.0,0.0,0.2243,0.0557,-0.0019,-0.0659,0.6508,-0.0116,1.06
2175,4000,0.726,0.1022,0.1727,0.376,0.5226,-0.0164,12.19,161.29,0.76,129686.0,0.0,0.2147,0.0534,-0.0018,-0.0636,0.589,-0.0135,1.06
2176,4000,0.729,0.1034,0.1687,0.3805,0.519,-0.0142,11.06,147.5,0.76,129078.0,0.0,0.2154,0.0552,-0.0016,-0.065,0.553,-0.0128,1.06
2177,4000,0.7298,0.1049,0.1661,0.3885,0.5176,-0.014,11.13,151.18,0.76,129857.0,0.0,0.2162,0.0558,-0.0017,-0.0661,0.6042,-0.0125,1.06
2178,4000,0.7317,0.1061,0.1629,0.3797,0.527,-0.0165,11.47,159.19,0.75,130411.0,0.0,0.2171,0.0539,-0.0017,-0.0657,0.5426,-0.0131,1.06
2179,4000,0.7322,0.1056,0.1626,0.413,0.5112,-0.0124,11.54,155.53,0.76,129652.0,0.0,0.2305,0.0606,-0.0018,-0.0705,0.4928,-0.0146,1.06
2180,4000,0.7295,0.1062,0.1648,0.3912,0.5262,-0.0132,11.31,144.15,0.76,129431.0,0.0,0.2224,0.0581,-0.0017,-0.0681,0.4977,-0.0099,1.06
2181,4000,0.7309,0.1093,0.1605,0.3773,0.5201,-0.0174,11.06,152.0,0.77,127884.0,0.0,0.2143,0.0548,-0.0017,-0.0645,0.5228,-0.0087,1.06
2182,4000,0.7351,0.1092,0.1567,0.3737,0.5369,-0.0144,11.29,154.97,0.76,129568.0,0.0,0.2172,0.0527,-0.0022,-0.0624,0.5764,-0.0124,1.06
2183,4000,0.7385,0.1075,0.1554,0.3818,0.5177,-0.017,11.13,146.54,0.76,129975.0,0.0,0.214,0.0556,-0.0018,-0.066,0.5738,-0.0129,1.06
2184,4000,0.7357,0.1104,0.1551,0.4251,0.4859,-0.0161,10.66,189.87,0.76,129156.0,0.0,0.232,0.062,-0.0021,-0.0726,0.4745,-0.0135,1.06
2185,4000,0.7321,0.1092,0.1602,0.4121,0.5067,-0.0139,11.07,156.63,0.76,129398.0,0.0,0.2269,0.0596,-0.0019,-0.0714,0.5064,-0.0135,1.06
2186,4000,0.7316,0.1075,0.1624,0.4084,0.5036,-0.0146,10.98,159.74,0.76,129809.0,0.0,0.2256,0.0584,-0.0017,-0.0697,0.4561,-0.0125,1.06
2187,4000,0.7274,0.1079,0.1662,0.3859,0.5148,-0.0151,10.74,163.54,0.76,130012.0,0.0,0.2169,0.0558,-0.0018,-0.0689,0.5089,-0.0121,1.06
2188,4000,0.7243,0.1092,0.1682,0.4122,0.4955,-0.0164,11.66,168.18,0.76,129256.0,0.0,0.225,0.0605,-0.0021,-0.0722,0.5518,-0.0118,1.06
2189,4000,0.7234,0.1103,0.1679,0.4202,0.5004,-0.0139,10.8,161.56,0.76,128720.0,0.0,0.2282,0.0612,-0.0019,-0.075,0.4915,-0.0089,1.06
2190,4000,0.7234,0.1095,0.1684,0.434,0.4972,-0.0132,11.22,171.61,0.76,128978.0,0.0,0.2318,0.065,-0.002,-0.077,0.5077,-0.0109,1.06
2191,4000,0.7211,0.1055,0.175,0.4246,0.4867,-0.0122,10.18,182.98,0.78,125831.0,0.0,0.2304,0.0615,-0.0018,-0.0789,0.5133,-0.013,1.06
2192,4000,0.7173,0.1036,0.1806,0.4302,0.4772,-0.0154,11.83,167.44,0.76,128693.0,0.0,0.2257,0.0633,-0.0021,-0.0769,0.5448,-0.0108,1.06
2193,4000,0.7123,0.1084,0.1806,0.4237,0.5014,-0.0151,11.84,174.21,0.76,129825.0,0.0,0.2264,0.0609,-0.0019,-0.0745,0.478,-0.0086,1.06
2194,4000,0.7118,0.1087,0.1809,0.4097,0.5147,-0.0133,10.98,167.84,0.77,127969.0,0.0,0.2249,0.0592,-0.002,-0.074,0.5041,-0.012,1.06
2195,4000,0.7117,0.1067,0.1827,0.422,0.4982,-0.0148,11.41,169.07,0.76,129299.0,0.0,0.2269,0.0603,-0.002,-0.0755,0.502,-0.0134,1.06
2196,4000,0.7098,0.1066,0.1843,0.4263,0.4771,-0.0147,11.14,174.39,0.76,128952.0,0.0,0.2261,0.061,-0.0022,-0.0748,0.5242,-0.0108,1.06
2197,4000,0.7058,0.1097,0.1848,0.4019,0.4957,-0.016,10.45,155.65,0.77,128399.0,0.0,0.2232,0.0574,-0.0021,-0.0747,0.477,-0.0129,1.06
2198,4000,0.705,0.1084,0.1869,0.4405,0.4827,-0.0139,11.33,166.66,0.76,129008.0,0.0,0.2378,0.0631,-0.0021,-0.079,0.5409,-0.0141,1.06
2199,4000,0.7056,0.1039,0.1912,0.4288,0.5039,-0.0134,11.21,168.66,0.76,129579.0,0.0,0.2318,0.0613,-0.002,-0.0766,0.5008,-0.0114,1.06
2200,4000,0.705,0.104,0.1918,0.4093,0.5039,-0.0151,11.19,162.42,0.76,130115.0,0.0,0.2213,0.0586,-0.0019,-0.0712,0.4799,-0.0124,1.06
2201,4000,0.7067,0.1025,0.1915,0.4313,0.5087,-0.0123,12.53,171.37,0.77,128099.0,0.0,0.2345,0.0619,-0.0024,-0.0762,0.4701,-0.0117,1.06
2202,4000,0.7091,0.102,0.1897,0.4217,0.5021,-0.0144,10.6,163.76,0.78,126806.0,0.0,0.2292,0.0622,-0.0019,-0.077,0.5813,-0.0113,1.06
2203,4000,0.7083,0.1037,0.1888,0.4309,0.4837,-0.0159,10.63,164.96,0.76,129577.0,0.0,0.227,0.0631,-0.0018,-0.0758,0.6778,-0.0117,1.06
2204,4000,0.7077,0.1043,0.1887,0.4397,0.4693,-0.0161,10.14,162.24,0.77,128365.0,0.0,0.2343,0.065,-0.002,-0.0814,0.4746,-0.0122,1.06
2205,4000,0.7013,0.1088,0.1905,0.398,0.4844,-0.0181,9.62,145.21,0.76,129302.0,0.0,0.2107,0.0586,-0.0021,-0.0743,0.4801,-0.0131,1.06
2206,4000,0.7017,0.1104,0.1886,0.3973,0.5106,-0.0143,10.79,175.87,0.76,128938.0,0.0,0.219,0.058,-0.002,-0.0747,0.5021,-0.0137,1.06
2207,4000,0.7062,0.1091,0.1854,0.4001,0.5094,-0.0149,10.65,160.76,0.76,129806.0,0.0,0.2204,0.0579,-0.002,-0.0732,0.4827,-0.011,1.06
2208,4000,0.7141,0.1053,0.1811,0.4119,0.5389,-0.0111,12.18,169.27,0.75,130217.0,0.0,0.2318,0.059,-0.002,-0.0743,0.5506,-0.0119,1.06
2209,4000,0.7161,0.1021,0.1823,0.4257,0.5016,-0.0128,11.21,153.16,0.76,129462.0,0.0,0.2316,0.0616,-0.0019,-0.0771,0.5624,-0.0136,1.06
2210,4000,0.7206,0.1005,0.1793,0.4054,0.5347,-0.0112,10.5,148.45,0.77,127707.0,0.0,0.2331,0.0578,-0.0017,-0.0752,0.5456,-0.0119,1.06
2211,4000,0.7234,0.0988,0.1785,0.4364,0.5032,-0.0141,11.51,155.07,0.76,130130.0,0.0,0.2343,0.065,-0.002,-0.0773,0.5665,-0.0109,1.06
2212,4000,0.7277,0.0992,0.1738,0.4062,0.5071,-0.0129,11.4,170.66,0.76,129635.0,0.0,0.2225,0.0594,-0.0018,-0.0768,0.5378,-0.0127,1.06
2213,4000,0.7267,0.0992,0.175,0.4095,0.5006,-0.0145,10.68,139.48,0.75,130305.0,0.0,0.2255,0.0596,-0.0019,-0.0764,0.5685,-0.0138,1.06
2214,4000,0.7229,0.102,0.1758,0.3944,0.4982,-0.0165,10.72,141.66,0.75,130471.0,0.0,0.2212,0.058,-0.0017,-0.074,0.4482,-0.0121,1.06
2215,4000,0.726,0.1012,0.1731,0.4039,0.5359,-0.0109,11.14,166.51,0.76,128838.0,0.0,0.2259,0.0597,-0.0019,-0.0768,0.5195,-0.0126,1.06
2216,4000,0.7311,0.0986,0.1705,0.4073,0.5272,-0.0132,10.57,147.32,0.75,130301.0,0.0,0.2272,0.0585,-0.0018,-0.0742,0.549,-0.0125,1.06
2217,4000,0.7349,0.0982,0.167,0.3935,0.5133,-0.0157,11.55,154.33,0.76,128989.0,0.0,0.2153,0.0573,-0.0018,-0.0741,0.4822,-0.0141,1.07
2218,4000,0.7398,0.0967,0.1635,0.3997,0.5012,-0.0165,10.09,158.5,0.75,130626.0,0.0,0.2198,0.0585,-0.0017,-0.0759,0.5351,-0.0128,1.07
2219,4000,0.7372,0.0991,0.1638,0.3914,0.5226,-0.0149,10.92,156.2,0.76,129510.0,0.0,0.219,0.0566,-0.0021,-0.0711,0.511,-0.0129,1.07
2220,4000,0.738,0.1002,0.1621,0.3952,0.5039,-0.0169,10.48,158.72,0.76,129387.0,0.0,0.2182,0.0571,-0.0019,-0.0726,0.5247,-0.0137,1.07
2221,4000,0.7336,0.1037,0.1629,0.399,0.5104,-0.0146,10.93,152.93,0.77,127937.0,0.0,0.2203,0.0583,-0.002,-0.0732,0.499,-0.0123,1.07
2222,4000,0.7335,0.1054,0.1613,0.4068,0.505,-0.016,9.39,157.77,0.76,129524.0,0.0,0.2258,0.0572,-0.002,-0.0734,0.5127,-0.0131,1.07
2223,4000,0.7257,0.1071,0.1674,0.4193,0.5013,-0.0145,10.81,161.46,0.77,127894.0,0.0,0.2339,0.058,-0.0019,-0.0727,0.4877,-0.0124,1.07
2224,4000,0.7176,0.1086,0.1738,0.4206,0.4961,-0.015,11.35,160.2,0.75,130325.0,0.0,0.2314,0.0608,-0.0021,-0.0767,0.5472,-0.011,1.07
2225,4000,0.7144,0.1124,0.1732,0.3995,0.5112,-0.0165,11.09,172.57,0.76,130131.0,0.0,0.2238,0.057,-0.0021,-0.0735,0.5809,-0.0112,1.07
2226,4000,0.7107,0.1145,0.1749,0.4095,0.484,-0.017,11.7,177.84,0.76,129320.0,0.0,0.2227,0.0591,-0.002,-0.0765,0.5084,-0.0122,1.07
2227,4000,0.7099,0.1171,0.173,0.3858,0.4988,-0.017,10.11,156.42,0.75,130365.0,0.0,0.2136,0.0545,-0.0019,-0.0724,0.4947,-0.0129,1.07
2228,4000,0.716,0.1153,0.1687,0.4018,0.5276,-0.0109,11.31,146.52,0.76,128920.0,0.0,0.2234,0.0557,-0.0018,-0.0765,0.4332,-0.0138,1.07
2229,4000,0.7219,0.1124,0.1657,0.4071,0.5204,-0.0135,11.12,166.27,0.76,129546.0,0.0,0.2229,0.0574,-0.002,-0.0736,0.4999,-0.0131,1.07
2230,4000,0.7243,0.1103,0.1654,0.4148,0.5142,-0.0133,10.54,157.47,0.76,129183.0,0.0,0.2326,0.0597,-0.0018,-0.0754,0.476,-0.014,1.07
2231,4000,0.7185,0.1116,0.1701,0.4331,0.487,-0.0148,11.62,179.83,0.76,129791.0,0.0,0.2318,0.0614,-0.002,-0.0809,0.5426,-0.0107,1.07
2232,4000,0.7177,0.1104,0.1723,0.399,0.51,-0.0155,10.87,164.57,0.76,129451.0,0.0,0.2215,0.0559,-0.0019,-0.0722,0.504,-0.009,1.07
2233,4000,0.7131,0.1124,0.175,0.4265,0.4799,-0.0161,11.15,172.14,0.76,129147.0,0.0,0.2295,0.0612,-0.0023,-0.0799,0.5209,-0.0117,1.07
2234,4000,0.7162,0.1124,0.1719,0.4116,0.5046,-0.0154,11.09,162.44,0.75,130305.0,0.0,0.2268,0.0591,-0.002,-0.075,0.5302,-0.0125,1.07
2235,4000,0.7142,0.1107,0.1755,0.4368,0.4775,-0.0142,11.08,170.18,0.76,129548.0,0.0,0.2286,0.064,-0.0019,-0.0828,0.523,-0.0136,1.07
2236,4000,0.708,0.1097,0.1828,0.424,0.4965,-0.0136,10.68,176.11,0.76,129444.0,0.0,0.2289,0.0609,-0.0018,-0.0787,0.5515,-0.0129,1.07
2237,4000,0.7051,0.1104,0.1853,0.4278,0.4754,-0.015,11.03,176.86,0.75,130325.0,0.0,0.2295,0.0629,-0.0022,-0.0824,0.4907,-0.0119,1.07
2238,4000,0.7054,0.1081,0.1873,0.4037,0.5149,-0.0134,11.17,156.92,0.76,128869.0,0.0,0.2261,0.0567,-0.002,-0.0728,0.5314,-0.0113,1.07
2239,4000,0.7057,0.1086,0.1867,0.42,0.4865,-0.015,10.06,158.28,0.76,129876.0,0.0,0.2276,0.0605,-0.0018,-0.0767,0.5356,-0.0133,1.07
2240,4000,0.7126,0.1084,0.1799,0.3981,0.4996,-0.0162,11.06,170.76,0.76,128933.0,0.0,0.2172,0.0578,-0.0021,-0.0764,0.496,-0.0138,1.07
2241,4000,0.7151,0.1071,0.1785,0.4195,0.5012,-0.0138,11.1,160.64,0.75,130233.0,0.0,0.2319,0.0604,-0.0023,-0.0783,0.4824,-0.012,1.07
2242,4000,0.7179,0.1056,0.1773,0.4085,0.5225,-0.0129,10.75,139.9,0.77,127481.0,0.0,0.2293,0.0579,-0.0018,-0.0749,0.5593,-0.0142,1.07
2243,4000,0.7252,0.1027,0.1728,0.4097,0.5278,-0.0128,12.44,156.11,0.76,129472.0,0.0,0.2302,0.0586,-0.0021,-0.0745,0.5345,-0.0129,1.07
2244,4000,0.7272,0.1001,0.1732,0.4053,0.5194,-0.0121,10.32,157.33,0.76,129722.0,0.0,0.2252,0.0582,-0.0017,-0.0743,0.5277,-0.0141,1.07
2245,4000,0.7265,0.0984,0.1755,0.4069,0.5132,-0.0137,11.19,160.16,0.77,128446.0,0.0,0.2297,0.0594,-0.0018,-0.0749,0.494,-0.0126,1.07
2246,4000,0.7255,0.0985,0.1762,0.4183,0.4974,-0.014,11.8,185.4,0.76,130095.0,0.0,0.2259,0.0602,-0.0018,-0.0778,0.5139,-0.0137,1.07
2247,4000,0.7247,0.0986,0.1767,0.4297,0.5148,-0.0124,11.62,153.97,0.76,128671.0,0.0,0.2377,0.062,-0.0021,-0.0816,0.4983,-0.0137,1.07
2248,4000,0.7253,0.0981,0.1767,0.4239,0.5223,-0.0104,12.26,160.82,0.75,130531.0,0.0,0.2354,0.0611,-0.0021,-0.0802,0.4599,-0.0141,1.07
2249,4000,0.7287,0.0967,0.175,0.4125,0.5306,-0.0124,12.09,170.15,0.76,129497.0,0.0,0.2309,0.0591,-0.002,-0.0795,0.5355,-0.0107,1.07
2250,4000,0.7266,0.0946,0.1793,0.4542,0.4926,-0.0121,11.03,175.19,0.75,130825.0,0.0,0.2397,0.0663,-0.002,-0.0844,0.5252,-0.013,1.07
2251,4000,0.7272,0.0949,0.1784,0.3957,0.5292,-0.0137,11.99,164.09,0.75,130568.0,0.0,0.225,0.0565,-0.0019,-0.077,0.4897,-0.014,1.07
2252,4000,0.728,0.094,0.1784,0.4313,0.5032,-0.0127,12.45,184.26,0.76,128756.0,0.0,0.2386,0.0622,-0.0023,-0.0786,0.4812,-0.013,1.07
2253,4000,0.73,0.0958,0.1747,0.3984,0.5092,-0.0156,10.76,153.54,0.75,130590.0,0.0,0.2258,0.0559,-0.0017,-0.0715,0.4879,-0.0139,1.07
2254,4000,0.7297,0.0962,0.1746,0.4374,0.5058,-0.012,11.11,168.27,0.75,130336.0,0.0,0.2372,0.0645,-0.002,-0.0831,0.4704,-0.0127,1.07
2255,4000,0.7293,0.0945,0.1769,0.4313,0.4984,-0.0131,10.79,173.8,0.76,129659.0,0.0,0.2298,0.0636,-0.0021,-0.0832,0.5025,-0.0133,1.07
2256,4000,0.729,0.0945,0.1772,0.4126,0.522,-0.013,10.91,153.76,0.76,129694.0,0.0,0.231,0.0587,-0.0019,-0.0777,0.508,-0.013,1.07
2257,4000,0.7294,0.0947,0.1766,0.3979,0.5128,-0.0148,10.25,148.17,0.76,129074.0,0.0,0.2237,0.0563,-0.002,-0.0741,0.4884,-0.0137,1.07
2258,4000,0.7255,0.0975,0.1775,0.4214,0.4976,-0.014,11.47,169.33,0.76,129235.0,0.0,0.2305,0.0612,-0.0019,-0.0785,0.5342,-0.0128,1.07
2259,4000,0.7243,0.1002,0.176,0.4188,0.5236,-0.0134,11.4,175.45,0.76,130147.0,0.0,0.2373,0.0596,-0.0021,-0.0732,0.494,-0.0146,1.07
2260,4000,0.7236,0.1025,0.1745,0.4175,0.4952,-0.017,10.81,159.92,0.76,129626.0,0.0,0.2342,0.0598,-0.0018,-0.0771,0.5747,-0.0135,1.07
2261,4000,0.7199,0.1048,0.1761,0.429,0.5083,-0.0133,11.4,155.81,0.75,130517.0,0.0,0.2366,0.0606,-0.0016,-0.0799,0.5532,-0.0123,1.07
2262,4000,0.7223,0.1035,0.175,0.3993,0.5208,-0.0136,11.79,161.81,0.75,131113.0,0.0,0.2283,0.056,-0.0019,-0.0726,0.5092,-0.0138,1.07
2263,4000,0.7216,0.1027,0.1764,0.4023,0.5017,-0.0165,10.01,148.4,0.75,130491.0,0.0,0.2238,0.0567,-0.002,-0.0745,0.5051,-0.0111,1.08
2264,4000,0.7231,0.1024,0.1748,0.4184,0.505,-0.0135,9.98,154.56,0.75,130385.0,0.0,0.2283,0.0593,-0.0022,-0.0773,0.5544,-0.0114,1.08
2265,4000,0.7259,0.1026,0.1718,0.3968,0.5214,-0.0144,10.98,150.89,0.75,130470.0,0.0,0.2266,0.0566,-0.0016,-0.0746,0.5007,-0.0141,1.08
2266,4000,0.7289,0.1018,0.1697,0.4117,0.5209,-0.0127,11.16,165.7,0.75,130796.0,0.0,0.2307,0.0578,-0.0022,-0.0768,0.5463,-0.013,1.08
2267,4000,0.7289,0.1049,0.1665,0.3991,0.524,-0.0152,11.36,152.29,0.76,130147.0,0.0,0.2304,0.0568,-0.0019,-0.074,0.598,-0.0146,1.08
2268,4000,0.732,0.1063,0.1619,0.3932,0.5108,-0.0161,11.37,158.84,0.76,130012.0,0.0,0.2251,0.0545,-0.0018,-0.0704,0.5493,-0.0094,1.08
2269,4000,0.7402,0.1013,0.1589,0.3955,0.5436,-0.011,10.97,162.44,0.76,129246.0,0.0,0.2349,0.0551,-0.0017,-0.0716,0.5805,-0.0093,1.08
2270,4000,0.7478,0.097,0.1557,0.386,0.5215,-0.0148,10.45,142.54,0.75,130507.0,0.0,0.226,0.0544,-0.0017,-0.0726,0.5207,-0.0134,1.08
2271,4000,0.7435,0.0989,0.158,0.3908,0.5057,-0.015,10.74,155.86,0.76,129944.0,0.0,0.2228,0.0549,-0.0017,-0.0769,0.5551,-0.0122,1.08
2272,4000,0.7393,0.1055,0.1557,0.3664,0.5189,-0.0169,10.83,143.11,0.75,131358.0,0.0,0.2153,0.0513,-0.0019,-0.0711,0.6028,-0.0144,1.08
2273,4000,0.7434,0.1072,0.1499,0.3904,0.5189,-0.0154,11.69,163.91,0.75,131143.0,0.0,0.2261,0.0551,-0.0016,-0.0747,0.5073,-0.0142,1.08
2274,4000,0.7471,0.1062,0.1473,0.3882,0.5295,-0.0136,11.29,145.68,0.75,130861.0,0.0,0.2279,0.0544,-0.002,-0.073,0.5432,-0.0113,1.08
2275,4000,0.7487,0.1062,0.1459,0.3757,0.5489,-0.0122,10.9,143.1,0.77,128249.0,0.0,0.2212,0.0517,-0.0018,-0.0709,0.5744,-0.009,1.08
2276,4000,0.7509,0.1051,0.1445,0.3734,0.5234,-0.0154,10.7,142.72,0.75,130682.0,0.0,0.2261,0.0516,-0.0016,-0.0712,0.5798,-0.0135,1.08
2277,4000,0.7488,0.1054,0.1464,0.3769,0.5302,-0.0154,11.47,156.44,0.75,131497.0,0.0,0.2247,0.0525,-0.0018,-0.073,0.5584,-0.0124,1.08
2278,4000,0.7478,0.1094,0.1433,0.3803,0.5356,-0.0148,11.17,140.52,0.77,127851.0,0.0,0.2213,0.0539,-0.0018,-0.0739,0.5294,-0.0139,1.08
2279,4000,0.7494,0.1091,0.142,0.4018,0.521,-0.0127,11.85,172.03,0.76,129516.0,0.0,0.2314,0.0556,-0.0015,-0.0765,0.5334,-0.0135,1.08
2280,4000,0.7501,0.1095,0.1408,0.365,0.5202,-0.0165,10.59,145.97,0.75,130853.0,0.0,0.2184,0.0504,-0.0016,-0.0681,0.5344,-0.0125,1.08
2281,4000,0.7555,0.1073,0.1377,0.3896,0.5503,-0.0114,10.78,158.83,0.75,130483.0,0.0,0.2282,0.0551,-0.0018,-0.075,0.5384,-0.0127,1.08
2282,4000,0.7581,0.1047,0.1377,0.3821,0.5408,-0.0123,11.7,161.98,0.75,130383.0,0.0,0.2275,0.0528,-0.0016,-0.073,0.5161,-0.0141,1.08
2283,4000,0.7581,0.1042,0.1384,0.3823,0.5418,-0.0129,11.87,158.95,0.75,131134.0,0.0,0.2256,0.0535,-0.002,-0.0716,0.444,-0.0141,1.08
2284,4000,0.7585,0.1029,0.1391,0.3901,0.5197,-0.0153,11.03,163.36,0.76,130187.0,0.0,0.2275,0.0537,-0.0015,-0.0743,0.502,-0.0144,1.08
2285,4000,0.7586,0.1016,0.14,0.3688,0.5324,-0.0153,11.08,133.93,0.75,130558.0,0.0,0.2191,0.0509,-0.0017,-0.0685,0.5369,-0.0136,1.08
2286,4000,0.7589,0.1037,0.1376,0.4125,0.5336,-0.0135,11.34,166.1,0.75,131294.0,0.0,0.238,0.0562,-0.002,-0.0743,0.5063,-0.0137,1.08
2287,4000,0.7599,0.1039,0.1364,0.4119,0.5302,-0.0126,10.94,156.59,0.75,130847.0,0.0,0.239,0.0565,-0.002,-0.0748,0.4968,-0.0123,1.08
2288,4000,0.76,0.1016,0.1387,0.3948,0.5621,-0.0097,11.72,145.44,0.75,130720.0,0.0,0.2356,0.0539,-0.0017,-0.0708,0.521,-0.0117,1.08
2289,4000,0.7664,0.0992,0.1349,0.3593,0.5423,-0.0155,11.04,131.7,0.75,130285.0,0.0,0.2173,0.0489,-0.0016,-0.0664,0.5298,-0.0138,1.08
2290,4000,0.767,0.1,0.1335,0.3757,0.5254,-0.0162,9.62,141.41,0.75,130968.0,0.0,0.2224,0.0509,-0.0016,-0.0691,0.6132,-0.0132,1.08
2291,4000,0.7635,0.0994,0.1375,0.4046,0.5215,-0.0139,10.87,144.55,0.75,130825.0,0.0,0.2326,0.0551,-0.0016,-0.076,0.5213,-0.0119,1.08
2292,4000,0.7584,0.1037,0.1383,0.3869,0.5255,-0.017,11.07,156.76,0.75,130626.0,0.0,0.2291,0.0527,-0.0016,-0.0692,0.5809,-0.0131,1.08
2293,4000,0.757,0.1048,0.1387,0.3834,0.5356,-0.014,11.0,149.53,0.75,130992.0,0.0,0.2309,0.0519,-0.0015,-0.0693,0.5693,-0.0141,1.08
2294,4000,0.7543,0.1067,0.1396,0.3706,0.5267,-0.0153,11.44,165.88,0.75,130627.0,0.0,0.2193,0.05,-0.0015,-0.0679,0.4822,-0.0128,1.08
2295,4000,0.755,0.1056,0.1401,0.3941,0.5261,-0.0146,10.83,147.6,0.75,130558.0,0.0,0.2263,0.0537,-0.0018,-0.0742,0.506,-0.0122,1.08
2296,4000,0.7605,0.1034,0.1368,0.3714,0.5326,-0.0162,10.29,147.0,0.75,131308.0,0.0,0.2208,0.0507,-0.0017,-0.0692,0.5572,-0.0115,1.08
2297,4000,0.762,0.1056,0.1332,0.3763,0.544,-0.015,9.51,128.18,0.76,129497.0,0.0,0.2218,0.0507,-0.0015,-0.0705,0.5693,-0.0132,1.08
2298,4000,0.7648,0.103,0.1326,0.4015,0.5344,-0.0104,11.15,152.51,0.75,131137.0,0.0,0.229,0.0546,-0.0018,-0.076,0.4405,-0.0147,1.08
2299,4000,0.7674,0.0978,0.1353,0.3792,0.5353,-0.0142,10.84,141.18,0.74,132051.0,0.0,0.2221,0.0525,-0.0016,-0.0724,0.5264,-0.0144,1.08
2300,4000,0.7682,0.0981,0.1343,0.3716,0.5426,-0.014,10.51,137.51,0.75,131745.0,0.0,0.22,0.0511,-0.0016,-0.0709,0.5539,-0.012,1.08
2301,4000,0.7728,0.0985,0.1295,0.3709,0.5412,-0.0152,10.14,148.72,0.75,131082.0,0.0,0.223,0.0508,-0.0019,-0.0697,0.4881,-0.0089,1.08
2302,4000,0.7744,0.0995,0.1266,0.3883,0.5294,-0.0142,11.37,156.22,0.75,131324.0,0.0,0.2286,0.0531,-0.0017,-0.0718,0.5179,-0.0126,1.08
2303,4000,0.7728,0.1019,0.1256,0.3578,0.5391,-0.0163,10.8,142.34,0.75,130748.0,0.0,0.2199,0.0488,-0.0016,-0.0658,0.5825,-0.0091,1.08
2304,4000,0.7735,0.105,0.1216,0.3742,0.5401,-0.0139,11.3,159.49,0.75,131369.0,0.0,0.2225,0.0507,-0.0016,-0.0682,0.4676,-0.0137,1.08
2305,4000,0.775,0.1032,0.1218,0.3784,0.5536,-0.013,11.15,140.79,0.75,131387.0,0.0,0.224,0.0523,-0.0015,-0.0694,0.53,-0.0149,1.08
2306,4000,0.778,0.1011,0.121,0.3738,0.5394,-0.0147,10.85,158.35,0.75,131538.0,0.0,0.2221,0.0524,-0.0015,-0.0696,0.5291,-0.0147,1.08
2307,4000,0.7795,0.1009,0.1198,0.3617,0.5443,-0.0141,11.33,149.24,0.75,130889.0,0.0,0.2198,0.0493,-0.0017,-0.0682,0.5646,-0.0144,1.08
2308,4000,0.7822,0.102,0.116,0.3491,0.5293,-0.0192,10.16,135.54,0.75,130869.0,0.0,0.2144,0.0478,-0.0015,-0.0656,0.5609,-0.0148,1.09
2309,4000,0.7789,0.1087,0.1126,0.3532,0.541,-0.0169,10.68,130.8,0.75,131312.0,0.0,0.2167,0.0485,-0.0015,-0.0665,0.5003,-0.0143,1.09
2310,4000,0.7808,0.1097,0.1098,0.3493,0.5468,-0.0163,11.5,149.52,0.75,130782.0,0.0,0.2121,0.0474,-0.0014,-0.0642,0.5185,-0.0147,1.09
2311,4000,0.7828,0.1103,0.1072,0.3695,0.5453,-0.0152,11.2,139.2,0.75,131072.0,0.0,0.2251,0.0499,-0.0016,-0.0676,0.5119,-0.0136,1.09
2312,4000,0.7838,0.1096,0.1071,0.3823,0.5355,-0.015,10.9,159.65,0.75,130360.0,0.0,0.2252,0.0526,-0.0016,-0.0703,0.5551,-0.0143,1.09
2313,4000,0.7819,0.1081,0.1107,0.3706,0.5345,-0.0152,10.72,155.5,0.76,129664.0,0.0,0.2213,0.051,-0.0015,-0.0684,0.4896,-0.0142,1.09
2314,4000,0.7786,0.1075,0.1145,0.3879,0.5562,-0.0117,11.14,152.7,0.75,130339.0,0.0,0.2339,0.053,-0.0015,-0.0727,0.4893,-0.0143,1.09
2315,4000,0.7777,0.1064,0.1161,0.3596,0.5389,-0.0165,10.46,139.2,0.76,129377.0,0.0,0.213,0.0505,-0.0018,-0.0654,0.4895,-0.0112,1.09
2316,4000,0.7762,0.1055,0.1183,0.3841,0.5297,-0.0151,11.44,159.09,0.75,130674.0,0.0,0.2278,0.0532,-0.0018,-0.071,0.4602,-0.0136,1.09
2317,4000,0.7818,0.102,0.1165,0.394,0.5495,-0.0124,11.14,146.63,0.75,130813.0,0.0,0.2301,0.0545,-0.0017,-0.0713,0.5192,-0.0123,1.09
2318,4000,0.7806,0.1033,0.1168,0.3743,0.5325,-0.0154,11.42,138.99,0.76,129881.0,0.0,0.2232,0.0516,-0.0016,-0.0695,0.5428,-0.0091,1.09
2319,4000,0.7766,0.1043,0.12,0.382,0.5218,-0.0163,11.11,155.16,0.75,131148.0,0.0,0.2247,0.0517,-0.0016,-0.0681,0.4983,-0.0108,1.09
2320,4000,0.7685,0.1075,0.1253,0.3819,0.5395,-0.0133,11.16,144.01,0.76,129587.0,0.0,0.2278,0.0528,-0.0016,-0.071,0.4917,-0.0096,1.09
2321,4000,0.7657,0.1085,0.127,0.3869,0.535,-0.0149,11.77,168.95,0.76,129611.0,0.0,0.2267,0.054,-0.0017,-0.0712,0.6061,-0.0125,1.09
2322,4000,0.7662,0.1067,0.1283,0.3964,0.5054,-0.0173,11.16,163.56,0.76,129448.0,0.0,0.2308,0.0544,-0.0013,-0.0723,0.505,-0.0138,1.09
2323,4000,0.763,0.1083,0.1297,0.405,0.5309,-0.0135,10.86,148.14,0.76,128713.0,0.0,0.2381,0.0558,-0.0016,-0.0725,0.4963,-0.0126,1.09
2324,4000,0.7642,0.1078,0.129,0.4059,0.5345,-0.0122,11.03,162.02,0.75,131137.0,0.0,0.236,0.0569,-0.0016,-0.0749,0.5464,-0.0141,1.09
2325,4000,0.7611,0.1098,0.1301,0.3733,0.5323,-0.0187,10.79,149.23,0.75,130728.0,0.0,0.2227,0.0497,-0.0016,-0.0655,0.5564,-0.0124,1.09
2326,4000,0.7589,0.1131,0.129,0.3778,0.5311,-0.0163,10.09,130.72,0.75,130973.0,0.0,0.2259,0.0515,-0.0017,-0.0689,0.5472,-0.0145,1.09
2327,4000,0.7628,0.1147,0.1233,0.369,0.5606,-0.0142,12.24,166.56,0.75,130451.0,0.0,0.2228,0.0501,-0.0017,-0.0638,0.5452,-0.0139,1.09
2328,4000,0.7647,0.1155,0.1203,0.3709,0.5365,-0.0159,10.08,126.13,0.75,130682.0,0.0,0.2201,0.051,-0.0016,-0.0668,0.5435,-0.0136,1.09
2329,4000,0.7631,0.1146,0.1227,0.3943,0.5341,-0.0135,10.94,155.28,0.76,129929.0,0.0,0.2342,0.0539,-0.002,-0.0686,0.5632,-0.0146,1.09
2330,4000,0.7651,0.1149,0.1206,0.3632,0.5416,-0.0162,11.38,164.51,0.76,129632.0,0.0,0.2206,0.0495,-0.0017,-0.0641,0.4948,-0.0129,1.09
2331,4000,0.7677,0.1138,0.1192,0.3744,0.5543,-0.0134,10.95,141.49,0.75,130911.0,0.0,0.2239,0.0507,-0.0014,-0.0638,0.5314,-0.0139,1.09
2332,4000,0.7676,0.1125,0.1204,0.403,0.5225,-0.0156,11.69,147.77,0.76,130005.0,0.0,0.2351,0.0544,-0.0013,-0.0685,0.539,-0.0135,1.09
2333,4000,0.7674,0.1137,0.1197,0.4007,0.5204,-0.0159,11.24,158.78,0.76,130194.0,0.0,0.2349,0.0546,-0.0017,-0.0694,0.4864,-0.009,1.09
2334,4000,0.7683,0.1119,0.1208,0.379,0.5661,-0.012,11.21,142.85,0.76,129931.0,0.0,0.2298,0.0517,-0.0016,-0.0654,0.5865,-0.0146,1.09
2335,4000,0.7708,0.1096,0.1204,0.3668,0.5211,-0.0197,10.32,156.84,0.76,130022.0,0.0,0.2156,0.0499,-0.0018,-0.0628,0.5094,-0.0114,1.09
2336,4000,0.7698,0.1112,0.1198,0.37,0.5421,-0.0157,11.86,152.65,0.75,130545.0,0.0,0.2227,0.0513,-0.0018,-0.0643,0.551,-0.0135,1.09
2337,4000,0.7702,0.1126,0.118,0.3865,0.5325,-0.0173,10.29,149.67,0.76,129948.0,0.0,0.2294,0.0528,-0.0017,-0.0661,0.6474,-0.0115,1.09
2338,4000,0.7705,0.1143,0.1158,0.3792,0.541,-0.0174,11.2,152.25,0.76,128721.0,0.0,0.2246,0.0524,-0.0023,-0.067,0.5439,-0.0091,1.09
2339,4000,0.7725,0.1154,0.1127,0.3882,0.5426,-0.0138,11.45,147.97,0.76,129234.0,0.0,0.229,0.0528,-0.0017,-0.0654,0.5636,-0.0133,1.09
2340,4000,0.7771,0.1115,0.1121,0.3689,0.5436,-0.0144,11.41,176.11,0.76,129359.0,0.0,0.2226,0.0507,-0.0016,-0.0644,0.5257,-0.014,1.09
2341,4000,0.7781,0.1085,0.1144,0.388,0.5329,-0.0168,11.13,139.4,0.75,130996.0,0.0,0.2295,0.0538,-0.0016,-0.0674,0.5627,-0.0134,1.09
2342,4000,0.7773,0.1112,0.1125,0.3704,0.558,-0.0147,11.45,154.39,0.76,129476.0,0.0,0.2278,0.05,-0.0017,-0.0636,0.545,-0.0136,1.09
2343,4000,0.7775,0.1131,0.1105,0.3667,0.5538,-0.0149,12.2,142.1,0.76,130168.0,0.0,0.2202,0.0504,-0.0017,-0.0638,0.4918,-0.0135,1.09
2344,4000,0.7832,0.1091,0.1089,0.3567,0.5595,-0.0141,9.98,124.85,0.75,130798.0,0.0,0.2191,0.0488,-0.0014,-0.0624,0.5221,-0.0139,1.1
2345,4000,0.7841,0.1071,0.1099,0.3694,0.5447,-0.0151,10.96,145.03,0.75,131092.0,0.0,0.2205,0.0501,-0.0017,-0.064,0.5283,-0.0116,1.09
2346,4000,0.7851,0.1049,0.1109,0.3802,0.5332,-0.0136,10.75,163.86,0.75,131472.0,0.0,0.2254,0.0527,-0.0018,-0.0684,0.5075,-0.0132,1.09
2347,4000,0.7845,0.103,0.1133,0.3666,0.5387,-0.0154,10.99,139.86,0.75,131056.0,0.0,0.221,0.0512,-0.0016,-0.0657,0.5051,-0.0141,1.09
2348,4000,0.7831,0.1026,0.1152,0.3832,0.5355,-0.015,10.84,150.35,0.76,130068.0,0.0,0.2247,0.0533,-0.0016,-0.07,0.5183,-0.0131,1.09
2349,4000,0.7827,0.1055,0.1127,0.3758,0.5405,-0.0157,11.79,153.8,0.75,130490.0,0.0,0.2244,0.0519,-0.0016,-0.0677,0.5512,-0.0144,1.09
2350,4000,0.783,0.1068,0.1114,0.3744,0.5456,-0.0161,11.54,145.25,0.75,130944.0,0.0,0.2253,0.0514,-0.0018,-0.0669,0.4768,-0.0123,1.09
2351,4000,0.7802,0.1081,0.1131,0.3983,0.5426,-0.0118,12.18,163.77,0.75,130583.0,0.0,0.2372,0.0533,-0.0015,-0.0674,0.529,-0.0143,1.09
2352,4000,0.7798,0.1074,0.1141,0.3756,0.5498,-0.0151,12.08,163.75,0.76,129057.0,0.0,0.2272,0.0508,-0.002,-0.0657,0.4857,-0.0121,1.09
2353,4000,0.7822,0.1064,0.1126,0.3851,0.533,-0.0149,11.13,161.52,0.75,131148.0,0.0,0.2262,0.0526,-0.0015,-0.0689,0.5309,-0.0128,1.09
2354,4000,0.7761,0.1078,0.1171,0.3892,0.5326,-0.0146,11.46,138.53,0.76,129712.0,0.0,0.2317,0.0539,-0.0018,-0.071,0.5813,-0.0144,1.09
2355,4000,0.7732,0.1084,0.1193,0.3898,0.5377,-0.0146,11.79,159.66,0.75,130885.0,0.0,0.229,0.0536,-0.0015,-0.0697,0.4655,-0.0136,1.09
2356,4000,0.7721,0.1088,0.12,0.3807,0.5397,-0.0154,11.15,148.43,0.75,131321.0,0.0,0.2273,0.0509,-0.0015,-0.0658,0.5143,-0.0139,1.09
2357,4000,0.7703,0.1111,0.1196,0.3708,0.5463,-0.0149,10.82,135.15,0.76,129448.0,0.0,0.2247,0.05,-0.0016,-0.065,0.5371,-0.0132,1.09
2358,4000,0.7718,0.1112,0.1178,0.3999,0.5554,-0.0127,11.17,150.8,0.77,127272.0,0.0,0.2383,0.0547,-0.002,-0.0723,0.4822,-0.0121,1.09
2359,4000,0.7743,0.1072,0.1193,0.3946,0.5453,-0.0131,11.07,146.07,0.75,131615.0,0.0,0.2306,0.0538,-0.0016,-0.0708,0.6061,-0.0139,1.09
2360,4000,0.7736,0.1071,0.1202,0.3707,0.5506,-0.0136,11.79,149.48,0.75,130993.0,0.0,0.2242,0.0489,-0.0016,-0.0625,0.5252,-0.0125,1.09
2361,4000,0.7759,0.1042,0.1208,0.37,0.5409,-0.015,10.79,149.59,0.75,131536.0,0.0,0.221,0.0506,-0.0017,-0.066,0.5145,-0.0142,1.09
2362,4000,0.7805,0.1024,0.1181,0.3616,0.5666,-0.0129,11.02,152.86,0.75,130387.0,0.0,0.2235,0.0483,-0.0019,-0.0613,0.5094,-0.015,1.09
2363,4000,0.7825,0.1039,0.1146,0.3635,0.539,-0.0178,10.11,143.6,0.75,130958.0,0.0,0.2191,0.0487,-0.0015,-0.0638,0.5491,-0.014,1.09
2364,4000,0.7841,0.1043,0.1129,0.3752,0.5471,-0.0149,11.75,167.28,0.75,130401.0,0.0,0.227,0.0501,-0.0016,-0.0663,0.5825,-0.014,1.09
2365,4000,0.7845,0.1048,0.1118,0.3883,0.5296,-0.0161,11.16,142.51,0.76,129801.0,0.0,0.2294,0.0531,-0.0015,-0.0698,0.5366,-0.0141,1.09
2366,4000,0.7802,0.1059,0.1149,0.3853,0.5106,-0.0168,11.78,158.67,0.75,130438.0,0.0,0.2239,0.0525,-0.0014,-0.0668,0.5292,-0.0117,1.09
2367,4000,0.7757,0.1098,0.1155,0.3696,0.5647,-0.0142,11.98,159.87,0.77,127051.0,0.0,0.2247,0.0499,-0.0016,-0.0639,0.5862,-0.0135,1.09
2368,4000,0.7797,0.1063,0.1146,0.3885,0.5576,-0.013,11.29,162.27,0.77,128397.0,0.0,0.2318,0.0518,-0.0015,-0.0671,0.5641,-0.0143,1.09
2369,4000,0.7796,0.1061,0.115,0.3696,0.5297,-0.0184,9.98,133.43,0.75,130750.0,0.0,0.2188,0.0494,-0.0018,-0.0643,0.6467,-0.0133,1.09
2370,4000,0.7804,0.1107,0.1095,0.368,0.5559,-0.0158,10.83,141.86,0.76,129892.0,0.0,0.2195,0.0502,-0.0018,-0.0676,0.5332,-0.0151,1.09
2371,4000,0.7809,0.11,0.1097,0.3785,0.5418,-0.0154,11.27,152.79,0.76,130202.0,0.0,0.2243,0.05,-0.0018,-0.0655,0.5796,-0.0134,1.09
2372,4000,0.7779,0.1129,0.1097,0.3668,0.5277,-0.0178,10.0,138.63,0.76,129459.0,0.0,0.2153,0.0495,-0.0016,-0.064,0.5416,-0.0125,1.09
2373,4000,0.7771,0.1158,0.1075,0.3737,0.5489,-0.0143,11.2,142.82,0.75,130584.0,0.0,0.2228,0.0496,-0.0018,-0.0649,0.54,-0.0145,1.09
2374,4000,0.7846,0.1111,0.1048,0.3729,0.5597,-0.013,12.19,151.99,0.75,131203.0,0.0,0.2274,0.0495,-0.0018,-0.0656,0.5081,-0.0147,1.09
2375,4000,0.7867,0.107,0.1068,0.3714,0.5556,-0.0133,10.87,136.17,0.75,131164.0,0.0,0.2279,0.0497,-0.0015,-0.0655,0.5063,-0.0149,1.09
2376,4000,0.7871,0.1072,0.1062,0.3952,0.5639,-0.0113,11.96,164.34,0.76,129932.0,0.0,0.234,0.0531,-0.0019,-0.0694,0.5084,-0.0136,1.09
2377,4000,0.7878,0.1036,0.109,0.3654,0.5574,-0.0139,11.04,126.97,0.75,130689.0,0.0,0.2247,0.0489,-0.0016,-0.0651,0.5613,-0.0145,1.09
2378,4000,0.7835,0.1072,0.1096,0.3808,0.5318,-0.017,11.91,146.89,0.76,129531.0,0.0,0.2249,0.0518,-0.0016,-0.0679,0.5557,-0.0148,1.09
2379,4000,0.785,0.1068,0.1085,0.3589,0.5507,-0.0145,11.14,144.78,0.75,131326.0,0.0,0.2176,0.0475,-0.0017,-0.0627,0.4661,-0.0153,1.09
2380,4000,0.7857,0.1077,0.1069,0.38,0.5513,-0.0138,11.36,138.55,0.75,130439.0,0.0,0.2298,0.0511,-0.0018,-0.0672,0.6013,-0.0141,1.09
2381,4000,0.7828,0.1079,0.1095,0.3623,0.5381,-0.017,10.75,140.08,0.77,128397.0,0.0,0.2203,0.0492,-0.0016,-0.0657,0.5626,-0.0142,1.09
2382,4000,0.78,0.1093,0.1109,0.3796,0.5349,-0.0151,11.62,155.15,0.75,131452.0,0.0,0.2236,0.0514,-0.0018,-0.0682,0.5591,-0.014,1.09
2383,4000,0.7782,0.1105,0.1115,0.3713,0.5437,-0.0153,11.28,143.98,0.75,130350.0,0.0,0.2239,0.0497,-0.0016,-0.0658,0.5169,-0.0139,1.09
2384,4000,0.7756,0.1089,0.1158,0.3852,0.5308,-0.0139,11.22,141.66,0.75,131037.0,0.0,0.2305,0.0521,-0.0016,-0.07,0.5647,-0.0123,1.09
2385,4000,0.7745,0.1066,0.1192,0.3879,0.5424,-0.0133,12.02,144.18,0.75,130817.0,0.0,0.2301,0.0521,-0.0017,-0.0677,0.4914,-0.0141,1.09
2386,4000,0.7791,0.1007,0.1204,0.3695,0.5502,-0.0147,10.62,145.05,0.75,130846.0,0.0,0.2288,0.0483,-0.0015,-0.0634,0.5852,-0.0121,1.09
2387,4000,0.7843,0.101,0.1149,0.3572,0.5511,-0.0161,10.65,148.35,0.76,129135.0,0.0,0.2182,0.0474,-0.0017,-0.0613,0.5749,-0.0137,1.09
2388,4000,0.7809,0.1056,0.1139,0.3684,0.5309,-0.0171,10.03,129.61,0.75,130615.0,0.0,0.2223,0.0484,-0.0015,-0.0628,0.535,-0.0121,1.09
2389,4000,0.7818,0.1056,0.1129,0.3636,0.5509,-0.0148,10.21,123.93,0.75,130288.0,0.0,0.2228,0.0501,-0.0015,-0.0638,0.5777,-0.0131,1.09
2390,4000,0.7802,0.1077,0.1124,0.3745,0.539,-0.0158,11.28,154.8,0.76,130153.0,0.0,0.2285,0.0498,-0.0018,-0.0655,0.5703,-0.0146,1.09
2391,4000,0.7753,0.1119,0.113,0.3695,0.526,-0.0189,11.36,155.23,0.75,130396.0,0.0,0.2192,0.0512,-0.0017,-0.0655,0.5735,-0.0132,1.09
2392,4000,0.7734,0.1131,0.1138,0.3866,0.5457,-0.014,10.78,157.1,0.75,130693.0,0.0,0.228,0.0534,-0.0019,-0.0696,0.565,-0.0129,1.09
2393,4000,0.7691,0.1162,0.1152,0.3777,0.5283,-0.0179,11.57,151.36,0.75,130304.0,0.0,0.2254,0.0505,-0.0015,-0.0662,0.4881,-0.0135,1.09
2394,4000,0.7695,0.1156,0.1151,0.3823,0.5618,-0.0117,11.85,161.89,0.76,128803.0,0.0,0.2337,0.0506,-0.0015,-0.0655,0.4231,-0.0142,1.09
2395,4000,0.7758,0.11,0.1145,0.3716,0.5567,-0.0142,11.09,139.78,0.75,130356.0,0.0,0.2245,0.0508,-0.0019,-0.0631,0.542,-0.0136,1.1
2396,4000,0.7808,0.108,0.112,0.383,0.5324,-0.0158,11.03,150.46,0.77,128163.0,0.0,0.2293,0.0514,-0.0017,-0.0659,0.4962,-0.0144,1.1
2397,4000,0.779,0.1112,0.1108,0.3599,0.5383,-0.0178,10.54,146.29,0.76,130105.0,0.0,0.2169,0.0487,-0.0018,-0.0622,0.595,-0.0126,1.1
2398,4000,0.7783,0.1134,0.1089,0.3862,0.5376,-0.0157,10.5,124.29,0.75,130531.0,0.0,0.2336,0.0523,-0.0018,-0.0665,0.606,-0.0143,1.1
2399,4000,0.7817,0.112,0.1066,0.3685,0.5434,-0.0173,10.39,142.61,0.75,130400.0,0.0,0.2242,0.0501,-0.0017,-0.0645,0.5111,-0.0133,1.1
2400,4000,0.7855,0.111,0.1038,0.366,0.566,-0.0126,11.48,160.02,0.75,130417.0,0.0,0.2252,0.0489,-0.0016,-0.0635,0.5146,-0.0138,1.1
2401,4000,0.7869,0.1095,0.1039,0.3749,0.5312,-0.0168,9.95,143.7,0.76,130123.0,0.0,0.2246,0.0515,-0.0016,-0.0667,0.5419,-0.0128,1.1
2402,4000,0.7843,0.1113,0.1049,0.3873,0.5416,-0.0131,12.04,172.18,0.76,129753.0,0.0,0.2321,0.0526,-0.0019,-0.0677,0.5351,-0.0137,1.1
2403,4000,0.7863,0.1063,0.1077,0.3854,0.55,-0.0144,12.31,152.56,0.77,128481.0,0.0,0.2273,0.053,-0.0022,-0.0672,0.5282,-0.0146,1.1
2404,4000,0.7861,0.1048,0.1094,0.3864,0.5271,-0.017,10.74,151.39,0.76,130132.0,0.0,0.228,0.0538,-0.0016,-0.0682,0.5443,-0.012,1.1
2405,4000,0.782,0.1064,0.1119,0.4008,0.5384,-0.0149,12.13,170.67,0.75,130264.0,0.0,0.2314,0.056,-0.002,-0.0715,0.5775,-0.0127,1.1
2406,4000,0.7815,0.1059,0.1126,0.3697,0.5426,-0.0153,11.49,143.02,0.75,130587.0,0.0,0.2208,0.0504,-0.0018,-0.0652,0.5998,-0.0132,1.1
2407,4000,0.7778,0.1098,0.1123,0.3709,0.5289,-0.0186,11.12,146.38,0.76,130109.0,0.0,0.2193,0.0509,-0.0018,-0.064,0.6161,-0.0112,1.1
2408,4000,0.777,0.1117,0.1114,0.361,0.5412,-0.0166,11.15,143.46,0.76,129189.0,0.0,0.2212,0.0483,-0.0016,-0.0624,0.4736,-0.0144,1.1
2409,4000,0.7789,0.1095,0.112,0.3746,0.5451,-0.0146,11.05,131.25,0.76,129485.0,0.0,0.2264,0.0502,-0.0016,-0.0632,0.5302,-0.0133,1.1
2410,4000,0.7767,0.1098,0.114,0.3937,0.5268,-0.0156,10.94,148.53,0.76,129293.0,0.0,0.2321,0.0539,-0.0018,-0.069,0.5126,-0.0149,1.1
2411,4000,0.7742,0.109,0.1172,0.3813,0.5446,-0.0136,10.89,157.17,0.75,130866.0,0.0,0.2248,0.0522,-0.0015,-0.0678,0.5546,-0.0148,1.1
2412,4000,0.7709,0.1115,0.1184,0.3903,0.5428,-0.0132,11.99,156.38,0.75,130359.0,0.0,0.2326,0.0523,-0.0017,-0.0698,0.5359,-0.0144,1.1
2413,4000,0.7668,0.1124,0.1217,0.3755,0.5239,-0.0167,10.78,143.36,0.76,129384.0,0.0,0.2205,0.0512,-0.0022,-0.0677,0.5759,-0.0119,1.1
2414,4000,0.767,0.1133,0.1207,0.362,0.5326,-0.0174,11.4,151.83,0.75,130255.0,0.0,0.2203,0.0484,-0.0017,-0.0653,0.5565,-0.0091,1.1
2415,4000,0.766,0.1134,0.1216,0.3694,0.5404,-0.0151,11.79,155.68,0.75,130516.0,0.0,0.2223,0.0499,-0.0015,-0.0676,0.507,-0.0136,1.1
2416,4000,0.7706,0.1115,0.1189,0.3608,0.5407,-0.0161,10.25,138.85,0.76,129741.0,0.0,0.2173,0.05,-0.002,-0.0662,0.5398,-0.013,1.1
2417,4000,0.7685,0.115,0.1177,0.3704,0.5234,-0.0167,10.49,146.21,0.77,128256.0,0.0,0.2204,0.0491,-0.0018,-0.0669,0.5159,-0.0135,1.1
2418,4000,0.7658,0.1166,0.1187,0.3917,0.5431,-0.0127,11.08,144.41,0.75,130259.0,0.0,0.2342,0.0543,-0.0021,-0.0744,0.4876,-0.0141,1.1
2419,4000,0.7686,0.116,0.1161,0.3654,0.5432,-0.016,11.04,141.76,0.76,128687.0,0.0,0.2212,0.0502,-0.0017,-0.068,0.5642,-0.0141,1.1
2420,4000,0.7677,0.12,0.1127,0.3693,0.5277,-0.0162,11.75,171.66,0.77,128407.0,0.0,0.2194,0.0502,-0.0018,-0.0682,0.4677,-0.0121,1.1
2421,4000,0.7654,0.1187,0.1166,0.3912,0.5354,-0.0128,10.7,145.33,0.77,128163.0,0.0,0.2292,0.0546,-0.0019,-0.0719,0.4344,-0.0138,1.1
2422,4000,0.7616,0.1167,0.1223,0.3964,0.5328,-0.0134,11.22,166.68,0.76,129897.0,0.0,0.2367,0.0539,-0.0017,-0.0718,0.4676,-0.0107,1.1
2423,4000,0.7649,0.1154,0.1202,0.3781,0.5547,-0.0119,11.87,160.57,0.76,128782.0,0.0,0.2299,0.0519,-0.002,-0.0682,0.5018,-0.0092,1.1
2424,4000,0.7679,0.1111,0.1215,0.3862,0.5291,-0.0134,11.35,151.05,0.76,129344.0,0.0,0.2294,0.052,-0.0019,-0.0684,0.5083,-0.0126,1.1
2425,4000,0.7705,0.109,0.1209,0.3744,0.5473,-0.0148,11.86,160.39,0.76,129445.0,0.0,0.2283,0.051,-0.002,-0.0673,0.4633,-0.0138,1.1
2426,4000,0.7704,0.1076,0.1229,0.3937,0.5259,-0.014,10.64,138.52,0.76,129844.0,0.0,0.2306,0.0538,-0.0022,-0.0692,0.4897,-0.0118,1.1
2427,4000,0.7657,0.1086,0.1266,0.4232,0.5357,-0.0124,11.54,156.72,0.77,126873.0,0.0,0.249,0.0587,-0.0018,-0.0767,0.5636,-0.0131,1.1
2428,4000,0.766,0.1059,0.1289,0.403,0.5311,-0.0132,11.04,151.15,0.76,129952.0,0.0,0.2352,0.0564,-0.0025,-0.0752,0.4983,-0.0142,1.1
2429,4000,0.7618,0.1045,0.1341,0.4047,0.5251,-0.0143,12.2,157.98,0.76,129419.0,0.0,0.2349,0.0561,-0.0017,-0.074,0.4718,-0.0135,1.1
2430,4000,0.7611,0.105,0.1345,0.4016,0.5215,-0.0151,12.01,172.37,0.76,129307.0,0.0,0.2366,0.0543,-0.0016,-0.0708,0.451,-0.0124,1.1
2431,4000,0.7651,0.1017,0.1338,0.3766,0.5522,-0.0126,10.66,140.23,0.76,129669.0,0.0,0.2279,0.0515,-0.0018,-0.067,0.5591,-0.0148,1.1
2432,4000,0.7652,0.1011,0.1344,0.4042,0.5209,-0.0142,11.57,159.56,0.76,129516.0,0.0,0.2342,0.0576,-0.0019,-0.0756,0.5236,-0.0135,1.1
2433,4000,0.7611,0.102,0.1377,0.3871,0.5324,-0.0131,10.65,139.09,0.76,130011.0,0.0,0.2293,0.0533,-0.0018,-0.0722,0.5313,-0.0097,1.1
2434,4000,0.7632,0.1002,0.1376,0.3999,0.5306,-0.0135,10.7,165.8,0.76,129950.0,0.0,0.2312,0.0556,-0.0021,-0.0755,0.5555,-0.0113,1.1
2435,4000,0.7617,0.0998,0.1392,0.3691,0.5353,-0.0141,11.17,154.03,0.76,130199.0,0.0,0.2199,0.0506,-0.0018,-0.0684,0.5416,-0.0089,1.1
2436,4000,0.766,0.0989,0.1359,0.3642,0.5325,-0.0169,10.99,162.1,0.75,130404.0,0.0,0.2178,0.0498,-0.0015,-0.0659,0.5723,-0.0135,1.1
2437,4000,0.7687,0.1003,0.1316,0.37,0.5547,-0.0145,10.8,149.21,0.76,129852.0,0.0,0.2242,0.0511,-0.0018,-0.0691,0.6126,-0.014,1.1
2438,4000,0.7695,0.1021,0.129,0.3731,0.5415,-0.0145,10.67,136.25,0.76,129111.0,0.0,0.2257,0.0508,-0.0017,-0.0694,0.6373,-0.012,1.1
2439,4000,0.7694,0.1061,0.1252,0.359,0.529,-0.0182,9.55,132.12,0.76,130084.0,0.0,0.2181,0.0497,-0.0017,-0.0683,0.5145,-0.0133,1.1
2440,4000,0.7643,0.1103,0.1262,0.3821,0.5295,-0.0144,10.38,164.0,0.77,128435.0,0.0,0.2247,0.053,-0.0017,-0.0726,0.4882,-0.0141,1.1
2441,4000,0.7662,0.1088,0.1257,0.3723,0.542,-0.0149,11.0,145.84,0.75,130225.0,0.0,0.2213,0.0511,-0.0015,-0.0676,0.5368,-0.0139,1.1
2442,4000,0.7724,0.1083,0.1197,0.3629,0.5481,-0.0151,10.01,134.87,0.76,129490.0,0.0,0.2199,0.0504,-0.0021,-0.0675,0.5232,-0.013,1.1
2443,4000,0.7752,0.1081,0.1169,0.3806,0.5467,-0.0129,10.65,138.98,0.76,129058.0,0.0,0.2306,0.0523,-0.0018,-0.0711,0.4738,-0.0143,1.1
2444,4000,0.7773,0.1036,0.1194,0.3753,0.5447,-0.0141,11.63,156.51,0.76,129909.0,0.0,0.2268,0.0522,-0.0018,-0.0696,0.5078,-0.0115,1.1
2445,4000,0.7807,0.1015,0.118,0.3519,0.5382,-0.018,10.71,145.95,0.76,129903.0,0.0,0.2118,0.0474,-0.0017,-0.0649,0.55,-0.0092,1.1
2446,4000,0.7793,0.1033,0.1177,0.3721,0.5285,-0.0165,9.91,139.78,0.76,129393.0,0.0,0.2255,0.0515,-0.0016,-0.0685,0.5694,-0.0123,1.1
2447,4000,0.7723,0.1068,0.1211,0.3738,0.5219,-0.0157,10.62,148.22,0.76,129565.0,0.0,0.2206,0.0529,-0.0017,-0.0696,0.4615,-0.0143,1.1
2448,4000,0.7703,0.1067,0.1234,0.3865,0.5449,-0.0126,10.69,142.16,0.76,129582.0,0.0,0.2299,0.0548,-0.0019,-0.0716,0.4627,-0.0127,1.1
2449,4000,0.7701,0.1064,0.124,0.39,0.5356,-0.0136,11.14,163.96,0.76,129402.0,0.0,0.2315,0.0544,-0.0019,-0.0707,0.4255,-0.0137,1.1
2450,4000,0.7685,0.1045,0.1276,0.3963,0.5147,-0.0162,10.12,141.58,0.76,129076.0,0.0,0.2267,0.0562,-0.002,-0.0713,0.4699,-0.0126,1.1
2451,4000,0.765,0.1052,0.1302,0.411,0.5273,-0.0123,11.23,158.97,0.77,127994.0,0.0,0.2375,0.0583,-0.002,-0.0734,0.4435,-0.0089,1.1
2452,4000,0.7629,0.1021,0.1354,0.4208,0.5229,-0.0122,10.35,164.53,0.76,129487.0,0.0,0.2379,0.0586,-0.0018,-0.0756,0.4695,-0.0118,1.1
2453,4000,0.7584,0.1025,0.1394,0.4217,0.5355,-0.0118,11.94,177.07,0.77,128489.0,0.0,0.2448,0.0598,-0.0019,-0.076,0.5085,-0.0134,1.1
2454,4000,0.7548,0.1033,0.1421,0.3991,0.5281,-0.0146,10.85,141.35,0.76,129764.0,0.0,0.2374,0.0552,-0.0018,-0.0718,0.465,-0.0138,1.1
2455,4000,0.7573,0.1005,0.1427,0.4287,0.5129,-0.0137,12.08,169.73,0.76,129562.0,0.0,0.247,0.0597,-0.0019,-0.0763,0.4559,-0.0138,1.1
2456,4000,0.7511,0.1039,0.1457,0.4015,0.4948,-0.0165,9.61,156.37,0.76,129040.0,0.0,0.2293,0.0564,-0.0018,-0.0739,0.5329,-0.0117,1.1
2457,4000,0.7439,0.1071,0.1498,0.4198,0.5177,-0.0147,11.31,158.8,0.76,129339.0,0.0,0.2395,0.0594,-0.002,-0.0764,0.467,-0.0132,1.1
2458,4000,0.7478,0.1051,0.1481,0.3986,0.5494,-0.012,11.21,161.79,0.76,128827.0,0.0,0.237,0.0544,-0.002,-0.0675,0.5331,-0.0141,1.1
2459,4000,0.7513,0.1042,0.1453,0.3929,0.5276,-0.0151,9.97,149.52,0.76,128725.0,0.0,0.2244,0.0551,-0.0017,-0.0723,0.4775,-0.0106,1.1
2460,4000,0.7517,0.1061,0.1427,0.3928,0.5186,-0.0156,10.26,142.32,0.76,129856.0,0.0,0.2281,0.0556,-0.002,-0.0719,0.5925,-0.009,1.1
2461,4000,0.7515,0.1067,0.1422,0.3989,0.5511,-0.0112,11.91,160.72,0.77,127952.0,0.0,0.2351,0.0569,-0.0018,-0.073,0.4883,-0.0108,1.1
2462,4000,0.7524,0.1043,0.1438,0.3819,0.5129,-0.0166,10.65,149.57,0.76,128670.0,0.0,0.2258,0.0538,-0.0017,-0.0693,0.5085,-0.0127,1.1
2463,4000,0.7526,0.1054,0.1425,0.3859,0.5299,-0.0158,11.42,156.14,0.76,128935.0,0.0,0.2265,0.0534,-0.0017,-0.0701,0.4719,-0.013,1.1
2464,4000,0.7525,0.1032,0.1448,0.4098,0.5304,-0.0114,11.46,143.41,0.76,129952.0,0.0,0.2392,0.0569,-0.0017,-0.0721,0.5024,-0.013,1.1
2465,4000,0.7547,0.1049,0.1407,0.3861,0.5339,-0.0159,10.36,132.24,0.76,129868.0,0.0,0.2304,0.0545,-0.0021,-0.0683,0.487,-0.0139,1.1
2466,4000,0.7579,0.104,0.1388,0.4214,0.5313,-0.0118,11.69,171.59,0.77,126895.0,0.0,0.2421,0.0598,-0.0021,-0.076,0.5011,-0.0146,1.1
2467,4000,0.758,0.1059,0.1373,0.3707,0.5221,-0.017,10.87,143.29,0.76,129419.0,0.0,0.2174,0.0529,-0.0019,-0.068,0.5158,-0.0097,1.1
2468,4000,0.7638,0.1023,0.135,0.3849,0.5537,-0.0115,10.69,151.49,0.76,129061.0,0.0,0.2353,0.0545,-0.002,-0.0691,0.5272,-0.0089,1.1
2469,4000,0.7641,0.1025,0.1345,0.3674,0.5265,-0.0163,10.43,152.62,0.77,127996.0,0.0,0.2219,0.0514,-0.0022,-0.0648,0.4767,-0.013,1.1
2470,4000,0.7617,0.1052,0.1341,0.3758,0.5264,-0.0182,11.01,162.78,0.76,129777.0,0.0,0.224,0.053,-0.0019,-0.0668,0.466,-0.0139,1.1
2471,4000,0.764,0.1047,0.1323,0.3648,0.548,-0.015,11.63,151.06,0.76,129646.0,0.0,0.216,0.0527,-0.0019,-0.0678,0.4798,-0.0128,1.1
2472,4000,0.7615,0.1054,0.1337,0.3986,0.5148,-0.0147,10.51,136.38,0.76,129287.0,0.0,0.233,0.0574,-0.002,-0.0729,0.4875,-0.0131,1.1
2473,4000,0.7562,0.1059,0.1384,0.4295,0.5211,-0.0133,11.8,169.31,0.76,130099.0,0.0,0.2494,0.0612,-0.0024,-0.0744,0.5146,-0.0138,1.1
2474,4000,0.758,0.1052,0.1373,0.3607,0.5477,-0.0147,11.13,150.7,0.76,129686.0,0.0,0.217,0.0515,-0.0022,-0.0648,0.4546,-0.0146,1.1
2475,4000,0.7593,0.1047,0.1363,0.4023,0.525,-0.0135,11.61,147.3,0.76,128720.0,0.0,0.2375,0.0574,-0.002,-0.0699,0.4416,-0.0068,1.1
2476,4000,0.7591,0.1038,0.1373,0.3792,0.5035,-0.0188,11.01,147.39,0.76,128691.0,0.0,0.2206,0.0547,-0.0022,-0.0676,0.4662,-0.0083,1.1
2477,4000,0.7576,0.1032,0.1394,0.4139,0.5096,-0.0129,10.46,157.66,0.76,129293.0,0.0,0.2381,0.058,-0.0022,-0.073,0.4494,-0.0135,1.1
2478,4000,0.752,0.102,0.1463,0.4175,0.512,-0.013,11.36,167.88,0.76,130077.0,0.0,0.2425,0.0596,-0.0021,-0.0751,0.5148,-0.0086,1.1
2479,4000,0.7476,0.1007,0.1522,0.4098,0.5213,-0.0137,10.57,155.1,0.76,129449.0,0.0,0.2355,0.0592,-0.0024,-0.0737,0.574,-0.0092,1.1
2480,4000,0.7391,0.1043,0.1571,0.4085,0.5238,-0.0143,11.78,163.06,0.76,130085.0,0.0,0.2318,0.0588,-0.0021,-0.0737,0.5105,-0.0133,1.1
2481,4000,0.74,0.102,0.1584,0.4162,0.5258,-0.0132,12.75,162.43,0.76,129769.0,0.0,0.2366,0.0593,-0.0022,-0.077,0.5512,-0.0141,1.1
2482,4000,0.7448,0.0994,0.1562,0.4142,0.5338,-0.0115,11.43,159.54,0.77,128165.0,0.0,0.2411,0.059,-0.0023,-0.0744,0.541,-0.0118,1.1
2483,4000,0.7486,0.0978,0.1541,0.3857,0.5077,-0.017,10.86,150.29,0.76,129046.0,0.0,0.2253,0.0542,-0.0021,-0.0687,0.5401,-0.0124,1.1
2484,4000,0.7447,0.102,0.1541,0.3876,0.5218,-0.0149,12.0,148.58,0.75,130416.0,0.0,0.2305,0.0549,-0.0022,-0.0713,0.5454,-0.0112,1.1
2485,4000,0.7444,0.1045,0.1521,0.3749,0.5337,-0.0142,11.16,153.93,0.76,128782.0,0.0,0.2248,0.0524,-0.0023,-0.0661,0.535,-0.0096,1.1
2486,4000,0.7458,0.1053,0.1499,0.3645,0.5342,-0.0163,11.73,163.21,0.76,129329.0,0.0,0.2214,0.0505,-0.0021,-0.0648,0.4159,-0.0125,1.1
2487,4000,0.753,0.1019,0.1462,0.3877,0.5441,-0.0109,10.74,129.16,0.76,129145.0,0.0,0.2342,0.0535,-0.0023,-0.0703,0.5886,-0.0128,1.1
2488,4000,0.7549,0.103,0.1431,0.3721,0.524,-0.0174,11.16,159.05,0.76,130168.0,0.0,0.2248,0.0512,-0.0022,-0.0656,0.5307,-0.0143,1.1
2489,4000,0.7573,0.1045,0.1395,0.3845,0.5602,-0.0127,11.24,155.45,0.76,130137.0,0.0,0.2311,0.0537,-0.002,-0.0698,0.5562,-0.0139,1.1
2490,4000,0.7585,0.1077,0.1349,0.3571,0.5584,-0.0145,11.44,147.61,0.75,130416.0,0.0,0.2216,0.0489,-0.0019,-0.0638,0.5073,-0.013,1.1
2491,4000,0.7618,0.1087,0.1305,0.3767,0.5549,-0.0115,11.68,155.47,0.75,130231.0,0.0,0.2313,0.052,-0.0019,-0.0686,0.5495,-0.0118,1.1
2492,4000,0.7673,0.1069,0.1267,0.3683,0.552,-0.0137,11.56,150.07,0.76,128734.0,0.0,0.2247,0.0507,-0.0019,-0.0683,0.546,-0.0117,1.1
2493,4000,0.7691,0.1072,0.1248,0.3818,0.5314,-0.0159,10.16,146.57,0.75,130334.0,0.0,0.2272,0.0523,-0.0018,-0.0686,0.5658,-0.0133,1.11
2494,4000,0.7634,0.1108,0.1264,0.3778,0.5229,-0.0162,10.74,148.83,0.75,131078.0,0.0,0.2247,0.0527,-0.0018,-0.069,0.5397,-0.0126,1.11
2495,4000,0.7634,0.1096,0.1275,0.3766,0.5541,-0.0122,11.62,141.25,0.76,129243.0,0.0,0.231,0.0511,-0.0019,-0.0667,0.5324,-0.0141,1.1
2496,4000,0.7662,0.1071,0.1271,0.3719,0.5395,-0.0144,11.09,140.04,0.75,130534.0,0.0,0.2265,0.0527,-0.0019,-0.0702,0.5358,-0.011,1.1
2497,4000,0.7666,0.1069,0.1268,0.3799,0.5495,-0.0131,11.34,161.85,0.76,130165.0,0.0,0.2284,0.0516,-0.0017,-0.0679,0.4911,-0.009,1.1
2498,4000,0.7668,0.1062,0.1273,0.3824,0.5379,-0.0141,11.69,156.2,0.76,129788.0,0.0,0.2252,0.0534,-0.0019,-0.0721,0.5164,-0.013,1.1
2499,4000,0.7684,0.1036,0.1282,0.3858,0.5357,-0.0125,11.3,155.95,0.76,129928.0,0.0,0.2308,0.0523,-0.002,-0.0705,0.5554,-0.0125,1.1
2500,4000,0.7692,0.0997,0.1313,0.3871,0.5499,-0.0136,11.67,153.93,0.75,130256.0,0.0,0.2318,0.0539,-0.0019,-0.0717,0.5822,-0.0143,1.1
2501,4000,0.7715,0.1005,0.1284,0.3595,0.5561,-0.0148,10.49,143.67,0.77,126866.0,0.0,0.2186,0.0495,-0.0022,-0.0657,0.4844,-0.0139,1.1
2502,4000,0.7712,0.1024,0.1269,0.3914,0.5287,-0.0129,11.42,147.71,0.77,128039.0,0.0,0.2308,0.0544,-0.0018,-0.0732,0.5184,-0.0115,1.1
2503,4000,0.7732,0.1034,0.1239,0.3787,0.5366,-0.0157,10.43,137.94,0.77,127491.0,0.0,0.225,0.0523,-0.0019,-0.0702,0.4952,-0.0112,1.1
2504,4000,0.7743,0.1033,0.1226,0.3836,0.5483,-0.0127,11.7,149.87,0.77,127076.0,0.0,0.2299,0.0539,-0.0019,-0.0738,0.4526,-0.0148,1.1
2505,4000,0.7796,0.0997,0.1209,0.3711,0.5721,-0.0102,11.3,142.53,0.77,128378.0,0.0,0.2299,0.0505,-0.0018,-0.0681,0.4222,-0.014,1.1
2506,4000,0.7858,0.097,0.1175,0.3663,0.5718,-0.0107,10.65,144.75,0.77,128301.0,0.0,0.2253,0.05,-0.0023,-0.0666,0.5643,-0.0141,1.1
2507,4000,0.787,0.0962,0.1169,0.3588,0.5449,-0.0151,10.65,153.37,0.75,130308.0,0.0,0.2183,0.0495,-0.0019,-0.0658,0.5348,-0.0121,1.1
2508,4000,0.79,0.0965,0.1137,0.3492,0.5564,-0.0145,10.97,141.42,0.76,128652.0,0.0,0.2189,0.0477,-0.0022,-0.063,0.4936,-0.0131,1.1
2509,4000,0.7904,0.0976,0.1123,0.3743,0.5559,-0.0122,11.7,149.91,0.76,129285.0,0.0,0.2249,0.0523,-0.0016,-0.0709,0.519,-0.0115,1.11
2510,4000,0.7912,0.0973,0.1117,0.3648,0.5655,-0.0111,11.61,136.17,0.76,130103.0,0.0,0.2243,0.0505,-0.0016,-0.0681,0.4571,-0.0137,1.1
2511,4000,0.7916,0.0954,0.1132,0.3728,0.5306,-0.0144,10.87,155.01,0.76,129067.0,0.0,0.2211,0.0527,-0.0019,-0.0714,0.5225,-0.0116,1.1
2512,4000,0.7884,0.0956,0.1164,0.379,0.5303,-0.0147,11.28,152.1,0.75,130341.0,0.0,0.2281,0.0525,-0.0019,-0.0709,0.5375,-0.0133,1.1
2513,4000,0.7841,0.0969,0.1196,0.3882,0.538,-0.0129,11.47,151.72,0.75,130638.0,0.0,0.2321,0.0545,-0.002,-0.0728,0.4902,-0.0127,1.1
2514,4000,0.7862,0.0929,0.1218,0.3971,0.5346,-0.0119,11.31,149.12,0.75,130251.0,0.0,0.2348,0.0559,-0.0016,-0.0752,0.4945,-0.0138,1.11
2515,4000,0.784,0.0917,0.1252,0.3762,0.5512,-0.0127,11.93,160.27,0.76,130085.0,0.0,0.2262,0.0535,-0.0021,-0.072,0.4767,-0.0126,1.11
2516,4000,0.7829,0.0913,0.1265,0.389,0.5236,-0.0152,11.1,145.78,0.77,127374.0,0.0,0.2262,0.0549,-0.0017,-0.0738,0.5036,-0.0094,1.11
2517,4000,0.7788,0.095,0.1269,0.3825,0.5235,-0.0159,11.04,144.13,0.77,127277.0,0.0,0.2246,0.0552,-0.0019,-0.0743,0.5137,-0.013,1.11
2518,4000,0.7773,0.0977,0.1257,0.3891,0.542,-0.0129,10.55,150.6,0.77,127997.0,0.0,0.2322,0.0542,-0.0019,-0.0721,0.4934,-0.014,1.11
2519,4000,0.7745,0.1007,0.1255,0.3997,0.5226,-0.0147,11.85,164.5,0.77,127006.0,0.0,0.2334,0.0569,-0.002,-0.0756,0.5354,-0.0131,1.11
2520,4000,0.773,0.1016,0.1261,0.3903,0.5345,-0.0142,11.6,154.8,0.76,128638.0,0.0,0.2302,0.0568,-0.0021,-0.0748,0.5194,-0.0114,1.11
2521,4000,0.7695,0.1019,0.1291,0.4085,0.532,-0.0121,11.3,158.72,0.76,128974.0,0.0,0.2405,0.057,-0.0018,-0.0756,0.4538,-0.0138,1.11
2522,4000,0.7694,0.1005,0.1306,0.4054,0.5059,-0.0152,10.67,176.07,0.78,126073.0,0.0,0.2341,0.0576,-0.0016,-0.0764,0.5042,-0.0127,1.11
2523,4000,0.7669,0.1024,0.1311,0.3764,0.5557,-0.0128,11.24,154.35,0.77,128157.0,0.0,0.2261,0.0531,-0.0019,-0.0694,0.46,-0.0145,1.11
2524,4000,0.7628,0.1044,0.1334,0.3976,0.5196,-0.0157,11.11,169.7,0.76,129588.0,0.0,0.2313,0.0557,-0.0021,-0.0726,0.4213,-0.0138,1.11
2525,4000,0.7608,0.1051,0.1346,0.3887,0.531,-0.0134,10.54,145.89,0.76,129939.0,0.0,0.2314,0.0552,-0.0017,-0.0726,0.4433,-0.014,1.11
2526,4000,0.7594,0.1047,0.1364,0.3896,0.516,-0.0153,10.63,167.83,0.76,129921.0,0.0,0.2291,0.0551,-0.0023,-0.0698,0.54,-0.0094,1.11
2527,4000,0.7558,0.1051,0.14,0.3954,0.5136,-0.0177,10.81,174.98,0.76,129696.0,0.0,0.232,0.0557,-0.0022,-0.0717,0.5168,-0.0087,1.11
2528,4000,0.7477,0.1094,0.1438,0.4168,0.4961,-0.0155,11.15,198.92,0.76,129331.0,0.0,0.2321,0.059,-0.0026,-0.0775,0.5142,-0.0134,1.11
2529,4000,0.7414,0.1102,0.1492,0.3963,0.5203,-0.0144,11.26,163.07,0.76,130191.0,0.0,0.2298,0.0563,-0.002,-0.0731,0.4066,-0.0127,1.11
2530,4000,0.7412,0.1088,0.1508,0.3887,0.5258,-0.0146,11.17,153.52,0.76,129424.0,0.0,0.2293,0.0541,-0.0021,-0.0707,0.5031,-0.0134,1.11
2531,4000,0.7407,0.1085,0.1516,0.3857,0.5213,-0.014,10.13,145.56,0.76,129586.0,0.0,0.226,0.0535,-0.002,-0.0691,0.5127,-0.0109,1.11
2532,4000,0.7444,0.1063,0.1499,0.4015,0.5269,-0.0154,11.79,159.33,0.76,129639.0,0.0,0.2365,0.0558,-0.0021,-0.0707,0.4521,-0.0089,1.11
2533,4000,0.7422,0.1097,0.1488,0.3828,0.5319,-0.0149,10.37,149.14,0.76,129599.0,0.0,0.2286,0.0537,-0.002,-0.0709,0.4981,-0.0138,1.11
2534,4000,0.7478,0.1095,0.1431,0.3689,0.5456,-0.0135,11.03,151.93,0.76,129616.0,0.0,0.2241,0.0505,-0.002,-0.0647,0.4817,-0.0137,1.11
2535,4000,0.7485,0.1092,0.1428,0.3747,0.5206,-0.0168,10.27,146.71,0.76,129540.0,0.0,0.2235,0.051,-0.002,-0.0661,0.5375,-0.013,1.11
2536,4000,0.7462,0.1106,0.1436,0.3756,0.5255,-0.0154,11.01,134.94,0.76,129330.0,0.0,0.2253,0.0532,-0.0022,-0.0686,0.5075,-0.014,1.11
2537,4000,0.7461,0.1107,0.1437,0.3802,0.5175,-0.0158,11.59,166.27,0.76,129739.0,0.0,0.2226,0.0536,-0.002,-0.0701,0.4971,-0.0105,1.11
2538,4000,0.746,0.1119,0.1425,0.3638,0.5543,-0.0125,11.32,139.89,0.76,129561.0,0.0,0.2238,0.0505,-0.0017,-0.0642,0.3967,-0.0085,1.11
2539,4000,0.7477,0.1091,0.1432,0.3885,0.5262,-0.012,10.39,153.24,0.76,129752.0,0.0,0.2286,0.0546,-0.0023,-0.0696,0.4753,-0.0119,1.11
2540,4000,0.751,0.1053,0.1437,0.3739,0.5606,-0.0116,10.73,135.04,0.76,129826.0,0.0,0.2266,0.0515,-0.0019,-0.0663,0.4639,-0.0144,1.11
2541,4000,0.7565,0.1042,0.1393,0.4019,0.5341,-0.0119,11.4,158.79,0.76,129443.0,0.0,0.2362,0.0569,-0.002,-0.0732,0.4962,-0.0123,1.11
2542,4000,0.7623,0.1002,0.1375,0.3915,0.5156,-0.0156,10.75,147.35,0.76,129216.0,0.0,0.227,0.0547,-0.002,-0.0694,0.535,-0.0132,1.11
2543,4000,0.7573,0.1025,0.1402,0.4003,0.5216,-0.0143,11.64,160.79,0.76,130008.0,0.0,0.2305,0.0565,-0.0023,-0.0735,0.4776,-0.012,1.11
2544,4000,0.7554,0.1028,0.1418,0.3817,0.5244,-0.0151,9.86,129.84,0.76,129645.0,0.0,0.2243,0.0526,-0.0018,-0.0698,0.5594,-0.0127,1.11
2545,4000,0.7544,0.1028,0.1428,0.4031,0.5005,-0.0161,10.99,164.62,0.77,128052.0,0.0,0.2306,0.0575,-0.0021,-0.0753,0.5071,-0.0139,1.11
2546,4000,0.7535,0.1038,0.1427,0.3767,0.5232,-0.0165,10.85,154.75,0.76,129791.0,0.0,0.2221,0.0531,-0.0019,-0.0716,0.5121,-0.0146,1.11
2547,4000,0.7496,0.1073,0.1431,0.3878,0.5294,-0.0147,11.05,154.05,0.76,129560.0,0.0,0.2271,0.0544,-0.0018,-0.0709,0.457,-0.0139,1.11
2548,4000,0.7487,0.1073,0.1444,0.3969,0.5174,-0.0136,11.28,150.25,0.77,127056.0,0.0,0.2342,0.0567,-0.002,-0.0742,0.4485,-0.013,1.11
2549,4000,0.7478,0.1051,0.1476,0.3965,0.5106,-0.015,9.9,163.68,0.76,128842.0,0.0,0.2313,0.0568,-0.0019,-0.0762,0.5054,-0.0133,1.11
2550,4000,0.7456,0.1058,0.1492,0.4041,0.5133,-0.0138,11.12,176.54,0.76,129494.0,0.0,0.2328,0.0563,-0.0021,-0.0747,0.5014,-0.0137,1.11
2551,4000,0.7397,0.1086,0.1526,0.3923,0.5161,-0.0147,11.47,152.11,0.76,128557.0,0.0,0.223,0.0565,-0.0019,-0.0754,0.4847,-0.0095,1.11
2552,4000,0.7363,0.1087,0.1558,0.4009,0.5128,-0.0144,12.3,164.03,0.76,129036.0,0.0,0.232,0.0564,-0.0018,-0.074,0.4175,-0.0133,1.11
2553,4000,0.7347,0.1077,0.1584,0.3852,0.5307,-0.0153,11.11,142.23,0.77,127653.0,0.0,0.2282,0.0548,-0.002,-0.072,0.5334,-0.0136,1.11
2554,4000,0.7386,0.1082,0.1539,0.3864,0.5419,-0.0131,10.47,153.39,0.76,129228.0,0.0,0.227,0.0538,-0.0017,-0.0718,0.6191,-0.0138,1.11
2555,4000,0.7374,0.1085,0.1545,0.3785,0.4912,-0.0192,10.11,144.4,0.76,128983.0,0.0,0.214,0.0526,-0.0018,-0.0688,0.5642,-0.0096,1.11
2556,4000,0.7312,0.1116,0.1574,0.4004,0.5103,-0.014,11.25,145.58,0.76,129266.0,0.0,0.2265,0.0567,-0.0018,-0.0753,0.4528,-0.0139,1.11
2557,4000,0.7365,0.1084,0.1554,0.3808,0.5568,-0.01,11.25,152.51,0.76,129700.0,0.0,0.2276,0.0526,-0.0022,-0.0682,0.5018,-0.0142,1.11
2558,4000,0.7452,0.1035,0.1516,0.3831,0.5359,-0.0133,11.25,142.19,0.76,129550.0,0.0,0.2279,0.0524,-0.0019,-0.0682,0.5388,-0.0111,1.1
2559,4000,0.7531,0.1012,0.1465,0.3824,0.5446,-0.0135,10.73,141.45,0.76,130117.0,0.0,0.2303,0.0542,-0.0019,-0.0707,0.5071,-0.0121,1.1
2560,4000,0.7565,0.101,0.1433,0.3923,0.5402,-0.012,10.81,146.75,0.76,129377.0,0.0,0.2306,0.0556,-0.0021,-0.0732,0.5457,-0.0122,1.1
2561,4000,0.7587,0.0997,0.1426,0.3866,0.5444,-0.0117,11.35,157.19,0.76,129945.0,0.0,0.2282,0.0546,-0.0018,-0.0723,0.5306,-0.0123,1.1
2562,4000,0.7584,0.0985,0.144,0.3854,0.5155,-0.0165,10.57,175.81,0.76,129479.0,0.0,0.2229,0.0544,-0.0019,-0.0724,0.5408,-0.013,1.1
2563,4000,0.7602,0.0992,0.1413,0.3726,0.5429,-0.0144,11.93,140.7,0.76,129705.0,0.0,0.2243,0.0526,-0.0018,-0.0689,0.5146,-0.0129,1.1
2564,4000,0.7637,0.1004,0.1365,0.3832,0.5218,-0.0144,10.3,138.81,0.76,129472.0,0.0,0.2263,0.0547,-0.0018,-0.0709,0.4499,-0.0138,1.11
2565,4000,0.764,0.0996,0.1369,0.385,0.5463,-0.0117,11.48,152.84,0.77,127855.0,0.0,0.2295,0.0544,-0.002,-0.0701,0.479,-0.0146,1.11
2566,4000,0.7641,0.1001,0.1363,0.3775,0.5224,-0.0165,10.97,160.82,0.76,128878.0,0.0,0.2211,0.053,-0.0018,-0.0709,0.5632,-0.0112,1.1
2567,4000,0.7643,0.1014,0.1348,0.3912,0.5307,-0.0136,11.14,145.56,0.76,128703.0,0.0,0.2292,0.055,-0.0023,-0.0715,0.4243,-0.0109,1.1
2568,4000,0.7644,0.1015,0.1345,0.3762,0.5278,-0.0154,10.64,144.49,0.76,128932.0,0.0,0.2204,0.0534,-0.0018,-0.0685,0.4909,-0.0109,1.1
2569,4000,0.7585,0.1047,0.1369,0.3922,0.5102,-0.0168,11.19,143.65,0.76,129230.0,0.0,0.2292,0.0565,-0.002,-0.0729,0.4752,-0.0115,1.1
2570,4000,0.7574,0.1064,0.1364,0.3769,0.5215,-0.0172,9.91,142.4,0.76,128891.0,0.0,0.223,0.0533,-0.002,-0.0677,0.5042,-0.0129,1.1
2571,4000,0.7533,0.1086,0.1383,0.4068,0.5394,-0.012,11.01,159.47,0.76,129389.0,0.0,0.2421,0.0576,-0.002,-0.0729,0.4432,-0.0128,1.1
2572,4000,0.7503,0.1083,0.1417,0.4163,0.5103,-0.0132,10.93,158.54,0.76,129554.0,0.0,0.2376,0.0594,-0.002,-0.0771,0.4457,-0.0142,1.1
2573,4000,0.7485,0.1077,0.1441,0.4002,0.5208,-0.0144,11.12,152.56,0.77,128189.0,0.0,0.2297,0.0557,-0.0018,-0.0716,0.4637,-0.0114,1.1
2574,4000,0.7457,0.109,0.1453,0.3921,0.506,-0.0156,10.95,162.27,0.76,129325.0,0.0,0.2239,0.0563,-0.0021,-0.0734,0.4656,-0.009,1.1
2575,4000,0.7384,0.1093,0.1524,0.4087,0.4981,-0.0152,11.61,189.82,0.77,128270.0,0.0,0.2329,0.0581,-0.0018,-0.0748,0.5015,-0.0129,1.1
2576,4000,0.733,0.1106,0.1564,0.4074,0.5064,-0.016,9.61,149.53,0.76,128955.0,0.0,0.234,0.0562,-0.0019,-0.0706,0.4948,-0.0133,1.1
2577,4000,0.7305,0.113,0.1565,0.4098,0.5014,-0.0151,11.01,155.81,0.76,128805.0,0.0,0.2328,0.0575,-0.0025,-0.0734,0.522,-0.0122,1.1
2578,4000,0.7268,0.1129,0.1603,0.408,0.4959,-0.0156,10.93,154.24,0.76,128622.0,0.0,0.2297,0.0571,-0.0021,-0.0744,0.6067,-0.0105,1.1
2579,4000,0.7246,0.113,0.1626,0.4222,0.4827,-0.0151,11.02,177.94,0.76,129827.0,0.0,0.2343,0.0594,-0.0019,-0.0773,0.4757,-0.009,1.1
2580,4000,0.7176,0.1133,0.1693,0.4035,0.5094,-0.0134,10.9,161.75,0.76,129599.0,0.0,0.2329,0.0565,-0.002,-0.0731,0.4702,-0.0143,1.1
2581,4000,0.7122,0.1133,0.1749,0.4203,0.4903,-0.014,11.54,157.32,0.76,130079.0,0.0,0.234,0.0594,-0.0022,-0.0757,0.4609,-0.0144,1.1
2582,4000,0.7163,0.1093,0.1748,0.4008,0.5338,-0.0111,12.35,145.09,0.76,129620.0,0.0,0.2294,0.0546,-0.0021,-0.0709,0.5521,-0.0138,1.1
2583,4000,0.721,0.1072,0.172,0.3921,0.5123,-0.016,10.95,143.67,0.77,128289.0,0.0,0.225,0.0551,-0.002,-0.0745,0.5242,-0.0136,1.1
2584,4000,0.7241,0.1068,0.1693,0.4238,0.5065,-0.0125,10.61,155.07,0.76,129590.0,0.0,0.2336,0.061,-0.0021,-0.08,0.6252,-0.0116,1.1
2585,4000,0.7241,0.1072,0.1687,0.3924,0.5018,-0.0163,11.13,177.43,0.76,128817.0,0.0,0.2229,0.0553,-0.0019,-0.0712,0.5672,-0.0138,1.1
2586,4000,0.7296,0.1045,0.1658,0.3826,0.526,-0.015,11.14,148.95,0.76,128805.0,0.0,0.2254,0.0535,-0.0017,-0.0697,0.5145,-0.0153,1.1
2587,4000,0.7343,0.1029,0.1628,0.3834,0.5268,-0.0146,11.36,159.16,0.77,127346.0,0.0,0.2251,0.0537,-0.0022,-0.0714,0.6339,-0.011,1.1
2588,4000,0.735,0.1069,0.1582,0.3639,0.5105,-0.0183,11.25,151.85,0.77,128150.0,0.0,0.2127,0.0518,-0.0021,-0.0687,0.587,-0.0122,1.1
2589,4000,0.7383,0.1093,0.1526,0.3966,0.5252,-0.014,10.76,153.58,0.76,129350.0,0.0,0.2336,0.0546,-0.0022,-0.0726,0.4521,-0.0134,1.1
2590,4000,0.7374,0.1096,0.1534,0.4156,0.5103,-0.0139,11.46,180.49,0.77,127262.0,0.0,0.2361,0.0588,-0.0022,-0.0785,0.5027,-0.0127,1.1
2591,4000,0.7408,0.1066,0.1529,0.3545,0.5401,-0.0149,11.47,153.42,0.78,126177.0,0.0,0.2174,0.0484,-0.0021,-0.0635,0.522,-0.0121,1.1
2592,4000,0.7464,0.1036,0.1502,0.3779,0.5146,-0.0159,9.95,141.83,0.76,129754.0,0.0,0.2214,0.0529,-0.0021,-0.0692,0.5574,-0.0142,1.1
2593,4000,0.7504,0.1016,0.1482,0.3737,0.5396,-0.0139,10.67,154.24,0.76,128913.0,0.0,0.2234,0.0514,-0.002,-0.0689,0.4955,-0.014,1.11
2594,4000,0.7546,0.1004,0.1453,0.3725,0.5383,-0.0145,10.72,152.23,0.76,128614.0,0.0,0.2247,0.0508,-0.0021,-0.0663,0.5461,-0.0139,1.11
2595,4000,0.7545,0.1002,0.1458,0.3979,0.5028,-0.0151,11.11,149.03,0.76,129110.0,0.0,0.2271,0.0556,-0.0021,-0.0741,0.4748,-0.0143,1.11
2596,4000,0.7507,0.1018,0.1482,0.3786,0.5119,-0.0174,11.42,149.97,0.77,127996.0,0.0,0.2238,0.0522,-0.002,-0.0675,0.4965,-0.0131,1.11
2597,4000,0.7464,0.1034,0.1508,0.3857,0.519,-0.0142,10.02,141.65,0.76,128855.0,0.0,0.2258,0.0542,-0.002,-0.0719,0.473,-0.0131,1.11
2598,4000,0.744,0.1057,0.1508,0.3818,0.5295,-0.0139,8.95,156.8,0.77,127707.0,0.0,0.2234,0.0549,-0.0021,-0.0705,0.5,-0.0147,1.11
2599,4000,0.7381,0.1073,0.1553,0.3861,0.5309,-0.0146,12.12,166.34,0.76,129223.0,0.0,0.2264,0.0544,-0.002,-0.0711,0.4899,-0.0142,1.11
2600,4000,0.7431,0.1063,0.1516,0.416,0.5157,-0.0124,11.12,174.97,0.76,128773.0,0.0,0.2358,0.0597,-0.0023,-0.0799,0.474,-0.0139,1.11
2601,4000,0.7471,0.1015,0.1525,0.4028,0.519,-0.0119,10.88,141.85,0.78,125476.0,0.0,0.2345,0.057,-0.0022,-0.072,0.4896,-0.0122,1.11
2602,4000,0.7489,0.0993,0.153,0.4016,0.5031,-0.0158,10.66,158.31,0.77,127817.0,0.0,0.2304,0.0577,-0.0023,-0.0761,0.5051,-0.0133,1.11
2603,4000,0.7447,0.1009,0.1555,0.4026,0.5064,-0.0134,11.53,183.02,0.77,127724.0,0.0,0.2296,0.0578,-0.0019,-0.0766,0.4851,-0.0118,1.11
2604,4000,0.7397,0.0999,0.1611,0.4006,0.5019,-0.0152,10.91,164.4,0.76,128908.0,0.0,0.2255,0.0565,-0.0022,-0.0757,0.4855,-0.0127,1.11
2605,4000,0.7404,0.1009,0.1589,0.3893,0.5285,-0.0137,11.32,145.42,0.76,129568.0,0.0,0.2259,0.0552,-0.002,-0.0755,0.5673,-0.013,1.11
2606,4000,0.7437,0.1029,0.1536,0.3889,0.5145,-0.0174,10.87,158.79,0.76,128923.0,0.0,0.2238,0.0551,-0.0019,-0.0742,0.5127,-0.0119,1.11
2607,4000,0.7413,0.1049,0.154,0.399,0.5227,-0.0127,10.53,153.63,0.76,128810.0,0.0,0.2317,0.0565,-0.0017,-0.0766,0.4886,-0.0133,1.11
2608,4000,0.7418,0.1045,0.1541,0.3909,0.5149,-0.0139,11.64,169.52,0.76,129498.0,0.0,0.2265,0.0557,-0.0021,-0.0728,0.4803,-0.0099,1.11
2609,4000,0.744,0.1034,0.1534,0.3901,0.5326,-0.0114,11.77,177.81,0.76,128929.0,0.0,0.2304,0.0548,-0.0021,-0.0727,0.4575,-0.0134,1.11
2610,4000,0.7445,0.1011,0.1554,0.3884,0.5223,-0.0144,11.07,130.02,0.76,128595.0,0.0,0.2291,0.0549,-0.0019,-0.0739,0.4941,-0.0141,1.11
2611,4000,0.7426,0.1002,0.1581,0.4172,0.5217,-0.01,11.22,160.7,0.76,128822.0,0.0,0.2362,0.0591,-0.0025,-0.0783,0.4412,-0.012,1.11
2612,4000,0.7449,0.0966,0.1592,0.3805,0.5124,-0.016,10.83,156.58,0.76,129059.0,0.0,0.2205,0.0535,-0.002,-0.0713,0.5041,-0.0105,1.11
2613,4000,0.7447,0.0958,0.1602,0.3907,0.5379,-0.0123,11.3,149.01,0.76,129499.0,0.0,0.2317,0.0559,-0.0019,-0.0719,0.484,-0.0139,1.11
2614,4000,0.7452,0.0954,0.1602,0.3979,0.5175,-0.0135,10.54,158.1,0.76,129421.0,0.0,0.23,0.0571,-0.002,-0.075,0.4808,-0.0137,1.11
2615,4000,0.7426,0.0979,0.1602,0.3913,0.519,-0.0153,11.43,162.56,0.76,129648.0,0.0,0.2273,0.0547,-0.0017,-0.0701,0.4689,-0.0138,1.11
2616,4000,0.7409,0.1004,0.1595,0.3986,0.501,-0.0159,11.13,160.66,0.76,128840.0,0.0,0.2284,0.0563,-0.0021,-0.0725,0.4859,-0.0124,1.11
2617,4000,0.7356,0.1037,0.1617,0.399,0.5301,-0.0114,11.71,148.54,0.76,129023.0,0.0,0.2321,0.0565,-0.0021,-0.0731,0.5168,-0.0142,1.1
2618,4000,0.7399,0.102,0.1593,0.3816,0.5284,-0.0156,11.88,168.48,0.77,128458.0,0.0,0.2248,0.0531,-0.0021,-0.0669,0.5025,-0.0147,1.1
2619,4000,0.7456,0.1003,0.1554,0.4063,0.5056,-0.0132,10.47,176.73,0.76,128620.0,0.0,0.2304,0.0571,-0.0022,-0.0731,0.495,-0.0138,1.1
2620,4000,0.7411,0.1012,0.1591,0.3975,0.5136,-0.0152,11.34,165.32,0.76,129366.0,0.0,0.2296,0.0565,-0.0023,-0.0734,0.4443,-0.0135,1.1
2621,4000,0.739,0.0988,0.1635,0.3842,0.5035,-0.0153,10.64,160.61,0.76,129555.0,0.0,0.221,0.0546,-0.0023,-0.0727,0.4838,-0.0107,1.1
2622,4000,0.7363,0.1006,0.1641,0.3778,0.5257,-0.0147,11.36,151.53,0.77,128471.0,0.0,0.2217,0.0536,-0.0023,-0.0692,0.501,-0.009,1.1
2623,4000,0.7369,0.0983,0.1656,0.4125,0.4916,-0.0144,10.82,154.05,0.77,127697.0,0.0,0.2314,0.0587,-0.0018,-0.0747,0.5031,-0.0115,1.1
2624,4000,0.734,0.101,0.1655,0.3734,0.5183,-0.0164,10.22,142.16,0.76,128716.0,0.0,0.2229,0.0521,-0.0021,-0.0666,0.4834,-0.0146,1.1
2625,4000,0.7336,0.1064,0.1605,0.4029,0.5134,-0.0127,11.38,151.88,0.77,128125.0,0.0,0.2294,0.0575,-0.0019,-0.0737,0.478,-0.0118,1.1
2626,4000,0.7348,0.1046,0.1615,0.4185,0.4945,-0.0131,10.81,157.49,0.77,128468.0,0.0,0.2305,0.0597,-0.0025,-0.0749,0.504,-0.0089,1.1
2627,4000,0.7289,0.1044,0.1679,0.3996,0.4847,-0.0172,10.75,152.71,0.77,128210.0,0.0,0.2231,0.0564,-0.0021,-0.0726,0.4871,-0.0133,1.1
2628,4000,0.7255,0.1062,0.1695,0.397,0.4989,-0.0152,11.13,156.35,0.77,127638.0,0.0,0.2251,0.0569,-0.0021,-0.0727,0.4682,-0.0134,1.1
2629,4000,0.721,0.1083,0.1719,0.4269,0.4847,-0.0151,11.29,168.27,0.77,127449.0,0.0,0.2359,0.0595,-0.0021,-0.0756,0.4511,-0.0112,1.1
2630,4000,0.715,0.1106,0.1756,0.4201,0.4888,-0.0149,11.29,153.32,0.77,128386.0,0.0,0.233,0.0593,-0.0021,-0.0735,0.4477,-0.009,1.1
2631,4000,0.7109,0.1128,0.1771,0.4113,0.4901,-0.014,11.53,165.68,0.77,127595.0,0.0,0.2315,0.0586,-0.002,-0.076,0.4217,-0.014,1.1
2632,4000,0.7059,0.1117,0.1832,0.4078,0.5022,-0.0139,11.27,155.27,0.77,128127.0,0.0,0.2316,0.0578,-0.0023,-0.0723,0.4908,-0.0117,1.1
2633,4000,0.7086,0.1098,0.1828,0.4263,0.4944,-0.0142,10.79,164.87,0.76,128839.0,0.0,0.2341,0.0596,-0.0023,-0.0733,0.4799,-0.0092,1.1
2634,4000,0.7063,0.109,0.1859,0.429,0.4893,-0.0137,10.51,166.11,0.77,128039.0,0.0,0.2364,0.0609,-0.0022,-0.0751,0.4464,-0.0142,1.1
2635,4000,0.7046,0.1088,0.1878,0.4299,0.514,-0.011,11.88,167.72,0.81,121637.0,0.0,0.2407,0.061,-0.0023,-0.0743,0.495,-0.0103,1.1
2636,4000,0.7068,0.1072,0.1873,0.3966,0.506,-0.0156,10.38,144.1,0.76,129210.0,0.0,0.2249,0.0558,-0.0026,-0.0695,0.4982,-0.0109,1.1
2637,4000,0.708,0.1042,0.1892,0.4311,0.4865,-0.013,11.8,163.28,0.76,128905.0,0.0,0.2385,0.0604,-0.0024,-0.0761,0.4727,-0.0126,1.1
2638,4000,0.7051,0.1025,0.1938,0.4301,0.4923,-0.0132,11.96,147.73,0.76,128739.0,0.0,0.2427,0.0606,-0.0021,-0.0747,0.5406,-0.0115,1.1
2639,4000,0.7035,0.1036,0.1946,0.411,0.4793,-0.0175,10.52,166.74,0.77,128203.0,0.0,0.2267,0.0581,-0.0024,-0.0724,0.4678,-0.0131,1.1
2640,4000,0.7037,0.1036,0.1942,0.4385,0.4974,-0.0118,11.23,152.05,0.77,126981.0,0.0,0.2463,0.0626,-0.0024,-0.0741,0.5052,-0.0134,1.1
2641,4000,0.7052,0.1038,0.1917,0.4416,0.5045,-0.0113,11.34,168.29,0.76,129630.0,0.0,0.2447,0.0628,-0.0023,-0.0759,0.528,-0.0145,1.1
2642,4000,0.7109,0.1008,0.189,0.4101,0.5093,-0.0143,10.59,142.55,0.76,129546.0,0.0,0.2308,0.0591,-0.0021,-0.0712,0.5858,-0.0104,1.1
2643,4000,0.7103,0.1022,0.1883,0.4038,0.4667,-0.0189,10.15,155.41,0.77,128416.0,0.0,0.2245,0.0571,-0.0019,-0.0741,0.4547,-0.009,1.1
2644,4000,0.71,0.1036,0.1871,0.4086,0.5092,-0.0142,11.23,163.51,0.76,128616.0,0.0,0.2325,0.0585,-0.0024,-0.0732,0.5202,-0.0128,1.1
2645,4000,0.7159,0.1022,0.1825,0.4274,0.51,-0.0128,12.21,184.49,0.77,128458.0,0.0,0.2387,0.0607,-0.0022,-0.0754,0.5191,-0.0144,1.1
2646,4000,0.7216,0.1009,0.1782,0.4065,0.5111,-0.0155,10.96,157.78,0.76,128592.0,0.0,0.2336,0.0569,-0.002,-0.069,0.5436,-0.0127,1.1
2647,4000,0.7221,0.1042,0.1745,0.4063,0.5007,-0.0156,11.07,160.65,0.76,129258.0,0.0,0.2276,0.0582,-0.0022,-0.0715,0.4816,-0.0105,1.1
2648,4000,0.7203,0.1043,0.1761,0.4071,0.5272,-0.0107,11.24,163.47,0.77,128125.0,0.0,0.2321,0.0572,-0.0025,-0.0702,0.5167,-0.0133,1.1
2649,4000,0.7238,0.1025,0.1745,0.3942,0.5019,-0.0159,11.43,156.69,0.77,127310.0,0.0,0.225,0.0563,-0.0024,-0.0695,0.534,-0.0134,1.1
2650,4000,0.7239,0.1052,0.1717,0.3844,0.5132,-0.0166,10.57,143.95,0.76,128675.0,0.0,0.2219,0.0541,-0.0022,-0.0684,0.5162,-0.0129,1.1
2651,4000,0.726,0.1081,0.1667,0.4001,0.5089,-0.0159,10.52,163.64,0.77,128176.0,0.0,0.2313,0.0567,-0.0021,-0.0704,0.5122,-0.0136,1.1
2652,4000,0.7332,0.1068,0.1608,0.3993,0.5437,-0.012,11.42,158.01,0.76,128638.0,0.0,0.2356,0.0566,-0.0021,-0.0695,0.5278,-0.0095,1.1
2653,4000,0.7408,0.1045,0.1555,0.3855,0.5324,-0.0135,10.97,149.7,0.76,129214.0,0.0,0.2275,0.0545,-0.0022,-0.0672,0.5759,-0.0126,1.1
2654,4000,0.7421,0.1062,0.1525,0.3995,0.5177,-0.015,11.64,181.47,0.77,128242.0,0.0,0.2312,0.0566,-0.002,-0.0711,0.5141,-0.0141,1.1
2655,4000,0.7407,0.1084,0.1516,0.3948,0.5137,-0.0154,10.55,171.24,0.77,126859.0,0.0,0.2271,0.0567,-0.0024,-0.0692,0.5605,-0.0127,1.1
2656,4000,0.7338,0.1146,0.152,0.3909,0.5263,-0.0149,11.17,149.22,0.76,128666.0,0.0,0.2286,0.0548,-0.0023,-0.0673,0.5222,-0.0143,1.1
2657,4000,0.7342,0.1159,0.1502,0.3926,0.5437,-0.0129,11.88,162.65,0.77,127977.0,0.0,0.2306,0.0558,-0.0022,-0.0684,0.4503,-0.0145,1.1
2658,4000,0.7402,0.1121,0.148,0.3921,0.5365,-0.0117,11.4,166.46,0.76,128602.0,0.0,0.2278,0.0554,-0.0021,-0.07,0.4978,-0.0128,1.1
2659,4000,0.7461,0.1069,0.1473,0.3958,0.5153,-0.0142,11.19,166.63,0.76,129890.0,0.0,0.2321,0.0557,-0.0023,-0.0693,0.5018,-0.0146,1.1
2660,4000,0.7454,0.1055,0.1493,0.3974,0.5295,-0.0124,11.35,142.9,0.76,129301.0,0.0,0.2275,0.056,-0.0023,-0.0729,0.5208,-0.0092,1.1
2661,4000,0.747,0.1068,0.1465,0.3761,0.5334,-0.0147,11.85,163.4,0.78,126750.0,0.0,0.2213,0.0529,-0.0024,-0.0681,0.5207,-0.0137,1.1
2662,4000,0.7544,0.1063,0.1395,0.3747,0.5521,-0.0129,11.24,163.19,0.77,127595.0,0.0,0.2277,0.0518,-0.0019,-0.0663,0.5161,-0.0146,1.1
2663,4000,0.758,0.1058,0.1366,0.3661,0.5397,-0.0134,10.12,146.32,0.76,128927.0,0.0,0.2201,0.0507,-0.0021,-0.0669,0.4795,-0.0143,1.1
2664,4000,0.7568,0.1058,0.1379,0.3969,0.5169,-0.0139,12.07,153.17,0.76,128539.0,0.0,0.233,0.0562,-0.002,-0.0729,0.6239,-0.0112,1.1
2665,4000,0.7559,0.1046,0.1399,0.3781,0.546,-0.0116,11.51,144.69,0.77,128339.0,0.0,0.2242,0.0524,-0.0021,-0.0687,0.5506,-0.0136,1.1
2666,4000,0.7581,0.103,0.1393,0.3582,0.5342,-0.0157,10.9,140.0,0.77,128072.0,0.0,0.2166,0.0501,-0.0022,-0.0659,0.532,-0.0099,1.1
2667,4000,0.7605,0.1041,0.1358,0.3736,0.5316,-0.0139,10.6,150.32,0.76,128786.0,0.0,0.223,0.0515,-0.0018,-0.069,0.5048,-0.0118,1.1
2668,4000,0.7593,0.1044,0.1364,0.3872,0.5414,-0.0111,11.72,161.41,0.77,128466.0,0.0,0.2296,0.0534,-0.002,-0.0713,0.5303,-0.0093,1.1
2669,4000,0.7611,0.1023,0.1368,0.379,0.5015,-0.0182,10.33,170.37,0.76,129063.0,0.0,0.2181,0.052,-0.0023,-0.0706,0.4753,-0.0134,1.1
2670,4000,0.7543,0.1048,0.1411,0.3944,0.5177,-0.0132,10.87,168.67,0.76,128779.0,0.0,0.228,0.0559,-0.0022,-0.0726,0.4325,-0.0143,1.1
2671,4000,0.7524,0.1018,0.1464,0.4072,0.5188,-0.0124,11.48,166.35,0.76,128564.0,0.0,0.2299,0.0564,-0.002,-0.0765,0.4313,-0.0112,1.1
2672,4000,0.7524,0.1007,0.1473,0.3834,0.5321,-0.0136,11.3,155.83,0.76,128746.0,0.0,0.2235,0.0524,-0.0019,-0.0709,0.5169,-0.0119,1.1
2673,4000,0.7513,0.1021,0.147,0.402,0.5015,-0.0157,11.39,138.03,0.76,128718.0,0.0,0.2303,0.0556,-0.0025,-0.0731,0.4645,-0.0131,1.1
2674,4000,0.7499,0.1022,0.1481,0.4061,0.5203,-0.0117,10.04,165.59,0.77,127791.0,0.0,0.2308,0.0563,-0.0025,-0.0769,0.4484,-0.0131,1.1
2675,4000,0.7444,0.1015,0.1543,0.3861,0.5101,-0.016,10.89,145.02,0.76,129853.0,0.0,0.2208,0.0532,-0.0028,-0.0726,0.4861,-0.0137,1.1
2676,4000,0.741,0.1001,0.1593,0.4192,0.501,-0.011,11.18,158.49,0.76,129589.0,0.0,0.2319,0.0582,-0.0019,-0.0814,0.4506,-0.0134,1.1
2677,4000,0.7381,0.1006,0.1616,0.395,0.5217,-0.0146,10.79,158.24,0.76,129305.0,0.0,0.2262,0.054,-0.002,-0.0758,0.4486,-0.013,1.1
2678,4000,0.7377,0.1017,0.1612,0.3984,0.5292,-0.0127,10.85,140.8,0.76,128586.0,0.0,0.2314,0.0538,-0.0022,-0.0723,0.4033,-0.0135,1.11
2679,4000,0.7395,0.0999,0.1615,0.4225,0.5074,-0.0127,10.0,149.57,0.76,128903.0,0.0,0.2374,0.0573,-0.002,-0.0789,0.5081,-0.0135,1.11
2680,4000,0.7423,0.1004,0.1583,0.397,0.5329,-0.0126,11.33,158.55,0.76,128685.0,0.0,0.2262,0.0539,-0.0019,-0.0741,0.4116,-0.0122,1.11
2681,4000,0.7473,0.0945,0.1593,0.396,0.5383,-0.0114,10.53,160.07,0.76,129225.0,0.0,0.2348,0.0548,-0.002,-0.0762,0.5087,-0.0138,1.11
2682,4000,0.7473,0.0942,0.1595,0.4112,0.5114,-0.0134,10.38,147.15,0.76,129424.0,0.0,0.2347,0.0552,-0.0023,-0.0754,0.5162,-0.0136,1.11
2683,4000,0.7417,0.0975,0.1615,0.4096,0.4996,-0.0154,11.19,175.12,0.77,127171.0,0.0,0.2336,0.0555,-0.0022,-0.0762,0.4838,-0.0141,1.11
2684,4000,0.7386,0.0971,0.1649,0.4063,0.5177,-0.013,10.85,158.33,0.77,128156.0,0.0,0.2298,0.0552,-0.0021,-0.0766,0.4359,-0.013,1.11
2685,4000,0.7363,0.0957,0.1688,0.4098,0.5107,-0.0139,11.69,164.95,0.77,127190.0,0.0,0.2284,0.0564,-0.0023,-0.0802,0.4778,-0.0135,1.1
2686,4000,0.7327,0.0967,0.1714,0.4362,0.4849,-0.0128,11.18,174.73,0.77,126986.0,0.0,0.243,0.0593,-0.0018,-0.0829,0.4687,-0.013,1.1
2687,4000,0.7341,0.0926,0.174,0.3859,0.5425,-0.0107,11.32,151.55,0.76,129431.0,0.0,0.2276,0.0521,-0.0022,-0.0699,0.4323,-0.0138,1.1
2688,4000,0.7316,0.0912,0.1778,0.418,0.5004,-0.014,11.17,155.64,0.76,129556.0,0.0,0.2314,0.0575,-0.0022,-0.082,0.4255,-0.0138,1.1
2689,4000,0.7335,0.0872,0.1797,0.4211,0.5195,-0.011,11.21,169.44,0.76,129724.0,0.0,0.2416,0.0564,-0.0019,-0.0795,0.4742,-0.0137,1.1
2690,4000,0.7373,0.0858,0.1771,0.3902,0.5258,-0.0142,11.39,169.77,0.76,129537.0,0.0,0.2296,0.0527,-0.0021,-0.0723,0.4513,-0.0132,1.1
2691,4000,0.7365,0.0881,0.1757,0.4175,0.5113,-0.0122,11.1,158.1,0.76,129119.0,0.0,0.2413,0.0558,-0.002,-0.078,0.4556,-0.0131,1.1
2692,4000,0.7384,0.0892,0.1728,0.3985,0.515,-0.0129,11.85,167.59,0.76,129355.0,0.0,0.2296,0.0539,-0.0023,-0.0756,0.4912,-0.0141,1.1
2693,4000,0.7355,0.0886,0.1763,0.4216,0.5037,-0.0139,11.68,155.79,0.77,128249.0,0.0,0.2364,0.058,-0.0019,-0.0793,0.4456,-0.0115,1.1
2694,4000,0.7349,0.0865,0.1788,0.4311,0.4902,-0.0136,12.01,165.82,0.76,129040.0,0.0,0.2406,0.0589,-0.0022,-0.0814,0.4639,-0.0091,1.1
2695,4000,0.7328,0.0881,0.1793,0.4036,0.4897,-0.0154,10.45,171.78,0.76,129337.0,0.0,0.2267,0.0543,-0.0017,-0.0782,0.4,-0.0132,1.1
2696,4000,0.7275,0.0904,0.1822,0.4141,0.505,-0.0141,10.09,151.34,0.76,128677.0,0.0,0.2333,0.0556,-0.0021,-0.0778,0.5019,-0.0143,1.1
2697,4000,0.7235,0.0955,0.1811,0.4068,0.5043,-0.0143,10.32,146.17,0.76,128876.0,0.0,0.2337,0.0549,-0.002,-0.0773,0.458,-0.0101,1.1
2698,4000,0.7191,0.0994,0.1815,0.4106,0.5084,-0.0127,10.74,148.58,0.76,129297.0,0.0,0.2313,0.0551,-0.002,-0.0784,0.4353,-0.0087,1.1
2699,4000,0.7209,0.0991,0.1801,0.3925,0.5286,-0.0134,10.58,145.21,0.76,129292.0,0.0,0.2312,0.0528,-0.0021,-0.0757,0.4902,-0.0144,1.1
2700,4000,0.7254,0.0991,0.1755,0.4021,0.5169,-0.0131,11.33,169.39,0.77,128442.0,0.0,0.2317,0.0542,-0.002,-0.0739,0.4826,-0.0147,1.1
2701,4000,0.7243,0.1005,0.1751,0.4114,0.4891,-0.017,10.9,167.66,0.79,125041.0,0.0,0.2267,0.0553,-0.0018,-0.0777,0.4894,-0.0102,1.1
2702,4000,0.7236,0.1005,0.1759,0.4136,0.5032,-0.0123,11.3,159.35,0.77,128146.0,0.0,0.2347,0.0549,-0.002,-0.0787,0.4619,-0.0113,1.1
2703,4000,0.7247,0.0989,0.1765,0.4128,0.5088,-0.0123,10.35,154.45,0.79,124900.0,0.0,0.2336,0.0549,-0.0019,-0.0803,0.4459,-0.0132,1.1
2704,4000,0.7239,0.0998,0.1765,0.4139,0.512,-0.0138,11.01,157.87,0.78,125423.0,0.0,0.2324,0.0555,-0.0021,-0.0803,0.4443,-0.0138,1.1
2705,4000,0.7214,0.1003,0.1786,0.4095,0.5064,-0.0132,10.78,156.28,0.77,127258.0,0.0,0.2324,0.0545,-0.0021,-0.0794,0.4608,-0.0151,1.1
2706,4000,0.7211,0.1003,0.1788,0.3951,0.5245,-0.0131,10.88,142.25,0.76,128871.0,0.0,0.2304,0.0531,-0.002,-0.0779,0.5398,-0.0135,1.1
2707,4000,0.7219,0.1015,0.1767,0.4289,0.4984,-0.0141,11.97,176.03,0.76,129093.0,0.0,0.2355,0.0569,-0.0019,-0.0849,0.5144,-0.0128,1.1
2708,4000,0.7192,0.1051,0.1759,0.4109,0.5031,-0.0145,11.18,146.83,0.77,127568.0,0.0,0.229,0.0547,-0.0018,-0.0823,0.4693,-0.0136,1.1
2709,4000,0.7195,0.1074,0.1735,0.4059,0.4928,-0.0159,11.08,164.09,0.76,129470.0,0.0,0.2351,0.0535,-0.0019,-0.0792,0.5317,-0.0129,1.1
2710,4000,0.7167,0.1113,0.1728,0.4072,0.486,-0.0176,10.36,155.64,0.76,128625.0,0.0,0.2269,0.054,-0.0018,-0.0807,0.4517,-0.0124,1.1
2711,4000,0.7184,0.1102,0.1723,0.3872,0.5192,-0.0144,10.3,148.27,0.76,129650.0,0.0,0.227,0.0514,-0.0018,-0.077,0.4962,-0.0122,1.1
2712,4000,0.7203,0.1092,0.1714,0.4031,0.5122,-0.0136,10.67,162.08,0.77,128080.0,0.0,0.228,0.0539,-0.0019,-0.0809,0.4872,-0.0134,1.1
2713,4000,0.7204,0.1082,0.1722,0.4075,0.516,-0.0142,11.38,156.15,0.76,129072.0,0.0,0.2365,0.0536,-0.0019,-0.0786,0.4966,-0.0133,1.1
2714,4000,0.7201,0.1078,0.1729,0.4145,0.4963,-0.0138,10.34,150.8,0.77,128340.0,0.0,0.2332,0.0553,-0.0018,-0.0844,0.5871,-0.0134,1.1
2715,4000,0.7204,0.1072,0.1731,0.3841,0.497,-0.0175,10.94,149.79,0.76,129528.0,0.0,0.2238,0.051,-0.002,-0.0766,0.4416,-0.0141,1.1
2716,4000,0.7215,0.1058,0.1729,0.421,0.5014,-0.0143,10.68,149.15,0.76,128602.0,0.0,0.23,0.0562,-0.0019,-0.0865,0.4412,-0.0128,1.1
2717,4000,0.7219,0.1068,0.1713,0.419,0.5143,-0.0124,11.29,152.81,0.76,128928.0,0.0,0.2352,0.0559,-0.0018,-0.0849,0.4567,-0.014,1.1
2718,4000,0.7214,0.1044,0.1742,0.4207,0.5122,-0.0099,11.19,142.36,0.76,128624.0,0.0,0.2389,0.0556,-0.0019,-0.0844,0.4988,-0.0137,1.1
2719,4000,0.719,0.105,0.1762,0.3964,0.4937,-0.0169,10.83,164.56,0.76,129353.0,0.0,0.2238,0.0527,-0.0017,-0.0787,0.5104,-0.0144,1.1
2720,4000,0.7166,0.1068,0.1768,0.4149,0.4993,-0.0138,11.51,157.29,0.76,128975.0,0.0,0.2326,0.054,-0.0019,-0.0832,0.4246,-0.0113,1.1
2721,4000,0.7144,0.1053,0.1805,0.4183,0.499,-0.0137,10.05,143.52,0.76,129367.0,0.0,0.232,0.0551,-0.0018,-0.0858,0.4841,-0.0126,1.1
2722,4000,0.713,0.1077,0.1796,0.415,0.5039,-0.0136,10.82,175.03,0.76,128989.0,0.0,0.2331,0.0546,-0.0021,-0.0861,0.5071,-0.0133,1.1
2723,4000,0.7131,0.1062,0.1807,0.4111,0.5028,-0.0133,11.37,168.89,0.76,129522.0,0.0,0.2336,0.0545,-0.0021,-0.0855,0.4464,-0.0136,1.1
2724,4000,0.7109,0.1088,0.1803,0.4149,0.4943,-0.0161,10.65,160.14,0.76,130033.0,0.0,0.2312,0.0543,-0.0019,-0.0851,0.447,-0.0127,1.1
2725,4000,0.7172,0.1062,0.1765,0.3822,0.545,-0.0122,10.5,132.22,0.76,129820.0,0.0,0.2263,0.0512,-0.0018,-0.08,0.4953,-0.0128,1.1
2726,4000,0.7221,0.1048,0.173,0.4354,0.5063,-0.0121,11.58,178.65,0.78,126565.0,0.0,0.2424,0.0565,-0.0021,-0.0896,0.4804,-0.0145,1.1
2727,4000,0.7239,0.1031,0.173,0.4339,0.4787,-0.0154,10.53,161.51,0.76,129388.0,0.0,0.237,0.0581,-0.0018,-0.0897,0.4872,-0.0127,1.1
2728,4000,0.7201,0.1077,0.1722,0.389,0.5081,-0.0162,11.09,157.47,0.76,129047.0,0.0,0.2264,0.0506,-0.0019,-0.0778,0.493,-0.013,1.1
2729,4000,0.7206,0.1072,0.1725,0.3967,0.5194,-0.0131,11.18,161.46,0.76,129443.0,0.0,0.2292,0.0531,-0.0018,-0.0818,0.5064,-0.0112,1.1
2730,4000,0.7225,0.1037,0.1741,0.3902,0.5222,-0.0134,11.2,146.87,0.76,129422.0,0.0,0.2255,0.0514,-0.002,-0.0809,0.508,-0.0134,1.1
2731,4000,0.726,0.1034,0.1711,0.3937,0.5155,-0.0147,10.92,156.9,0.76,129573.0,0.0,0.2258,0.0521,-0.0018,-0.0835,0.4421,-0.013,1.1
2732,4000,0.7281,0.1025,0.1701,0.3924,0.5112,-0.0149,10.84,148.34,0.77,128291.0,0.0,0.225,0.0518,-0.002,-0.0804,0.4947,-0.0128,1.1
2733,4000,0.7286,0.1022,0.17,0.4034,0.5139,-0.0124,11.02,168.23,0.77,128471.0,0.0,0.2321,0.0535,-0.0019,-0.0843,0.5001,-0.0118,1.1
2734,4000,0.7274,0.1037,0.1698,0.4017,0.4859,-0.0165,10.4,155.68,0.77,128361.0,0.0,0.224,0.0538,-0.0016,-0.0844,0.4479,-0.0128,1.1
2735,4000,0.7259,0.1043,0.1706,0.3872,0.5122,-0.015,10.75,164.5,0.76,129929.0,0.0,0.2286,0.0513,-0.0016,-0.0788,0.512,-0.0136,1.1
2736,4000,0.7269,0.1065,0.1673,0.4034,0.5169,-0.0146,10.96,168.0,0.76,128728.0,0.0,0.2314,0.0543,-0.0019,-0.0847,0.5065,-0.0105,1.1
2737,4000,0.7274,0.103,0.1703,0.432,0.4756,-0.0141,10.12,152.68,0.76,128976.0,0.0,0.2386,0.0569,-0.0019,-0.0902,0.4478,-0.0127,1.1
2738,4000,0.7222,0.1046,0.1738,0.4081,0.4937,-0.0159,10.93,147.34,0.77,128436.0,0.0,0.2347,0.0552,-0.0018,-0.0848,0.4143,-0.0136,1.1
2739,4000,0.7179,0.1042,0.1784,0.4274,0.514,-0.0113,10.67,135.68,0.77,127401.0,0.0,0.2407,0.0581,-0.002,-0.0864,0.4898,-0.0133,1.1
2740,4000,0.7171,0.1052,0.1782,0.4153,0.4939,-0.0159,10.91,162.34,0.77,127589.0,0.0,0.2342,0.0563,-0.0018,-0.0861,0.4428,-0.0137,1.1
2741,4000,0.7175,0.1055,0.1774,0.4229,0.4872,-0.0148,10.95,178.92,0.76,129995.0,0.0,0.2335,0.0567,-0.0018,-0.0862,0.4555,-0.014,1.1
2742,4000,0.7178,0.1055,0.1772,0.4076,0.5341,-0.0123,11.91,165.34,0.76,129196.0,0.0,0.2366,0.0549,-0.002,-0.083,0.4545,-0.0144,1.1
2743,4000,0.7209,0.1025,0.177,0.4388,0.5007,-0.0109,10.82,179.28,0.77,128493.0,0.0,0.2432,0.0585,-0.0017,-0.0882,0.3934,-0.0142,1.1
2744,4000,0.721,0.0986,0.1807,0.4218,0.5046,-0.013,10.61,171.18,0.76,129280.0,0.0,0.2394,0.0566,-0.0016,-0.082,0.5366,-0.0137,1.1
2745,4000,0.7175,0.0994,0.1834,0.4301,0.4881,-0.0157,11.65,165.89,0.76,129068.0,0.0,0.2403,0.0579,-0.0018,-0.084,0.5038,-0.0132,1.1
2746,4000,0.7168,0.1,0.1834,0.417,0.5086,-0.0141,11.27,164.29,0.76,128810.0,0.0,0.2329,0.0557,-0.002,-0.0813,0.5397,-0.0141,1.1
2747,4000,0.7139,0.101,0.1857,0.4228,0.5013,-0.0126,11.48,156.37,0.76,129258.0,0.0,0.235,0.0571,-0.002,-0.0845,0.4625,-0.0132,1.1
2748,4000,0.7169,0.1001,0.1836,0.4077,0.5142,-0.0126,12.06,182.86,0.76,129616.0,0.0,0.235,0.0541,-0.0017,-0.0801,0.4578,-0.012,1.1
2749,4000,0.7148,0.1014,0.1843,0.4183,0.5074,-0.0125,10.65,151.63,0.76,129018.0,0.0,0.2418,0.0554,-0.0017,-0.0795,0.4513,-0.0108,1.1
2750,4000,0.7126,0.1013,0.1863,0.4206,0.4689,-0.0162,10.53,170.09,0.76,128869.0,0.0,0.2304,0.0571,-0.002,-0.0835,0.4507,-0.0131,1.1
2751,4000,0.7029,0.102,0.1954,0.4385,0.4769,-0.0123,11.21,161.77,0.76,129166.0,0.0,0.2431,0.0595,-0.002,-0.0848,0.4353,-0.0123,1.1
2752,4000,0.7048,0.0989,0.1965,0.4195,0.5055,-0.013,11.79,172.54,0.76,128717.0,0.0,0.2326,0.0573,-0.0021,-0.0831,0.4791,-0.0114,1.1
2753,4000,0.7044,0.1,0.1959,0.4344,0.5028,-0.0119,10.98,150.93,0.77,127825.0,0.0,0.2397,0.0594,-0.002,-0.0866,0.4653,-0.0129,1.1
2754,4000,0.7096,0.1025,0.1879,0.4172,0.4962,-0.0149,11.22,178.3,0.77,128279.0,0.0,0.236,0.0569,-0.0019,-0.0802,0.4447,-0.0132,1.1
2755,4000,0.7114,0.0996,0.1889,0.4281,0.4888,-0.0148,10.15,151.06,0.76,129277.0,0.0,0.2417,0.0575,-0.0022,-0.0825,0.4208,-0.0145,1.1
2756,4000,0.7141,0.0976,0.1884,0.4534,0.4973,-0.0126,11.51,178.79,0.76,128881.0,0.0,0.2514,0.0611,-0.0021,-0.0861,0.4329,-0.0131,1.1
2757,4000,0.7084,0.0958,0.1958,0.4719,0.476,-0.0111,12.03,178.69,0.76,129578.0,0.0,0.2579,0.0644,-0.0021,-0.0917,0.4427,-0.0119,1.1
2758,4000,0.7067,0.0942,0.1993,0.4286,0.4986,-0.0143,11.12,166.26,0.76,129686.0,0.0,0.2436,0.0587,-0.002,-0.0801,0.6098,-0.0123,1.1
2759,4000,0.7013,0.0967,0.2023,0.4551,0.4643,-0.0155,11.21,148.97,0.76,129641.0,0.0,0.2441,0.0624,-0.0021,-0.0872,0.4948,-0.0095,1.1
2760,4000,0.7025,0.0984,0.1996,0.4371,0.4939,-0.015,11.84,174.82,0.76,128603.0,0.0,0.2465,0.06,-0.0021,-0.085,0.5286,-0.0124,1.1
2761,4000,0.709,0.0982,0.1933,0.454,0.5017,-0.0121,10.46,171.14,0.76,128760.0,0.0,0.2483,0.0627,-0.0021,-0.0892,0.5754,-0.0119,1.1
2762,4000,0.7108,0.0989,0.1909,0.4426,0.4886,-0.014,10.75,160.93,0.76,129156.0,0.0,0.2449,0.0585,-0.002,-0.0819,0.4821,-0.0144,1.1
2763,4000,0.71,0.1,0.1903,0.4261,0.4935,-0.0134,11.35,183.48,0.76,129813.0,0.0,0.2379,0.0575,-0.0022,-0.0801,0.4403,-0.014,1.11
2764,4000,0.7076,0.0998,0.1932,0.4224,0.5032,-0.0132,11.63,171.79,0.76,129193.0,0.0,0.2372,0.0574,-0.0021,-0.081,0.4715,-0.0134,1.11
2765,4000,0.7075,0.0987,0.1944,0.4204,0.5022,-0.0139,10.93,183.02,0.76,128665.0,0.0,0.2346,0.0578,-0.0021,-0.0814,0.4737,-0.0137,1.11
2766,4000,0.7107,0.0994,0.1905,0.4112,0.5066,-0.0159,10.84,157.56,0.76,129238.0,0.0,0.2339,0.0555,-0.0021,-0.0788,0.5754,-0.0148,1.11
2767,4000,0.7104,0.1033,0.1865,0.4062,0.5023,-0.0165,11.55,168.46,0.76,128661.0,0.0,0.2296,0.0553,-0.0021,-0.0775,0.5019,-0.0144,1.11
2768,4000,0.7141,0.1018,0.1843,0.4234,0.4925,-0.0153,11.46,178.44,0.76,129790.0,0.0,0.235,0.0562,-0.0019,-0.0789,0.5011,-0.0147,1.11
2769,4000,0.7102,0.1048,0.1854,0.4198,0.491,-0.0167,10.93,172.96,0.76,129666.0,0.0,0.2333,0.0577,-0.002,-0.0826,0.5771,-0.0117,1.11
2770,4000,0.7066,0.1094,0.1844,0.4023,0.502,-0.0147,11.35,151.98,0.76,129377.0,0.0,0.2304,0.0548,-0.0019,-0.0798,0.5148,-0.0114,1.11
2771,4000,0.7116,0.1087,0.1804,0.4067,0.5105,-0.0156,11.24,145.59,0.76,129532.0,0.0,0.2305,0.0566,-0.0023,-0.0782,0.4845,-0.0127,1.11
2772,4000,0.7136,0.1078,0.1793,0.4369,0.5006,-0.0108,11.22,165.0,0.76,129127.0,0.0,0.2446,0.0601,-0.0022,-0.0872,0.4938,-0.0092,1.11
2773,4000,0.7174,0.1073,0.1757,0.4138,0.4928,-0.0163,10.22,167.29,0.76,128883.0,0.0,0.2315,0.0578,-0.0023,-0.0807,0.4437,-0.0142,1.11
2774,4000,0.7197,0.1061,0.1745,0.4131,0.5046,-0.0126,10.81,166.06,0.76,128858.0,0.0,0.2336,0.0572,-0.0022,-0.0793,0.4906,-0.0122,1.11
2775,4000,0.7216,0.1042,0.1744,0.4436,0.4794,-0.0127,10.97,181.69,0.77,127588.0,0.0,0.2429,0.0621,-0.0022,-0.086,0.4858,-0.013,1.11
2776,4000,0.7192,0.105,0.1762,0.4258,0.4891,-0.0154,10.96,169.88,0.76,129459.0,0.0,0.2363,0.0594,-0.0022,-0.0824,0.52,-0.0136,1.11
2777,4000,0.715,0.106,0.1794,0.4245,0.4765,-0.0177,10.68,157.62,0.76,128970.0,0.0,0.2326,0.0593,-0.0022,-0.0825,0.5142,-0.0143,1.11
2778,4000,0.7139,0.1086,0.1781,0.4149,0.4899,-0.0155,11.11,148.21,0.76,128770.0,0.0,0.2337,0.0572,-0.0022,-0.0777,0.5924,-0.0127,1.11
2779,4000,0.7099,0.1099,0.1806,0.4242,0.4869,-0.0179,9.23,146.22,0.76,129395.0,0.0,0.2391,0.0597,-0.002,-0.0801,0.5652,-0.0128,1.11
2780,4000,0.7072,0.1109,0.1823,0.4129,0.5065,-0.0144,10.79,137.47,0.76,129457.0,0.0,0.2397,0.057,-0.0019,-0.0771,0.5176,-0.0137,1.11
2781,4000,0.7067,0.1101,0.1838,0.4294,0.5046,-0.0122,11.43,162.09,0.76,129318.0,0.0,0.2442,0.0601,-0.0023,-0.079,0.4715,-0.0103,1.11
2782,4000,0.7103,0.1097,0.1808,0.4126,0.5393,-0.0111,12.13,171.84,0.76,128656.0,0.0,0.2386,0.0574,-0.0022,-0.0768,0.5443,-0.014,1.1
2783,4000,0.7191,0.1064,0.1754,0.4126,0.517,-0.0133,11.59,163.05,0.76,129356.0,0.0,0.2367,0.0573,-0.002,-0.0781,0.5976,-0.0139,1.11
2784,4000,0.72,0.1066,0.1744,0.4027,0.4885,-0.0185,9.7,151.29,0.76,128692.0,0.0,0.2297,0.0568,-0.002,-0.0763,0.563,-0.0139,1.11
2785,4000,0.7184,0.1086,0.174,0.4255,0.496,-0.0143,11.62,180.74,0.76,128767.0,0.0,0.2377,0.0599,-0.0023,-0.079,0.4911,-0.0133,1.11
2786,4000,0.7163,0.1116,0.173,0.4151,0.5099,-0.0156,11.14,170.6,0.76,129428.0,0.0,0.2396,0.0581,-0.002,-0.0769,0.4973,-0.0134,1.11
2787,4000,0.718,0.1124,0.1706,0.3985,0.5114,-0.0144,11.81,164.04,0.76,129641.0,0.0,0.2316,0.0571,-0.0022,-0.0765,0.4912,-0.0132,1.11
2788,4000,0.7243,0.1099,0.1668,0.4002,0.5299,-0.0125,11.01,152.68,0.76,128921.0,0.0,0.2383,0.0558,-0.002,-0.0734,0.5311,-0.0139,1.11
2789,4000,0.7279,0.1111,0.1622,0.3993,0.501,-0.0171,10.12,151.12,0.77,128489.0,0.0,0.2324,0.0565,-0.0024,-0.0743,0.5655,-0.0135,1.11
2790,4000,0.729,0.1129,0.1596,0.4105,0.5134,-0.0145,11.47,168.76,0.77,128392.0,0.0,0.2389,0.0569,-0.0025,-0.0755,0.4831,-0.0145,1.11
2791,4000,0.7306,0.1155,0.1554,0.4083,0.5253,-0.0124,11.28,146.68,0.76,129844.0,0.0,0.2382,0.0576,-0.002,-0.0754,0.5014,-0.0137,1.11
2792,4000,0.7338,0.1143,0.1532,0.3978,0.5096,-0.0166,11.25,159.46,0.76,128794.0,0.0,0.2315,0.0555,-0.0022,-0.0727,0.5208,-0.0137,1.11
2793,4000,0.7369,0.1117,0.1522,0.4114,0.508,-0.0137,11.44,168.81,0.76,129189.0,0.0,0.232,0.0586,-0.0024,-0.0778,0.4431,-0.0145,1.11
2794,4000,0.7359,0.1108,0.1542,0.4039,0.5192,-0.0134,12.27,161.71,0.77,128433.0,0.0,0.2362,0.0561,-0.0022,-0.0747,0.4609,-0.012,1.11
2795,4000,0.7364,0.1067,0.1576,0.4274,0.5149,-0.0118,11.15,172.11,0.76,129007.0,0.0,0.2455,0.0607,-0.002,-0.08,0.5116,-0.0127,1.11
2796,4000,0.7305,0.1089,0.1609,0.4041,0.5135,-0.0165,11.48,160.14,0.76,128946.0,0.0,0.235,0.0569,-0.0022,-0.0752,0.4957,-0.0135,1.11
2797,4000,0.7275,0.1103,0.1623,0.4317,0.4953,-0.0127,11.72,182.62,0.76,129051.0,0.0,0.2417,0.0606,-0.0024,-0.077,0.4924,-0.0143,1.11
2798,4000,0.7225,0.1121,0.1655,0.4261,0.4851,-0.0158,10.39,163.37,0.76,128575.0,0.0,0.2339,0.0604,-0.0019,-0.0801,0.4697,-0.0134,1.11
2799,4000,0.721,0.1113,0.168,0.4197,0.5179,-0.012,11.19,161.05,0.76,129559.0,0.0,0.2399,0.0588,-0.0024,-0.0756,0.5275,-0.0115,1.11
2800,4000,0.7182,0.1066,0.1757,0.4323,0.4886,-0.0159,11.61,172.18,0.77,128153.0,0.0,0.2385,0.0621,-0.0023,-0.08,0.502,-0.0128,1.11
2801,4000,0.7137,0.1071,0.1797,0.416,0.4781,-0.017,11.11,155.66,0.78,126224.0,0.0,0.2334,0.0589,-0.0024,-0.0752,0.4998,-0.0131,1.11
2802,4000,0.7127,0.1071,0.1805,0.4248,0.5091,-0.0134,10.43,154.92,0.77,127862.0,0.0,0.2393,0.0607,-0.0019,-0.0778,0.492,-0.013,1.11
2803,4000,0.7147,0.1057,0.1796,0.4319,0.4935,-0.0152,10.61,163.37,0.78,125875.0,0.0,0.2376,0.0604,-0.0022,-0.0767,0.5398,-0.0126,1.11
2804,4000,0.7129,0.109,0.1782,0.4327,0.5024,-0.0141,12.02,169.26,0.78,125829.0,0.0,0.2465,0.0613,-0.0022,-0.0792,0.5306,-0.0137,1.11
2805,4000,0.7104,0.1082,0.1817,0.4333,0.4746,-0.0164,10.8,193.14,0.78,126726.0,0.0,0.2409,0.0615,-0.0023,-0.0783,0.4863,-0.0122,1.11
2806,4000,0.709,0.1057,0.1858,0.4353,0.4993,-0.0136,10.96,165.39,0.77,128364.0,0.0,0.2474,0.0621,-0.0022,-0.0795,0.5004,-0.0137,1.11
2807,4000,0.7067,0.1059,0.1878,0.4276,0.4808,-0.0154,9.87,156.89,0.77,128249.0,0.0,0.2371,0.061,-0.0017,-0.0813,0.4054,-0.0142,1.11
2808,4000,0.706,0.107,0.1876,0.4305,0.5025,-0.0119,10.79,179.12,0.77,128053.0,0.0,0.2406,0.0613,-0.0021,-0.08,0.4773,-0.0138,1.1
2809,4000,0.7038,0.1057,0.1912,0.4462,0.4823,-0.0126,11.25,181.28,0.77,127853.0,0.0,0.2481,0.064,-0.0022,-0.081,0.4912,-0.014,1.1
2810,4000,0.7055,0.1016,0.1936,0.4348,0.4935,-0.0128,11.38,168.86,0.76,129054.0,0.0,0.2439,0.0618,-0.0022,-0.079,0.4764,-0.0113,1.1
2811,4000,0.7044,0.1015,0.1946,0.4281,0.4817,-0.0171,10.18,158.67,0.77,126852.0,0.0,0.2388,0.0609,-0.0022,-0.079,0.5157,-0.0131,1.1
2812,4000,0.7065,0.1017,0.1922,0.4296,0.5026,-0.0131,11.07,176.16,0.76,129013.0,0.0,0.2434,0.0617,-0.0023,-0.0782,0.4394,-0.0136,1.11
2813,4000,0.7096,0.0981,0.1927,0.4481,0.4839,-0.0137,11.84,169.59,0.76,129187.0,0.0,0.2474,0.0637,-0.0019,-0.0802,0.4846,-0.0133,1.11
2814,4000,0.7101,0.0947,0.1958,0.4303,0.5092,-0.0128,11.31,151.77,0.76,129463.0,0.0,0.2455,0.0615,-0.0022,-0.0788,0.4516,-0.0128,1.11
2815,4000,0.7093,0.0933,0.1979,0.4452,0.4959,-0.0128,11.08,175.24,0.76,128987.0,0.0,0.2466,0.0626,-0.0024,-0.0795,0.4471,-0.0133,1.11
2816,4000,0.7113,0.0934,0.1958,0.4186,0.5053,-0.0117,11.24,164.66,0.77,128468.0,0.0,0.2301,0.0587,-0.0024,-0.0775,0.4907,-0.0131,1.11
2817,4000,0.7065,0.0951,0.1985,0.4443,0.4668,-0.0151,11.49,178.43,0.77,128130.0,0.0,0.243,0.0631,-0.0022,-0.0818,0.5076,-0.013,1.1
2818,4000,0.7056,0.0979,0.1965,0.4094,0.4987,-0.0169,10.57,158.82,0.76,128802.0,0.0,0.2297,0.0562,-0.0021,-0.0733,0.5087,-0.0124,1.1
2819,4000,0.7049,0.101,0.1943,0.4325,0.4796,-0.016,10.45,172.1,0.76,128895.0,0.0,0.236,0.0608,-0.0024,-0.0776,0.4789,-0.0128,1.11
2820,4000,0.7044,0.1019,0.194,0.3967,0.5046,-0.0149,10.34,147.16,0.76,129394.0,0.0,0.2239,0.0549,-0.002,-0.0722,0.5318,-0.0139,1.11
2821,4000,0.7034,0.1023,0.1946,0.4498,0.4872,-0.0131,11.44,171.62,0.77,128169.0,0.0,0.2464,0.0632,-0.0023,-0.0809,0.4844,-0.0139,1.11
2822,4000,0.7055,0.1004,0.1943,0.4223,0.5003,-0.0135,10.84,168.22,0.76,129240.0,0.0,0.2385,0.0569,-0.002,-0.0743,0.4981,-0.0138,1.11
2823,4000,0.7063,0.1023,0.1917,0.4232,0.492,-0.0135,10.91,170.27,0.76,129708.0,0.0,0.2381,0.0586,-0.0022,-0.0751,0.5292,-0.0139,1.11
2824,4000,0.7062,0.1035,0.1908,0.4325,0.4971,-0.0132,11.52,178.29,0.77,126856.0,0.0,0.2395,0.06,-0.002,-0.0772,0.5065,-0.0139,1.11
2825,4000,0.71,0.103,0.1878,0.4274,0.4987,-0.0128,11.25,178.38,0.76,129222.0,0.0,0.2436,0.059,-0.002,-0.0771,0.4892,-0.0131,1.11
2826,4000,0.7133,0.1027,0.185,0.4174,0.5003,-0.0133,11.94,173.89,0.77,127714.0,0.0,0.2331,0.0577,-0.0027,-0.0732,0.5388,-0.0127,1.11
2827,4000,0.7153,0.1031,0.1828,0.4069,0.4889,-0.0185,10.28,160.99,0.75,130225.0,0.0,0.2298,0.0557,-0.002,-0.0709,0.5294,-0.0132,1.11
2828,4000,0.7113,0.1059,0.1836,0.4235,0.4769,-0.0155,9.75,153.67,0.76,129620.0,0.0,0.2345,0.0593,-0.0023,-0.0748,0.5448,-0.0131,1.11
2829,4000,0.7084,0.1069,0.1855,0.4248,0.4937,-0.0154,10.57,164.47,0.77,128308.0,0.0,0.2355,0.0596,-0.0022,-0.0759,0.5466,-0.0091,1.11
2830,4000,0.7084,0.1075,0.1846,0.4285,0.5099,-0.0143,10.81,173.8,0.77,127710.0,0.0,0.2394,0.0587,-0.0021,-0.0736,0.5338,-0.0137,1.11
2831,4000,0.7149,0.1058,0.1798,0.4235,0.5082,-0.013,11.49,182.68,0.76,129530.0,0.0,0.2361,0.0601,-0.0025,-0.0778,0.4738,-0.0135,1.11
2832,4000,0.714,0.1052,0.1813,0.4169,0.4957,-0.0148,10.88,164.0,0.76,129745.0,0.0,0.2341,0.0569,-0.0023,-0.0723,0.5556,-0.0131,1.11
2833,4000,0.713,0.1081,0.1794,0.4034,0.5112,-0.0144,11.82,148.92,0.76,129384.0,0.0,0.2346,0.0563,-0.0022,-0.0729,0.4672,-0.0111,1.11
2834,4000,0.7172,0.1064,0.1775,0.429,0.5079,-0.0126,9.91,163.06,0.76,129195.0,0.0,0.2387,0.0599,-0.0021,-0.0758,0.5579,-0.0125,1.11
2835,4000,0.7165,0.107,0.1779,0.4292,0.4806,-0.0165,11.55,186.52,0.77,128248.0,0.0,0.2345,0.0601,-0.0024,-0.0768,0.4622,-0.0145,1.11
2836,4000,0.7158,0.1056,0.1801,0.4298,0.5131,-0.0113,11.78,180.46,0.76,128877.0,0.0,0.2402,0.0613,-0.0025,-0.0778,0.5439,-0.015,1.11
2837,4000,0.7166,0.1052,0.1795,0.4174,0.4951,-0.0164,10.19,141.98,0.77,128220.0,0.0,0.2333,0.0592,-0.0018,-0.0757,0.6262,-0.0129,1.11
2838,4000,0.7182,0.108,0.1749,0.4314,0.4836,-0.0159,11.08,168.75,0.76,128657.0,0.0,0.2364,0.061,-0.0022,-0.0753,0.5351,-0.0133,1.11
2839,4000,0.7158,0.1095,0.1757,0.4226,0.4949,-0.0145,10.86,167.31,0.76,128900.0,0.0,0.2384,0.06,-0.0021,-0.0749,0.5247,-0.0132,1.11
2840,4000,0.7129,0.1112,0.1769,0.4099,0.5056,-0.0146,10.96,147.38,0.77,127257.0,0.0,0.2337,0.0582,-0.002,-0.0723,0.5812,-0.0132,1.11
2841,4000,0.7153,0.1116,0.1739,0.4099,0.5074,-0.0154,10.87,155.38,0.76,128903.0,0.0,0.2316,0.0576,-0.002,-0.0717,0.4567,-0.0147,1.11
2842,4000,0.7164,0.1101,0.174,0.4341,0.5055,-0.0121,12.37,184.35,0.76,129113.0,0.0,0.2433,0.064,-0.0021,-0.0774,0.5559,-0.0144,1.11
2843,4000,0.7212,0.1084,0.1711,0.3961,0.5153,-0.0157,11.03,163.99,0.79,124690.0,0.0,0.2291,0.0558,-0.002,-0.0692,0.5922,-0.013,1.11
2844,4000,0.7234,0.1063,0.1709,0.3879,0.4978,-0.0166,10.82,151.08,0.76,129788.0,0.0,0.223,0.0557,-0.0017,-0.069,0.4936,-0.0137,1.11
2845,4000,0.7243,0.1021,0.1742,0.4096,0.5031,-0.016,11.65,177.58,0.77,127982.0,0.0,0.2394,0.0596,-0.0025,-0.0727,0.6262,-0.0126,1.11
2846,4000,0.7261,0.1032,0.1714,0.3975,0.5257,-0.0155,12.59,175.44,0.77,128371.0,0.0,0.2295,0.058,-0.0025,-0.0707,0.6132,-0.0106,1.11
2847,4000,0.7348,0.1021,0.1637,0.3998,0.5286,-0.0131,11.74,144.71,0.77,127751.0,0.0,0.2304,0.0578,-0.002,-0.0715,0.5131,-0.0139,1.11
2848,4000,0.738,0.1015,0.161,0.4187,0.5155,-0.0121,11.3,128.32,0.76,129656.0,0.0,0.2358,0.0613,-0.0023,-0.0754,0.4886,-0.0093,1.11
2849,4000,0.7435,0.0993,0.1577,0.4242,0.5119,-0.0138,11.43,170.67,0.76,128966.0,0.0,0.2419,0.0618,-0.0025,-0.0738,0.5547,-0.0139,1.11
2850,4000,0.7465,0.0971,0.1571,0.3987,0.5253,-0.0141,11.92,167.45,0.76,129985.0,0.0,0.2353,0.0585,-0.0024,-0.0744,0.5041,-0.0143,1.11
2851,4000,0.7489,0.0958,0.156,0.4052,0.5221,-0.0133,11.47,145.31,0.76,128631.0,0.0,0.238,0.059,-0.0022,-0.0714,0.5278,-0.0136,1.11
2852,4000,0.7445,0.0986,0.1577,0.419,0.4961,-0.0156,11.68,188.29,0.76,129407.0,0.0,0.2381,0.0619,-0.0025,-0.0754,0.5481,-0.0131,1.11
2853,4000,0.7409,0.1005,0.1598,0.4301,0.5016,-0.0153,11.25,172.16,0.76,128622.0,0.0,0.2434,0.0617,-0.0023,-0.0754,0.5184,-0.0144,1.11
2854,4000,0.7389,0.1017,0.1607,0.3954,0.5181,-0.0148,11.45,145.5,0.77,127966.0,0.0,0.2329,0.0582,-0.0024,-0.0722,0.5163,-0.0138,1.11
2855,4000,0.7413,0.0988,0.1612,0.4029,0.539,-0.012,11.78,160.36,0.77,127863.0,0.0,0.2406,0.059,-0.0024,-0.0724,0.5949,-0.0146,1.11
2856,4000,0.7421,0.0979,0.161,0.3917,0.5316,-0.014,11.2,154.63,0.77,127740.0,0.0,0.2313,0.0569,-0.0024,-0.0706,0.4745,-0.0107,1.11
2857,4000,0.7447,0.0983,0.1579,0.4133,0.5323,-0.0123,11.2,166.69,0.76,128911.0,0.0,0.2405,0.0604,-0.0025,-0.0748,0.5191,-0.0086,1.11
2858,4000,0.7473,0.0976,0.1561,0.4142,0.5274,-0.0122,11.49,177.37,0.76,129847.0,0.0,0.2357,0.0605,-0.0024,-0.0739,0.5245,-0.0139,1.11
2859,4000,0.7513,0.0953,0.1543,0.3995,0.5268,-0.0153,11.09,166.31,0.76,128728.0,0.0,0.2352,0.0592,-0.0024,-0.0736,0.4823,-0.0133,1.11
2860,4000,0.7528,0.097,0.1514,0.3868,0.5217,-0.0164,10.87,153.46,0.77,128188.0,0.0,0.2289,0.0562,-0.0023,-0.0689,0.5596,-0.0138,1.11
2861,4000,0.7531,0.1006,0.1478,0.3769,0.5222,-0.0164,11.14,164.01,0.76,129628.0,0.0,0.2196,0.0542,-0.0023,-0.0682,0.5987,-0.0139,1.11
2862,4000,0.749,0.1019,0.1503,0.4027,0.5341,-0.0133,11.99,155.19,0.76,129639.0,0.0,0.2353,0.0587,-0.0027,-0.0729,0.4992,-0.0118,1.11
2863,4000,0.7491,0.101,0.1509,0.3968,0.5352,-0.0134,11.44,152.77,0.76,129212.0,0.0,0.2328,0.0572,-0.0022,-0.0719,0.5842,-0.0126,1.11
2864,4000,0.7534,0.101,0.1464,0.4093,0.5237,-0.015,11.32,176.75,0.76,129593.0,0.0,0.2356,0.0593,-0.0022,-0.0755,0.4965,-0.0139,1.11
2865,4000,0.7552,0.1017,0.1438,0.4025,0.5288,-0.0139,11.6,152.81,0.76,129759.0,0.0,0.2353,0.0579,-0.0022,-0.0726,0.5231,-0.0148,1.11
2866,4000,0.753,0.104,0.1439,0.4084,0.5283,-0.0148,11.4,178.9,0.75,130341.0,0.0,0.2373,0.0588,-0.0024,-0.0739,0.5028,-0.0133,1.11
2867,4000,0.7584,0.0996,0.1429,0.4016,0.546,-0.012,10.84,153.72,0.76,130203.0,0.0,0.2365,0.0582,-0.0024,-0.0716,0.5316,-0.0141,1.11
2868,4000,0.7622,0.0976,0.1412,0.4007,0.5346,-0.0129,10.95,150.03,0.76,129332.0,0.0,0.2317,0.0576,-0.0023,-0.0748,0.5306,-0.0136,1.11
2869,4000,0.7627,0.0989,0.1394,0.3954,0.5249,-0.0149,12.34,160.18,0.76,129567.0,0.0,0.2305,0.0571,-0.0025,-0.0732,0.5261,-0.0136,1.11
2870,4000,0.7626,0.0998,0.1385,0.3867,0.5354,-0.0152,11.5,168.83,0.76,128692.0,0.0,0.2306,0.0544,-0.002,-0.0692,0.5273,-0.0133,1.11
2871,4000,0.761,0.1022,0.1376,0.394,0.5275,-0.0146,11.03,154.06,0.76,128705.0,0.0,0.2289,0.056,-0.0023,-0.0722,0.5294,-0.0135,1.11
2872,4000,0.7605,0.1042,0.136,0.3793,0.5303,-0.0155,9.38,133.98,0.76,129608.0,0.0,0.2267,0.0533,-0.0023,-0.0678,0.5184,-0.0104,1.11
2873,4000,0.7595,0.1053,0.1358,0.3896,0.5329,-0.0137,11.37,159.72,0.78,126528.0,0.0,0.228,0.0548,-0.0023,-0.072,0.5122,-0.0131,1.11
2874,4000,0.7608,0.1043,0.1352,0.3769,0.5442,-0.0153,10.82,139.33,0.77,127446.0,0.0,0.2236,0.0547,-0.0024,-0.0691,0.5186,-0.0134,1.11
2875,4000,0.7643,0.1037,0.1322,0.3735,0.5397,-0.0137,11.21,142.4,0.76,129258.0,0.0,0.2235,0.0527,-0.0025,-0.0669,0.5279,-0.0135,1.11
2876,4000,0.7668,0.102,0.1315,0.3817,0.5353,-0.0155,11.44,166.65,0.76,128862.0,0.0,0.2289,0.0546,-0.0024,-0.0683,0.5609,-0.0125,1.11
2877,4000,0.7645,0.1037,0.132,0.3835,0.5205,-0.0161,9.74,154.57,0.76,129834.0,0.0,0.2249,0.0534,-0.0021,-0.0689,0.5343,-0.014,1.11
2878,4000,0.7612,0.1079,0.1311,0.3823,0.5373,-0.0151,11.66,151.04,0.75,130280.0,0.0,0.2264,0.0552,-0.0023,-0.0692,0.5677,-0.0143,1.11
2879,4000,0.764,0.1067,0.1297,0.4021,0.5428,-0.013,11.17,162.16,0.76,129004.0,0.0,0.2373,0.0579,-0.002,-0.0722,0.5034,-0.0146,1.11
2880,4000,0.7662,0.1055,0.1287,0.3884,0.5515,-0.0117,11.71,156.24,0.76,129849.0,0.0,0.2333,0.0561,-0.0022,-0.0701,0.5449,-0.0149,1.11
2881,4000,0.7665,0.1066,0.1276,0.3897,0.531,-0.0157,10.96,164.3,0.76,129002.0,0.0,0.2322,0.055,-0.0024,-0.0694,0.5572,-0.0115,1.11
2882,4000,0.7567,0.1111,0.1332,0.3846,0.5192,-0.0147,11.68,146.95,0.76,129454.0,0.0,0.2298,0.0564,-0.0023,-0.0703,0.4468,-0.0118,1.11
2883,4000,0.7563,0.1074,0.1372,0.4115,0.5409,-0.0098,11.19,153.46,0.76,129234.0,0.0,0.2422,0.0598,-0.0028,-0.075,0.513,-0.0137,1.11
2884,4000,0.7563,0.104,0.1405,0.4048,0.5103,-0.015,11.84,164.78,0.76,128809.0,0.0,0.231,0.0585,-0.0024,-0.072,0.545,-0.0133,1.11
2885,4000,0.756,0.1013,0.1433,0.3961,0.5398,-0.013,11.74,167.37,0.76,129623.0,0.0,0.2344,0.0586,-0.0023,-0.0734,0.4784,-0.0104,1.11
2886,4000,0.7548,0.1028,0.1429,0.3987,0.5153,-0.0173,11.68,162.46,0.77,127275.0,0.0,0.2295,0.06,-0.0023,-0.075,0.5368,-0.0122,1.11
2887,4000,0.752,0.106,0.1425,0.4125,0.5194,-0.013,11.52,172.46,0.77,128048.0,0.0,0.2403,0.0618,-0.0023,-0.075,0.4682,-0.0116,1.11
2888,4000,0.7507,0.1035,0.1466,0.4272,0.5104,-0.0128,11.0,152.92,0.76,128859.0,0.0,0.2388,0.0641,-0.0028,-0.0768,0.4647,-0.0133,1.11
2889,4000,0.7536,0.103,0.1441,0.4002,0.5288,-0.0135,11.12,156.14,0.76,129140.0,0.0,0.2338,0.059,-0.0023,-0.073,0.4623,-0.0093,1.11
2890,4000,0.7521,0.1054,0.1432,0.399,0.5242,-0.0147,11.95,172.03,0.76,129035.0,0.0,0.2301,0.0596,-0.002,-0.0736,0.4597,-0.0137,1.11
2891,4000,0.7526,0.1042,0.144,0.424,0.5295,-0.0129,11.58,149.81,0.76,129204.0,0.0,0.2417,0.0626,-0.0026,-0.0763,0.488,-0.0132,1.11
2892,4000,0.753,0.1015,0.1461,0.4149,0.5113,-0.0141,10.96,156.12,0.76,129056.0,0.0,0.2345,0.0624,-0.0027,-0.0753,0.4513,-0.0118,1.11
2893,4000,0.7521,0.1021,0.1465,0.4054,0.5291,-0.0138,11.23,149.59,0.76,128783.0,0.0,0.2337,0.0601,-0.0025,-0.0723,0.6027,-0.0136,1.11
2894,4000,0.7494,0.101,0.1501,0.4208,0.522,-0.0128,12.22,160.94,0.77,128323.0,0.0,0.2417,0.0624,-0.0024,-0.0768,0.4735,-0.0139,1.11
2895,4000,0.7474,0.0998,0.1533,0.4157,0.503,-0.014,11.26,144.35,0.77,128214.0,0.0,0.2355,0.0612,-0.0024,-0.0747,0.5612,-0.011,1.11
2896,4000,0.7481,0.1019,0.1502,0.3809,0.5206,-0.0166,10.79,150.23,0.76,129495.0,0.0,0.2205,0.0573,-0.0024,-0.0682,0.6248,-0.0126,1.11
2897,4000,0.7471,0.1046,0.1486,0.4112,0.5165,-0.0152,11.56,152.21,0.76,129727.0,0.0,0.2359,0.0616,-0.0024,-0.0732,0.5355,-0.0125,1.11
2898,4000,0.7463,0.1075,0.1466,0.385,0.5213,-0.0145,11.28,144.96,0.76,129129.0,0.0,0.2236,0.0567,-0.0028,-0.0689,0.4946,-0.0131,1.11
2899,4000,0.7419,0.1097,0.1489,0.3905,0.5246,-0.0161,11.35,168.04,0.76,128529.0,0.0,0.2226,0.0585,-0.0023,-0.0704,0.5501,-0.0147,1.11
2900,4000,0.7441,0.112,0.1441,0.3898,0.5549,-0.0127,12.03,163.07,0.76,128641.0,0.0,0.2356,0.0583,-0.0025,-0.0698,0.5277,-0.0144,1.11
2901,4000,0.7523,0.1072,0.1407,0.3811,0.5282,-0.0145,10.1,140.0,0.78,125383.0,0.0,0.218,0.0569,-0.0027,-0.0674,0.5974,-0.0139,1.11
2902,4000,0.756,0.106,0.1383,0.3872,0.5304,-0.0146,11.0,140.61,0.76,128651.0,0.0,0.2265,0.0569,-0.0026,-0.0684,0.5036,-0.0142,1.11
2903,4000,0.7571,0.1082,0.135,0.3908,0.5314,-0.0127,10.79,155.97,0.77,126937.0,0.0,0.2239,0.0578,-0.0027,-0.0699,0.5578,-0.0136,1.11
2904,4000,0.7545,0.1113,0.1344,0.3911,0.5095,-0.0173,10.74,151.21,0.77,128102.0,0.0,0.2315,0.0575,-0.0028,-0.0666,0.5378,-0.0131,1.11
2905,4000,0.7579,0.1098,0.1326,0.3778,0.5434,-0.0142,10.75,151.65,0.77,128286.0,0.0,0.2254,0.0559,-0.0025,-0.0669,0.5414,-0.0133,1.11
2906,4000,0.7555,0.1089,0.1359,0.4053,0.5096,-0.0144,10.87,146.09,0.76,129233.0,0.0,0.2318,0.0611,-0.0029,-0.0717,0.4328,-0.0133,1.11
2907,4000,0.7532,0.108,0.139,0.3758,0.5301,-0.0159,10.45,156.83,0.76,129821.0,0.0,0.2205,0.055,-0.0029,-0.0646,0.5701,-0.014,1.11
2908,4000,0.7521,0.1096,0.1385,0.4019,0.5294,-0.012,11.53,152.92,0.76,129148.0,0.0,0.2296,0.0593,-0.0031,-0.0716,0.4783,-0.0128,1.11
2909,4000,0.7533,0.1062,0.1412,0.4024,0.5377,-0.0122,11.49,146.91,0.77,128295.0,0.0,0.2337,0.0598,-0.0028,-0.0717,0.5179,-0.0141,1.11
2910,4000,0.7547,0.1056,0.1404,0.4309,0.5102,-0.0116,10.91,181.36,0.76,128902.0,0.0,0.2404,0.0644,-0.0025,-0.0743,0.4335,-0.0131,1.11
2911,4000,0.7559,0.1036,0.1411,0.4043,0.5275,-0.014,11.2,168.78,0.76,128908.0,0.0,0.2297,0.0611,-0.0026,-0.0736,0.5111,-0.0142,1.11
2912,4000,0.7548,0.1045,0.141,0.4123,0.5081,-0.0154,10.62,157.56,0.76,129169.0,0.0,0.2293,0.0614,-0.0027,-0.0731,0.5161,-0.0103,1.11
2913,4000,0.7509,0.1066,0.1427,0.3955,0.5179,-0.0186,10.88,144.33,0.78,125809.0,0.0,0.2309,0.0594,-0.0024,-0.0705,0.551,-0.0086,1.12
2914,4000,0.75,0.1098,0.1404,0.3985,0.503,-0.0148,10.03,152.16,0.76,128711.0,0.0,0.2202,0.0604,-0.0028,-0.0687,0.4831,-0.012,1.12
2915,4000,0.743,0.1119,0.1454,0.4166,0.5042,-0.0139,11.51,167.03,0.76,129129.0,0.0,0.2373,0.0624,-0.0028,-0.0727,0.4665,-0.0136,1.12
2916,4000,0.7398,0.1087,0.1518,0.4159,0.5249,-0.0118,11.74,167.13,0.76,129711.0,0.0,0.2358,0.0623,-0.0026,-0.073,0.5149,-0.0112,1.12
2917,4000,0.7379,0.1053,0.1568,0.4281,0.503,-0.0133,11.59,176.48,0.76,129268.0,0.0,0.2363,0.0648,-0.0026,-0.0761,0.4878,-0.0092,1.11
2918,4000,0.7387,0.1043,0.1573,0.4122,0.5113,-0.0149,11.2,146.17,0.76,129262.0,0.0,0.23,0.0614,-0.0027,-0.0717,0.4755,-0.0131,1.11
2919,4000,0.7422,0.1025,0.1555,0.4242,0.5087,-0.0148,10.86,152.67,0.76,129194.0,0.0,0.234,0.0639,-0.0027,-0.0739,0.5199,-0.013,1.11
2920,4000,0.7418,0.1018,0.1569,0.4286,0.487,-0.0142,10.3,165.59,0.76,128548.0,0.0,0.2336,0.065,-0.0027,-0.0771,0.5521,-0.0135,1.11
2921,4000,0.7392,0.1005,0.1607,0.4055,0.5208,-0.0159,11.68,172.77,0.77,127767.0,0.0,0.2281,0.0622,-0.0029,-0.0708,0.522,-0.0151,1.11
2922,4000,0.7358,0.1007,0.164,0.4316,0.5033,-0.0142,11.65,153.77,0.76,128762.0,0.0,0.2406,0.065,-0.0027,-0.0757,0.4395,-0.0143,1.11
2923,4000,0.7305,0.1028,0.1673,0.4143,0.5057,-0.0145,11.09,158.25,0.76,129008.0,0.0,0.2327,0.0636,-0.0026,-0.0715,0.4999,-0.0145,1.11
2924,4000,0.7278,0.1049,0.1678,0.4072,0.5174,-0.0122,11.34,170.05,0.76,128617.0,0.0,0.23,0.0607,-0.0028,-0.0719,0.5317,-0.012,1.12
2925,4000,0.7294,0.1033,0.1677,0.41,0.5043,-0.0169,10.34,158.36,0.77,127729.0,0.0,0.2291,0.063,-0.0027,-0.075,0.5461,-0.0124,1.11
2926,4000,0.7313,0.1028,0.1664,0.4208,0.4976,-0.0146,12.05,176.02,0.76,128708.0,0.0,0.235,0.0633,-0.0029,-0.0743,0.5697,-0.0126,1.11
2927,4000,0.7273,0.103,0.1701,0.4161,0.5148,-0.0129,11.44,159.73,0.77,127578.0,0.0,0.236,0.064,-0.003,-0.0736,0.517,-0.009,1.11
2928,4000,0.7248,0.1027,0.1728,0.4106,0.496,-0.0176,10.14,149.95,0.76,129493.0,0.0,0.2317,0.0623,-0.0027,-0.0743,0.5664,-0.0133,1.11
2929,4000,0.7289,0.1015,0.1701,0.4043,0.518,-0.014,11.31,164.64,0.76,128610.0,0.0,0.2316,0.0614,-0.0027,-0.073,0.4982,-0.0139,1.11
2930,4000,0.7271,0.1033,0.1699,0.4179,0.5004,-0.0145,10.74,158.06,0.76,129320.0,0.0,0.2353,0.0644,-0.003,-0.0729,0.4931,-0.0127,1.11
2931,4000,0.7212,0.107,0.172,0.4069,0.5082,-0.015,11.04,141.6,0.77,128300.0,0.0,0.2296,0.0632,-0.0028,-0.0731,0.4704,-0.0123,1.11
2932,4000,0.7198,0.1068,0.1735,0.4312,0.4835,-0.0142,11.41,162.28,0.77,127695.0,0.0,0.2362,0.0677,-0.003,-0.079,0.484,-0.0116,1.11
2933,4000,0.7184,0.106,0.1758,0.4088,0.4903,-0.016,10.64,164.99,0.76,129220.0,0.0,0.2288,0.0627,-0.0027,-0.0737,0.5021,-0.0136,1.11
2934,4000,0.7191,0.1029,0.1782,0.4275,0.5148,-0.0113,11.53,170.96,0.76,128842.0,0.0,0.2341,0.0659,-0.0033,-0.0767,0.4657,-0.0138,1.11
2935,4000,0.7245,0.0975,0.1782,0.4333,0.5011,-0.0131,10.92,176.11,0.77,128111.0,0.0,0.2359,0.0674,-0.003,-0.0796,0.5004,-0.0144,1.11
2936,4000,0.7249,0.0975,0.1778,0.4133,0.5177,-0.0127,10.37,162.15,0.76,129551.0,0.0,0.2319,0.0636,-0.0031,-0.0759,0.5302,-0.014,1.11
2937,4000,0.721,0.1002,0.179,0.3959,0.5151,-0.0135,10.7,157.67,0.77,127088.0,0.0,0.2209,0.0612,-0.0031,-0.0731,0.5563,-0.0145,1.11
2938,4000,0.7273,0.0978,0.1753,0.417,0.5144,-0.0135,10.97,159.68,0.76,129519.0,0.0,0.2312,0.0649,-0.0027,-0.0745,0.5263,-0.014,1.11
2939,4000,0.7285,0.0995,0.1723,0.4271,0.5146,-0.013,11.55,183.1,0.76,129250.0,0.0,0.2362,0.066,-0.003,-0.0772,0.5211,-0.0122,1.11
2940,4000,0.7222,0.1036,0.1745,0.3973,0.4965,-0.0161,10.68,149.7,0.77,128388.0,0.0,0.2198,0.0621,-0.0034,-0.0725,0.5306,-0.0089,1.11
2941,4000,0.7224,0.1035,0.1742,0.4143,0.503,-0.0125,10.58,154.9,0.77,128170.0,0.0,0.2281,0.0645,-0.0028,-0.0784,0.5309,-0.0138,1.11
2942,4000,0.7244,0.1016,0.174,0.4036,0.5061,-0.0168,10.39,152.36,0.76,129895.0,0.0,0.2259,0.0639,-0.0035,-0.0717,0.5847,-0.0136,1.11
2943,4000,0.723,0.1021,0.1749,0.4047,0.5106,-0.0147,10.78,130.12,0.76,129722.0,0.0,0.2248,0.0629,-0.0031,-0.073,0.6567,-0.0104,1.11
2944,4000,0.7251,0.1036,0.1717,0.3972,0.529,-0.0138,10.93,141.14,0.76,129627.0,0.0,0.23,0.0617,-0.003,-0.0694,0.5485,-0.014,1.11
2945,4000,0.7337,0.1016,0.1655,0.3742,0.5165,-0.017,10.6,131.6,0.76,129414.0,0.0,0.2145,0.0585,-0.0027,-0.0689,0.614,-0.013,1.11
2946,4000,0.7376,0.1032,0.16,0.4123,0.5218,-0.0135,10.72,166.71,0.76,128535.0,0.0,0.2316,0.0646,-0.0029,-0.0751,0.5454,-0.0138,1.11
2947,4000,0.7366,0.1029,0.1613,0.3875,0.5201,-0.0147,10.85,146.81,0.76,129665.0,0.0,0.2226,0.0603,-0.0033,-0.0698,0.51,-0.0144,1.11
2948,4000,0.7428,0.0997,0.158,0.3715,0.5369,-0.0133,10.6,152.51,0.76,129506.0,0.0,0.2182,0.0574,-0.0029,-0.0691,0.6267,-0.0119,1.11
2949,4000,0.7471,0.0983,0.1549,0.3672,0.5336,-0.0149,11.37,152.81,0.76,129475.0,0.0,0.2149,0.0562,-0.0032,-0.0664,0.6024,-0.0126,1.11
2950,4000,0.7501,0.0989,0.1513,0.3884,0.525,-0.0146,11.79,157.85,0.76,128982.0,0.0,0.2277,0.0606,-0.003,-0.0688,0.5215,-0.0127,1.11
2951,4000,0.7496,0.1011,0.1497,0.3716,0.5352,-0.0144,9.95,125.5,0.76,128962.0,0.0,0.2151,0.0579,-0.0034,-0.0682,0.4956,-0.0136,1.11
2952,4000,0.748,0.1015,0.151,0.39,0.5204,-0.0125,10.64,137.81,0.76,129062.0,0.0,0.2229,0.0608,-0.003,-0.0696,0.5158,-0.0124,1.11
2953,4000,0.7494,0.0995,0.1517,0.384,0.5397,-0.0123,11.43,148.72,0.76,129929.0,0.0,0.2258,0.0587,-0.0032,-0.0703,0.5443,-0.0101,1.11
2954,4000,0.7486,0.1023,0.1496,0.3804,0.5082,-0.0169,11.34,162.08,0.76,129989.0,0.0,0.2169,0.0584,-0.003,-0.0713,0.557,-0.012,1.11
2955,4000,0.7497,0.1052,0.1458,0.3863,0.5348,-0.012,11.03,174.42,0.76,129309.0,0.0,0.2216,0.0596,-0.0031,-0.0714,0.504,-0.0137,1.11
2956,4000,0.7521,0.1012,0.1475,0.3911,0.5351,-0.0115,11.61,152.1,0.78,126002.0,0.0,0.2261,0.061,-0.0035,-0.0704,0.4897,-0.0124,1.11
2957,4000,0.7535,0.0996,0.1475,0.4079,0.5031,-0.0151,10.82,152.35,0.76,129171.0,0.0,0.2251,0.0639,-0.0035,-0.0741,0.4845,-0.0132,1.11
2958,4000,0.7487,0.0989,0.153,0.4171,0.5189,-0.0138,11.34,155.63,0.76,129476.0,0.0,0.2348,0.0658,-0.0032,-0.0776,0.4836,-0.0148,1.11
2959,4000,0.7475,0.0974,0.1554,0.3895,0.5188,-0.0137,11.14,159.99,0.76,129277.0,0.0,0.221,0.061,-0.0032,-0.0712,0.5337,-0.0135,1.11
2960,4000,0.746,0.0988,0.1552,0.3932,0.4947,-0.0175,9.85,148.79,0.76,129520.0,0.0,0.224,0.0617,-0.0032,-0.0719,0.5778,-0.0093,1.11
2961,4000,0.745,0.1011,0.1539,0.3658,0.5127,-0.0175,10.25,147.98,0.76,128950.0,0.0,0.211,0.0561,-0.0032,-0.0676,0.4734,-0.012,1.11
2962,4000,0.7449,0.1006,0.1545,0.3992,0.5145,-0.0143,10.18,146.1,0.76,129418.0,0.0,0.2242,0.0624,-0.0034,-0.0716,0.5059,-0.0136,1.11
2963,4000,0.7443,0.1,0.1558,0.4242,0.5163,-0.012,11.69,177.6,0.76,129548.0,0.0,0.2295,0.0675,-0.0041,-0.0786,0.5297,-0.011,1.11
2964,4000,0.7408,0.1019,0.1573,0.393,0.4988,-0.0183,11.18,160.76,0.77,127843.0,0.0,0.216,0.0622,-0.0034,-0.0704,0.4393,-0.0124,1.11
2965,4000,0.7338,0.1031,0.1631,0.4487,0.4855,-0.0127,11.57,180.34,0.76,128920.0,0.0,0.2379,0.0708,-0.0037,-0.0846,0.4763,-0.0134,1.11
2966,4000,0.7269,0.1049,0.1682,0.4133,0.4927,-0.0139,10.79,169.1,0.76,129068.0,0.0,0.2278,0.0649,-0.0034,-0.0771,0.4697,-0.0104,1.11
2967,4000,0.7256,0.1042,0.1702,0.4334,0.5065,-0.0126,11.09,160.34,0.76,129525.0,0.0,0.2361,0.0684,-0.0034,-0.0801,0.4214,-0.0118,1.11
2968,4000,0.7255,0.1015,0.1733,0.4177,0.5232,-0.0114,11.02,161.94,0.76,128907.0,0.0,0.2309,0.0644,-0.0032,-0.0747,0.4247,-0.0138,1.11
2969,4000,0.7241,0.0984,0.178,0.4502,0.502,-0.0109,12.39,193.87,0.76,129262.0,0.0,0.24,0.0706,-0.003,-0.0824,0.4419,-0.0136,1.11
2970,4000,0.7257,0.0969,0.1779,0.4275,0.5011,-0.0134,11.68,173.36,0.76,130104.0,0.0,0.2298,0.0676,-0.0037,-0.0772,0.4823,-0.0134,1.11
2971,4000,0.7303,0.0947,0.1757,0.4312,0.5254,-0.0098,10.67,157.15,0.76,129358.0,0.0,0.2355,0.0668,-0.0031,-0.0785,0.4825,-0.0136,1.11
2972,4000,0.7283,0.0948,0.1776,0.4112,0.5002,-0.014,11.55,146.42,0.76,129149.0,0.0,0.2241,0.0645,-0.0033,-0.0748,0.5457,-0.0111,1.11
2973,4000,0.7268,0.0974,0.1768,0.4216,0.5043,-0.0153,11.89,180.29,0.76,128594.0,0.0,0.2315,0.0665,-0.0032,-0.0745,0.4089,-0.0085,1.11
2974,4000,0.7265,0.1,0.1744,0.4303,0.5023,-0.0128,11.21,164.32,0.76,128965.0,0.0,0.2327,0.0682,-0.0031,-0.0774,0.5055,-0.0133,1.11
2975,4000,0.7231,0.1009,0.1769,0.4148,0.5059,-0.0131,11.99,179.28,0.76,128877.0,0.0,0.2269,0.0671,-0.0031,-0.0735,0.5151,-0.014,1.11
2976,4000,0.7203,0.1002,0.1803,0.4027,0.506,-0.0144,10.62,145.98,0.76,129293.0,0.0,0.2203,0.0636,-0.0032,-0.074,0.5146,-0.0136,1.11
2977,4000,0.7198,0.0982,0.1828,0.4224,0.4952,-0.014,11.2,147.74,0.76,128980.0,0.0,0.2285,0.0673,-0.003,-0.0725,0.4523,-0.0136,1.11
2978,4000,0.7205,0.0981,0.1821,0.414,0.5081,-0.0126,11.51,165.6,0.76,129007.0,0.0,0.2288,0.0658,-0.003,-0.0737,0.4731,-0.0139,1.11
2979,4000,0.7225,0.0965,0.1817,0.4005,0.499,-0.0169,10.81,156.7,0.76,129030.0,0.0,0.2217,0.0645,-0.0032,-0.0701,0.4513,-0.0133,1.11
2980,4000,0.7233,0.0954,0.1818,0.4227,0.5214,-0.0115,11.56,141.05,0.76,128707.0,0.0,0.2322,0.0665,-0.0033,-0.0736,0.438,-0.0118,1.11
2981,4000,0.7241,0.0938,0.1824,0.437,0.4941,-0.0128,11.46,179.16,0.76,129373.0,0.0,0.2381,0.0699,-0.0032,-0.0794,0.4775,-0.0086,1.11
2982,4000,0.7257,0.0937,0.1807,0.4234,0.5239,-0.012,12.07,163.79,0.77,127709.0,0.0,0.2355,0.0675,-0.0036,-0.0746,0.497,-0.0138,1.11
2983,4000,0.7257,0.0969,0.1774,0.409,0.5148,-0.0143,10.58,169.2,0.77,127139.0,0.0,0.2284,0.0639,-0.0032,-0.0724,0.5089,-0.0103,1.11
2984,4000,0.7255,0.1,0.1746,0.4005,0.5161,-0.0138,11.03,154.63,0.76,129083.0,0.0,0.2266,0.0629,-0.0029,-0.0699,0.4883,-0.0101,1.11
2985,4000,0.7265,0.1026,0.1711,0.4138,0.4981,-0.0159,10.79,160.21,0.76,128598.0,0.0,0.2316,0.0649,-0.0027,-0.0737,0.4421,-0.0129,1.11
2986,4000,0.7231,0.1046,0.1725,0.41,0.5118,-0.0141,11.14,165.63,0.77,127925.0,0.0,0.2294,0.0651,-0.003,-0.0713,0.483,-0.0136,1.11
2987,4000,0.723,0.1021,0.1751,0.4128,0.5197,-0.0116,10.92,151.5,0.77,127604.0,0.0,0.2297,0.0644,-0.0026,-0.074,0.5237,-0.013,1.11
2988,4000,0.7223,0.1021,0.1758,0.4261,0.4879,-0.0163,10.57,165.12,0.76,128799.0,0.0,0.2302,0.0682,-0.0031,-0.0748,0.4831,-0.0142,1.11
2989,4000,0.7239,0.1006,0.1758,0.395,0.5095,-0.0169,11.52,176.01,0.77,128021.0,0.0,0.2208,0.0618,-0.0028,-0.0697,0.5064,-0.0139,1.11
2990,4000,0.7256,0.1012,0.1734,0.4116,0.5265,-0.012,11.45,157.49,0.76,128676.0,0.0,0.2321,0.0647,-0.0029,-0.0717,0.4876,-0.0137,1.11
2991,4000,0.7221,0.1004,0.1778,0.4355,0.4927,-0.0135,11.58,171.97,0.78,126370.0,0.0,0.2373,0.0678,-0.0029,-0.0766,0.4693,-0.0143,1.11
2992,4000,0.7199,0.1009,0.1795,0.4389,0.4814,-0.0149,11.19,187.78,0.76,128881.0,0.0,0.2285,0.0684,-0.0028,-0.0791,0.4941,-0.0129,1.11
2993,4000,0.7169,0.1007,0.1829,0.4202,0.5021,-0.0123,10.29,150.08,0.76,129239.0,0.0,0.2278,0.0662,-0.0027,-0.0755,0.5143,-0.0104,1.11
2994,4000,0.7196,0.101,0.1799,0.3884,0.54,-0.0138,11.05,159.04,0.76,129344.0,0.0,0.2237,0.061,-0.0028,-0.0691,0.5595,-0.0143,1.11
2995,4000,0.7232,0.1024,0.1749,0.4097,0.4954,-0.0155,11.25,160.21,0.77,127308.0,0.0,0.2245,0.0634,-0.0025,-0.0716,0.5195,-0.0126,1.11
2996,4000,0.721,0.1064,0.1736,0.3968,0.5011,-0.0173,9.99,140.14,0.76,128527.0,0.0,0.2248,0.0616,-0.0024,-0.0715,0.5121,-0.0146,1.11
2997,4000,0.7188,0.1097,0.1729,0.4299,0.4848,-0.0145,11.64,165.37,0.77,128469.0,0.0,0.2345,0.0672,-0.0029,-0.0771,0.4825,-0.0141,1.11
2998,4000,0.7157,0.1102,0.1755,0.4123,0.4848,-0.0159,10.37,167.5,0.77,128136.0,0.0,0.2179,0.0641,-0.0028,-0.0735,0.4856,-0.0123,1.11
2999,4000,0.7132,0.1105,0.1776,0.4233,0.508,-0.0136,11.03,185.03,0.76,128973.0,0.0,0.232,0.0659,-0.0026,-0.0768,0.4983,-0.0123,1.11
3000,4000,0.719,0.1068,0.1753,0.3986,0.5274,-0.0136,11.19,156.94,0.78,126637.0,0.0,0.2251,0.0618,-0.0025,-0.0712,0.5279,-0.0124,1.11
3001,4000,0.7218,0.1052,0.1745,0.4196,0.4897,-0.0156,11.45,156.11,0.78,125886.0,0.0,0.2248,0.0652,-0.0025,-0.0736,0.5535,-0.0132,1.11
3002,4000,0.7192,0.1063,0.1758,0.4138,0.5067,-0.0133,11.0,152.36,0.77,127622.0,0.0,0.2295,0.0649,-0.0023,-0.0731,0.4723,-0.0139,1.11
3003,4000,0.7147,0.1081,0.1783,0.426,0.5082,-0.0142,11.98,190.85,0.77,127109.0,0.0,0.235,0.0665,-0.0028,-0.0776,0.4759,-0.0149,1.11
3004,4000,0.7173,0.1049,0.1787,0.4316,0.5053,-0.0117,10.65,149.31,0.78,126630.0,0.0,0.2355,0.067,-0.0027,-0.0755,0.441,-0.0141,1.11
3005,4000,0.7241,0.1021,0.1746,0.398,0.5377,-0.0129,10.64,169.52,0.77,127435.0,0.0,0.2241,0.0608,-0.0024,-0.0716,0.5107,-0.0112,1.11
3006,4000,0.728,0.1035,0.1691,0.3894,0.5114,-0.0152,10.53,127.43,0.78,126751.0,0.0,0.2253,0.0588,-0.002,-0.0715,0.5028,-0.0125,1.11
3007,4000,0.7279,0.1058,0.1667,0.4147,0.5012,-0.0138,10.71,152.81,0.77,127339.0,0.0,0.2246,0.0631,-0.0022,-0.077,0.5179,-0.0132,1.11
3008,4000,0.7239,0.108,0.1687,0.4366,0.4872,-0.0144,10.9,146.94,0.77,127566.0,0.0,0.2358,0.0665,-0.0022,-0.0781,0.4986,-0.0104,1.11
3009,4000,0.719,0.1086,0.1732,0.3914,0.5092,-0.0148,10.57,146.6,0.78,125284.0,0.0,0.2187,0.0604,-0.0027,-0.0699,0.4651,-0.0137,1.11
3010,4000,0.7145,0.1091,0.1771,0.4151,0.4907,-0.0138,11.03,169.33,0.78,126842.0,0.0,0.2252,0.0636,-0.0025,-0.0738,0.5031,-0.013,1.11
3011,4000,0.711,0.1102,0.1796,0.4243,0.4968,-0.0121,11.3,157.85,0.79,125195.0,0.0,0.2359,0.0651,-0.0024,-0.0746,0.5297,-0.0137,1.11
3012,4000,0.7136,0.1066,0.1805,0.4139,0.4958,-0.0144,10.85,163.07,0.77,127246.0,0.0,0.2244,0.0639,-0.0028,-0.074,0.4943,-0.0101,1.11
3013,4000,0.7129,0.1061,0.182,0.432,0.4916,-0.0133,10.21,183.58,0.76,128550.0,0.0,0.2353,0.0666,-0.0025,-0.0776,0.4931,-0.0136,1.11
3014,4000,0.7144,0.1052,0.1812,0.4107,0.5071,-0.0138,11.26,183.05,0.77,128026.0,0.0,0.2252,0.063,-0.0024,-0.0764,0.4605,-0.0141,1.11
3015,4000,0.712,0.1048,0.1839,0.4266,0.4949,-0.0134,10.25,140.98,0.76,128660.0,0.0,0.233,0.0668,-0.0026,-0.0784,0.5375,-0.0144,1.11
3016,4000,0.7112,0.1053,0.1842,0.423,0.4871,-0.0147,10.44,170.38,0.77,127943.0,0.0,0.226,0.0655,-0.0027,-0.0753,0.4876,-0.0128,1.11
3017,4000,0.7083,0.1042,0.1883,0.409,0.5157,-0.0132,9.43,157.85,0.76,128933.0,0.0,0.2296,0.0628,-0.0026,-0.0742,0.5258,-0.0116,1.11
3018,4000,0.7098,0.1059,0.1853,0.4083,0.4985,-0.0148,11.4,154.18,0.77,128396.0,0.0,0.2253,0.0638,-0.0028,-0.0708,0.5334,-0.0129,1.11
3019,4000,0.714,0.104,0.1829,0.393,0.5103,-0.0153,10.74,132.96,0.76,129457.0,0.0,0.2217,0.0613,-0.0024,-0.0687,0.5385,-0.0124,1.11
3020,4000,0.7152,0.1047,0.1806,0.3948,0.5086,-0.0157,10.86,164.68,0.77,128487.0,0.0,0.2234,0.0619,-0.0025,-0.0698,0.4971,-0.0147,1.11
3021,4000,0.7154,0.1047,0.18,0.4123,0.4892,-0.0147,11.36,175.5,0.76,128781.0,0.0,0.2223,0.0643,-0.0027,-0.0733,0.4957,-0.0147,1.11
3022,4000,0.7136,0.1032,0.1834,0.412,0.5027,-0.0131,11.27,172.31,0.77,127419.0,0.0,0.2231,0.0639,-0.0026,-0.0738,0.5123,-0.0116,1.11
3023,4000,0.7156,0.1019,0.1827,0.3926,0.5191,-0.0141,10.11,156.15,0.76,129231.0,0.0,0.2191,0.0609,-0.0027,-0.0698,0.5499,-0.0094,1.11
3024,4000,0.7168,0.104,0.1792,0.3803,0.5076,-0.0167,10.2,152.67,0.77,127798.0,0.0,0.2157,0.0593,-0.0029,-0.0693,0.5255,-0.014,1.11
3025,4000,0.7144,0.1061,0.1796,0.4069,0.4859,-0.0156,10.47,175.73,0.77,128373.0,0.0,0.2177,0.0643,-0.0026,-0.0726,0.4973,-0.015,1.11
3026,4000,0.7148,0.1058,0.1797,0.4351,0.4967,-0.0126,11.29,171.45,0.77,126964.0,0.0,0.2377,0.069,-0.0025,-0.0758,0.5488,-0.0144,1.11
3027,4000,0.7144,0.1058,0.1809,0.3967,0.5118,-0.0145,11.54,163.62,0.76,128921.0,0.0,0.2208,0.0627,-0.0026,-0.0684,0.4884,-0.0147,1.11
3028,4000,0.7175,0.1037,0.18,0.4026,0.5074,-0.0139,10.32,145.96,0.76,128753.0,0.0,0.2188,0.0638,-0.0029,-0.0705,0.4872,-0.0136,1.11
3029,4000,0.7184,0.1041,0.1783,0.3959,0.5122,-0.0152,10.79,152.64,0.77,128087.0,0.0,0.2187,0.0629,-0.0027,-0.068,0.4918,-0.0128,1.11
3030,4000,0.722,0.1026,0.1761,0.4298,0.5051,-0.0125,10.46,144.34,0.77,127443.0,0.0,0.2304,0.0681,-0.0029,-0.0753,0.5128,-0.0125,1.11
3031,4000,0.7235,0.1018,0.1755,0.4077,0.4968,-0.0154,10.78,135.18,0.77,128429.0,0.0,0.2232,0.0639,-0.0029,-0.0695,0.6072,-0.0128,1.11
3032,4000,0.7248,0.1025,0.1733,0.3866,0.5228,-0.0148,11.23,160.0,0.76,128662.0,0.0,0.2227,0.0594,-0.0026,-0.0664,0.4863,-0.0136,1.11
3033,4000,0.7251,0.1013,0.1743,0.4269,0.5057,-0.0128,10.7,153.28,0.77,128293.0,0.0,0.2363,0.0683,-0.003,-0.0725,0.5018,-0.0129,1.11
3034,4000,0.722,0.1018,0.1769,0.4192,0.4969,-0.0143,10.9,161.49,0.76,128737.0,0.0,0.2257,0.0657,-0.003,-0.0706,0.497,-0.0129,1.11
3035,4000,0.7196,0.0991,0.182,0.4004,0.5124,-0.0133,11.15,158.44,0.76,129109.0,0.0,0.2221,0.0626,-0.0028,-0.07,0.4904,-0.0139,1.11
3036,4000,0.723,0.0971,0.1806,0.4132,0.5006,-0.0131,10.78,157.98,0.77,128490.0,0.0,0.2253,0.0653,-0.0026,-0.0715,0.5378,-0.0111,1.11
3037,4000,0.7267,0.0954,0.1789,0.3983,0.5304,-0.0124,11.06,160.5,0.77,128405.0,0.0,0.2256,0.0635,-0.0034,-0.0683,0.5485,-0.009,1.11
3038,4000,0.7282,0.0934,0.1798,0.4205,0.482,-0.0149,10.59,166.39,0.77,128351.0,0.0,0.2226,0.0675,-0.0033,-0.0712,0.4759,-0.0122,1.11
3039,4000,0.7242,0.0934,0.184,0.4048,0.5184,-0.0115,12.0,154.9,0.77,128011.0,0.0,0.2259,0.0637,-0.0028,-0.0699,0.5114,-0.0134,1.11
3040,4000,0.7276,0.0901,0.1837,0.4126,0.5115,-0.0132,12.04,178.98,0.77,128350.0,0.0,0.2275,0.0663,-0.0032,-0.0703,0.5444,-0.0109,1.11
3041,4000,0.7256,0.0929,0.1827,0.4184,0.494,-0.0127,10.88,174.31,0.78,126838.0,0.0,0.2283,0.0675,-0.0031,-0.071,0.4659,-0.0128,1.11
3042,4000,0.7221,0.0962,0.1827,0.4193,0.5028,-0.0141,11.01,165.84,0.78,125794.0,0.0,0.2314,0.0674,-0.0031,-0.0709,0.4986,-0.0138,1.11
3043,4000,0.7197,0.0962,0.1852,0.4338,0.4975,-0.0124,11.7,186.7,0.77,127218.0,0.0,0.2342,0.0701,-0.0034,-0.0739,0.5311,-0.0138,1.11
3044,4000,0.7232,0.0935,0.1843,0.4198,0.5067,-0.0116,10.59,171.15,0.77,127622.0,0.0,0.2306,0.0673,-0.0027,-0.0716,0.4892,-0.0142,1.11
3045,4000,0.7182,0.0962,0.1867,0.3923,0.5092,-0.0156,10.78,145.48,0.77,126961.0,0.0,0.2198,0.064,-0.0029,-0.0673,0.5414,-0.0126,1.11
3046,4000,0.7175,0.0976,0.1859,0.4264,0.4887,-0.014,11.33,180.32,0.77,127256.0,0.0,0.225,0.0679,-0.003,-0.0747,0.4226,-0.0093,1.11
3047,4000,0.7162,0.0976,0.1872,0.4407,0.493,-0.0122,11.79,181.68,0.78,126818.0,0.0,0.2395,0.0708,-0.0031,-0.0754,0.3953,-0.0136,1.11
3048,4000,0.7159,0.0952,0.1898,0.4182,0.4997,-0.0125,9.63,154.69,0.77,127601.0,0.0,0.2291,0.0668,-0.0029,-0.072,0.4803,-0.0125,1.11
3049,4000,0.7132,0.0956,0.1922,0.4125,0.499,-0.0129,10.91,161.87,0.77,127403.0,0.0,0.2282,0.0672,-0.0035,-0.0692,0.473,-0.0104,1.11
3050,4000,0.7173,0.0958,0.1879,0.4099,0.489,-0.0167,10.77,174.2,0.77,127655.0,0.0,0.2252,0.0666,-0.0031,-0.068,0.474,-0.0144,1.11
3051,4000,0.7185,0.0963,0.1862,0.4363,0.4818,-0.0127,11.43,166.39,0.77,128354.0,0.0,0.2269,0.0698,-0.0032,-0.0767,0.4282,-0.0141,1.11
3052,4000,0.7151,0.0968,0.1889,0.444,0.5036,-0.0117,11.56,179.85,0.77,127640.0,0.0,0.2386,0.0709,-0.003,-0.0765,0.4794,-0.0143,1.11
3053,4000,0.711,0.1001,0.1895,0.4377,0.4885,-0.0139,12.16,177.86,0.76,128743.0,0.0,0.2314,0.0698,-0.003,-0.0746,0.4372,-0.0142,1.11
3054,4000,0.7114,0.0988,0.1904,0.4398,0.4944,-0.0121,10.85,166.18,0.78,126378.0,0.0,0.2334,0.071,-0.0032,-0.0743,0.4786,-0.014,1.11
3055,4000,0.7089,0.0983,0.1935,0.4189,0.4778,-0.0144,10.91,152.98,0.78,125869.0,0.0,0.2218,0.0666,-0.0031,-0.0732,0.5111,-0.0091,1.11
3056,4000,0.7057,0.0941,0.2011,0.4534,0.4583,-0.0125,9.91,160.99,0.77,128166.0,0.0,0.2289,0.0732,-0.0032,-0.0792,0.4938,-0.0119,1.11
3057,4000,0.7044,0.0946,0.2018,0.4388,0.4856,-0.0134,10.85,186.41,0.77,128076.0,0.0,0.234,0.0714,-0.0031,-0.0766,0.4704,-0.0097,1.11
3058,4000,0.7042,0.0952,0.2011,0.4119,0.4967,-0.0142,10.89,154.1,0.77,127682.0,0.0,0.2223,0.0669,-0.0028,-0.071,0.4912,-0.0141,1.11
3059,4000,0.7079,0.0967,0.1959,0.4225,0.4861,-0.0139,10.78,174.32,0.77,128118.0,0.0,0.2238,0.0679,-0.0029,-0.0728,0.4597,-0.0122,1.11
3060,4000,0.7113,0.0952,0.1939,0.425,0.4958,-0.0138,10.75,175.71,0.76,129169.0,0.0,0.2283,0.0696,-0.0029,-0.0744,0.5404,-0.0137,1.11
3061,4000,0.709,0.0936,0.1979,0.4413,0.4867,-0.0109,12.05,183.93,0.77,128238.0,0.0,0.2348,0.0705,-0.003,-0.0772,0.5207,-0.0138,1.1
3062,4000,0.7084,0.0915,0.2007,0.4134,0.5034,-0.0147,10.4,161.64,0.77,128096.0,0.0,0.2265,0.0671,-0.0032,-0.0734,0.5201,-0.0125,1.11
3063,4000,0.7054,0.0949,0.2004,0.4301,0.5014,-0.0118,11.59,158.59,0.77,128088.0,0.0,0.2339,0.07,-0.0031,-0.0729,0.4944,-0.0142,1.11
3064,4000,0.7079,0.0926,0.2002,0.4173,0.4943,-0.0154,10.66,157.48,0.77,128495.0,0.0,0.2253,0.0676,-0.0029,-0.074,0.4966,-0.0144,1.1
3065,4000,0.7106,0.0934,0.1967,0.4016,0.5077,-0.0139,10.28,151.67,0.77,127555.0,0.0,0.2173,0.0633,-0.0032,-0.0718,0.5072,-0.0133,1.1
3066,4000,0.7131,0.0959,0.1915,0.4075,0.514,-0.0131,10.08,155.01,0.76,129068.0,0.0,0.2211,0.0657,-0.0031,-0.0712,0.5554,-0.0142,1.1
3067,4000,0.7168,0.0978,0.1856,0.4223,0.4971,-0.0134,10.87,170.43,0.76,128627.0,0.0,0.2242,0.0685,-0.0031,-0.0693,0.4595,-0.0109,1.1
3068,4000,0.7172,0.0977,0.1856,0.4151,0.5151,-0.0118,11.32,181.65,0.76,128759.0,0.0,0.2261,0.0679,-0.0034,-0.07,0.4873,-0.0115,1.1
3069,4000,0.7139,0.0967,0.1901,0.4315,0.4974,-0.012,10.63,151.78,0.76,128777.0,0.0,0.2277,0.069,-0.0031,-0.0734,0.4954,-0.0124,1.1
3070,4000,0.7127,0.0981,0.19,0.4,0.5029,-0.0142,11.01,148.85,0.77,128157.0,0.0,0.2192,0.0636,-0.0024,-0.0705,0.4836,-0.0135,1.1
3071,4000,0.7147,0.0971,0.1889,0.4259,0.4851,-0.0136,10.43,164.97,0.77,128405.0,0.0,0.2269,0.0692,-0.0027,-0.0742,0.4728,-0.014,1.1
3072,4000,0.7128,0.0975,0.1902,0.4238,0.5031,-0.0127,11.62,181.23,0.77,128108.0,0.0,0.2297,0.0694,-0.0033,-0.0724,0.5072,-0.0126,1.1
3073,4000,0.7175,0.0953,0.1877,0.3919,0.5177,-0.0122,10.85,168.98,0.77,128294.0,0.0,0.2213,0.0628,-0.0028,-0.068,0.5106,-0.0144,1.1
3074,4000,0.7247,0.0943,0.1812,0.3913,0.547,-0.0118,12.04,161.7,0.76,129384.0,0.0,0.2267,0.0634,-0.0029,-0.069,0.5135,-0.0148,1.1
3075,4000,0.7244,0.0963,0.1796,0.4283,0.4699,-0.0149,10.59,168.03,0.77,127316.0,0.0,0.224,0.0706,-0.0031,-0.0735,0.4514,-0.0144,1.1
3076,4000,0.723,0.0972,0.1802,0.418,0.5,-0.0137,11.38,165.98,0.77,128267.0,0.0,0.2235,0.0677,-0.003,-0.0758,0.4805,-0.0122,1.1
3077,4000,0.7221,0.096,0.1824,0.4261,0.5068,-0.0127,11.49,168.57,0.76,128711.0,0.0,0.2303,0.0684,-0.0028,-0.0752,0.4312,-0.0128,1.1
3078,4000,0.7209,0.0941,0.1854,0.3971,0.4889,-0.0161,11.03,157.1,0.76,128712.0,0.0,0.2196,0.064,-0.0027,-0.0705,0.5058,-0.0123,1.1
3079,4000,0.7169,0.0949,0.1883,0.4199,0.4847,-0.0132,10.6,171.37,0.76,128731.0,0.0,0.2299,0.0682,-0.003,-0.0744,0.4682,-0.0086,1.1
3080,4000,0.7125,0.0964,0.191,0.4179,0.4852,-0.0153,10.95,155.58,0.77,127223.0,0.0,0.2205,0.0669,-0.0029,-0.0745,0.4972,-0.0136,1.1
3081,4000,0.7119,0.0964,0.192,0.4455,0.4834,-0.0138,11.02,179.89,0.77,128059.0,0.0,0.2333,0.0717,-0.003,-0.0801,0.5031,-0.014,1.1
3082,4000,0.7069,0.0951,0.1983,0.443,0.4796,-0.0118,11.0,170.54,0.76,128507.0,0.0,0.2355,0.0716,-0.003,-0.0797,0.4798,-0.0105,1.1
3083,4000,0.7045,0.0955,0.2005,0.4312,0.4863,-0.0133,10.65,183.19,0.76,128980.0,0.0,0.2258,0.0707,-0.0031,-0.0737,0.4359,-0.0133,1.1
3084,4000,0.7017,0.0983,0.2008,0.4225,0.4808,-0.0154,11.08,178.67,0.77,127729.0,0.0,0.2223,0.0678,-0.0034,-0.0754,0.4555,-0.0139,1.1
3085,4000,0.7025,0.0966,0.2019,0.4169,0.5109,-0.0117,10.39,158.19,0.77,126928.0,0.0,0.2302,0.0668,-0.003,-0.0723,0.5233,-0.0141,1.1
3086,4000,0.7048,0.0953,0.2008,0.4389,0.498,-0.0122,11.97,175.67,0.76,128809.0,0.0,0.2348,0.0725,-0.003,-0.0765,0.4713,-0.0142,1.1
3087,4000,0.7039,0.0934,0.2033,0.4326,0.4973,-0.0116,10.69,163.17,0.76,128527.0,0.0,0.2309,0.0696,-0.0032,-0.0772,0.4718,-0.0133,1.1
3088,4000,0.7026,0.0912,0.2069,0.4564,0.4771,-0.0117,11.22,176.93,0.76,128503.0,0.0,0.2402,0.0752,-0.0034,-0.0794,0.4605,-0.0142,1.1
3089,4000,0.6982,0.091,0.2113,0.392,0.517,-0.0137,10.76,150.69,0.77,128452.0,0.0,0.2179,0.0624,-0.0026,-0.0689,0.4714,-0.0121,1.1
3090,4000,0.7039,0.0891,0.2073,0.4116,0.5103,-0.0121,11.21,156.85,0.76,129656.0,0.0,0.2283,0.0656,-0.0032,-0.0692,0.4859,-0.0135,1.1
3091,4000,0.7081,0.0894,0.2026,0.4111,0.5104,-0.0133,11.03,149.46,0.76,128871.0,0.0,0.2243,0.0667,-0.0031,-0.07,0.4699,-0.0093,1.1
3092,4000,0.7093,0.0871,0.2039,0.4364,0.4984,-0.011,11.68,172.96,0.76,128989.0,0.0,0.2395,0.0704,-0.0033,-0.0734,0.4697,-0.0085,1.1
3093,4000,0.7079,0.0853,0.2071,0.4207,0.5089,-0.0115,11.35,167.43,0.77,127790.0,0.0,0.2327,0.0687,-0.0027,-0.0745,0.4546,-0.0126,1.1
3094,4000,0.7093,0.0869,0.204,0.4148,0.4951,-0.0151,11.94,178.77,0.76,128851.0,0.0,0.225,0.0667,-0.0028,-0.0721,0.554,-0.0123,1.1
3095,4000,0.71,0.0884,0.2018,0.4167,0.5089,-0.0122,11.45,160.71,0.77,128464.0,0.0,0.2288,0.0669,-0.0032,-0.0723,0.4727,-0.0128,1.1
3096,4000,0.7124,0.0896,0.1986,0.4371,0.4847,-0.0134,11.08,167.79,0.76,128910.0,0.0,0.2357,0.0701,-0.0029,-0.0761,0.5199,-0.0132,1.1
3097,4000,0.7088,0.094,0.1977,0.432,0.4753,-0.0157,10.79,164.18,0.76,129402.0,0.0,0.232,0.0696,-0.0031,-0.0748,0.4724,-0.0113,1.1
3098,4000,0.7094,0.0934,0.1977,0.4157,0.5042,-0.0114,10.89,151.07,0.77,128027.0,0.0,0.2292,0.0668,-0.0031,-0.0718,0.5121,-0.0086,1.1
3099,4000,0.7121,0.093,0.1954,0.4002,0.4965,-0.0168,10.0,156.38,0.77,127957.0,0.0,0.2235,0.0641,-0.0031,-0.0695,0.4716,-0.012,1.1
3100,4000,0.7119,0.096,0.1926,0.4498,0.4878,-0.0122,11.33,168.47,0.78,126151.0,0.0,0.2417,0.0719,-0.0032,-0.0758,0.4704,-0.0139,1.1
3101,4000,0.7129,0.0963,0.1913,0.4324,0.498,-0.0134,11.75,186.78,0.77,126880.0,0.0,0.232,0.0695,-0.0032,-0.0741,0.4863,-0.0151,1.1
3102,4000,0.7097,0.0965,0.1943,0.4023,0.5132,-0.014,11.26,163.35,0.78,125239.0,0.0,0.2219,0.0633,-0.0029,-0.0701,0.4777,-0.0146,1.1
3103,4000,0.707,0.0979,0.1955,0.4367,0.4782,-0.0131,11.5,172.68,0.77,127084.0,0.0,0.2289,0.0711,-0.0032,-0.0747,0.4581,-0.0125,1.1
3104,4000,0.7081,0.0974,0.195,0.417,0.4956,-0.014,11.63,183.61,0.77,127962.0,0.0,0.2251,0.0676,-0.0032,-0.0727,0.4959,-0.0092,1.1
3105,4000,0.7082,0.0978,0.1945,0.4162,0.4841,-0.0148,10.09,140.54,0.77,127345.0,0.0,0.2214,0.0662,-0.0031,-0.0717,0.5028,-0.0134,1.1
3106,4000,0.7134,0.0978,0.1894,0.4168,0.4902,-0.0158,10.13,138.15,0.76,129116.0,0.0,0.2266,0.0673,-0.0032,-0.0697,0.496,-0.0141,1.1
3107,4000,0.7126,0.1002,0.188,0.4215,0.4869,-0.0151,9.56,148.7,0.76,128957.0,0.0,0.2254,0.068,-0.0032,-0.0754,0.4732,-0.0142,1.1
3108,4000,0.7089,0.1016,0.1902,0.4411,0.4793,-0.0137,10.81,154.03,0.76,128794.0,0.0,0.2302,0.071,-0.0033,-0.0753,0.4105,-0.0116,1.1
3109,4000,0.7031,0.1038,0.1938,0.4181,0.4686,-0.0168,10.52,167.13,0.78,125667.0,0.0,0.2199,0.0675,-0.0034,-0.0704,0.4784,-0.0119,1.1
3110,4000,0.6976,0.1068,0.1961,0.454,0.4874,-0.0105,11.86,177.97,0.76,128542.0,0.0,0.2375,0.0741,-0.0033,-0.0766,0.4279,-0.0134,1.1
3111,4000,0.6992,0.1027,0.1982,0.4133,0.5066,-0.0119,10.82,152.48,0.77,128197.0,0.0,0.2245,0.0666,-0.0029,-0.0697,0.4953,-0.0117,1.1
3112,4000,0.699,0.0998,0.2014,0.446,0.4971,-0.0105,12.06,187.0,0.77,127781.0,0.0,0.2385,0.0734,-0.0036,-0.0736,0.381,-0.0133,1.1
3113,4000,0.6978,0.0985,0.2042,0.4409,0.4946,-0.0121,11.49,170.54,0.77,128350.0,0.0,0.2322,0.0729,-0.0031,-0.0764,0.4429,-0.0132,1.1
3114,4000,0.702,0.0951,0.2034,0.4134,0.5138,-0.0131,10.91,174.03,0.77,127239.0,0.0,0.2275,0.0653,-0.0029,-0.0703,0.4791,-0.0127,1.1
3115,4000,0.7046,0.0961,0.1996,0.415,0.4887,-0.0143,11.52,174.8,0.77,127266.0,0.0,0.2214,0.0669,-0.0031,-0.0705,0.4818,-0.0122,1.1
3116,4000,0.7043,0.0951,0.2009,0.4453,0.474,-0.0143,11.22,175.62,0.76,129176.0,0.0,0.2342,0.0725,-0.0037,-0.0731,0.5083,-0.0124,1.1
3117,4000,0.6977,0.097,0.2056,0.4407,0.4848,-0.0137,11.14,155.01,0.77,127371.0,0.0,0.2321,0.0704,-0.003,-0.0785,0.4475,-0.0089,1.1
3118,4000,0.6977,0.0972,0.2053,0.422,0.5023,-0.0119,11.24,144.66,0.77,127095.0,0.0,0.227,0.0671,-0.0033,-0.0736,0.5185,-0.0136,1.1
3119,4000,0.6988,0.0975,0.2039,0.4201,0.4968,-0.0129,11.57,173.12,0.78,125591.0,0.0,0.2278,0.0673,-0.003,-0.0739,0.41,-0.0139,1.1
3120,4000,0.6976,0.0958,0.2068,0.4403,0.4756,-0.013,11.21,176.33,0.76,128605.0,0.0,0.2307,0.0703,-0.003,-0.0753,0.4449,-0.0128,1.1
3121,4000,0.6923,0.0985,0.2095,0.423,0.4837,-0.0151,12.23,178.49,0.77,128423.0,0.0,0.2284,0.0672,-0.0033,-0.0711,0.5233,-0.0132,1.1
3122,4000,0.6899,0.1014,0.2091,0.4433,0.4857,-0.0139,11.66,180.44,0.77,128293.0,0.0,0.2372,0.0711,-0.0031,-0.0724,0.5592,-0.0142,1.1
3123,4000,0.6879,0.1018,0.2109,0.4157,0.4938,-0.0142,11.27,160.04,0.76,128995.0,0.0,0.2237,0.0659,-0.0031,-0.068,0.4444,-0.013,1.1
3124,4000,0.6919,0.0978,0.211,0.473,0.4719,-0.0102,11.18,191.23,0.77,128254.0,0.0,0.2422,0.0757,-0.003,-0.0789,0.4756,-0.0098,1.1
3125,4000,0.6939,0.0937,0.2131,0.4311,0.5096,-0.0115,11.48,179.95,0.8,123180.0,0.0,0.2345,0.0691,-0.003,-0.0727,0.4967,-0.0139,1.1
3126,4000,0.6929,0.0926,0.2151,0.4256,0.4781,-0.0143,10.74,159.3,0.76,129075.0,0.0,0.2293,0.0674,-0.003,-0.0727,0.5492,-0.0121,1.1
3127,4000,0.6938,0.0952,0.2114,0.4122,0.5116,-0.0137,11.58,164.65,0.76,128936.0,0.0,0.2276,0.0657,-0.0026,-0.0705,0.5254,-0.0095,1.1
3128,4000,0.7019,0.0949,0.2035,0.4096,0.5025,-0.016,10.78,166.02,0.78,126127.0,0.0,0.2251,0.0658,-0.0026,-0.0701,0.5453,-0.0137,1.1
3129,4000,0.7086,0.0956,0.1959,0.4117,0.517,-0.0132,11.0,172.41,0.76,128576.0,0.0,0.2281,0.0657,-0.0027,-0.0675,0.4972,-0.0126,1.1
3130,4000,0.7068,0.0977,0.1958,0.4119,0.4953,-0.0134,11.83,159.4,0.77,128291.0,0.0,0.2235,0.065,-0.0028,-0.0708,0.4705,-0.0106,1.1
3131,4000,0.7071,0.0984,0.1949,0.4143,0.4912,-0.015,10.44,168.16,0.76,129184.0,0.0,0.2265,0.066,-0.003,-0.0706,0.4802,-0.0139,1.1
3132,4000,0.7055,0.0995,0.1955,0.3942,0.5201,-0.0131,11.36,153.09,0.77,128077.0,0.0,0.2222,0.0621,-0.0027,-0.0662,0.5119,-0.0134,1.1
3133,4000,0.7086,0.0975,0.1944,0.404,0.5153,-0.0126,10.22,132.73,0.76,129142.0,0.0,0.2288,0.0645,-0.0031,-0.0679,0.5615,-0.0131,1.1
3134,4000,0.712,0.099,0.1895,0.3934,0.5222,-0.0147,10.94,123.95,0.76,128695.0,0.0,0.2217,0.0632,-0.0028,-0.0648,0.5793,-0.014,1.1
3135,4000,0.7145,0.1014,0.1848,0.409,0.4973,-0.0144,11.52,161.51,0.77,128114.0,0.0,0.2268,0.0652,-0.003,-0.0666,0.4741,-0.0144,1.1
3136,4000,0.7134,0.101,0.1863,0.4024,0.5058,-0.0132,10.25,139.17,0.77,128179.0,0.0,0.2228,0.0638,-0.0028,-0.0676,0.4535,-0.0144,1.1
3137,4000,0.7159,0.1004,0.1844,0.4258,0.5028,-0.014,10.73,179.27,0.77,128265.0,0.0,0.2369,0.0677,-0.0026,-0.0714,0.5411,-0.0138,1.1
3138,4000,0.7121,0.1027,0.1857,0.4331,0.4908,-0.0128,12.06,164.99,0.78,126225.0,0.0,0.2344,0.0696,-0.003,-0.0726,0.473,-0.0117,1.1
3139,4000,0.7122,0.1024,0.1857,0.428,0.5035,-0.0123,11.84,166.61,0.77,128319.0,0.0,0.2346,0.0693,-0.0028,-0.072,0.583,-0.0123,1.1
3140,4000,0.7121,0.1031,0.1855,0.4253,0.4906,-0.0141,11.2,174.67,0.76,128625.0,0.0,0.2293,0.0673,-0.0025,-0.0759,0.4732,-0.0133,1.1
3141,4000,0.7141,0.1033,0.1835,0.4241,0.5037,-0.0131,11.26,161.3,0.77,127769.0,0.0,0.2355,0.0674,-0.0029,-0.0726,0.5197,-0.0137,1.1
3142,4000,0.7114,0.1051,0.1845,0.4144,0.5015,-0.0148,11.04,167.15,0.78,126572.0,0.0,0.2296,0.0647,-0.0027,-0.0715,0.4589,-0.0146,1.1
3143,4000,0.7088,0.1034,0.1888,0.4081,0.5116,-0.0134,11.6,155.03,0.77,127524.0,0.0,0.2298,0.064,-0.0028,-0.0697,0.4386,-0.0108,1.1
3144,4000,0.7154,0.1018,0.1837,0.4112,0.5256,-0.012,10.56,161.97,0.76,128828.0,0.0,0.2345,0.0639,-0.0028,-0.0714,0.4895,-0.0123,1.1
3145,4000,0.7197,0.0997,0.1816,0.4213,0.5292,-0.0114,11.89,164.38,0.76,128578.0,0.0,0.2382,0.066,-0.0026,-0.0719,0.4923,-0.0133,1.1
3146,4000,0.7214,0.0966,0.183,0.4317,0.5067,-0.0129,11.38,159.88,0.76,128772.0,0.0,0.2402,0.0676,-0.0026,-0.0747,0.4634,-0.0123,1.1
3147,4000,0.7268,0.094,0.1801,0.4372,0.5196,-0.0101,12.22,178.74,0.77,128028.0,0.0,0.2476,0.0689,-0.0027,-0.0754,0.4588,-0.0116,1.1
3148,4000,0.732,0.0927,0.1764,0.4282,0.5014,-0.0126,10.82,164.34,0.77,127918.0,0.0,0.2376,0.0676,-0.0028,-0.0718,0.47,-0.0131,1.11
3149,4000,0.7298,0.0941,0.1774,0.4056,0.5168,-0.0122,11.73,168.53,0.77,128146.0,0.0,0.2303,0.0635,-0.0026,-0.0702,0.4791,-0.0101,1.11
3150,4000,0.7303,0.0928,0.178,0.4146,0.5179,-0.0131,11.22,165.91,0.76,128526.0,0.0,0.2326,0.0665,-0.0026,-0.0717,0.539,-0.0135,1.11
3151,4000,0.7303,0.0955,0.1752,0.4029,0.5066,-0.0151,10.36,142.09,0.77,128124.0,0.0,0.2237,0.0642,-0.0028,-0.0673,0.549,-0.0126,1.11
3152,4000,0.7295,0.0977,0.1738,0.3889,0.5,-0.0159,10.78,156.64,0.77,128232.0,0.0,0.221,0.0615,-0.0026,-0.0659,0.4785,-0.0138,1.11
3153,4000,0.7267,0.101,0.1735,0.4238,0.4925,-0.0139,11.2,162.89,0.76,128640.0,0.0,0.2361,0.0667,-0.0028,-0.0692,0.4477,-0.0111,1.11
3154,4000,0.7166,0.1052,0.1793,0.4134,0.4855,-0.0163,10.41,149.04,0.77,128036.0,0.0,0.2248,0.0649,-0.0024,-0.0677,0.4685,-0.0087,1.11
3155,4000,0.7119,0.1069,0.1821,0.4074,0.5157,-0.0122,11.22,159.71,0.76,128822.0,0.0,0.2275,0.0645,-0.0027,-0.0656,0.537,-0.0116,1.11
3156,4000,0.716,0.104,0.1803,0.4284,0.5054,-0.012,11.21,169.89,0.76,128630.0,0.0,0.2364,0.0683,-0.0029,-0.068,0.5526,-0.0107,1.11
3157,4000,0.7216,0.1029,0.1759,0.4061,0.497,-0.0159,11.45,176.22,0.76,128986.0,0.0,0.2238,0.0636,-0.0029,-0.0678,0.5857,-0.0132,1.11
3158,4000,0.7222,0.1054,0.1731,0.4023,0.4943,-0.017,10.88,149.45,0.77,128284.0,0.0,0.226,0.063,-0.0028,-0.064,0.5618,-0.0143,1.11
3159,4000,0.713,0.1088,0.179,0.4377,0.4713,-0.0163,11.52,178.95,0.77,127204.0,0.0,0.2339,0.0684,-0.003,-0.0701,0.5594,-0.012,1.11
3160,4000,0.7089,0.1089,0.1829,0.4186,0.4901,-0.0143,12.15,169.03,0.76,128768.0,0.0,0.2309,0.0662,-0.0027,-0.069,0.5619,-0.009,1.11
3161,4000,0.7126,0.1073,0.1808,0.4137,0.4929,-0.0155,11.26,165.31,0.77,128002.0,0.0,0.226,0.0657,-0.0026,-0.0654,0.4837,-0.0118,1.11
3162,4000,0.7124,0.1072,0.1814,0.4321,0.4751,-0.0181,10.22,154.83,0.76,128706.0,0.0,0.2332,0.0673,-0.0026,-0.0681,0.5088,-0.0126,1.11
3163,4000,0.7094,0.1086,0.1831,0.4132,0.5114,-0.0138,10.34,143.43,0.76,128548.0,0.0,0.231,0.0642,-0.0026,-0.0674,0.5788,-0.0134,1.11
3164,4000,0.7116,0.1078,0.1816,0.3994,0.5094,-0.0142,10.82,154.62,0.78,125287.0,0.0,0.225,0.0615,-0.0022,-0.0637,0.5068,-0.0128,1.11
3165,4000,0.7156,0.1081,0.1773,0.4072,0.5118,-0.0144,11.01,169.48,0.78,126259.0,0.0,0.23,0.0619,-0.0026,-0.0646,0.5073,-0.0125,1.11
3166,4000,0.7138,0.1062,0.181,0.4502,0.4975,-0.0118,10.98,159.76,0.76,128593.0,0.0,0.2431,0.0708,-0.0028,-0.0691,0.5841,-0.0121,1.11
3167,4000,0.7121,0.1061,0.1827,0.4218,0.4987,-0.0141,10.92,170.51,0.76,128609.0,0.0,0.2299,0.0658,-0.0026,-0.0665,0.5243,-0.0121,1.11
3168,4000,0.7169,0.102,0.1818,0.402,0.5114,-0.012,11.5,166.46,0.77,127267.0,0.0,0.2256,0.0622,-0.0029,-0.0602,0.4774,-0.0129,1.11
3169,4000,0.7216,0.1018,0.1773,0.4256,0.5159,-0.0126,11.81,187.52,0.77,127553.0,0.0,0.2399,0.0662,-0.0026,-0.0648,0.5202,-0.0132,1.11
3170,4000,0.7203,0.1018,0.1789,0.4202,0.495,-0.014,11.21,182.49,0.77,126968.0,0.0,0.228,0.0653,-0.0027,-0.0639,0.4704,-0.0136,1.11
3171,4000,0.718,0.103,0.18,0.4299,0.4882,-0.0134,11.43,147.69,0.76,128619.0,0.0,0.2372,0.068,-0.0026,-0.0673,0.5425,-0.014,1.11
3172,4000,0.7184,0.1005,0.1819,0.4436,0.4946,-0.0115,11.07,183.33,0.76,129449.0,0.0,0.2382,0.07,-0.0027,-0.0674,0.5134,-0.0125,1.11
3173,4000,0.7138,0.0979,0.1887,0.4489,0.4961,-0.0114,11.52,179.98,0.77,128420.0,0.0,0.2413,0.0713,-0.0025,-0.0694,0.5149,-0.0136,1.11
3174,4000,0.7093,0.0981,0.193,0.4588,0.4614,-0.0134,11.38,181.65,0.78,125910.0,0.0,0.2444,0.0726,-0.0027,-0.071,0.5337,-0.0129,1.11
3175,4000,0.706,0.0956,0.1987,0.4329,0.4846,-0.0135,11.59,183.92,0.76,128664.0,0.0,0.2322,0.0674,-0.0026,-0.065,0.5089,-0.0129,1.11
3176,4000,0.6985,0.0969,0.2048,0.4409,0.4871,-0.014,10.95,159.2,0.78,125537.0,0.0,0.2375,0.0702,-0.0028,-0.0688,0.5129,-0.0121,1.11
3177,4000,0.7001,0.0971,0.203,0.3799,0.5144,-0.015,10.44,135.91,0.77,128331.0,0.0,0.2189,0.06,-0.003,-0.0559,0.5078,-0.0123,1.11
3178,4000,0.7088,0.0961,0.1953,0.4157,0.5273,-0.0115,11.4,165.98,0.78,126588.0,0.0,0.2377,0.0652,-0.0027,-0.0609,0.5137,-0.0116,1.11
3179,4000,0.7146,0.0927,0.1931,0.4392,0.5219,-0.0097,12.32,193.58,0.77,127564.0,0.0,0.2397,0.0686,-0.0026,-0.0649,0.5345,-0.0131,1.11
3180,4000,0.7176,0.0905,0.1926,0.4387,0.4939,-0.0125,10.93,175.35,0.77,127356.0,0.0,0.2354,0.0686,-0.0027,-0.0637,0.4688,-0.0142,1.11
3181,4000,0.7169,0.0902,0.1936,0.4494,0.4954,-0.0107,11.02,164.06,0.77,127570.0,0.0,0.2406,0.0722,-0.0029,-0.0647,0.5339,-0.0122,1.11
3182,4000,0.7159,0.0895,0.1954,0.4141,0.4984,-0.0154,10.78,166.37,0.76,128586.0,0.0,0.2315,0.0658,-0.0028,-0.0618,0.5173,-0.013,1.11
3183,4000,0.7131,0.0931,0.1946,0.4441,0.4911,-0.0146,11.47,168.92,0.76,128610.0,0.0,0.238,0.0715,-0.0032,-0.0636,0.5781,-0.0125,1.11
3184,4000,0.709,0.0944,0.1971,0.4438,0.4878,-0.0122,10.44,163.09,0.77,127378.0,0.0,0.2356,0.0715,-0.0031,-0.0637,0.475,-0.0116,1.11
3185,4000,0.7089,0.0943,0.1973,0.4343,0.4949,-0.0134,10.59,145.7,0.77,128456.0,0.0,0.2386,0.0693,-0.003,-0.063,0.5593,-0.0117,1.11
3186,4000,0.7079,0.0973,0.1953,0.427,0.4637,-0.0167,11.19,174.95,0.76,128864.0,0.0,0.2251,0.0687,-0.0032,-0.0611,0.5421,-0.0134,1.11
3187,4000,0.7054,0.0993,0.1958,0.4114,0.4991,-0.0153,10.91,154.05,0.76,128558.0,0.0,0.2272,0.0656,-0.0029,-0.0583,0.5407,-0.0133,1.11
3188,4000,0.7069,0.1,0.1939,0.4277,0.5233,-0.0107,11.03,157.73,0.77,127810.0,0.0,0.2359,0.0678,-0.0029,-0.0649,0.5309,-0.0099,1.11
3189,4000,0.7071,0.1014,0.1922,0.4342,0.4682,-0.0145,10.83,175.23,0.77,127771.0,0.0,0.2288,0.07,-0.0033,-0.0617,0.4645,-0.0127,1.12
3190,4000,0.7024,0.1045,0.1938,0.4422,0.4953,-0.0125,11.84,177.24,0.77,127746.0,0.0,0.2348,0.0717,-0.0027,-0.0638,0.5276,-0.0137,1.12
3191,4000,0.699,0.1037,0.1979,0.4299,0.4878,-0.0149,11.24,162.5,0.77,127867.0,0.0,0.2321,0.0688,-0.0029,-0.0614,0.5274,-0.0136,1.12
3192,4000,0.6945,0.1009,0.2048,0.4361,0.4913,-0.0131,12.08,178.03,0.77,126854.0,0.0,0.2342,0.0713,-0.0031,-0.0632,0.5378,-0.0138,1.12
3193,4000,0.6927,0.1027,0.2048,0.4221,0.489,-0.0147,10.8,183.7,0.76,128530.0,0.0,0.2275,0.0681,-0.003,-0.061,0.5252,-0.0138,1.12
3194,4000,0.6894,0.1046,0.2067,0.4082,0.4683,-0.0197,10.7,152.23,0.78,125922.0,0.0,0.2217,0.066,-0.003,-0.0608,0.4896,-0.0089,1.12
3195,4000,0.6869,0.1078,0.2064,0.4437,0.4875,-0.0121,11.54,165.56,0.76,128856.0,0.0,0.2367,0.0722,-0.0029,-0.0662,0.4497,-0.0129,1.12
3196,4000,0.6883,0.1079,0.2053,0.4431,0.4889,-0.0123,11.42,174.3,0.76,128955.0,0.0,0.2348,0.0727,-0.0039,-0.064,0.4615,-0.0115,1.12
3197,4000,0.6894,0.1072,0.2052,0.439,0.4938,-0.0119,11.55,177.53,0.76,128820.0,0.0,0.2317,0.071,-0.003,-0.0657,0.5216,-0.0143,1.12
3198,4000,0.6916,0.1033,0.2068,0.438,0.5114,-0.0099,12.31,167.99,0.77,128366.0,0.0,0.2387,0.0711,-0.0029,-0.0646,0.535,-0.0123,1.12
3199,4000,0.6958,0.1025,0.2035,0.4275,0.4925,-0.0142,10.43,153.93,0.76,128584.0,0.0,0.2285,0.0694,-0.0027,-0.0641,0.6069,-0.0115,1.12
3200,4000,0.698,0.1021,0.2015,0.4375,0.4737,-0.0147,11.03,156.95,0.77,127137.0,0.0,0.2352,0.0713,-0.0029,-0.0654,0.503,-0.0156,1.12
3201,4000,0.6991,0.1012,0.2008,0.4468,0.4932,-0.0131,11.43,196.68,0.78,126139.0,0.0,0.2412,0.0724,-0.003,-0.0667,0.6512,-0.014,1.12
3202,4000,0.6976,0.102,0.2011,0.446,0.4786,-0.0144,11.82,189.51,0.78,126521.0,0.0,0.2354,0.0725,-0.0034,-0.0653,0.6112,-0.0131,1.12
3203,4000,0.691,0.1041,0.2054,0.4151,0.4792,-0.0172,10.43,144.04,0.77,127792.0,0.0,0.2285,0.0669,-0.003,-0.0624,0.5249,-0.0151,1.12
3204,4000,0.6911,0.1054,0.2037,0.4363,0.4838,-0.0145,11.16,165.51,0.77,127005.0,0.0,0.2325,0.0709,-0.0032,-0.0647,0.5133,-0.0129,1.12
3205,4000,0.6907,0.1071,0.2025,0.419,0.4997,-0.0129,10.97,143.73,0.77,128418.0,0.0,0.2263,0.0678,-0.003,-0.0613,0.5336,-0.0091,1.12
3206,4000,0.6938,0.1064,0.2001,0.4103,0.5102,-0.014,11.79,169.03,0.78,126608.0,0.0,0.2291,0.0654,-0.0028,-0.0608,0.5493,-0.0131,1.12
3207,4000,0.7023,0.1031,0.1948,0.4165,0.512,-0.0136,11.01,162.38,0.76,128620.0,0.0,0.2352,0.0668,-0.0028,-0.0629,0.5603,-0.015,1.12
3208,4000,0.7062,0.1022,0.1919,0.4146,0.523,-0.0119,11.52,165.04,0.76,129013.0,0.0,0.2356,0.0659,-0.003,-0.06,0.5779,-0.0127,1.12
3209,4000,0.713,0.1022,0.1853,0.4146,0.5096,-0.014,11.27,166.14,0.77,127402.0,0.0,0.2344,0.0659,-0.0033,-0.0612,0.5563,-0.0092,1.12
3210,4000,0.7191,0.0996,0.182,0.3997,0.5243,-0.013,11.32,154.49,0.77,127825.0,0.0,0.229,0.0636,-0.0029,-0.0582,0.5794,-0.0139,1.12
3211,4000,0.7265,0.0987,0.1752,0.396,0.5352,-0.0137,11.33,170.61,0.76,128542.0,0.0,0.2269,0.0626,-0.0029,-0.0586,0.5423,-0.0146,1.12
3212,4000,0.7313,0.0974,0.1716,0.4031,0.5188,-0.0147,10.83,136.43,0.77,128347.0,0.0,0.2291,0.0643,-0.0029,-0.0573,0.5321,-0.0122,1.12
3213,4000,0.7294,0.1013,0.1695,0.393,0.522,-0.0149,10.49,141.45,0.76,128780.0,0.0,0.2225,0.0623,-0.0029,-0.0579,0.5697,-0.0134,1.12
3214,4000,0.729,0.1049,0.1663,0.4074,0.5288,-0.0122,11.65,161.4,0.77,127562.0,0.0,0.2347,0.064,-0.0031,-0.0605,0.5346,-0.015,1.12
3215,4000,0.7308,0.1038,0.1656,0.4116,0.5036,-0.0156,10.9,143.87,0.77,127513.0,0.0,0.2329,0.0653,-0.003,-0.0583,0.578,-0.0142,1.12
3216,4000,0.7327,0.1038,0.1639,0.4092,0.5135,-0.013,10.96,164.64,0.77,127880.0,0.0,0.227,0.066,-0.0031,-0.0595,0.6098,-0.0135,1.13
3217,4000,0.731,0.1042,0.1653,0.4198,0.487,-0.0157,10.57,157.13,0.77,128177.0,0.0,0.2337,0.0665,-0.0032,-0.0608,0.6344,-0.0134,1.13
3218,4000,0.7257,0.1077,0.1671,0.4043,0.4835,-0.019,10.46,147.07,0.77,128241.0,0.0,0.225,0.0648,-0.0032,-0.0577,0.58,-0.0141,1.13
3219,4000,0.7238,0.1124,0.1641,0.4018,0.5291,-0.0141,10.77,156.17,0.77,128364.0,0.0,0.227,0.0626,-0.0028,-0.0601,0.5565,-0.0133,1.12
3220,4000,0.7245,0.1119,0.1638,0.4207,0.5207,-0.0121,12.51,175.68,0.76,128851.0,0.0,0.2352,0.0676,-0.0029,-0.0616,0.5492,-0.014,1.12
3221,4000,0.7304,0.1072,0.1626,0.4089,0.5235,-0.0121,11.4,193.11,0.77,127774.0,0.0,0.2305,0.0649,-0.0028,-0.0611,0.498,-0.0139,1.13
3222,4000,0.739,0.1033,0.158,0.3973,0.5328,-0.013,10.88,161.56,0.77,127049.0,0.0,0.2323,0.0627,-0.0028,-0.0592,0.6241,-0.0136,1.13
3223,4000,0.7399,0.1053,0.155,0.4056,0.501,-0.0159,11.24,163.83,0.77,128177.0,0.0,0.2293,0.0623,-0.0027,-0.0585,0.5504,-0.0092,1.13
3224,4000,0.737,0.1065,0.1568,0.396,0.519,-0.0146,11.91,159.89,0.76,128973.0,0.0,0.2298,0.0625,-0.0028,-0.0576,0.5898,-0.0131,1.13
3225,4000,0.7346,0.1077,0.158,0.4244,0.5001,-0.0153,11.44,181.97,0.76,129404.0,0.0,0.2353,0.0668,-0.0031,-0.0625,0.4979,-0.013,1.13
3226,4000,0.7325,0.1074,0.1603,0.3833,0.5205,-0.0164,11.22,146.99,0.76,129199.0,0.0,0.2224,0.0603,-0.0029,-0.0567,0.5272,-0.0142,1.13
3227,4000,0.7348,0.1051,0.1603,0.3996,0.5136,-0.0131,10.7,161.06,0.76,129597.0,0.0,0.2238,0.0634,-0.003,-0.057,0.4948,-0.0118,1.13
3228,4000,0.7349,0.1014,0.164,0.4064,0.5277,-0.0121,11.38,157.31,0.76,128816.0,0.0,0.2308,0.0632,-0.0026,-0.0609,0.5299,-0.0086,1.13
3229,4000,0.7353,0.1001,0.165,0.416,0.5176,-0.0107,11.15,170.79,0.76,128627.0,0.0,0.2345,0.0664,-0.0028,-0.0617,0.4542,-0.0121,1.12
3230,4000,0.7393,0.0982,0.1632,0.3992,0.5246,-0.0115,10.81,162.74,0.77,128430.0,0.0,0.2247,0.0627,-0.0026,-0.0577,0.611,-0.0126,1.12
3231,4000,0.7367,0.0995,0.1645,0.4228,0.4914,-0.0138,10.61,165.75,0.78,126454.0,0.0,0.228,0.0663,-0.003,-0.0609,0.4658,-0.0117,1.13
3232,4000,0.7338,0.0996,0.1674,0.392,0.5351,-0.0106,11.81,168.56,0.77,127555.0,0.0,0.2282,0.0614,-0.0027,-0.0556,0.5116,-0.0124,1.13
3233,4000,0.7326,0.0976,0.1704,0.4459,0.4888,-0.014,11.67,173.71,0.77,128299.0,0.0,0.2455,0.0702,-0.0034,-0.0637,0.5578,-0.0089,1.13
3234,4000,0.7262,0.0994,0.1749,0.4175,0.5003,-0.0145,10.94,166.94,0.76,128722.0,0.0,0.2324,0.064,-0.0029,-0.0604,0.5246,-0.0126,1.13
3235,4000,0.723,0.1009,0.1766,0.3988,0.5073,-0.0145,11.54,152.04,0.78,126083.0,0.0,0.23,0.0624,-0.0023,-0.0567,0.5323,-0.0136,1.13
3236,4000,0.7244,0.1004,0.1757,0.4309,0.5015,-0.012,10.27,142.48,0.76,128896.0,0.0,0.2346,0.067,-0.0025,-0.0623,0.5608,-0.0144,1.13
3237,4000,0.7207,0.0993,0.1807,0.4487,0.481,-0.0128,10.96,161.75,0.77,128277.0,0.0,0.2402,0.0705,-0.003,-0.0658,0.5535,-0.0099,1.13
3238,4000,0.7191,0.0978,0.1835,0.403,0.5062,-0.0125,11.02,168.06,0.76,128633.0,0.0,0.2251,0.0623,-0.003,-0.062,0.5412,-0.0089,1.13
3239,4000,0.7176,0.1004,0.1823,0.4149,0.4993,-0.0154,10.08,140.21,0.77,127773.0,0.0,0.2304,0.065,-0.0028,-0.0621,0.5905,-0.0127,1.13
3240,4000,0.7179,0.1024,0.1799,0.4037,0.4995,-0.015,11.55,156.73,0.76,129060.0,0.0,0.2266,0.0625,-0.0026,-0.058,0.5203,-0.0119,1.13
3241,4000,0.7186,0.1019,0.1798,0.4071,0.5023,-0.0158,11.94,162.82,0.76,129660.0,0.0,0.2304,0.0628,-0.0028,-0.0595,0.4894,-0.0119,1.13
3242,4000,0.722,0.1014,0.1772,0.4192,0.5019,-0.0138,11.87,191.63,0.78,126721.0,0.0,0.2336,0.0647,-0.0027,-0.0612,0.5232,-0.0118,1.13
3243,4000,0.7243,0.101,0.1751,0.3792,0.5187,-0.0155,11.31,149.96,0.76,128621.0,0.0,0.2183,0.0582,-0.0027,-0.0541,0.5527,-0.0086,1.13
3244,4000,0.7265,0.099,0.1749,0.4179,0.4959,-0.0139,10.31,173.44,0.76,128822.0,0.0,0.2285,0.065,-0.0028,-0.0606,0.4916,-0.0115,1.13
3245,4000,0.7177,0.0994,0.1829,0.4412,0.4749,-0.0139,10.54,158.24,0.77,128289.0,0.0,0.2396,0.0702,-0.003,-0.0623,0.5477,-0.0123,1.13
3246,4000,0.7159,0.0994,0.1847,0.429,0.5066,-0.0119,10.06,151.46,0.76,129104.0,0.0,0.2382,0.0665,-0.0026,-0.0607,0.5461,-0.0136,1.13
3247,4000,0.7182,0.0984,0.1836,0.4045,0.5114,-0.0147,10.69,162.33,0.76,128612.0,0.0,0.2296,0.0618,-0.0027,-0.0579,0.4993,-0.0116,1.13
3248,4000,0.7136,0.1007,0.1861,0.4234,0.4862,-0.0128,10.58,166.35,0.77,127576.0,0.0,0.2363,0.0662,-0.0027,-0.0595,0.5194,-0.0107,1.13
3249,4000,0.7171,0.0988,0.1846,0.4291,0.4964,-0.0133,12.08,174.02,0.76,128901.0,0.0,0.2351,0.0665,-0.003,-0.0635,0.5276,-0.0126,1.13
3250,4000,0.7239,0.0961,0.1804,0.4164,0.5027,-0.0138,11.53,151.37,0.79,125105.0,0.0,0.2351,0.0656,-0.003,-0.0614,0.5004,-0.0146,1.13
3251,4000,0.7207,0.0964,0.1833,0.4369,0.4879,-0.0127,11.84,183.96,0.77,127971.0,0.0,0.2365,0.0691,-0.0031,-0.0651,0.5318,-0.013,1.13
3252,4000,0.715,0.0973,0.1882,0.4521,0.4895,-0.0104,11.95,172.98,0.77,128404.0,0.0,0.2429,0.0707,-0.0028,-0.0679,0.4766,-0.0136,1.13
3253,4000,0.7091,0.0972,0.1941,0.4496,0.4578,-0.0159,10.81,168.84,0.77,127976.0,0.0,0.2393,0.0718,-0.003,-0.069,0.5212,-0.0127,1.13
3254,4000,0.7054,0.1019,0.193,0.4419,0.4867,-0.0138,12.01,179.25,0.76,128680.0,0.0,0.2379,0.071,-0.003,-0.0686,0.4713,-0.0128,1.13
3255,4000,0.7062,0.1016,0.1925,0.4244,0.4961,-0.0132,11.46,180.79,0.77,128474.0,0.0,0.2334,0.0674,-0.0028,-0.0648,0.4821,-0.0134,1.13
3256,4000,0.7058,0.0998,0.1947,0.4522,0.4834,-0.0121,11.6,181.25,0.77,127489.0,0.0,0.2403,0.0739,-0.003,-0.0677,0.5262,-0.0132,1.13
3257,4000,0.7068,0.1005,0.1929,0.4267,0.4772,-0.0141,10.9,171.07,0.77,128244.0,0.0,0.2239,0.0686,-0.003,-0.0666,0.5047,-0.0121,1.13
3258,4000,0.6994,0.102,0.1988,0.4336,0.4757,-0.0137,11.02,175.89,0.77,128464.0,0.0,0.2335,0.0712,-0.003,-0.0636,0.4985,-0.0132,1.13
3259,4000,0.6936,0.1044,0.2021,0.4302,0.4756,-0.015,11.0,166.9,0.77,128469.0,0.0,0.2314,0.07,-0.0033,-0.0646,0.5778,-0.0141,1.13
3260,4000,0.6931,0.1042,0.203,0.4468,0.4704,-0.0149,10.91,169.95,0.77,127667.0,0.0,0.233,0.0734,-0.0031,-0.0679,0.4822,-0.0106,1.13
3261,4000,0.6925,0.102,0.206,0.4384,0.4903,-0.0127,11.61,159.41,0.78,126754.0,0.0,0.2351,0.0718,-0.0029,-0.064,0.5293,-0.0111,1.13
3262,4000,0.6901,0.1006,0.2098,0.4123,0.4816,-0.0145,11.01,160.28,0.77,128342.0,0.0,0.224,0.0678,-0.0032,-0.0607,0.5771,-0.0118,1.13
3263,4000,0.6916,0.1007,0.2081,0.4415,0.485,-0.0144,11.13,175.01,0.76,128611.0,0.0,0.2356,0.0727,-0.0032,-0.0644,0.5888,-0.0122,1.13
3264,4000,0.6917,0.1002,0.2087,0.423,0.4855,-0.0144,10.64,167.85,0.77,127769.0,0.0,0.2286,0.0696,-0.0029,-0.0642,0.5338,-0.012,1.13
3265,4000,0.6899,0.1018,0.209,0.4323,0.4901,-0.0146,10.37,172.4,0.76,128586.0,0.0,0.23,0.0712,-0.0028,-0.0662,0.4578,-0.0088,1.13
3266,4000,0.6914,0.103,0.2061,0.4147,0.4916,-0.0144,10.16,168.72,0.77,127983.0,0.0,0.2209,0.0674,-0.0028,-0.0646,0.4819,-0.013,1.13
3267,4000,0.6902,0.1046,0.2057,0.4169,0.4842,-0.013,11.61,170.87,0.79,124718.0,0.0,0.2241,0.0684,-0.0028,-0.0632,0.4523,-0.0139,1.13
3268,4000,0.6882,0.1042,0.2082,0.4341,0.4839,-0.0135,10.1,171.63,0.77,127557.0,0.0,0.2307,0.0712,-0.0028,-0.0671,0.4804,-0.0106,1.13
3269,4000,0.6885,0.1023,0.2097,0.432,0.4834,-0.0131,10.59,166.69,0.76,128998.0,0.0,0.2328,0.0715,-0.0029,-0.0632,0.506,-0.0104,1.13
3270,4000,0.6885,0.1048,0.2072,0.4183,0.4881,-0.0155,10.79,157.44,0.76,128531.0,0.0,0.2234,0.0684,-0.0029,-0.0638,0.5543,-0.0122,1.13
3271,4000,0.6862,0.1082,0.2059,0.4411,0.4627,-0.018,10.88,175.15,0.77,127981.0,0.0,0.2325,0.0749,-0.0028,-0.0679,0.4926,-0.0093,1.13
3272,4000,0.6845,0.1109,0.2049,0.419,0.4868,-0.0149,11.48,157.2,0.77,127047.0,0.0,0.2255,0.0691,-0.0028,-0.0638,0.529,-0.0134,1.13
3273,4000,0.6835,0.1103,0.2067,0.4508,0.4895,-0.0125,11.84,180.47,0.77,128346.0,0.0,0.2331,0.0747,-0.003,-0.0659,0.4796,-0.0141,1.13
3274,4000,0.6851,0.1074,0.2083,0.4228,0.5126,-0.0111,11.83,160.19,0.77,127560.0,0.0,0.2345,0.0693,-0.0028,-0.0657,0.5347,-0.0109,1.13
3275,4000,0.6859,0.1085,0.2067,0.4268,0.4669,-0.0165,10.62,158.99,0.77,127517.0,0.0,0.2239,0.0697,-0.0028,-0.0695,0.4497,-0.009,1.13
3276,4000,0.6831,0.109,0.2091,0.4559,0.4825,-0.0119,11.01,160.66,0.78,126332.0,0.0,0.2391,0.0738,-0.0026,-0.0738,0.4094,-0.0119,1.13
3277,4000,0.6822,0.107,0.212,0.4432,0.4788,-0.0117,10.44,156.34,0.76,128683.0,0.0,0.2378,0.0727,-0.0027,-0.071,0.4355,-0.0086,1.13
3278,4000,0.6857,0.1041,0.2116,0.4986,0.4563,-0.0112,11.05,210.74,0.77,127743.0,0.0,0.2511,0.0809,-0.0031,-0.0795,0.4522,-0.0135,1.13
3279,4000,0.6803,0.1021,0.219,0.4648,0.4609,-0.0145,11.27,187.68,0.79,124790.0,0.0,0.2436,0.0757,-0.0032,-0.0772,0.4748,-0.0102,1.13
3280,4000,0.6808,0.1008,0.2196,0.4653,0.4668,-0.0137,10.64,184.5,0.78,126683.0,0.0,0.2388,0.0763,-0.003,-0.0726,0.476,-0.0115,1.13
3281,4000,0.6796,0.0994,0.2221,0.4561,0.4671,-0.0126,10.35,159.1,0.77,128486.0,0.0,0.2385,0.0734,-0.0026,-0.0709,0.4804,-0.0119,1.13
3282,4000,0.6753,0.1008,0.2248,0.4455,0.4574,-0.0159,10.64,165.58,0.77,126940.0,0.0,0.2279,0.0724,-0.0028,-0.0673,0.4652,-0.0115,1.13
3283,4000,0.6736,0.102,0.2251,0.4807,0.4634,-0.0125,11.79,187.67,0.77,127779.0,0.0,0.2426,0.0777,-0.0028,-0.0739,0.4629,-0.0129,1.13
3284,4000,0.6721,0.1022,0.2266,0.4466,0.4815,-0.0137,10.73,180.93,0.77,127114.0,0.0,0.2325,0.0722,-0.0031,-0.0699,0.525,-0.009,1.13
3285,4000,0.6735,0.1036,0.2237,0.4639,0.4561,-0.0153,11.28,198.71,0.76,128540.0,0.0,0.2344,0.0761,-0.003,-0.0736,0.4492,-0.0131,1.13
3286,4000,0.6719,0.1029,0.2259,0.448,0.4816,-0.013,11.07,174.08,0.77,128490.0,0.0,0.2373,0.0714,-0.0028,-0.0687,0.4232,-0.0125,1.13
3287,4000,0.6734,0.1012,0.2264,0.4572,0.4498,-0.0143,10.79,180.76,0.77,126975.0,0.0,0.2401,0.0745,-0.0031,-0.0706,0.5928,-0.0089,1.13
3288,4000,0.6674,0.1042,0.2298,0.4681,0.4452,-0.0146,12.1,198.57,0.77,128325.0,0.0,0.232,0.0752,-0.0032,-0.0738,0.5287,-0.0123,1.13
3289,4000,0.6603,0.1062,0.2347,0.4523,0.4476,-0.0183,11.37,188.05,0.77,128284.0,0.0,0.2322,0.0734,-0.0026,-0.0689,0.4287,-0.0097,1.13
3290,4000,0.6574,0.1057,0.238,0.4539,0.4796,-0.0134,10.74,173.75,0.76,128540.0,0.0,0.2388,0.0728,-0.0027,-0.0721,0.5192,-0.0116,1.13
3291,4000,0.6593,0.1042,0.2377,0.449,0.4649,-0.0161,11.63,167.6,0.76,128662.0,0.0,0.2327,0.071,-0.0025,-0.074,0.4714,-0.0129,1.13
3292,4000,0.6616,0.1031,0.2365,0.4604,0.4549,-0.0145,11.14,187.65,0.77,128381.0,0.0,0.2369,0.073,-0.0027,-0.073,0.4843,-0.0138,1.13
3293,4000,0.6621,0.1042,0.2347,0.4502,0.4718,-0.0138,10.71,174.57,0.77,127400.0,0.0,0.2307,0.0706,-0.0026,-0.0701,0.4564,-0.0112,1.13
3294,4000,0.6649,0.1017,0.2343,0.4762,0.4585,-0.0118,10.15,166.27,0.77,128387.0,0.0,0.2417,0.0763,-0.0034,-0.0758,0.515,-0.0124,1.13
3295,4000,0.6626,0.1019,0.2362,0.4288,0.4779,-0.0146,10.36,180.07,0.76,128513.0,0.0,0.2268,0.067,-0.0026,-0.0651,0.5061,-0.0133,1.13
3296,4000,0.6607,0.1026,0.2375,0.4485,0.4735,-0.0145,10.45,169.67,0.77,128433.0,0.0,0.2324,0.0717,-0.0031,-0.073,0.4749,-0.0131,1.13
3297,4000,0.6594,0.1013,0.24,0.4704,0.4556,-0.0128,11.06,209.46,0.77,128121.0,0.0,0.2409,0.075,-0.0029,-0.0733,0.4825,-0.0123,1.13
3298,4000,0.6611,0.0983,0.2413,0.4453,0.4789,-0.0127,11.17,169.69,0.77,128368.0,0.0,0.2327,0.0695,-0.0024,-0.0684,0.5036,-0.0135,1.13
3299,4000,0.6627,0.0991,0.239,0.468,0.4757,-0.0125,12.16,200.22,0.77,127903.0,0.0,0.2493,0.0734,-0.0027,-0.0708,0.4089,-0.0133,1.13
3300,4000,0.6612,0.0985,0.241,0.4759,0.4513,-0.0129,11.3,172.03,0.77,127502.0,0.0,0.2441,0.0748,-0.003,-0.0698,0.4603,-0.0104,1.13
3301,4000,0.6657,0.0964,0.239,0.4765,0.4919,-0.0095,11.63,183.4,0.78,125388.0,0.0,0.2473,0.0756,-0.003,-0.0692,0.5438,-0.0126,1.13
3302,4000,0.6673,0.0943,0.2398,0.4688,0.4561,-0.0141,10.83,194.05,0.78,126121.0,0.0,0.2404,0.0746,-0.0029,-0.0732,0.5615,-0.0141,1.13
3303,4000,0.6685,0.0959,0.2369,0.4547,0.4716,-0.014,11.44,194.11,0.78,126697.0,0.0,0.2354,0.0712,-0.0026,-0.0699,0.5019,-0.0134,1.13
3304,4000,0.6748,0.0963,0.23,0.4703,0.4696,-0.0141,10.49,177.25,0.8,123510.0,0.0,0.2406,0.0739,-0.003,-0.071,0.5461,-0.0095,1.13
3305,4000,0.6733,0.0995,0.2281,0.4609,0.44,-0.0159,9.73,160.36,0.77,127976.0,0.0,0.234,0.0733,-0.0029,-0.0666,0.4804,-0.0129,1.13
3306,4000,0.6673,0.1032,0.2303,0.4426,0.453,-0.0165,11.07,176.37,0.77,127752.0,0.0,0.2249,0.0698,-0.0029,-0.065,0.4827,-0.0124,1.13
3307,4000,0.6663,0.1053,0.2292,0.4599,0.4811,-0.012,11.23,180.38,0.77,127851.0,0.0,0.2386,0.0732,-0.003,-0.0668,0.4516,-0.014,1.13
3308,4000,0.6717,0.1039,0.2252,0.4609,0.4789,-0.0131,10.95,183.63,0.77,127942.0,0.0,0.2407,0.0741,-0.0029,-0.0666,0.5009,-0.0128,1.13
3309,4000,0.6724,0.1035,0.2251,0.4578,0.4774,-0.0125,11.19,178.98,0.77,127807.0,0.0,0.2343,0.0725,-0.0029,-0.0665,0.5305,-0.0123,1.13
3310,4000,0.6791,0.1007,0.2211,0.4561,0.4795,-0.0141,11.43,190.47,0.77,128259.0,0.0,0.2398,0.0738,-0.003,-0.0667,0.5563,-0.0115,1.13
3311,4000,0.6816,0.0996,0.22,0.4561,0.4732,-0.0155,10.94,169.43,0.78,125995.0,0.0,0.2342,0.0738,-0.0034,-0.067,0.5491,-0.0136,1.13
3312,4000,0.6797,0.102,0.2195,0.459,0.468,-0.0146,11.89,188.01,0.77,127284.0,0.0,0.241,0.072,-0.0029,-0.0663,0.5233,-0.0137,1.13
3313,4000,0.6733,0.1051,0.2228,0.4644,0.4643,-0.0146,10.56,156.81,0.77,128321.0,0.0,0.238,0.0732,-0.0029,-0.0669,0.5933,-0.0099,1.13
3314,4000,0.6686,0.1084,0.2241,0.4458,0.4698,-0.0164,11.34,173.16,0.76,128760.0,0.0,0.2364,0.0713,-0.0029,-0.0645,0.4379,-0.0089,1.13
3315,4000,0.6694,0.1081,0.2237,0.4391,0.4775,-0.013,10.6,160.89,0.78,126712.0,0.0,0.2301,0.0706,-0.0035,-0.0609,0.5247,-0.0121,1.13
3316,4000,0.671,0.1097,0.2203,0.4208,0.488,-0.0169,10.91,161.19,0.78,126392.0,0.0,0.229,0.0664,-0.0026,-0.0615,0.5249,-0.0127,1.13
3317,4000,0.6717,0.1124,0.2166,0.4461,0.4849,-0.0129,11.7,171.76,0.78,126251.0,0.0,0.2332,0.0703,-0.003,-0.0635,0.4908,-0.0129,1.13
3318,4000,0.6794,0.1062,0.2149,0.4487,0.4967,-0.0119,10.73,166.97,0.77,127627.0,0.0,0.2346,0.0703,-0.0031,-0.0658,0.5405,-0.0126,1.13
3319,4000,0.6827,0.1058,0.212,0.4508,0.4758,-0.0166,10.63,178.96,0.78,125823.0,0.0,0.2413,0.0713,-0.0032,-0.0668,0.5163,-0.0134,1.13
3320,4000,0.6865,0.1026,0.2115,0.4564,0.492,-0.0123,10.23,174.45,0.77,128366.0,0.0,0.2384,0.0732,-0.0029,-0.0654,0.499,-0.0101,1.13
3321,4000,0.6907,0.1019,0.2083,0.4158,0.5062,-0.0135,11.39,181.29,0.77,127837.0,0.0,0.2237,0.0651,-0.0028,-0.0609,0.5161,-0.0091,1.13
3322,4000,0.6934,0.1004,0.2074,0.4533,0.4853,-0.0126,10.63,159.49,0.77,127994.0,0.0,0.239,0.0723,-0.0029,-0.0654,0.5336,-0.0127,1.13
3323,4000,0.6948,0.1016,0.2047,0.4518,0.4857,-0.0128,10.94,181.73,0.77,127361.0,0.0,0.2408,0.0711,-0.0032,-0.0664,0.5408,-0.0092,1.13
3324,4000,0.6926,0.102,0.2061,0.451,0.4846,-0.0139,11.04,174.14,0.78,126814.0,0.0,0.2389,0.0716,-0.0028,-0.0649,0.6033,-0.012,1.13
3325,4000,0.6896,0.1028,0.2083,0.444,0.4936,-0.0128,11.37,151.39,0.77,127316.0,0.0,0.2396,0.0697,-0.0029,-0.0632,0.5334,-0.0138,1.13
3326,4000,0.6924,0.102,0.2064,0.4431,0.4653,-0.0158,11.02,166.32,0.78,126773.0,0.0,0.2355,0.0703,-0.0028,-0.0633,0.4791,-0.0146,1.13
3327,4000,0.6885,0.1048,0.2077,0.4455,0.4578,-0.0172,11.17,189.81,0.78,126594.0,0.0,0.2328,0.0698,-0.0026,-0.0682,0.5169,-0.0114,1.13
3328,4000,0.6897,0.108,0.2033,0.434,0.5017,-0.013,12.11,183.43,0.78,126207.0,0.0,0.2413,0.0682,-0.0029,-0.0608,0.5324,-0.0134,1.13
3329,4000,0.6924,0.1038,0.2049,0.4531,0.4955,-0.0106,11.36,186.84,0.78,125498.0,0.0,0.2401,0.0704,-0.0028,-0.0673,0.541,-0.0137,1.13
3330,4000,0.6892,0.1061,0.2057,0.4399,0.455,-0.0182,11.12,184.57,0.77,127909.0,0.0,0.2285,0.0684,-0.0026,-0.0656,0.5436,-0.0125,1.13
3331,4000,0.6858,0.1065,0.2086,0.4426,0.4684,-0.0166,10.08,157.96,0.77,127223.0,0.0,0.2324,0.0679,-0.0025,-0.0663,0.4723,-0.0139,1.13
3332,4000,0.6891,0.1042,0.2077,0.434,0.4675,-0.0174,10.42,182.22,0.78,126754.0,0.0,0.2264,0.0681,-0.0029,-0.0616,0.5103,-0.011,1.13
3333,4000,0.6859,0.1068,0.2083,0.4639,0.4361,-0.0159,10.81,175.34,0.77,127349.0,0.0,0.2303,0.0722,-0.0031,-0.0695,0.4768,-0.0092,1.13
3334,4000,0.6824,0.105,0.2135,0.4546,0.4918,-0.0122,11.98,185.47,0.77,126980.0,0.0,0.2423,0.0704,-0.0027,-0.0675,0.5275,-0.0133,1.13
3335,4000,0.6809,0.107,0.213,0.461,0.4416,-0.0177,10.28,191.25,0.76,128523.0,0.0,0.2405,0.0719,-0.003,-0.0669,0.5192,-0.0096,1.13
3336,4000,0.6767,0.1083,0.2159,0.455,0.4875,-0.0117,11.39,185.71,0.77,128091.0,0.0,0.236,0.0705,-0.0026,-0.0669,0.4889,-0.0085,1.13
3337,4000,0.6765,0.108,0.2163,0.4787,0.4486,-0.0149,11.19,196.85,0.77,127597.0,0.0,0.2429,0.0747,-0.0026,-0.069,0.5016,-0.0127,1.13
3338,4000,0.674,0.1074,0.2194,0.4718,0.4652,-0.0133,10.97,186.1,0.79,124283.0,0.0,0.2382,0.0737,-0.003,-0.0693,0.4798,-0.0133,1.13
3339,4000,0.6723,0.1076,0.2209,0.4518,0.4657,-0.0144,9.98,154.97,0.77,127266.0,0.0,0.2359,0.0714,-0.0031,-0.0649,0.5367,-0.0142,1.13
3340,4000,0.6653,0.1089,0.2267,0.4843,0.4524,-0.0137,10.9,180.93,0.77,127784.0,0.0,0.2466,0.0761,-0.0029,-0.0695,0.5295,-0.0125,1.13
3341,4000,0.6652,0.1071,0.2284,0.4686,0.4617,-0.0132,10.63,200.92,0.77,127167.0,0.0,0.2408,0.0736,-0.0027,-0.0693,0.5622,-0.0145,1.13
3342,4000,0.663,0.1073,0.2305,0.4488,0.4547,-0.0173,10.93,189.48,0.78,126584.0,0.0,0.2298,0.0706,-0.0029,-0.0659,0.4847,-0.0132,1.13
3343,4000,0.6624,0.1077,0.2304,0.4494,0.4646,-0.0146,11.49,181.62,0.78,126791.0,0.0,0.2321,0.0713,-0.0032,-0.0653,0.5258,-0.0134,1.13
3344,4000,0.6684,0.1068,0.2251,0.434,0.4975,-0.0148,11.02,168.52,0.77,127855.0,0.0,0.2339,0.0672,-0.0026,-0.0623,0.5132,-0.0105,1.13
3345,4000,0.6706,0.1075,0.2221,0.4553,0.4683,-0.0152,11.59,185.98,0.78,126742.0,0.0,0.2377,0.0726,-0.003,-0.0663,0.5179,-0.0113,1.13
3346,4000,0.6729,0.1074,0.22,0.427,0.5006,-0.014,11.54,168.07,0.78,126587.0,0.0,0.2351,0.0668,-0.0028,-0.0634,0.5124,-0.0136,1.13
3347,4000,0.6763,0.1069,0.2171,0.4388,0.4938,-0.0142,10.89,155.26,0.77,127557.0,0.0,0.2362,0.0695,-0.0027,-0.0628,0.5224,-0.012,1.13
3348,4000,0.6778,0.1068,0.2154,0.4451,0.4623,-0.0158,10.97,179.16,0.77,128291.0,0.0,0.2336,0.0711,-0.0028,-0.0641,0.526,-0.0095,1.13
3349,4000,0.6804,0.1063,0.2133,0.4371,0.4998,-0.0142,11.43,174.58,0.77,127344.0,0.0,0.2349,0.069,-0.0031,-0.0622,0.5624,-0.0124,1.13
3350,4000,0.686,0.1051,0.2088,0.4265,0.497,-0.0152,10.52,164.42,0.77,127973.0,0.0,0.2337,0.0675,-0.0026,-0.0634,0.5123,-0.0092,1.13
3351,4000,0.6902,0.1027,0.2072,0.4216,0.5092,-0.0145,10.7,142.32,0.77,127227.0,0.0,0.2386,0.0667,-0.0026,-0.0644,0.5627,-0.0121,1.13
3352,4000,0.6953,0.1014,0.2036,0.4399,0.5004,-0.0115,11.72,176.08,0.78,126071.0,0.0,0.2393,0.0695,-0.0031,-0.0638,0.4827,-0.0141,1.13
3353,4000,0.6954,0.1006,0.2043,0.4398,0.4956,-0.0137,11.73,175.55,0.77,128484.0,0.0,0.2372,0.0699,-0.0028,-0.0673,0.4674,-0.0139,1.13
3354,4000,0.6977,0.1001,0.2025,0.4398,0.4907,-0.0136,10.54,178.99,0.78,126624.0,0.0,0.2352,0.071,-0.0027,-0.0644,0.5166,-0.0121,1.13
3355,4000,0.7007,0.1002,0.1993,0.4441,0.5112,-0.0114,10.76,159.31,0.79,124286.0,0.0,0.2396,0.071,-0.0028,-0.0629,0.5253,-0.0087,1.13
3356,4000,0.7045,0.1002,0.1956,0.4376,0.5004,-0.0123,10.75,160.86,0.78,126371.0,0.0,0.2368,0.0695,-0.0029,-0.0639,0.5158,-0.0128,1.13
3357,4000,0.7081,0.0993,0.1934,0.4257,0.5128,-0.0119,10.97,165.62,0.78,126547.0,0.0,0.2314,0.0683,-0.003,-0.062,0.5114,-0.0137,1.13
3358,4000,0.7136,0.0975,0.1896,0.4293,0.5116,-0.0123,10.93,170.78,0.78,126068.0,0.0,0.2358,0.0688,-0.003,-0.0623,0.5235,-0.0132,1.13
3359,4000,0.7161,0.0964,0.1883,0.4162,0.4999,-0.0146,11.61,168.11,0.77,127431.0,0.0,0.2304,0.0662,-0.0025,-0.0604,0.4983,-0.0093,1.13
3360,4000,0.7187,0.096,0.186,0.4127,0.5223,-0.0115,11.62,166.79,0.78,126285.0,0.0,0.2247,0.0659,-0.0029,-0.0611,0.4918,-0.0089,1.13
3361,4000,0.7197,0.0938,0.187,0.436,0.4961,-0.0127,10.68,161.76,0.78,126606.0,0.0,0.2438,0.0689,-0.0025,-0.0637,0.517,-0.0115,1.13
3362,4000,0.7208,0.0941,0.1857,0.4297,0.5023,-0.0131,11.25,177.87,0.77,127430.0,0.0,0.2323,0.068,-0.0031,-0.0614,0.5191,-0.0088,1.13
3363,4000,0.7211,0.0922,0.1871,0.4366,0.5147,-0.0124,11.75,166.93,0.78,125952.0,0.0,0.2441,0.0707,-0.0029,-0.0614,0.5851,-0.0127,1.13
3364,4000,0.7227,0.0934,0.1844,0.3974,0.5092,-0.0158,11.06,148.98,0.78,126575.0,0.0,0.2221,0.0633,-0.0029,-0.0588,0.4773,-0.0135,1.13
3365,4000,0.7258,0.0935,0.1809,0.4091,0.5299,-0.0129,11.17,167.74,0.78,125944.0,0.0,0.2353,0.0644,-0.0028,-0.0609,0.5985,-0.0136,1.13
3366,4000,0.7291,0.0948,0.1762,0.4322,0.5211,-0.0131,11.35,173.41,0.79,125138.0,0.0,0.2418,0.0692,-0.0026,-0.0652,0.6308,-0.0095,1.13
3367,4000,0.7286,0.0959,0.1755,0.4136,0.4798,-0.0156,11.45,201.8,0.78,126484.0,0.0,0.2263,0.0658,-0.0027,-0.0622,0.5011,-0.0135,1.13
3368,4000,0.7264,0.0963,0.1774,0.4385,0.4989,-0.0136,11.55,167.14,0.78,126052.0,0.0,0.2392,0.0695,-0.0031,-0.0625,0.4675,-0.013,1.13
3369,4000,0.7232,0.0978,0.1793,0.4301,0.508,-0.0123,11.6,173.51,0.79,124479.0,0.0,0.2368,0.0669,-0.0029,-0.0621,0.4986,-0.0132,1.13
3370,4000,0.723,0.0983,0.179,0.4266,0.503,-0.0145,11.31,172.31,0.78,126841.0,0.0,0.2369,0.0672,-0.0029,-0.0641,0.5109,-0.0124,1.13
3371,4000,0.7188,0.0978,0.1836,0.4405,0.503,-0.0121,11.11,151.85,0.77,127118.0,0.0,0.242,0.0693,-0.0029,-0.0626,0.49,-0.0086,1.13
3372,4000,0.7217,0.0966,0.182,0.4447,0.5037,-0.0122,11.29,166.12,0.78,126244.0,0.0,0.2431,0.0703,-0.0028,-0.0629,0.5362,-0.0106,1.13
3373,4000,0.7226,0.0969,0.1812,0.4304,0.5003,-0.0144,11.38,165.51,0.78,125545.0,0.0,0.2371,0.0688,-0.0026,-0.063,0.561,-0.0111,1.13
3374,4000,0.7269,0.0972,0.1767,0.4108,0.514,-0.0157,12.01,158.91,0.78,126713.0,0.0,0.2306,0.0653,-0.0026,-0.0607,0.5666,-0.0133,1.13
3375,4000,0.7294,0.0984,0.1731,0.4194,0.4996,-0.0155,11.39,154.91,0.78,125506.0,0.0,0.2361,0.0668,-0.0026,-0.0609,0.5203,-0.0113,1.13
3376,4000,0.7302,0.1008,0.1699,0.451,0.5061,-0.0137,11.38,173.37,0.77,127242.0,0.0,0.2521,0.0716,-0.0026,-0.065,0.5643,-0.0084,1.13
3377,4000,0.7263,0.1019,0.1727,0.435,0.4972,-0.0138,11.73,162.42,0.78,125653.0,0.0,0.2457,0.0715,-0.0031,-0.064,0.5562,-0.0131,1.13
3378,4000,0.7288,0.1008,0.1711,0.4311,0.5178,-0.0138,12.16,168.7,0.77,127301.0,0.0,0.2383,0.0684,-0.0027,-0.0649,0.5197,-0.0128,1.13
3379,4000,0.733,0.0987,0.169,0.4236,0.5261,-0.0146,10.6,167.03,0.78,126499.0,0.0,0.2377,0.0675,-0.0023,-0.0648,0.5317,-0.0132,1.13
3380,4000,0.7367,0.0967,0.1672,0.4341,0.5158,-0.0123,10.92,155.73,0.78,126081.0,0.0,0.2449,0.0698,-0.0026,-0.0649,0.4789,-0.0127,1.13
3381,4000,0.7354,0.094,0.1713,0.4395,0.5274,-0.0098,11.97,177.18,0.78,126708.0,0.0,0.2467,0.0697,-0.0024,-0.0671,0.4833,-0.0113,1.13
3382,4000,0.7349,0.0939,0.1722,0.417,0.5184,-0.0143,11.76,167.12,0.78,125924.0,0.0,0.2393,0.066,-0.0024,-0.0644,0.5722,-0.011,1.13
3383,4000,0.7332,0.0964,0.1712,0.4108,0.5184,-0.0148,11.53,166.12,0.78,126652.0,0.0,0.2326,0.0646,-0.0026,-0.0635,0.5004,-0.0087,1.13
3384,4000,0.7351,0.0945,0.171,0.4373,0.5074,-0.0131,11.53,158.66,0.79,123704.0,0.0,0.239,0.0696,-0.0029,-0.0657,0.5659,-0.0123,1.13
3385,4000,0.7345,0.0944,0.1716,0.4369,0.5234,-0.0123,12.08,172.11,0.78,126729.0,0.0,0.2455,0.0701,-0.0026,-0.066,0.5597,-0.0115,1.13
3386,4000,0.7372,0.094,0.1693,0.428,0.5,-0.0162,11.42,176.23,0.78,125781.0,0.0,0.2383,0.0676,-0.0025,-0.0663,0.5353,-0.013,1.13
3387,4000,0.7358,0.0941,0.1706,0.4442,0.5201,-0.0119,11.18,176.28,0.77,127246.0,0.0,0.2479,0.0712,-0.0027,-0.068,0.5949,-0.0133,1.13
3388,4000,0.7351,0.0958,0.1694,0.4107,0.519,-0.0165,10.52,152.97,0.79,124967.0,0.0,0.2355,0.0653,-0.0026,-0.0629,0.6015,-0.0135,1.13
3389,4000,0.7328,0.0997,0.1675,0.4332,0.5073,-0.0135,11.28,153.69,0.76,128535.0,0.0,0.24,0.0696,-0.0025,-0.0658,0.6178,-0.014,1.13
3390,4000,0.7374,0.0995,0.1631,0.4196,0.5232,-0.0138,11.27,168.18,0.77,128068.0,0.0,0.2385,0.067,-0.0025,-0.0633,0.5555,-0.0107,1.13
3391,4000,0.7431,0.098,0.1591,0.4123,0.5195,-0.015,10.79,158.47,0.77,127822.0,0.0,0.2289,0.0651,-0.0026,-0.0645,0.5592,-0.0088,1.13
3392,4000,0.7425,0.0989,0.1589,0.4273,0.5026,-0.0152,10.66,148.52,0.78,126331.0,0.0,0.2391,0.0684,-0.0025,-0.0656,0.6337,-0.0102,1.13
3393,4000,0.7383,0.1041,0.1583,0.4168,0.5136,-0.0164,10.98,157.9,0.77,128043.0,0.0,0.2403,0.0657,-0.0029,-0.0637,0.5713,-0.009,1.13
3394,4000,0.7379,0.1033,0.1596,0.4194,0.5018,-0.0144,11.3,161.61,0.79,124197.0,0.0,0.2388,0.0665,-0.0028,-0.0624,0.5143,-0.0118,1.13
3395,4000,0.7381,0.1016,0.1612,0.4206,0.5224,-0.014,11.9,174.76,0.76,128691.0,0.0,0.2365,0.0675,-0.0029,-0.0667,0.5957,-0.0122,1.13
3396,4000,0.739,0.1047,0.1573,0.3863,0.5191,-0.0181,10.63,153.11,0.76,128687.0,0.0,0.2232,0.0607,-0.0025,-0.0607,0.5732,-0.0113,1.14
3397,4000,0.7359,0.1088,0.1562,0.4113,0.5112,-0.0162,11.26,171.98,0.76,128993.0,0.0,0.2301,0.0658,-0.0029,-0.0657,0.5218,-0.0113,1.14
3398,4000,0.7372,0.1109,0.1527,0.4011,0.5273,-0.0162,12.78,191.86,0.77,128395.0,0.0,0.2321,0.0629,-0.0027,-0.0615,0.542,-0.0111,1.13
3399,4000,0.7386,0.11,0.1523,0.4239,0.5086,-0.0143,11.39,155.47,0.76,129375.0,0.0,0.2404,0.0674,-0.0026,-0.0638,0.5049,-0.0117,1.13
3400,4000,0.7412,0.1085,0.1512,0.4075,0.5385,-0.0134,11.2,155.0,0.77,128162.0,0.0,0.238,0.0653,-0.0025,-0.0633,0.5007,-0.0118,1.13
3401,4000,0.7434,0.1073,0.1501,0.411,0.5223,-0.0132,11.07,154.16,0.77,128296.0,0.0,0.2355,0.0658,-0.0028,-0.0626,0.5374,-0.011,1.13
3402,4000,0.7456,0.1063,0.1488,0.4169,0.5125,-0.0143,10.12,143.5,0.77,128190.0,0.0,0.2342,0.0663,-0.0028,-0.0655,0.5516,-0.0087,1.13
3403,4000,0.7408,0.107,0.1529,0.4326,0.5032,-0.0138,11.57,177.98,0.77,128166.0,0.0,0.2402,0.0692,-0.003,-0.0668,0.4799,-0.0127,1.13
3404,4000,0.7362,0.1049,0.1597,0.4428,0.5128,-0.0117,11.32,160.79,0.77,127586.0,0.0,0.2464,0.0698,-0.0027,-0.068,0.5456,-0.0121,1.13
3405,4000,0.7329,0.1048,0.1632,0.4097,0.5156,-0.0148,11.74,165.12,0.78,125975.0,0.0,0.2325,0.065,-0.0026,-0.0623,0.478,-0.0137,1.13
3406,4000,0.7337,0.104,0.163,0.419,0.4956,-0.0157,11.69,165.17,0.77,128445.0,0.0,0.236,0.0669,-0.0028,-0.0659,0.569,-0.008,1.13
3407,4000,0.7312,0.1047,0.1648,0.4406,0.4748,-0.0156,10.9,180.03,0.77,127895.0,0.0,0.2403,0.0724,-0.0033,-0.0653,0.5536,-0.0091,1.13
3408,4000,0.7292,0.1068,0.1643,0.436,0.4845,-0.0164,11.71,194.39,0.77,128022.0,0.0,0.2417,0.0712,-0.0027,-0.0655,0.5086,-0.0121,1.13
3409,4000,0.7262,0.1078,0.1662,0.417,0.534,-0.0141,10.64,155.63,0.76,129109.0,0.0,0.2397,0.0662,-0.0027,-0.0652,0.5611,-0.0135,1.13
3410,4000,0.7298,0.1091,0.1613,0.4159,0.5034,-0.0164,11.18,173.92,0.76,128502.0,0.0,0.2294,0.0665,-0.003,-0.063,0.5009,-0.0125,1.13
3411,4000,0.7304,0.108,0.1617,0.4326,0.5022,-0.013,11.45,170.61,0.8,123426.0,0.0,0.2391,0.0693,-0.0034,-0.0655,0.5091,-0.0132,1.13
3412,4000,0.7279,0.1083,0.1638,0.4283,0.5072,-0.0135,11.26,167.67,0.77,127175.0,0.0,0.2377,0.0686,-0.0031,-0.0633,0.5196,-0.0107,1.13
3413,4000,0.728,0.1064,0.1661,0.4552,0.5128,-0.01,12.54,210.51,0.77,127847.0,0.0,0.2478,0.0739,-0.0031,-0.0695,0.4669,-0.0087,1.13
3414,4000,0.7259,0.1039,0.1707,0.4192,0.5174,-0.0142,11.19,169.12,0.77,127571.0,0.0,0.2356,0.0675,-0.0033,-0.0619,0.5007,-0.0092,1.13
3415,4000,0.7252,0.1031,0.1721,0.435,0.5034,-0.0145,11.25,169.98,0.77,128078.0,0.0,0.2392,0.0701,-0.003,-0.0655,0.5317,-0.0089,1.13
3416,4000,0.7232,0.1033,0.1739,0.439,0.507,-0.0117,11.59,167.79,0.77,128219.0,0.0,0.2437,0.0711,-0.0032,-0.0659,0.4848,-0.0104,1.13
3417,4000,0.7235,0.1011,0.1759,0.4307,0.5061,-0.014,11.26,173.83,0.76,128726.0,0.0,0.2357,0.0695,-0.0031,-0.0645,0.5926,-0.013,1.13
3418,4000,0.7211,0.1016,0.178,0.4368,0.4757,-0.0177,11.41,184.0,0.77,128168.0,0.0,0.2424,0.069,-0.0029,-0.0657,0.4954,-0.0139,1.13
3419,4000,0.717,0.1028,0.1806,0.4316,0.4971,-0.0157,11.19,170.47,0.77,128490.0,0.0,0.2393,0.069,-0.0029,-0.0647,0.5028,-0.0114,1.13
3420,4000,0.7147,0.1028,0.1828,0.453,0.5037,-0.0128,10.85,164.71,0.77,127295.0,0.0,0.2495,0.0714,-0.0031,-0.0735,0.4915,-0.013,1.13
3421,4000,0.7173,0.1011,0.1819,0.4525,0.497,-0.014,11.16,172.71,0.77,127975.0,0.0,0.2475,0.0725,-0.0032,-0.0693,0.5298,-0.012,1.13
3422,4000,0.7179,0.1006,0.182,0.4396,0.4984,-0.0142,10.89,167.52,0.78,125443.0,0.0,0.2428,0.0681,-0.0029,-0.0705,0.514,-0.013,1.13
3423,4000,0.7197,0.0996,0.1813,0.4389,0.5143,-0.0117,12.41,177.68,0.77,127961.0,0.0,0.2492,0.0695,-0.0033,-0.0686,0.4989,-0.013,1.13
3424,4000,0.7194,0.0966,0.1847,0.4507,0.4845,-0.0152,11.88,173.14,0.78,126743.0,0.0,0.2471,0.0718,-0.0029,-0.0724,0.5509,-0.0122,1.13
3425,4000,0.7186,0.0977,0.1847,0.438,0.4881,-0.0161,10.95,172.02,0.77,126896.0,0.0,0.2382,0.0696,-0.003,-0.0677,0.5455,-0.012,1.13
3426,4000,0.7158,0.0997,0.1857,0.4334,0.5204,-0.0125,11.52,168.42,0.77,127724.0,0.0,0.239,0.0695,-0.003,-0.0672,0.4857,-0.0093,1.13
3427,4000,0.7199,0.1008,0.1807,0.4364,0.506,-0.0142,11.27,187.61,0.77,127632.0,0.0,0.2363,0.0691,-0.0033,-0.0709,0.5069,-0.0121,1.13
3428,4000,0.7208,0.1003,0.1801,0.4458,0.5132,-0.0115,10.85,181.96,0.76,128538.0,0.0,0.2415,0.0714,-0.003,-0.0714,0.4843,-0.0093,1.13
3429,4000,0.7232,0.1,0.1781,0.4327,0.4867,-0.0149,11.9,183.82,0.77,127038.0,0.0,0.2344,0.0693,-0.0031,-0.0692,0.5143,-0.011,1.13
3430,4000,0.7203,0.1,0.1809,0.4285,0.4864,-0.0146,12.06,182.49,0.76,128645.0,0.0,0.2334,0.0688,-0.0031,-0.0688,0.5862,-0.0091,1.13
3431,4000,0.7163,0.0988,0.186,0.428,0.4768,-0.0162,11.19,188.44,0.77,128367.0,0.0,0.2276,0.0693,-0.003,-0.0669,0.5083,-0.0117,1.13
3432,4000,0.7106,0.0992,0.1913,0.4529,0.4784,-0.0122,10.29,175.05,0.77,127374.0,0.0,0.2419,0.0743,-0.0033,-0.0698,0.4838,-0.01,1.13
3433,4000,0.7131,0.0996,0.1885,0.4217,0.5205,-0.0137,11.39,177.36,0.76,128715.0,0.0,0.232,0.0672,-0.0027,-0.0679,0.5496,-0.014,1.13
3434,4000,0.7138,0.1022,0.1856,0.4176,0.4832,-0.0173,10.16,170.46,0.76,128749.0,0.0,0.2279,0.0671,-0.003,-0.0662,0.5123,-0.0147,1.13
3435,4000,0.7104,0.1022,0.1889,0.4327,0.4968,-0.0127,10.75,162.24,0.77,127619.0,0.0,0.2344,0.0696,-0.003,-0.0678,0.5492,-0.0103,1.13
3436,4000,0.7095,0.1012,0.1906,0.4199,0.4944,-0.0151,11.11,166.64,0.77,128051.0,0.0,0.2262,0.0673,-0.003,-0.0657,0.4757,-0.0089,1.13
3437,4000,0.7065,0.1016,0.1931,0.4429,0.4853,-0.0138,11.11,184.82,0.78,125564.0,0.0,0.2382,0.0714,-0.0033,-0.0705,0.5423,-0.0098,1.13
3438,4000,0.7039,0.102,0.1952,0.4229,0.4908,-0.0162,9.96,145.73,0.77,128062.0,0.0,0.2278,0.0671,-0.0026,-0.0662,0.4802,-0.0088,1.13
3439,4000,0.7031,0.1024,0.1956,0.4329,0.5091,-0.0116,11.78,189.75,0.77,127785.0,0.0,0.2371,0.0696,-0.0029,-0.0687,0.4521,-0.0127,1.12
3440,4000,0.7036,0.0985,0.199,0.4485,0.5014,-0.0105,11.74,171.42,0.76,128662.0,0.0,0.24,0.0725,-0.0029,-0.0708,0.5342,-0.0108,1.12
3441,4000,0.7082,0.0935,0.1995,0.4358,0.4905,-0.0139,11.35,180.7,0.77,127392.0,0.0,0.2358,0.0711,-0.0031,-0.0666,0.538,-0.0088,1.12
3442,4000,0.7053,0.0938,0.2022,0.4415,0.485,-0.0148,10.94,172.46,0.77,127211.0,0.0,0.2361,0.0708,-0.003,-0.0682,0.5556,-0.0113,1.12
3443,4000,0.7023,0.0939,0.2053,0.4667,0.4946,-0.01,11.8,175.16,0.77,127406.0,0.0,0.246,0.0771,-0.0031,-0.0709,0.5482,-0.0135,1.12
3444,4000,0.7017,0.0932,0.2063,0.4302,0.4922,-0.0129,11.38,172.9,0.77,127452.0,0.0,0.2319,0.0696,-0.0029,-0.0647,0.5369,-0.0116,1.12
3445,4000,0.7006,0.0957,0.2045,0.4263,0.5074,-0.0163,11.53,172.13,0.77,128206.0,0.0,0.2361,0.0694,-0.003,-0.0646,0.5067,-0.0083,1.12
3446,4000,0.7033,0.0954,0.202,0.4256,0.5021,-0.0136,11.52,176.72,0.77,128358.0,0.0,0.2306,0.069,-0.003,-0.0639,0.5234,-0.0091,1.12
3447,4000,0.7038,0.0984,0.1986,0.4053,0.5124,-0.0152,10.41,150.65,0.77,127835.0,0.0,0.2272,0.0652,-0.0026,-0.064,0.5162,-0.0088,1.12
3448,4000,0.7021,0.1011,0.1975,0.4287,0.5227,-0.0119,10.92,160.11,0.77,128076.0,0.0,0.2359,0.0671,-0.0027,-0.0688,0.5063,-0.0109,1.12
3449,4000,0.7058,0.0992,0.1954,0.4342,0.4832,-0.0144,11.3,177.58,0.76,128909.0,0.0,0.2316,0.0709,-0.0032,-0.0657,0.518,-0.0087,1.12
3450,4000,0.7069,0.0988,0.1948,0.4533,0.5011,-0.0118,12.3,176.11,0.78,126437.0,0.0,0.2464,0.0735,-0.003,-0.0675,0.5202,-0.012,1.12
3451,4000,0.7077,0.0978,0.1948,0.4544,0.4973,-0.0117,10.63,166.91,0.77,128143.0,0.0,0.2448,0.0726,-0.0026,-0.0676,0.4987,-0.0087,1.12
3452,4000,0.7128,0.0975,0.19,0.4079,0.5254,-0.0136,11.23,157.21,0.76,129073.0,0.0,0.2323,0.0636,-0.0027,-0.0636,0.5562,-0.0108,1.12
3453,4000,0.7181,0.0966,0.1855,0.4275,0.4886,-0.0164,11.81,192.52,0.76,128748.0,0.0,0.2349,0.0692,-0.0028,-0.0658,0.5156,-0.0088,1.12
3454,4000,0.7201,0.0949,0.1853,0.4319,0.5009,-0.0131,10.65,177.19,0.77,128131.0,0.0,0.2353,0.0685,-0.0024,-0.0663,0.5281,-0.0126,1.12
3455,4000,0.715,0.0966,0.1887,0.4644,0.4791,-0.0137,11.49,173.82,0.77,127185.0,0.0,0.2474,0.0749,-0.0029,-0.0708,0.4837,-0.0118,1.12
3456,4000,0.7144,0.0962,0.1898,0.4392,0.5053,-0.0122,11.62,162.32,0.76,128980.0,0.0,0.2398,0.069,-0.0028,-0.0661,0.5015,-0.0127,1.12
3457,4000,0.7184,0.0951,0.1869,0.4182,0.5034,-0.0131,11.38,168.2,0.77,128462.0,0.0,0.2308,0.0666,-0.0028,-0.0631,0.5611,-0.0116,1.12
3458,4000,0.7172,0.0963,0.187,0.4305,0.5154,-0.0121,11.33,156.52,0.77,127886.0,0.0,0.2368,0.0683,-0.0027,-0.0645,0.4981,-0.0088,1.12
3459,4000,0.72,0.096,0.1845,0.425,0.5063,-0.0124,11.35,173.81,0.77,127794.0,0.0,0.2318,0.0686,-0.0028,-0.0639,0.5306,-0.0119,1.12
3460,4000,0.7204,0.097,0.1833,0.4285,0.5098,-0.0115,12.45,171.98,0.77,128469.0,0.0,0.2374,0.0686,-0.0026,-0.0628,0.5302,-0.014,1.12
3461,4000,0.7233,0.0938,0.1833,0.4227,0.5008,-0.0143,10.71,164.87,0.77,127437.0,0.0,0.2369,0.0674,-0.0024,-0.0646,0.5556,-0.0115,1.12
3462,4000,0.7245,0.0941,0.1816,0.3956,0.5271,-0.0145,11.78,156.26,0.77,127835.0,0.0,0.2263,0.0619,-0.0025,-0.0601,0.5492,-0.0089,1.12
3463,4000,0.7248,0.0955,0.1797,0.4273,0.5153,-0.0118,11.81,158.94,0.77,128200.0,0.0,0.2379,0.0685,-0.0026,-0.0635,0.5285,-0.0104,1.12
3464,4000,0.7271,0.0974,0.1755,0.4071,0.5043,-0.015,11.09,150.13,0.77,127902.0,0.0,0.2266,0.0652,-0.0024,-0.0603,0.5542,-0.0122,1.12
3465,4000,0.7271,0.0994,0.1736,0.41,0.5012,-0.0142,11.22,167.05,0.77,127493.0,0.0,0.226,0.0651,-0.0023,-0.0624,0.5118,-0.0136,1.12
3466,4000,0.7282,0.1009,0.1709,0.4053,0.5084,-0.0139,10.1,164.96,0.76,128729.0,0.0,0.2237,0.0643,-0.0027,-0.0593,0.5162,-0.0105,1.12
3467,4000,0.7319,0.0981,0.1699,0.4381,0.5221,-0.0099,11.86,177.89,0.76,128868.0,0.0,0.243,0.0695,-0.003,-0.064,0.472,-0.0085,1.12
3468,4000,0.7359,0.0924,0.1717,0.4161,0.525,-0.0115,11.08,175.17,0.78,126040.0,0.0,0.2368,0.0668,-0.0026,-0.0606,0.4947,-0.0112,1.12
3469,4000,0.7384,0.0924,0.1695,0.4098,0.5304,-0.0125,11.16,167.91,0.77,127336.0,0.0,0.2276,0.0666,-0.0026,-0.0598,0.5456,-0.0128,1.12
3470,4000,0.7386,0.0935,0.1681,0.4318,0.506,-0.0147,11.03,164.79,0.77,127846.0,0.0,0.2377,0.0692,-0.0026,-0.0626,0.5506,-0.014,1.12
3471,4000,0.7342,0.0997,0.1664,0.4087,0.4895,-0.018,11.25,162.84,0.76,128591.0,0.0,0.2243,0.0658,-0.0027,-0.0593,0.5174,-0.0106,1.12
3472,4000,0.73,0.1029,0.1672,0.4166,0.5093,-0.0151,11.39,158.02,0.77,127787.0,0.0,0.2327,0.0672,-0.0027,-0.0619,0.5008,-0.0093,1.12
3473,4000,0.7264,0.1036,0.17,0.4566,0.4992,-0.0121,11.21,161.1,0.76,129004.0,0.0,0.244,0.0741,-0.0027,-0.0669,0.499,-0.0113,1.12
3474,4000,0.7248,0.1066,0.1687,0.4326,0.4755,-0.0171,11.43,179.86,0.77,127801.0,0.0,0.2336,0.0702,-0.003,-0.0626,0.4296,-0.0116,1.12
3475,4000,0.7253,0.105,0.1701,0.437,0.5241,-0.0112,11.26,181.86,0.78,126711.0,0.0,0.2375,0.071,-0.0025,-0.0594,0.5749,-0.0126,1.12
3476,4000,0.7285,0.1022,0.1699,0.4275,0.5101,-0.015,10.78,157.93,0.76,128672.0,0.0,0.237,0.0694,-0.0024,-0.0613,0.5684,-0.0133,1.12
3477,4000,0.7279,0.1015,0.1711,0.425,0.5117,-0.0153,11.7,171.59,0.78,126279.0,0.0,0.2333,0.0688,-0.0028,-0.065,0.5762,-0.0134,1.12
3478,4000,0.7261,0.1011,0.1733,0.4278,0.5077,-0.0149,11.31,168.13,0.77,127403.0,0.0,0.239,0.0688,-0.0025,-0.0628,0.5736,-0.0124,1.12
3479,4000,0.7221,0.1001,0.1785,0.4589,0.4945,-0.0117,11.17,178.93,0.78,126380.0,0.0,0.2445,0.0762,-0.0031,-0.0648,0.5347,-0.0138,1.12
3480,4000,0.7196,0.0995,0.1818,0.463,0.4761,-0.0154,11.27,177.97,0.79,124609.0,0.0,0.2439,0.0774,-0.0036,-0.0664,0.5844,-0.009,1.12
3481,4000,0.7202,0.0988,0.182,0.4275,0.5127,-0.012,11.12,147.65,0.77,128389.0,0.0,0.2357,0.0703,-0.0027,-0.0627,0.4625,-0.0087,1.12
3482,4000,0.7226,0.0975,0.181,0.4236,0.5108,-0.0137,10.84,170.42,0.78,126210.0,0.0,0.2382,0.0688,-0.0028,-0.0622,0.5287,-0.0126,1.12
3483,4000,0.7234,0.0988,0.1793,0.4127,0.5279,-0.0127,11.89,156.85,0.77,127258.0,0.0,0.232,0.0672,-0.0025,-0.06,0.4998,-0.0135,1.12
3484,4000,0.7284,0.0978,0.1755,0.4349,0.5215,-0.0116,12.48,185.09,0.77,128093.0,0.0,0.2419,0.0699,-0.0027,-0.0647,0.5599,-0.012,1.12
3485,4000,0.7291,0.096,0.1764,0.425,0.5095,-0.0134,11.15,149.75,0.76,128875.0,0.0,0.2347,0.0691,-0.0029,-0.0632,0.6057,-0.0089,1.12
3486,4000,0.7258,0.0984,0.177,0.4244,0.4963,-0.0152,10.98,160.56,0.76,128912.0,0.0,0.2303,0.0681,-0.0031,-0.0647,0.4591,-0.0129,1.12
3487,4000,0.7222,0.1006,0.1783,0.4045,0.517,-0.0132,11.95,172.92,0.76,128927.0,0.0,0.2275,0.0644,-0.0029,-0.0616,0.5764,-0.0107,1.12
3488,4000,0.7268,0.1021,0.1722,0.4075,0.5117,-0.0164,11.83,189.27,0.76,128652.0,0.0,0.2267,0.0654,-0.0026,-0.0605,0.5272,-0.0092,1.12
3489,4000,0.7252,0.101,0.1747,0.4379,0.5112,-0.0126,11.51,166.53,0.76,128902.0,0.0,0.2416,0.0697,-0.0025,-0.0673,0.5023,-0.0125,1.12
3490,4000,0.7267,0.101,0.1729,0.4379,0.5116,-0.0131,10.67,168.52,0.77,128427.0,0.0,0.2416,0.0704,-0.0028,-0.0652,0.6402,-0.0109,1.12
3491,4000,0.7252,0.1042,0.1711,0.432,0.4892,-0.0171,10.9,181.47,0.76,129310.0,0.0,0.2316,0.069,-0.0028,-0.0653,0.5127,-0.0094,1.12
3492,4000,0.7261,0.106,0.1686,0.3934,0.5247,-0.014,11.38,145.09,0.77,128370.0,0.0,0.2238,0.0611,-0.0022,-0.063,0.5619,-0.0115,1.12
3493,4000,0.7257,0.1077,0.1672,0.4145,0.49,-0.0167,10.74,156.35,0.77,128192.0,0.0,0.2297,0.0668,-0.0026,-0.0614,0.5307,-0.013,1.12
3494,4000,0.7242,0.1068,0.1696,0.4266,0.5163,-0.012,11.63,164.12,0.77,127005.0,0.0,0.2402,0.0683,-0.0023,-0.0627,0.515,-0.0128,1.12
3495,4000,0.7233,0.1066,0.1709,0.4294,0.4916,-0.0147,11.05,175.01,0.76,128575.0,0.0,0.2359,0.0697,-0.0026,-0.0642,0.4867,-0.0105,1.12
3496,4000,0.721,0.1064,0.1736,0.4391,0.4856,-0.0147,10.72,160.63,0.78,126390.0,0.0,0.2328,0.0702,-0.003,-0.0664,0.4611,-0.0089,1.12
3497,4000,0.7152,0.1076,0.1781,0.456,0.4645,-0.0151,10.79,174.18,0.76,128552.0,0.0,0.2352,0.0743,-0.0029,-0.0695,0.491,-0.0093,1.12
3498,4000,0.7123,0.1059,0.1828,0.4503,0.4962,-0.0108,11.9,194.86,0.76,128713.0,0.0,0.2402,0.0725,-0.0026,-0.0691,0.5267,-0.0086,1.12
3499,4000,0.711,0.1028,0.1874,0.4352,0.4943,-0.0126,12.65,161.77,0.77,128036.0,0.0,0.2371,0.0693,-0.0025,-0.0648,0.5374,-0.0122,1.12
3500,4000,0.7065,0.1034,0.1915,0.4599,0.4566,-0.0179,10.6,179.73,0.77,127657.0,0.0,0.2396,0.0739,-0.0029,-0.0698,0.4787,-0.0126,1.12
3501,4000,0.7039,0.1032,0.1944,0.4582,0.4939,-0.0115,11.17,175.04,0.77,128396.0,0.0,0.2438,0.073,-0.003,-0.0697,0.4541,-0.0098,1.12
3502,4000,0.7028,0.0999,0.1987,0.4717,0.4945,-0.0115,11.04,192.51,0.77,127818.0,0.0,0.2493,0.0767,-0.0028,-0.0665,0.4946,-0.0102,1.12
3503,4000,0.7016,0.0984,0.2011,0.4717,0.5008,-0.0112,11.16,187.61,0.76,128572.0,0.0,0.2469,0.0748,-0.0027,-0.0717,0.5151,-0.0087,1.12
3504,4000,0.7049,0.0975,0.1984,0.4549,0.4883,-0.0132,11.94,161.89,0.77,127968.0,0.0,0.2436,0.0728,-0.003,-0.0715,0.4849,-0.0113,1.12
3505,4000,0.7046,0.0952,0.2009,0.4673,0.4661,-0.0135,11.47,187.12,0.76,128520.0,0.0,0.2418,0.0756,-0.0027,-0.0691,0.5386,-0.0088,1.12
3506,4000,0.7002,0.0959,0.2047,0.4447,0.4958,-0.0137,11.66,164.73,0.77,128300.0,0.0,0.2432,0.0695,-0.0028,-0.0664,0.5231,-0.0128,1.12
3507,4000,0.6998,0.098,0.203,0.4553,0.4755,-0.0143,11.84,206.97,0.77,128259.0,0.0,0.2421,0.0723,-0.0028,-0.0701,0.4314,-0.0135,1.12
3508,4000,0.6979,0.0965,0.2067,0.4529,0.4629,-0.0142,10.87,172.12,0.77,127724.0,0.0,0.2402,0.072,-0.0032,-0.0687,0.5097,-0.0085,1.12
3509,4000,0.6926,0.0977,0.2107,0.4533,0.486,-0.0148,11.27,179.38,0.77,128498.0,0.0,0.2438,0.0718,-0.0028,-0.0687,0.5116,-0.0092,1.12
3510,4000,0.691,0.0981,0.2118,0.4458,0.4796,-0.0148,10.65,186.78,0.76,128727.0,0.0,0.2383,0.071,-0.0025,-0.0683,0.5463,-0.0096,1.12
3511,4000,0.6851,0.1022,0.2137,0.4522,0.4767,-0.0164,11.03,187.66,0.77,127605.0,0.0,0.2367,0.0696,-0.0026,-0.0715,0.4862,-0.0083,1.12
3512,4000,0.6843,0.1034,0.2134,0.4475,0.4977,-0.0122,11.12,166.72,0.77,127786.0,0.0,0.2389,0.07,-0.0025,-0.0685,0.4663,-0.0127,1.12
3513,4000,0.685,0.1015,0.2148,0.4758,0.4882,-0.011,11.24,187.62,0.77,128355.0,0.0,0.2454,0.0744,-0.0028,-0.0771,0.4755,-0.0125,1.12
3514,4000,0.6783,0.1032,0.2198,0.461,0.4726,-0.0146,10.84,170.78,0.78,126357.0,0.0,0.2395,0.0723,-0.0025,-0.0723,0.4898,-0.0138,1.12
3515,4000,0.6752,0.1025,0.2238,0.4822,0.4598,-0.012,11.46,181.3,0.77,127421.0,0.0,0.2427,0.0774,-0.0028,-0.0702,0.4562,-0.0099,1.12
3516,4000,0.6737,0.0989,0.2289,0.4862,0.4474,-0.0126,12.66,204.24,0.78,126185.0,0.0,0.2497,0.0782,-0.003,-0.0717,0.4342,-0.0087,1.11
3517,4000,0.6744,0.0959,0.2311,0.468,0.483,-0.0105,10.98,188.52,0.76,128596.0,0.0,0.2413,0.0738,-0.0033,-0.0694,0.4746,-0.0104,1.11
3518,4000,0.6753,0.094,0.2322,0.4444,0.4959,-0.013,11.22,165.28,0.78,126465.0,0.0,0.2341,0.0705,-0.0031,-0.0662,0.5004,-0.0105,1.11
3519,4000,0.6794,0.0935,0.2286,0.4606,0.4765,-0.0134,11.5,195.92,0.78,126649.0,0.0,0.2345,0.0726,-0.0028,-0.0671,0.5253,-0.0124,1.11
3520,4000,0.6786,0.0956,0.2273,0.4575,0.4906,-0.0126,11.84,201.46,0.77,128151.0,0.0,0.2391,0.0734,-0.0027,-0.068,0.5207,-0.0089,1.11
3521,4000,0.6776,0.0948,0.2292,0.4912,0.463,-0.0131,11.49,180.92,0.76,128696.0,0.0,0.2453,0.079,-0.0034,-0.0723,0.5127,-0.0098,1.12
3522,4000,0.6759,0.0944,0.231,0.451,0.5018,-0.0127,11.64,176.69,0.77,128101.0,0.0,0.2415,0.0725,-0.0029,-0.0652,0.5732,-0.0089,1.12
3523,4000,0.6825,0.094,0.2247,0.4391,0.4791,-0.0165,11.19,192.72,0.77,128275.0,0.0,0.2307,0.0702,-0.0026,-0.063,0.5077,-0.0123,1.11
3524,4000,0.6853,0.0936,0.2223,0.4522,0.4825,-0.0121,11.28,172.04,0.76,128639.0,0.0,0.237,0.0717,-0.003,-0.066,0.5106,-0.0129,1.11
3525,4000,0.6834,0.0946,0.2231,0.4499,0.4686,-0.015,10.82,169.25,0.77,128155.0,0.0,0.2368,0.0718,-0.0028,-0.0652,0.5093,-0.0135,1.11
3526,4000,0.6881,0.0948,0.2181,0.4384,0.4947,-0.0155,11.54,175.1,0.77,127786.0,0.0,0.2359,0.0696,-0.0026,-0.0637,0.4789,-0.0133,1.11
3527,4000,0.6873,0.0969,0.2168,0.4412,0.4804,-0.0135,11.68,188.57,0.77,127185.0,0.0,0.2332,0.0711,-0.0031,-0.0641,0.4771,-0.0129,1.11
3528,4000,0.6906,0.0951,0.2154,0.4452,0.5036,-0.0126,11.12,166.61,0.76,128696.0,0.0,0.2415,0.0711,-0.0025,-0.0634,0.4724,-0.0124,1.11
3529,4000,0.6973,0.0931,0.2105,0.4488,0.4979,-0.0128,11.59,180.79,0.76,128976.0,0.0,0.2385,0.0711,-0.003,-0.0664,0.4961,-0.011,1.11
3530,4000,0.7018,0.0886,0.2104,0.4768,0.4807,-0.0102,11.07,177.27,0.77,128417.0,0.0,0.2488,0.0765,-0.003,-0.0698,0.5015,-0.0105,1.11
3531,4000,0.701,0.0894,0.2105,0.4284,0.488,-0.0148,11.56,178.39,0.77,127807.0,0.0,0.2314,0.0683,-0.0027,-0.0638,0.5417,-0.0113,1.11
3532,4000,0.6984,0.0933,0.2093,0.4236,0.4905,-0.0147,11.32,156.37,0.77,127863.0,0.0,0.229,0.0672,-0.0026,-0.0616,0.4674,-0.0123,1.11
3533,4000,0.705,0.0925,0.2034,0.4528,0.5122,-0.0109,11.76,170.44,0.77,127448.0,0.0,0.245,0.0724,-0.0025,-0.0662,0.5015,-0.013,1.11
3534,4000,0.7102,0.0898,0.2012,0.4349,0.4981,-0.0123,10.92,169.52,0.77,127687.0,0.0,0.2356,0.0676,-0.0026,-0.066,0.4918,-0.0125,1.11
3535,4000,0.7083,0.0916,0.2011,0.4617,0.4807,-0.0132,10.86,159.57,0.77,126923.0,0.0,0.2467,0.0735,-0.0026,-0.0657,0.5116,-0.0116,1.11
3536,4000,0.7024,0.0924,0.206,0.4509,0.503,-0.0112,11.01,159.89,0.78,126171.0,0.0,0.2434,0.0707,-0.0025,-0.0659,0.5166,-0.0125,1.11
3537,4000,0.6995,0.0942,0.2067,0.4586,0.4807,-0.0129,10.93,179.27,0.78,125897.0,0.0,0.2454,0.0727,-0.0027,-0.0702,0.4928,-0.0104,1.11
3538,4000,0.6967,0.0968,0.2068,0.4453,0.4705,-0.0164,10.73,194.71,0.77,128248.0,0.0,0.2379,0.0708,-0.0028,-0.0677,0.4698,-0.0083,1.11
3539,4000,0.6942,0.0977,0.2088,0.4398,0.4829,-0.0138,11.03,170.43,0.78,126313.0,0.0,0.2372,0.0688,-0.0024,-0.065,0.4498,-0.012,1.11
3540,4000,0.6936,0.0994,0.2077,0.4511,0.4803,-0.0146,11.47,187.5,0.77,128183.0,0.0,0.2399,0.0711,-0.0028,-0.0681,0.4325,-0.0127,1.11
3541,4000,0.697,0.0977,0.2061,0.4259,0.4928,-0.0134,9.81,151.38,0.76,128850.0,0.0,0.2345,0.067,-0.0021,-0.0652,0.4901,-0.0112,1.11
3542,4000,0.692,0.0974,0.2114,0.4847,0.4597,-0.0128,11.26,177.18,0.78,126738.0,0.0,0.2508,0.0764,-0.0025,-0.0741,0.4546,-0.0112,1.11
3543,4000,0.6922,0.0971,0.2114,0.4543,0.4918,-0.0126,11.62,186.11,0.79,123758.0,0.0,0.2424,0.0712,-0.0027,-0.0686,0.4224,-0.0124,1.11
3544,4000,0.6937,0.0968,0.2101,0.4726,0.4574,-0.0161,11.64,185.5,0.77,127550.0,0.0,0.2439,0.0749,-0.0028,-0.0706,0.517,-0.0113,1.11
3545,4000,0.6893,0.0998,0.2116,0.4543,0.4719,-0.015,11.96,178.89,0.77,128099.0,0.0,0.242,0.0703,-0.0026,-0.0668,0.5227,-0.0134,1.11
3546,4000,0.6908,0.0983,0.2116,0.4751,0.4679,-0.0145,11.0,180.03,0.77,128114.0,0.0,0.2491,0.0751,-0.0031,-0.0693,0.4976,-0.0094,1.11
3547,4000,0.689,0.0988,0.2128,0.4944,0.4635,-0.0124,10.56,192.11,0.77,127111.0,0.0,0.2576,0.0795,-0.0029,-0.0705,0.5276,-0.0087,1.11
3548,4000,0.6805,0.098,0.2219,0.4668,0.4736,-0.0129,11.8,186.38,0.77,128250.0,0.0,0.2407,0.0733,-0.0027,-0.0706,0.4649,-0.0117,1.11
3549,4000,0.6756,0.0997,0.225,0.4895,0.4205,-0.0156,10.28,189.75,0.77,128315.0,0.0,0.2457,0.078,-0.0031,-0.0699,0.499,-0.009,1.11
3550,4000,0.6707,0.1006,0.2292,0.4554,0.474,-0.0135,11.22,202.6,0.76,128551.0,0.0,0.2353,0.0718,-0.0031,-0.0652,0.543,-0.0094,1.11
3551,4000,0.6692,0.0996,0.2317,0.4471,0.4803,-0.0155,9.87,161.63,0.77,127531.0,0.0,0.2402,0.0698,-0.0025,-0.0668,0.5099,-0.0084,1.11
3552,4000,0.6633,0.1011,0.2363,0.4876,0.4229,-0.0146,11.6,191.22,0.77,128242.0,0.0,0.2469,0.0768,-0.0028,-0.068,0.4695,-0.0119,1.11
3553,4000,0.6556,0.1001,0.2453,0.4937,0.4437,-0.0123,11.79,198.9,0.77,127887.0,0.0,0.2505,0.0769,-0.0028,-0.0714,0.4742,-0.0131,1.11
3554,4000,0.6551,0.0988,0.2469,0.4552,0.4717,-0.013,11.11,164.71,0.77,127975.0,0.0,0.2395,0.0695,-0.0029,-0.0647,0.564,-0.0136,1.11
3555,4000,0.6529,0.0976,0.2502,0.4807,0.4559,-0.0135,11.18,169.08,0.77,126917.0,0.0,0.2455,0.0763,-0.0031,-0.0683,0.5183,-0.0101,1.11
3556,4000,0.6527,0.101,0.2469,0.4552,0.4492,-0.0166,11.24,196.56,0.78,126621.0,0.0,0.2357,0.0718,-0.0027,-0.0653,0.4308,-0.0083,1.11
3557,4000,0.6484,0.1007,0.251,0.4739,0.4405,-0.0154,10.61,170.52,0.78,126837.0,0.0,0.2376,0.072,-0.0026,-0.0687,0.4968,-0.0132,1.11
3558,4000,0.6444,0.1035,0.2522,0.4855,0.4566,-0.0144,11.58,192.32,0.78,126413.0,0.0,0.2474,0.0757,-0.0024,-0.067,0.4968,-0.0133,1.11
3559,4000,0.6487,0.101,0.2505,0.4661,0.4692,-0.0145,11.13,184.52,0.78,126207.0,0.0,0.2374,0.074,-0.0033,-0.0668,0.5687,-0.013,1.11
3560,4000,0.6497,0.1055,0.2453,0.4447,0.4654,-0.0168,11.27,191.12,0.77,126881.0,0.0,0.2293,0.0668,-0.0023,-0.0644,0.5143,-0.0133,1.11
3561,4000,0.6575,0.1055,0.2375,0.4549,0.4961,-0.0136,11.46,179.33,0.77,127706.0,0.0,0.2413,0.0701,-0.0024,-0.0637,0.5418,-0.0127,1.11
3562,4000,0.6594,0.1076,0.2335,0.464,0.475,-0.0148,10.58,173.26,0.77,127478.0,0.0,0.2413,0.0713,-0.0028,-0.0631,0.49,-0.0107,1.11
3563,4000,0.663,0.1088,0.2286,0.457,0.495,-0.0124,12.36,186.9,0.77,128018.0,0.0,0.2423,0.0698,-0.0024,-0.0606,0.8357,-0.0074,1.11
3564,4000,0.666,0.1074,0.2271,0.4561,0.4717,-0.0153,11.61,172.71,0.77,127812.0,0.0,0.2406,0.0711,-0.0032,-0.0622,0.4997,-0.0114,1.11
3565,4000,0.67,0.1066,0.224,0.4743,0.4754,-0.0129,12.05,188.2,0.77,127732.0,0.0,0.248,0.0731,-0.0027,-0.0653,0.5186,-0.0086,1.11
3566,4000,0.6736,0.1043,0.223,0.4628,0.4898,-0.0129,10.96,173.45,0.77,127463.0,0.0,0.2484,0.0711,-0.0023,-0.0644,0.5593,-0.013,1.11
3567,4000,0.673,0.1057,0.2222,0.449,0.4871,-0.0164,11.65,180.42,0.77,128086.0,0.0,0.2388,0.0692,-0.0028,-0.0638,0.5949,-0.0118,1.11
3568,4000,0.6822,0.1053,0.2132,0.4624,0.4806,-0.0134,11.01,181.46,0.77,127899.0,0.0,0.2435,0.0721,-0.0025,-0.0616,0.5923,-0.0135,1.11
3569,4000,0.6845,0.1048,0.2114,0.4701,0.4933,-0.0109,12.19,175.43,0.77,127105.0,0.0,0.2511,0.0721,-0.0026,-0.0646,0.5405,-0.014,1.11
3570,4000,0.6838,0.1073,0.2096,0.445,0.4826,-0.0154,11.16,162.59,0.77,127948.0,0.0,0.2362,0.0667,-0.0025,-0.0628,0.5402,-0.0108,1.11
3571,4000,0.685,0.108,0.2077,0.4374,0.4845,-0.0164,9.7,165.94,0.78,125937.0,0.0,0.2373,0.0669,-0.0023,-0.061,0.5983,-0.0089,1.11
3572,4000,0.6893,0.11,0.2013,0.4485,0.5049,-0.0121,11.41,172.01,0.77,127894.0,0.0,0.241,0.0684,-0.0027,-0.0631,0.5632,-0.0112,1.11
3573,4000,0.6923,0.1098,0.1985,0.4304,0.4883,-0.0139,11.23,183.73,0.78,126123.0,0.0,0.2327,0.0645,-0.0022,-0.0594,0.5078,-0.0112,1.11
3574,4000,0.6918,0.1085,0.2002,0.4348,0.4989,-0.0142,11.88,184.63,0.77,127798.0,0.0,0.2367,0.0659,-0.0028,-0.0604,0.5666,-0.0111,1.11
3575,4000,0.6938,0.1068,0.1997,0.4569,0.4954,-0.0115,10.93,178.69,0.77,128180.0,0.0,0.242,0.071,-0.0026,-0.0637,0.4913,-0.0117,1.11
3576,4000,0.6931,0.1047,0.2023,0.4441,0.4848,-0.0134,10.59,157.47,0.77,128162.0,0.0,0.2359,0.0679,-0.0024,-0.0623,0.4822,-0.0097,1.11
3577,4000,0.6927,0.1021,0.2052,0.4524,0.4809,-0.0141,10.08,152.39,0.77,127802.0,0.0,0.2377,0.0681,-0.0026,-0.0643,0.6055,-0.0092,1.11
3578,4000,0.6937,0.1021,0.2043,0.4582,0.47,-0.0147,11.02,195.07,0.77,127396.0,0.0,0.242,0.0706,-0.0023,-0.0632,0.5113,-0.0086,1.11
3579,4000,0.6918,0.1012,0.207,0.4573,0.4866,-0.0138,10.6,185.75,0.78,126508.0,0.0,0.2376,0.0702,-0.0027,-0.0637,0.5268,-0.0107,1.11
3580,4000,0.6903,0.103,0.2068,0.4574,0.4775,-0.0133,10.94,169.5,0.77,127645.0,0.0,0.24,0.0693,-0.0025,-0.065,0.4872,-0.0087,1.11
3581,4000,0.6867,0.104,0.2093,0.4216,0.4952,-0.0152,10.58,176.54,0.77,127838.0,0.0,0.2315,0.0636,-0.0026,-0.0589,0.5543,-0.0084,1.11
3582,4000,0.6891,0.1012,0.2097,0.4483,0.4875,-0.0133,11.98,190.42,0.77,127088.0,0.0,0.239,0.0675,-0.0022,-0.065,0.4956,-0.0084,1.11
3583,4000,0.6886,0.0991,0.2123,0.455,0.477,-0.0147,11.21,184.13,0.77,128062.0,0.0,0.2425,0.0694,-0.0028,-0.0628,0.5574,-0.0137,1.11
3584,4000,0.6877,0.0982,0.2141,0.4482,0.4754,-0.0154,11.17,164.32,0.77,126967.0,0.0,0.2401,0.068,-0.0024,-0.0642,0.5482,-0.0139,1.11
3585,4000,0.6864,0.0971,0.2167,0.4475,0.5033,-0.0125,11.59,169.8,0.77,128072.0,0.0,0.2393,0.0676,-0.0025,-0.0642,0.6053,-0.0121,1.11
3586,4000,0.6913,0.0962,0.2127,0.4591,0.5056,-0.0106,11.31,156.51,0.77,127603.0,0.0,0.2443,0.0698,-0.0026,-0.062,0.5753,-0.0085,1.11
3587,4000,0.6966,0.0959,0.2078,0.4429,0.4934,-0.0149,11.63,166.65,0.77,127285.0,0.0,0.2398,0.0674,-0.0025,-0.0629,0.5807,-0.0139,1.11
3588,4000,0.6947,0.0959,0.2096,0.4646,0.4844,-0.0118,11.95,159.75,0.77,128454.0,0.0,0.2483,0.0725,-0.0026,-0.0657,0.55,-0.0133,1.11
3589,4000,0.7012,0.0917,0.2073,0.4464,0.5101,-0.0117,12.01,182.65,0.77,128322.0,0.0,0.2473,0.0691,-0.0025,-0.0625,0.5255,-0.012,1.11
3590,4000,0.7063,0.0893,0.2049,0.4401,0.4937,-0.014,11.53,161.19,0.77,128127.0,0.0,0.2419,0.0676,-0.0025,-0.0639,0.5394,-0.0112,1.11
3591,4000,0.707,0.0901,0.2034,0.4402,0.5036,-0.0136,9.79,162.43,0.76,128694.0,0.0,0.2449,0.0663,-0.0028,-0.0657,0.5066,-0.0102,1.11
3592,4000,0.7075,0.091,0.202,0.4364,0.5059,-0.0138,10.66,156.58,0.77,127012.0,0.0,0.2388,0.0662,-0.0027,-0.0633,0.5834,-0.0086,1.11
3593,4000,0.7112,0.0929,0.1964,0.4153,0.5132,-0.015,10.76,154.78,0.77,128414.0,0.0,0.2366,0.0611,-0.0025,-0.06,0.5873,-0.0103,1.11
3594,4000,0.7167,0.095,0.1888,0.4224,0.5133,-0.0128,10.65,167.6,0.77,127756.0,0.0,0.2357,0.0639,-0.0024,-0.0613,0.6179,-0.0089,1.11
3595,4000,0.7165,0.099,0.185,0.4179,0.5016,-0.0161,11.18,176.93,0.77,128356.0,0.0,0.2326,0.0646,-0.0024,-0.0615,0.4971,-0.0124,1.11
3596,4000,0.7167,0.0985,0.1853,0.4077,0.525,-0.0132,10.92,149.85,0.77,127128.0,0.0,0.2302,0.0625,-0.0025,-0.0611,0.6304,-0.0131,1.11
3597,4000,0.7206,0.0977,0.1822,0.4273,0.482,-0.0169,11.1,160.16,0.77,127198.0,0.0,0.2364,0.0643,-0.0025,-0.062,0.5456,-0.0113,1.11
3598,4000,0.7217,0.0981,0.1806,0.4275,0.5006,-0.0159,11.48,187.76,0.77,127087.0,0.0,0.2373,0.0649,-0.0028,-0.0648,0.6318,-0.0131,1.11
3599,4000,0.723,0.1004,0.1771,0.4379,0.4957,-0.0139,11.56,173.98,0.77,127773.0,0.0,0.2437,0.0672,-0.0024,-0.0634,0.5218,-0.0091,1.11
3600,4000,0.7211,0.1015,0.1779,0.4571,0.485,-0.0134,11.32,174.02,0.77,128488.0,0.0,0.2461,0.0705,-0.0026,-0.0677,0.526,-0.0108,1.11
3601,4000,0.7205,0.1004,0.1796,0.4319,0.4992,-0.0138,10.01,153.51,0.77,127462.0,0.0,0.2375,0.0649,-0.0025,-0.0638,0.5393,-0.0087,1.11
3602,4000,0.7161,0.1009,0.1835,0.4487,0.4884,-0.0139,11.45,173.84,0.77,127532.0,0.0,0.2414,0.0677,-0.0024,-0.0643,0.5504,-0.0121,1.11
3603,4000,0.7148,0.1003,0.1854,0.4498,0.4789,-0.0141,11.67,195.29,0.77,127295.0,0.0,0.2427,0.0689,-0.003,-0.0633,0.5553,-0.0117,1.11
3604,4000,0.7141,0.102,0.1846,0.4171,0.5016,-0.0154,11.63,180.65,0.77,128466.0,0.0,0.2325,0.0625,-0.0024,-0.0621,0.4865,-0.0111,1.11
3605,4000,0.7177,0.1024,0.1805,0.4459,0.5035,-0.0141,11.49,179.58,0.76,128988.0,0.0,0.2458,0.0686,-0.0025,-0.0618,0.5298,-0.0095,1.11
3606,4000,0.718,0.1026,0.1798,0.4323,0.5079,-0.0136,12.55,175.51,0.77,128315.0,0.0,0.2355,0.0668,-0.0025,-0.0629,0.4904,-0.0105,1.11
3607,4000,0.7185,0.1016,0.1802,0.453,0.4726,-0.0158,11.18,174.74,0.77,128347.0,0.0,0.2414,0.0697,-0.0025,-0.0665,0.5038,-0.0125,1.11
3608,4000,0.7187,0.0991,0.1826,0.4478,0.4984,-0.013,10.86,159.07,0.77,127987.0,0.0,0.2433,0.0694,-0.0025,-0.0638,0.5278,-0.0131,1.11
3609,4000,0.7192,0.0986,0.1827,0.4293,0.4883,-0.0157,10.65,163.0,0.77,127632.0,0.0,0.2326,0.0662,-0.0027,-0.0616,0.6033,-0.0097,1.11
3610,4000,0.7184,0.1018,0.1801,0.4383,0.5038,-0.0126,12.47,171.5,0.78,126800.0,0.0,0.2394,0.0674,-0.0023,-0.0642,0.5876,-0.0082,1.11
3611,4000,0.7148,0.1019,0.1836,0.4539,0.461,-0.0152,11.68,177.77,0.77,128140.0,0.0,0.2441,0.0693,-0.003,-0.0636,0.4966,-0.0115,1.11
3612,4000,0.7109,0.1004,0.1892,0.4412,0.494,-0.0122,11.71,158.1,0.76,128790.0,0.0,0.2399,0.0668,-0.0025,-0.0635,0.51,-0.013,1.12
3613,4000,0.7154,0.097,0.1879,0.4423,0.5017,-0.0133,11.47,175.46,0.78,126781.0,0.0,0.2389,0.0671,-0.0027,-0.0647,0.5746,-0.01,1.11
3614,4000,0.717,0.0977,0.1855,0.4199,0.4932,-0.0161,10.2,164.78,0.77,128357.0,0.0,0.2258,0.0637,-0.0023,-0.0629,0.5283,-0.0088,1.11
3615,4000,0.7185,0.0995,0.1825,0.4231,0.5154,-0.0136,11.34,167.81,0.77,127403.0,0.0,0.2347,0.0632,-0.0024,-0.0626,0.502,-0.0122,1.11
3616,4000,0.7198,0.1003,0.1804,0.4492,0.5022,-0.0122,11.87,201.91,0.77,128105.0,0.0,0.2428,0.0675,-0.0026,-0.0676,0.566,-0.0125,1.11
3617,4000,0.7212,0.0987,0.1808,0.4675,0.4746,-0.0138,10.55,194.44,0.76,129418.0,0.0,0.2452,0.0708,-0.0028,-0.066,0.4984,-0.0089,1.11
3618,4000,0.7155,0.1008,0.1844,0.439,0.4805,-0.0156,11.28,172.25,0.77,128265.0,0.0,0.2316,0.0672,-0.0024,-0.0654,0.4706,-0.0136,1.11
3619,4000,0.713,0.1014,0.1866,0.4222,0.5006,-0.0137,10.71,147.89,0.77,128491.0,0.0,0.2325,0.0645,-0.0026,-0.0626,0.5087,-0.0103,1.11
3620,4000,0.7107,0.1039,0.1864,0.4267,0.4983,-0.0151,10.93,171.39,0.76,128519.0,0.0,0.2334,0.065,-0.0023,-0.0629,0.5437,-0.0088,1.11
3621,4000,0.7075,0.1044,0.1892,0.4546,0.4883,-0.0127,11.54,184.19,0.76,129423.0,0.0,0.2392,0.0711,-0.0026,-0.0652,0.5222,-0.0134,1.11
3622,4000,0.7037,0.1042,0.1935,0.4464,0.4852,-0.0135,10.83,191.17,0.76,129047.0,0.0,0.2369,0.0684,-0.0028,-0.0646,0.5241,-0.0122,1.11
3623,4000,0.7014,0.1033,0.1967,0.4532,0.492,-0.0121,11.4,183.1,0.76,128869.0,0.0,0.2394,0.0702,-0.0027,-0.0644,0.531,-0.009,1.11
3624,4000,0.6973,0.104,0.2003,0.4541,0.4797,-0.0137,10.88,189.83,0.77,126898.0,0.0,0.2392,0.0692,-0.0026,-0.0646,0.4976,-0.0098,1.11
3625,4000,0.6947,0.1012,0.2061,0.487,0.4836,-0.0099,12.11,213.2,0.78,126027.0,0.0,0.2496,0.0749,-0.003,-0.069,0.5004,-0.0085,1.11
3626,4000,0.6964,0.0965,0.209,0.4592,0.473,-0.0131,10.76,164.02,0.76,128831.0,0.0,0.2406,0.0695,-0.0025,-0.0667,0.482,-0.0088,1.11
3627,4000,0.6933,0.0958,0.2124,0.4547,0.476,-0.0141,10.9,174.64,0.76,128606.0,0.0,0.2328,0.069,-0.003,-0.0656,0.5069,-0.0087,1.11
3628,4000,0.6898,0.0972,0.2143,0.457,0.4926,-0.0111,11.6,165.71,0.76,128625.0,0.0,0.2443,0.0697,-0.0025,-0.0665,0.5456,-0.0113,1.11
3629,4000,0.6917,0.0932,0.2164,0.4807,0.4967,-0.0116,11.58,167.74,0.76,128588.0,0.0,0.2511,0.0724,-0.0025,-0.0692,0.5543,-0.0112,1.11
3630,4000,0.6939,0.0898,0.2174,0.4459,0.4821,-0.0145,10.64,156.89,0.76,129070.0,0.0,0.2334,0.0678,-0.0024,-0.0622,0.5257,-0.0087,1.11
3631,4000,0.6937,0.0912,0.2161,0.4553,0.5058,-0.0104,11.65,178.03,0.76,128746.0,0.0,0.2378,0.0675,-0.0027,-0.0658,0.497,-0.0128,1.11
3632,4000,0.6959,0.09,0.2151,0.448,0.4881,-0.0132,10.81,155.99,0.76,128518.0,0.0,0.2362,0.0678,-0.0029,-0.0637,0.5833,-0.0123,1.11
3633,4000,0.6954,0.0925,0.2133,0.4412,0.4803,-0.0162,11.58,176.48,0.77,128490.0,0.0,0.2362,0.0666,-0.0028,-0.0623,0.5661,-0.0093,1.11
3634,4000,0.691,0.0964,0.2138,0.4601,0.4813,-0.0142,11.22,168.0,0.76,128633.0,0.0,0.2416,0.0689,-0.0024,-0.0669,0.528,-0.0124,1.11
3635,4000,0.6939,0.0929,0.2143,0.4516,0.5125,-0.0103,11.29,180.63,0.77,128289.0,0.0,0.2404,0.0666,-0.0024,-0.0662,0.5665,-0.0088,1.11
3636,4000,0.6965,0.0901,0.2144,0.4382,0.4756,-0.0152,10.39,180.77,0.79,124799.0,0.0,0.2293,0.0644,-0.0025,-0.0628,0.5384,-0.0083,1.11
3637,4000,0.6957,0.0939,0.2113,0.4246,0.4909,-0.0152,10.54,153.94,0.76,129240.0,0.0,0.2267,0.0628,-0.0026,-0.0615,0.5667,-0.0087,1.11
3638,4000,0.6987,0.0959,0.2063,0.4337,0.5078,-0.0126,11.44,159.03,0.77,127543.0,0.0,0.2373,0.064,-0.0024,-0.0626,0.578,-0.0087,1.11
3639,4000,0.7035,0.0952,0.202,0.4521,0.4995,-0.0125,11.52,178.05,0.77,128106.0,0.0,0.2409,0.0681,-0.0025,-0.0636,0.5192,-0.0088,1.11
3640,4000,0.7079,0.0946,0.1981,0.4502,0.5099,-0.0102,12.33,181.59,0.79,124364.0,0.0,0.2472,0.0664,-0.0025,-0.0624,0.5614,-0.0071,1.11
3641,4000,0.7126,0.0956,0.1923,0.4296,0.4789,-0.0171,9.85,167.33,0.76,129280.0,0.0,0.2291,0.0633,-0.0022,-0.0628,0.5659,-0.0085,1.11
3642,4000,0.7128,0.0993,0.1883,0.4251,0.521,-0.0142,10.11,159.07,0.77,128081.0,0.0,0.2326,0.0634,-0.0026,-0.061,0.5717,-0.0108,1.11
3643,4000,0.7127,0.1022,0.1854,0.4441,0.4774,-0.0158,11.79,176.98,0.77,127106.0,0.0,0.2358,0.0659,-0.0024,-0.0631,0.5318,-0.0126,1.11
3644,4000,0.7131,0.1041,0.1831,0.4277,0.5018,-0.0164,11.23,160.89,0.77,127791.0,0.0,0.2338,0.0632,-0.0024,-0.0617,0.5738,-0.0129,1.11
3645,4000,0.7077,0.1099,0.1826,0.4323,0.4895,-0.0165,11.15,175.39,0.77,128145.0,0.0,0.2283,0.0629,-0.0024,-0.0606,0.5564,-0.0072,1.11
3646,4000,0.7097,0.1076,0.1829,0.429,0.5074,-0.0153,10.53,156.96,0.76,128536.0,0.0,0.2364,0.062,-0.0024,-0.0622,0.5751,-0.0088,1.11
3647,4000,0.7104,0.1068,0.1831,0.4367,0.5073,-0.0126,12.3,177.19,0.76,129642.0,0.0,0.2388,0.064,-0.0024,-0.0634,0.4989,-0.0102,1.11
3648,4000,0.7154,0.103,0.1818,0.4404,0.5031,-0.0133,10.45,167.08,0.76,129449.0,0.0,0.2361,0.0634,-0.0028,-0.0661,0.5543,-0.0085,1.11
3649,4000,0.7152,0.1023,0.183,0.427,0.5006,-0.0165,10.87,166.96,0.76,129833.0,0.0,0.2311,0.0621,-0.0026,-0.0651,0.5086,-0.0118,1.11
3650,4000,0.7142,0.1041,0.1823,0.4472,0.5065,-0.0114,11.9,183.84,0.76,128986.0,0.0,0.2431,0.0658,-0.0028,-0.064,0.6055,-0.013,1.11
3651,4000,0.7204,0.1001,0.1803,0.432,0.5227,-0.0128,11.24,179.39,0.76,128536.0,0.0,0.2375,0.0639,-0.0024,-0.0611,0.5449,-0.0113,1.1
3652,4000,0.7257,0.099,0.1763,0.4364,0.5367,-0.0113,12.32,191.02,0.76,129595.0,0.0,0.2419,0.0635,-0.0024,-0.0643,0.5714,-0.0087,1.1
3653,4000,0.7263,0.0964,0.1784,0.4485,0.4985,-0.0129,12.0,198.47,0.76,128670.0,0.0,0.2398,0.0646,-0.0025,-0.0646,0.5443,-0.0115,1.1
3654,4000,0.7247,0.0975,0.1789,0.4155,0.4999,-0.0168,9.97,150.32,0.76,129321.0,0.0,0.2272,0.0609,-0.0022,-0.0599,0.4995,-0.0116,1.1
3655,4000,0.7242,0.1011,0.1758,0.4256,0.4997,-0.0149,10.31,170.89,0.78,126721.0,0.0,0.23,0.0638,-0.0024,-0.0629,0.5302,-0.0078,1.1
3656,4000,0.7229,0.0996,0.1786,0.4356,0.5062,-0.012,12.38,166.02,0.76,129752.0,0.0,0.2406,0.0644,-0.0022,-0.0597,0.5257,-0.0084,1.1
3657,4000,0.721,0.0993,0.1805,0.4364,0.4983,-0.0131,11.57,170.6,0.76,129416.0,0.0,0.2402,0.064,-0.0022,-0.0627,0.5096,-0.0111,1.1
3658,4000,0.7169,0.0982,0.1853,0.4221,0.4841,-0.0148,10.61,157.4,0.76,129290.0,0.0,0.2276,0.0621,-0.0025,-0.0607,0.5555,-0.0112,1.1
3659,4000,0.7203,0.0959,0.1842,0.3979,0.5216,-0.0147,10.8,147.84,0.76,128901.0,0.0,0.224,0.0587,-0.002,-0.0603,0.4893,-0.0093,1.1
3660,4000,0.7252,0.0957,0.1793,0.4328,0.4968,-0.0146,11.63,176.75,0.76,128674.0,0.0,0.2339,0.0622,-0.0024,-0.0634,0.5101,-0.0109,1.1
3661,4000,0.7269,0.0947,0.1786,0.4193,0.5138,-0.012,11.76,169.82,0.76,128534.0,0.0,0.2311,0.0617,-0.0025,-0.0604,0.5397,-0.0084,1.1
3662,4000,0.7293,0.0951,0.1761,0.4393,0.4871,-0.0142,11.72,190.63,0.76,129369.0,0.0,0.2344,0.0645,-0.0026,-0.0644,0.4705,-0.0121,1.1
3663,4000,0.7301,0.0941,0.1763,0.4314,0.5167,-0.0106,11.48,154.04,0.76,129519.0,0.0,0.2373,0.0631,-0.0023,-0.0639,0.4822,-0.0132,1.1
3664,4000,0.7337,0.0907,0.1761,0.4533,0.5001,-0.0105,11.68,173.84,0.76,129378.0,0.0,0.2438,0.066,-0.0025,-0.0656,0.511,-0.0132,1.1
3665,4000,0.7342,0.0898,0.1765,0.4638,0.5008,-0.011,12.18,204.06,0.76,129692.0,0.0,0.2518,0.0678,-0.0026,-0.0682,0.548,-0.0085,1.1
3666,4000,0.7299,0.0907,0.18,0.4523,0.4863,-0.0143,10.82,181.87,0.76,128849.0,0.0,0.2397,0.0647,-0.0026,-0.0662,0.5122,-0.0083,1.1
3667,4000,0.7228,0.0947,0.1832,0.4488,0.486,-0.0136,11.67,192.2,0.76,129609.0,0.0,0.2422,0.064,-0.0025,-0.065,0.4569,-0.0095,1.1
3668,4000,0.7149,0.0962,0.1903,0.4434,0.498,-0.0113,11.51,148.64,0.76,129540.0,0.0,0.2414,0.0634,-0.0024,-0.0628,0.511,-0.0084,1.1
3669,4000,0.7173,0.0938,0.1906,0.4244,0.5138,-0.0122,11.96,164.06,0.77,128073.0,0.0,0.2323,0.061,-0.0022,-0.0599,0.5455,-0.0121,1.1
3670,4000,0.7217,0.094,0.1861,0.4252,0.5041,-0.0136,12.04,192.34,0.77,127462.0,0.0,0.2308,0.0613,-0.0026,-0.0627,0.5365,-0.0119,1.1
3671,4000,0.7229,0.0965,0.1822,0.4152,0.5212,-0.0137,11.31,164.88,0.76,129452.0,0.0,0.2345,0.0593,-0.0021,-0.0613,0.5374,-0.0116,1.1
3672,4000,0.7248,0.0992,0.1774,0.4279,0.5006,-0.0142,11.29,164.46,0.76,129066.0,0.0,0.2327,0.0617,-0.0025,-0.0611,0.5516,-0.0112,1.1
3673,4000,0.7269,0.099,0.1756,0.4316,0.4905,-0.0159,11.28,193.19,0.76,129360.0,0.0,0.2381,0.0634,-0.0023,-0.0602,0.5137,-0.0117,1.1
3674,4000,0.7231,0.0997,0.1782,0.4289,0.5327,-0.0078,11.5,170.12,0.76,129210.0,0.0,0.2381,0.0625,-0.0025,-0.0622,0.4799,-0.0108,1.1
3675,4000,0.7266,0.0981,0.176,0.4214,0.5093,-0.0136,11.25,169.74,0.76,129776.0,0.0,0.2331,0.0611,-0.0026,-0.06,0.5181,-0.0076,1.1
3676,4000,0.7281,0.0982,0.1744,0.4302,0.4992,-0.0132,11.51,175.71,0.76,128771.0,0.0,0.2315,0.0634,-0.0026,-0.0622,0.517,-0.0087,1.1
3677,4000,0.7266,0.0973,0.177,0.4455,0.4922,-0.0135,12.11,177.4,0.76,128738.0,0.0,0.2367,0.0653,-0.0026,-0.0623,0.5049,-0.011,1.1
3678,4000,0.7257,0.0967,0.1784,0.4436,0.507,-0.0126,11.56,169.36,0.76,129544.0,0.0,0.2364,0.0657,-0.0025,-0.0634,0.4888,-0.0115,1.1
3679,4000,0.7253,0.095,0.1804,0.4227,0.5117,-0.0125,12.08,163.38,0.76,129103.0,0.0,0.2313,0.0604,-0.0024,-0.0583,0.5211,-0.0082,1.1
3680,4000,0.7255,0.0952,0.18,0.4479,0.5035,-0.0132,11.97,176.71,0.76,129351.0,0.0,0.2416,0.0656,-0.0025,-0.0628,0.5416,-0.0084,1.1
3681,4000,0.7271,0.0944,0.1793,0.4553,0.5021,-0.0118,11.29,173.59,0.77,128034.0,0.0,0.2433,0.0662,-0.0028,-0.0622,0.4774,-0.0125,1.1
3682,4000,0.7243,0.0934,0.1829,0.4683,0.4883,-0.011,11.73,199.98,0.76,128600.0,0.0,0.2472,0.0682,-0.0027,-0.064,0.4814,-0.0113,1.1
3683,4000,0.7254,0.0909,0.184,0.397,0.5097,-0.0163,11.74,176.94,0.76,129004.0,0.0,0.2231,0.0572,-0.0022,-0.0554,0.5404,-0.0083,1.1
3684,4000,0.7234,0.0941,0.1827,0.4286,0.4777,-0.0176,10.45,150.41,0.76,129729.0,0.0,0.2332,0.0621,-0.0024,-0.0598,0.5214,-0.0128,1.1
3685,4000,0.7167,0.0964,0.1871,0.4568,0.4607,-0.0158,10.09,164.88,0.76,129870.0,0.0,0.2349,0.0673,-0.0024,-0.0625,0.5924,-0.0122,1.1
3686,4000,0.711,0.1001,0.1891,0.452,0.4814,-0.0143,11.43,182.8,0.76,129366.0,0.0,0.2423,0.0666,-0.0029,-0.0642,0.4679,-0.0133,1.1
3687,4000,0.705,0.0995,0.1957,0.4645,0.4849,-0.0119,11.12,197.53,0.76,129235.0,0.0,0.2394,0.0667,-0.0026,-0.0638,0.4789,-0.0137,1.1
3688,4000,0.7062,0.0953,0.1988,0.4315,0.5043,-0.0127,11.41,151.87,0.76,129543.0,0.0,0.2344,0.0614,-0.0024,-0.0602,0.4914,-0.0101,1.1
3689,4000,0.7055,0.0927,0.202,0.4487,0.4822,-0.0126,11.34,175.41,0.77,128306.0,0.0,0.2344,0.0659,-0.0025,-0.0645,0.4754,-0.0093,1.1
3690,4000,0.6987,0.0939,0.2077,0.4472,0.4803,-0.0143,11.17,170.61,0.76,129506.0,0.0,0.2335,0.0633,-0.0021,-0.0634,0.5427,-0.01,1.1
3691,4000,0.6997,0.0951,0.2055,0.4475,0.4992,-0.0116,11.92,180.56,0.76,129602.0,0.0,0.2413,0.0645,-0.0023,-0.0628,0.5335,-0.0112,1.1
3692,4000,0.6992,0.0945,0.2065,0.4433,0.4636,-0.0154,10.24,179.93,0.76,129235.0,0.0,0.2294,0.0627,-0.0024,-0.0596,0.5452,-0.0106,1.1
3693,4000,0.6993,0.0964,0.2046,0.4362,0.5082,-0.0124,12.15,191.53,0.76,128663.0,0.0,0.2403,0.0631,-0.0024,-0.0627,0.5003,-0.0115,1.1
3694,4000,0.6972,0.0973,0.2058,0.4581,0.4799,-0.0126,11.44,183.76,0.76,129039.0,0.0,0.2384,0.0679,-0.0026,-0.0631,0.426,-0.009,1.1
3695,4000,0.694,0.0984,0.2079,0.4312,0.4939,-0.013,11.04,184.17,0.76,128914.0,0.0,0.2308,0.062,-0.0023,-0.0601,0.476,-0.0118,1.1
3696,4000,0.691,0.1,0.2094,0.4153,0.4763,-0.0179,10.17,160.67,0.76,128649.0,0.0,0.2192,0.0598,-0.0023,-0.0581,0.4768,-0.0083,1.1
3697,4000,0.689,0.1033,0.2083,0.4611,0.4805,-0.0107,11.96,182.75,0.76,129345.0,0.0,0.2421,0.0671,-0.0024,-0.0619,0.3912,-0.0087,1.1
3698,4000,0.6887,0.0993,0.2124,0.4809,0.4763,-0.0116,12.18,188.15,0.76,129128.0,0.0,0.2474,0.0688,-0.0023,-0.0657,0.4588,-0.0083,1.1
3699,4000,0.686,0.097,0.2174,0.4723,0.475,-0.0118,11.65,198.58,0.76,129330.0,0.0,0.2494,0.0689,-0.0025,-0.0642,0.4664,-0.0102,1.1
3700,4000,0.6886,0.0923,0.2193,0.47,0.4823,-0.0097,11.8,199.85,0.77,127285.0,0.0,0.2401,0.0689,-0.0023,-0.0638,0.4281,-0.0085,1.1
3701,4000,0.6881,0.0903,0.2221,0.463,0.4829,-0.013,11.41,189.89,0.76,128523.0,0.0,0.2428,0.0665,-0.0025,-0.0642,0.4883,-0.0133,1.09
3702,4000,0.6835,0.0929,0.2241,0.4593,0.469,-0.0151,11.94,182.94,0.78,126113.0,0.0,0.2386,0.065,-0.0024,-0.063,0.3976,-0.0125,1.09
3703,4000,0.6845,0.0896,0.2263,0.4639,0.4898,-0.0113,11.4,191.83,0.77,127605.0,0.0,0.2406,0.0668,-0.0025,-0.0621,0.4885,-0.0123,1.09
3704,4000,0.6783,0.09,0.2322,0.4715,0.4748,-0.011,11.84,185.18,0.77,128320.0,0.0,0.2381,0.0687,-0.0021,-0.0635,0.4629,-0.0118,1.1
3705,4000,0.679,0.0886,0.2328,0.4923,0.4674,-0.0105,11.89,196.56,0.77,128440.0,0.0,0.2476,0.0714,-0.0026,-0.0633,0.456,-0.0112,1.1
3706,4000,0.6731,0.0894,0.2381,0.499,0.4553,-0.0127,11.61,178.18,0.77,128052.0,0.0,0.2424,0.0734,-0.0024,-0.0642,0.4438,-0.0109,1.1
3707,4000,0.6675,0.0885,0.2445,0.4821,0.4737,-0.01,11.89,175.27,0.76,128635.0,0.0,0.2478,0.0719,-0.0027,-0.0649,0.5325,-0.009,1.09
3708,4000,0.669,0.0869,0.2446,0.4479,0.4697,-0.0146,11.07,169.16,0.77,128397.0,0.0,0.234,0.0669,-0.0024,-0.0586,0.4534,-0.0082,1.1
3709,4000,0.6702,0.0879,0.2424,0.4575,0.4873,-0.0119,11.85,181.39,0.78,126241.0,0.0,0.2358,0.0688,-0.0023,-0.0626,0.5409,-0.0111,1.1
3710,4000,0.6675,0.0871,0.2458,0.4971,0.4257,-0.0148,11.9,187.35,0.77,128124.0,0.0,0.2447,0.0749,-0.0029,-0.0651,0.4964,-0.0097,1.1
3711,4000,0.6669,0.089,0.2444,0.4529,0.4655,-0.0175,10.85,166.73,0.76,128515.0,0.0,0.2368,0.0671,-0.0026,-0.0595,0.5318,-0.0092,1.1
3712,4000,0.6655,0.0902,0.2445,0.4677,0.4691,-0.014,11.33,185.43,0.76,128751.0,0.0,0.2388,0.0706,-0.0024,-0.0632,0.4742,-0.0087,1.1
3713,4000,0.6716,0.0904,0.2382,0.4726,0.471,-0.0128,10.8,181.31,0.77,127465.0,0.0,0.2393,0.073,-0.0022,-0.0617,0.4964,-0.0108,1.09
3714,4000,0.673,0.0938,0.2335,0.4579,0.4735,-0.0135,10.71,171.25,0.78,126365.0,0.0,0.2353,0.0675,-0.0024,-0.0611,0.4729,-0.0086,1.09
3715,4000,0.6692,0.097,0.2339,0.4697,0.4564,-0.0151,10.96,183.07,0.76,128824.0,0.0,0.2321,0.0708,-0.0026,-0.0657,0.4867,-0.0104,1.09
3716,4000,0.6657,0.0991,0.2352,0.4698,0.4446,-0.0146,10.55,178.01,0.77,127887.0,0.0,0.2336,0.0712,-0.0028,-0.0621,0.5092,-0.0083,1.09
3717,4000,0.6568,0.1036,0.2396,0.4894,0.4341,-0.0162,10.75,172.44,0.77,127347.0,0.0,0.2423,0.0756,-0.0027,-0.0676,0.4676,-0.0102,1.09
3718,4000,0.6515,0.1052,0.2433,0.4846,0.4447,-0.0136,11.37,201.43,0.77,128107.0,0.0,0.244,0.0734,-0.0021,-0.0651,0.4575,-0.0083,1.09
3719,4000,0.6484,0.1055,0.2463,0.4749,0.443,-0.0149,10.8,183.95,0.77,127693.0,0.0,0.2352,0.0717,-0.0027,-0.0659,0.5174,-0.0071,1.09
3720,4000,0.6426,0.1064,0.2513,0.5187,0.4197,-0.0141,10.73,200.85,0.77,127858.0,0.0,0.2513,0.0788,-0.0028,-0.0718,0.4239,-0.0083,1.09
3721,4000,0.6404,0.1062,0.2537,0.5098,0.4554,-0.0107,11.37,206.09,0.78,126749.0,0.0,0.2469,0.0778,-0.0025,-0.0698,0.4391,-0.012,1.09
3722,4000,0.6389,0.1043,0.257,0.513,0.4413,-0.0121,11.78,212.24,0.79,124736.0,0.0,0.2497,0.0771,-0.0028,-0.0698,0.4699,-0.0117,1.09
3723,4000,0.6361,0.1015,0.2628,0.4988,0.4399,-0.0137,11.03,191.95,0.77,128309.0,0.0,0.2452,0.0764,-0.0028,-0.068,0.4391,-0.012,1.09
3724,4000,0.6298,0.0999,0.2705,0.5283,0.4048,-0.0127,11.87,209.65,0.76,129077.0,0.0,0.2489,0.0782,-0.0026,-0.0723,0.4162,-0.0099,1.09
3725,4000,0.6254,0.0997,0.2751,0.4922,0.4343,-0.014,10.77,184.33,0.76,129010.0,0.0,0.2347,0.0764,-0.0029,-0.0696,0.4656,-0.0084,1.09
3726,4000,0.6232,0.097,0.28,0.5253,0.4175,-0.0114,11.22,206.66,0.77,128113.0,0.0,0.2383,0.0804,-0.0029,-0.0691,0.4578,-0.0108,1.09
3727,4000,0.6188,0.0962,0.285,0.5113,0.4123,-0.0145,10.7,209.31,0.77,128436.0,0.0,0.2389,0.0777,-0.0025,-0.0662,0.4126,-0.0115,1.09
3728,4000,0.6156,0.096,0.2884,0.5107,0.4408,-0.0113,11.58,214.11,0.76,129217.0,0.0,0.2386,0.0769,-0.0025,-0.0704,0.4855,-0.0119,1.09
3729,4000,0.6177,0.0942,0.288,0.477,0.4554,-0.0141,10.74,184.9,0.77,128447.0,0.0,0.2377,0.0722,-0.0026,-0.0647,0.5437,-0.0078,1.09
3730,4000,0.6251,0.0955,0.2796,0.4753,0.4505,-0.0135,10.4,181.2,0.77,128414.0,0.0,0.2279,0.0733,-0.0024,-0.064,0.4891,-0.0084,1.09
3731,4000,0.6254,0.0925,0.2823,0.5415,0.4348,-0.0079,12.23,214.95,0.76,128575.0,0.0,0.2485,0.0819,-0.0024,-0.0703,0.453,-0.0124,1.09
3732,4000,0.627,0.0897,0.2835,0.4911,0.4174,-0.0173,10.58,191.21,0.76,128638.0,0.0,0.2318,0.076,-0.0025,-0.0675,0.592,-0.0076,1.09
3733,4000,0.6241,0.0913,0.2846,0.5052,0.431,-0.0129,11.72,201.53,0.77,128104.0,0.0,0.2425,0.077,-0.0025,-0.0703,0.5354,-0.0081,1.09
3734,4000,0.6247,0.0925,0.2828,0.4824,0.4219,-0.0159,10.71,202.58,0.76,128748.0,0.0,0.2362,0.0739,-0.0025,-0.0654,0.4806,-0.0117,1.09
3735,4000,0.6275,0.0922,0.2803,0.4957,0.4569,-0.0105,11.26,205.02,0.76,128689.0,0.0,0.2417,0.0751,-0.0025,-0.0688,0.4781,-0.0094,1.09
3736,4000,0.6268,0.0921,0.2811,0.5046,0.4697,-0.0104,12.04,195.03,0.77,127625.0,0.0,0.2491,0.078,-0.0025,-0.0692,0.5111,-0.0081,1.09
3737,4000,0.6272,0.0904,0.2824,0.502,0.4456,-0.0116,11.7,215.19,0.76,128724.0,0.0,0.2389,0.0752,-0.0025,-0.0695,0.5076,-0.0117,1.09
3738,4000,0.6303,0.0909,0.2789,0.4782,0.4698,-0.011,11.39,170.1,0.77,127618.0,0.0,0.2398,0.0718,-0.0031,-0.0656,0.4953,-0.0135,1.09
3739,4000,0.637,0.0909,0.2724,0.4631,0.4822,-0.0125,11.11,183.66,0.77,128328.0,0.0,0.2414,0.0693,-0.0021,-0.0682,0.6085,-0.0082,1.09
3740,4000,0.6431,0.0895,0.2679,0.4989,0.4492,-0.0113,11.63,202.55,0.77,128498.0,0.0,0.2449,0.0753,-0.0027,-0.0664,0.584,-0.0086,1.09
3741,4000,0.642,0.0919,0.267,0.4995,0.4379,-0.0166,11.47,192.35,0.77,128420.0,0.0,0.2427,0.0755,-0.0028,-0.0687,0.5319,-0.0116,1.09
3742,4000,0.6436,0.0942,0.2631,0.4636,0.4695,-0.0146,11.43,177.62,0.77,127873.0,0.0,0.241,0.0699,-0.0026,-0.0667,0.4831,-0.0092,1.09
3743,4000,0.6467,0.0953,0.2592,0.4564,0.4534,-0.0154,10.95,170.57,0.77,128056.0,0.0,0.2275,0.0688,-0.0022,-0.0627,0.5196,-0.0113,1.09
3744,4000,0.651,0.0952,0.255,0.4806,0.4599,-0.0114,12.08,211.92,0.77,127764.0,0.0,0.2418,0.0734,-0.0026,-0.0648,0.5136,-0.0123,1.09
3745,4000,0.6463,0.0959,0.2593,0.4913,0.4362,-0.0151,10.77,176.87,0.77,128106.0,0.0,0.2401,0.0733,-0.0024,-0.0686,0.5127,-0.0109,1.09
3746,4000,0.6421,0.0988,0.2607,0.4766,0.4517,-0.0141,10.06,179.5,0.77,127252.0,0.0,0.2384,0.0723,-0.0021,-0.0664,0.4933,-0.0105,1.09
3747,4000,0.6427,0.0988,0.2605,0.4948,0.4498,-0.013,10.67,199.16,0.78,126608.0,0.0,0.2452,0.0746,-0.0024,-0.0708,0.5544,-0.012,1.09
3748,4000,0.6459,0.0986,0.2575,0.5023,0.4489,-0.0124,11.33,194.58,0.78,126626.0,0.0,0.2475,0.0765,-0.0029,-0.0697,0.4561,-0.0086,1.09
3749,4000,0.6504,0.0956,0.2556,0.465,0.4655,-0.0142,10.1,196.99,0.78,126798.0,0.0,0.2352,0.0703,-0.0022,-0.0631,0.5124,-0.008,1.09
3750,4000,0.6505,0.0953,0.2552,0.4702,0.4631,-0.0131,11.08,174.08,0.77,127325.0,0.0,0.2402,0.0724,-0.0023,-0.0658,0.5553,-0.0095,1.09
3751,4000,0.651,0.0972,0.253,0.4884,0.4369,-0.016,10.4,186.61,0.77,128241.0,0.0,0.2428,0.0736,-0.0028,-0.0646,0.4881,-0.0087,1.09
3752,4000,0.6433,0.0982,0.2595,0.5322,0.4297,-0.0113,10.99,211.54,0.77,128408.0,0.0,0.2496,0.0816,-0.0026,-0.0718,0.4948,-0.0119,1.09
3753,4000,0.6383,0.1003,0.2626,0.4896,0.4272,-0.0161,10.89,209.25,0.77,127107.0,0.0,0.2362,0.0746,-0.0025,-0.0706,0.467,-0.0116,1.09
3754,4000,0.6348,0.1005,0.266,0.5233,0.4115,-0.0142,10.03,193.03,0.77,127443.0,0.0,0.2484,0.0814,-0.0027,-0.0706,0.4887,-0.0117,1.09
3755,4000,0.6295,0.1011,0.2707,0.52,0.4181,-0.0144,10.94,193.52,0.77,128169.0,0.0,0.2434,0.0804,-0.003,-0.0697,0.4904,-0.0099,1.09
3756,4000,0.6267,0.1001,0.2746,0.5425,0.425,-0.0112,11.83,220.79,0.77,126930.0,0.0,0.2568,0.0865,-0.0025,-0.0748,0.4968,-0.0081,1.09
3757,4000,0.6259,0.1004,0.2754,0.4787,0.454,-0.0154,11.22,195.33,0.77,126995.0,0.0,0.2383,0.075,-0.0026,-0.064,0.4981,-0.0079,1.09
3758,4000,0.6264,0.1022,0.2733,0.495,0.4279,-0.016,11.27,197.11,0.78,126481.0,0.0,0.2417,0.0751,-0.0021,-0.0662,0.4584,-0.0081,1.09
3759,4000,0.6264,0.1013,0.2743,0.5087,0.4549,-0.0104,11.76,196.22,0.77,127131.0,0.0,0.2505,0.0796,-0.0024,-0.0708,0.5171,-0.0108,1.09
3760,4000,0.6259,0.0999,0.2764,0.5098,0.4504,-0.0124,11.35,179.96,0.78,126528.0,0.0,0.2492,0.0805,-0.0026,-0.0676,0.468,-0.0112,1.09
3761,4000,0.6263,0.0988,0.2767,0.5045,0.4159,-0.0159,10.43,174.28,0.77,127503.0,0.0,0.2388,0.0786,-0.0026,-0.0673,0.5328,-0.0094,1.09
3762,4000,0.6184,0.1026,0.2808,0.5092,0.4228,-0.013,11.45,181.64,0.77,127877.0,0.0,0.2437,0.0809,-0.0031,-0.0714,0.4325,-0.008,1.09
3763,4000,0.6198,0.1003,0.2814,0.5226,0.4154,-0.0148,11.34,194.47,0.77,126906.0,0.0,0.2434,0.0829,-0.0027,-0.0697,0.5355,-0.0095,1.09
3764,4000,0.6203,0.1008,0.28,0.4965,0.441,-0.0153,11.74,179.52,0.77,127044.0,0.0,0.2462,0.0779,-0.0026,-0.0697,0.494,-0.008,1.09
3765,4000,0.6238,0.0991,0.2782,0.5182,0.4382,-0.0112,11.12,181.15,0.78,126123.0,0.0,0.2528,0.0831,-0.0028,-0.0688,0.5405,-0.0099,1.09
3766,4000,0.6254,0.0954,0.2802,0.5051,0.4319,-0.0137,11.47,209.74,0.8,122981.0,0.0,0.2427,0.079,-0.0026,-0.0705,0.527,-0.0083,1.08
3767,4000,0.6288,0.0957,0.2765,0.4869,0.4386,-0.0143,11.21,195.31,0.77,128154.0,0.0,0.2307,0.0769,-0.0029,-0.0671,0.5722,-0.0118,1.08
3768,4000,0.6267,0.0995,0.2748,0.4951,0.4112,-0.0188,11.54,216.39,0.77,127341.0,0.0,0.2377,0.0763,-0.0023,-0.0685,0.5167,-0.0117,1.08
3769,4000,0.6272,0.1026,0.2712,0.4763,0.4345,-0.0179,10.75,202.67,0.77,126900.0,0.0,0.2314,0.0751,-0.0028,-0.0681,0.5276,-0.0098,1.08
3770,4000,0.6208,0.1058,0.2743,0.5183,0.3948,-0.0151,10.78,214.31,0.77,127857.0,0.0,0.242,0.0822,-0.0031,-0.0739,0.5071,-0.008,1.08
3771,4000,0.6159,0.1053,0.2795,0.5026,0.4475,-0.012,11.04,189.3,0.78,126177.0,0.0,0.2441,0.079,-0.0026,-0.071,0.5045,-0.0119,1.09
3772,4000,0.6147,0.1057,0.2798,0.4847,0.4313,-0.0157,11.07,191.94,0.77,127789.0,0.0,0.2312,0.0758,-0.0029,-0.0674,0.5312,-0.0098,1.09
3773,4000,0.6172,0.1032,0.2801,0.507,0.4477,-0.012,12.01,187.56,0.77,128495.0,0.0,0.2403,0.0812,-0.003,-0.071,0.5545,-0.0124,1.08
3774,4000,0.6213,0.1013,0.2779,0.4906,0.4535,-0.0147,11.91,209.16,0.77,127993.0,0.0,0.2404,0.0785,-0.0025,-0.0695,0.5188,-0.0131,1.08
3775,4000,0.6182,0.1017,0.2804,0.5133,0.4128,-0.0143,11.0,194.36,0.77,127050.0,0.0,0.2449,0.0814,-0.0027,-0.0729,0.4655,-0.0096,1.08
3776,4000,0.6162,0.1007,0.2835,0.5167,0.4251,-0.0131,12.02,199.93,0.78,126695.0,0.0,0.2516,0.0817,-0.0028,-0.0691,0.4405,-0.0079,1.08
3777,4000,0.6184,0.0971,0.2849,0.5038,0.447,-0.0119,11.05,180.02,0.77,127562.0,0.0,0.2414,0.0793,-0.0025,-0.0688,0.5358,-0.0107,1.08
3778,4000,0.6205,0.0977,0.2823,0.4992,0.428,-0.0137,10.91,185.49,0.78,126002.0,0.0,0.2297,0.0794,-0.0026,-0.0682,0.4773,-0.0092,1.08
3779,4000,0.6207,0.0956,0.2843,0.5001,0.4291,-0.0143,11.28,200.77,0.78,126580.0,0.0,0.229,0.0803,-0.003,-0.0677,0.5404,-0.0093,1.08
3780,4000,0.6199,0.0963,0.2845,0.5005,0.4063,-0.0159,10.61,204.84,0.77,127337.0,0.0,0.2404,0.0795,-0.0029,-0.0671,0.4891,-0.0082,1.08
3781,4000,0.6182,0.0983,0.2844,0.5248,0.4317,-0.0114,10.14,196.56,0.77,127534.0,0.0,0.2417,0.0832,-0.0029,-0.0716,0.5153,-0.0115,1.08
3782,4000,0.6187,0.099,0.2833,0.4956,0.4516,-0.0111,12.15,213.14,0.78,126012.0,0.0,0.2381,0.0769,-0.0024,-0.0674,0.4759,-0.0129,1.08
3783,4000,0.6187,0.0969,0.2853,0.5044,0.4212,-0.0146,11.85,208.99,0.77,127661.0,0.0,0.2304,0.0795,-0.0026,-0.0701,0.4479,-0.0106,1.08
3784,4000,0.6212,0.0946,0.2849,0.4962,0.4314,-0.0136,9.36,174.36,0.78,125973.0,0.0,0.2386,0.0795,-0.0025,-0.0708,0.5393,-0.0113,1.08
3785,4000,0.6173,0.0968,0.2868,0.4954,0.4315,-0.0152,11.04,212.05,0.77,128019.0,0.0,0.2345,0.0769,-0.0029,-0.0677,0.549,-0.0114,1.08
3786,4000,0.6155,0.0977,0.2877,0.5009,0.4045,-0.0184,9.82,204.34,0.78,126387.0,0.0,0.2364,0.0811,-0.0029,-0.0676,0.4767,-0.0089,1.08
3787,4000,0.6087,0.101,0.2909,0.5133,0.4113,-0.0154,11.55,206.18,0.77,127750.0,0.0,0.2378,0.081,-0.0029,-0.0694,0.4757,-0.0116,1.08
3788,4000,0.6123,0.1003,0.2879,0.496,0.4565,-0.0123,11.01,196.73,0.77,128141.0,0.0,0.2444,0.0777,-0.0024,-0.0696,0.5235,-0.0119,1.08
3789,4000,0.615,0.1003,0.2852,0.4974,0.45,-0.0135,11.15,189.18,0.77,127776.0,0.0,0.2425,0.0798,-0.0028,-0.0665,0.5373,-0.0119,1.08
3790,4000,0.621,0.0969,0.2824,0.5093,0.4413,-0.0129,11.56,203.64,0.77,127497.0,0.0,0.2415,0.081,-0.0028,-0.0717,0.4465,-0.0118,1.08
3791,4000,0.6179,0.0969,0.2853,0.524,0.419,-0.0124,11.13,212.21,0.77,128001.0,0.0,0.2469,0.0833,-0.0027,-0.0741,0.4445,-0.0118,1.08
3792,4000,0.6136,0.097,0.2894,0.5147,0.4452,-0.0113,11.73,210.8,0.77,128333.0,0.0,0.2458,0.0819,-0.0024,-0.0713,0.5472,-0.0081,1.08
3793,4000,0.6135,0.098,0.2887,0.4871,0.4476,-0.0149,11.65,188.15,0.78,126822.0,0.0,0.2405,0.0761,-0.0027,-0.0683,0.4512,-0.0104,1.08
3794,4000,0.6184,0.0961,0.2856,0.5033,0.4413,-0.0119,11.62,212.57,0.77,127792.0,0.0,0.2401,0.0789,-0.0025,-0.0714,0.4761,-0.0082,1.08
3795,4000,0.6195,0.099,0.2817,0.4971,0.4206,-0.0152,11.74,206.1,0.77,128384.0,0.0,0.2392,0.0772,-0.0029,-0.0707,0.4923,-0.0089,1.08
3796,4000,0.62,0.1011,0.2791,0.4937,0.436,-0.0143,11.66,185.97,0.77,127247.0,0.0,0.2346,0.0767,-0.0027,-0.0748,0.4198,-0.0104,1.08
3797,4000,0.626,0.0989,0.2753,0.4896,0.4468,-0.0133,11.45,203.32,0.77,127682.0,0.0,0.24,0.0756,-0.0026,-0.0709,0.4753,-0.0109,1.08
3798,4000,0.6236,0.1018,0.2748,0.5134,0.4168,-0.0162,10.71,198.94,0.77,127537.0,0.0,0.2368,0.0784,-0.0025,-0.0754,0.4652,-0.0082,1.08
3799,4000,0.6195,0.1024,0.2785,0.5243,0.4316,-0.0129,10.99,204.72,0.77,128078.0,0.0,0.2444,0.08,-0.0028,-0.0736,0.5019,-0.0115,1.08
3800,4000,0.6163,0.1005,0.2838,0.5143,0.4308,-0.0144,11.4,202.41,0.77,127361.0,0.0,0.2456,0.0797,-0.0025,-0.0759,0.546,-0.0123,1.08
3801,4000,0.6174,0.1001,0.2832,0.5096,0.4306,-0.016,10.78,209.53,0.77,128162.0,0.0,0.2401,0.0773,-0.0026,-0.0753,0.5075,-0.0119,1.08
3802,4000,0.6198,0.1009,0.28,0.5056,0.4226,-0.0164,10.98,213.14,0.77,127571.0,0.0,0.2378,0.0761,-0.0025,-0.078,0.4351,-0.0126,1.08
3803,4000,0.6162,0.1004,0.2843,0.5397,0.4348,-0.0086,11.38,206.81,0.77,127588.0,0.0,0.2558,0.0824,-0.0027,-0.0791,0.4851,-0.0129,1.08
3804,4000,0.6142,0.1003,0.2865,0.5203,0.408,-0.016,10.65,192.53,0.78,126801.0,0.0,0.2414,0.0777,-0.0023,-0.0767,0.5187,-0.0102,1.08
3805,4000,0.6122,0.0984,0.2904,0.553,0.4226,-0.01,11.21,238.56,0.77,127860.0,0.0,0.2592,0.0851,-0.0029,-0.0797,0.5295,-0.0107,1.08
3806,4000,0.6091,0.0985,0.2936,0.5067,0.43,-0.0154,11.61,201.14,0.77,127335.0,0.0,0.2412,0.0766,-0.0025,-0.0723,0.4971,-0.0111,1.08
3807,4000,0.6076,0.1017,0.2919,0.5262,0.4016,-0.0159,11.28,215.04,0.77,127777.0,0.0,0.2386,0.0807,-0.0026,-0.0761,0.5147,-0.0124,1.08
3808,4000,0.6048,0.1019,0.2943,0.4928,0.4326,-0.0169,10.34,189.02,0.77,128124.0,0.0,0.2331,0.074,-0.0025,-0.0723,0.5004,-0.0128,1.08
3809,4000,0.6053,0.1009,0.2946,0.5113,0.4386,-0.0124,11.42,208.6,0.77,128029.0,0.0,0.241,0.0774,-0.0026,-0.0751,0.498,-0.0126,1.08
3810,4000,0.6087,0.0993,0.2927,0.5296,0.443,-0.0109,12.21,202.42,0.77,127421.0,0.0,0.2529,0.0823,-0.0024,-0.0767,0.5088,-0.0119,1.08
3811,4000,0.6154,0.0981,0.2871,0.4768,0.4873,-0.012,12.6,193.4,0.77,127877.0,0.0,0.2381,0.0723,-0.0024,-0.0682,0.5415,-0.0126,1.08
3812,4000,0.6202,0.0988,0.2815,0.4991,0.429,-0.0177,11.22,203.45,0.77,128113.0,0.0,0.2293,0.0771,-0.0027,-0.072,0.5346,-0.0125,1.08
3813,4000,0.6176,0.1006,0.2823,0.4944,0.4355,-0.0151,10.92,207.07,0.78,125464.0,0.0,0.2373,0.0741,-0.002,-0.0767,0.5345,-0.0077,1.08
3814,4000,0.6185,0.1025,0.2795,0.5099,0.4398,-0.0146,10.99,180.14,0.77,127419.0,0.0,0.2481,0.0787,-0.0019,-0.0815,0.5409,-0.0083,1.08
3815,4000,0.618,0.1033,0.2793,0.5172,0.4228,-0.0144,10.97,205.1,0.78,126599.0,0.0,0.2387,0.0804,-0.0027,-0.0763,0.5192,-0.0109,1.08
3816,4000,0.6186,0.1043,0.2775,0.4986,0.4382,-0.0149,11.93,209.35,0.77,128087.0,0.0,0.2363,0.0771,-0.0028,-0.0728,0.4612,-0.0118,1.08
3817,4000,0.6215,0.1018,0.2772,0.4984,0.4541,-0.0122,11.52,199.57,0.78,125835.0,0.0,0.239,0.0775,-0.0028,-0.0708,0.5384,-0.0084,1.08
3818,4000,0.6222,0.1033,0.275,0.5003,0.4201,-0.0151,11.29,188.11,0.77,127103.0,0.0,0.2308,0.0771,-0.0026,-0.0739,0.5321,-0.0082,1.08
3819,4000,0.6209,0.1019,0.2777,0.5064,0.4225,-0.017,10.16,197.16,0.77,127259.0,0.0,0.236,0.0783,-0.0025,-0.0733,0.5798,-0.0117,1.08
3820,4000,0.6204,0.103,0.277,0.5144,0.4424,-0.0138,12.01,193.01,0.77,127505.0,0.0,0.2444,0.0787,-0.0027,-0.0724,0.5391,-0.0122,1.08
3821,4000,0.623,0.0998,0.2778,0.5246,0.414,-0.0161,9.62,179.86,0.77,127551.0,0.0,0.2418,0.0822,-0.0025,-0.0744,0.5067,-0.0099,1.08
3822,4000,0.6227,0.098,0.2801,0.5424,0.4149,-0.011,11.87,208.52,0.77,127464.0,0.0,0.251,0.0835,-0.0027,-0.0781,0.4149,-0.0118,1.08
3823,4000,0.6218,0.096,0.283,0.5026,0.4558,-0.0115,11.98,197.9,0.78,126439.0,0.0,0.2383,0.0786,-0.0027,-0.0718,0.4907,-0.0116,1.08
3824,4000,0.6251,0.0948,0.2809,0.498,0.4452,-0.0121,11.34,193.64,0.79,124446.0,0.0,0.2419,0.0768,-0.0027,-0.0753,0.516,-0.0099,1.08
3825,4000,0.6264,0.0946,0.2798,0.5147,0.4223,-0.014,11.46,201.81,0.77,128156.0,0.0,0.2373,0.0797,-0.0029,-0.0729,0.5052,-0.0115,1.08
3826,4000,0.6262,0.0943,0.28,0.4821,0.456,-0.0116,11.21,181.85,0.77,127311.0,0.0,0.2347,0.0744,-0.0026,-0.0712,0.5284,-0.0124,1.08
3827,4000,0.6271,0.0954,0.2777,0.4997,0.4116,-0.017,10.62,207.83,0.77,127334.0,0.0,0.2302,0.0784,-0.0027,-0.0708,0.4712,-0.0127,1.08
3828,4000,0.6275,0.0942,0.2786,0.5057,0.4329,-0.0124,11.4,212.99,0.77,127390.0,0.0,0.2426,0.0764,-0.0023,-0.0734,0.4394,-0.0133,1.08
3829,4000,0.626,0.0943,0.2802,0.5046,0.4432,-0.0128,10.82,197.45,0.77,127690.0,0.0,0.2407,0.0787,-0.0024,-0.0723,0.4759,-0.0094,1.08
3830,4000,0.6207,0.0969,0.2832,0.5011,0.4232,-0.0152,11.23,185.33,0.77,128426.0,0.0,0.2347,0.0775,-0.0028,-0.0735,0.6126,-0.0088,1.08
3831,4000,0.6178,0.0997,0.2835,0.502,0.4321,-0.0166,11.62,198.33,0.77,128047.0,0.0,0.2421,0.0798,-0.0028,-0.0712,0.5796,-0.0108,1.07
3832,4000,0.6111,0.1046,0.2853,0.4985,0.4026,-0.0191,11.19,194.18,0.77,128037.0,0.0,0.2236,0.0765,-0.0026,-0.0712,0.5024,-0.0082,1.07
3833,4000,0.6077,0.1064,0.2869,0.5308,0.4002,-0.0135,11.06,206.56,0.78,126570.0,0.0,0.2365,0.0819,-0.003,-0.0745,0.4748,-0.0115,1.07
3834,4000,0.6033,0.1062,0.2916,0.5411,0.4049,-0.0131,11.72,190.81,0.77,127603.0,0.0,0.2496,0.0845,-0.0029,-0.0756,0.478,-0.0102,1.07
3835,4000,0.6004,0.1029,0.2977,0.5345,0.4212,-0.0106,11.36,198.44,0.77,128084.0,0.0,0.2436,0.0829,-0.0034,-0.0776,0.4832,-0.0116,1.07
3836,4000,0.5979,0.102,0.3012,0.5145,0.4099,-0.0158,12.31,202.71,0.77,127856.0,0.0,0.2353,0.08,-0.0027,-0.0729,0.4966,-0.0112,1.07
3837,4000,0.6022,0.1028,0.296,0.5009,0.4518,-0.0138,12.07,189.56,0.77,127686.0,0.0,0.2442,0.0759,-0.0028,-0.0706,0.4967,-0.0113,1.07
3838,4000,0.6086,0.1027,0.29,0.4781,0.4544,-0.0122,11.4,198.28,0.77,127846.0,0.0,0.2313,0.0729,-0.0024,-0.0686,0.511,-0.0119,1.07
3839,4000,0.6102,0.1012,0.2898,0.506,0.4287,-0.0129,10.65,198.53,0.78,126340.0,0.0,0.2364,0.0782,-0.0029,-0.073,0.5063,-0.0113,1.07
3840,4000,0.6106,0.0995,0.2911,0.5207,0.4235,-0.0122,11.39,217.96,0.77,128154.0,0.0,0.2379,0.079,-0.0027,-0.0775,0.4525,-0.0087,1.07
3841,4000,0.6077,0.0986,0.2949,0.5402,0.3841,-0.0151,9.99,201.34,0.77,127706.0,0.0,0.2405,0.0855,-0.0032,-0.0769,0.4991,-0.0108,1.07
3842,4000,0.5992,0.0987,0.3036,0.5172,0.3868,-0.0164,9.89,162.62,0.77,128181.0,0.0,0.2331,0.0779,-0.0031,-0.0742,0.4353,-0.0111,1.07
3843,4000,0.5968,0.101,0.3034,0.5103,0.4279,-0.0123,11.36,211.01,0.77,128114.0,0.0,0.2343,0.078,-0.0026,-0.0731,0.4029,-0.0109,1.07
3844,4000,0.5944,0.1008,0.306,0.5118,0.426,-0.0116,11.76,197.66,0.78,125440.0,0.0,0.2386,0.0792,-0.0028,-0.0744,0.4301,-0.0085,1.07
3845,4000,0.5988,0.0992,0.3028,0.5115,0.407,-0.0144,10.87,198.51,0.77,127572.0,0.0,0.2326,0.081,-0.003,-0.0698,0.5167,-0.0105,1.07
3846,4000,0.5936,0.1004,0.3065,0.5096,0.4082,-0.0164,10.8,194.99,0.78,126751.0,0.0,0.2366,0.0797,-0.0028,-0.0716,0.5043,-0.0103,1.07
3847,4000,0.5892,0.1028,0.3082,0.5383,0.3744,-0.0163,10.47,211.4,0.76,128635.0,0.0,0.2362,0.082,-0.0031,-0.0754,0.4541,-0.0123,1.07
3848,4000,0.5838,0.1019,0.3147,0.5262,0.4026,-0.013,11.33,202.75,0.77,127733.0,0.0,0.2316,0.0802,-0.0025,-0.0721,0.4383,-0.0083,1.07
3849,4000,0.5807,0.1007,0.3191,0.5774,0.3909,-0.0095,11.99,211.05,0.77,127368.0,0.0,0.2562,0.0881,-0.0026,-0.0783,0.4335,-0.0129,1.07
3850,4000,0.5798,0.0992,0.3214,0.5486,0.369,-0.0137,12.45,224.04,0.77,127737.0,0.0,0.2321,0.0837,-0.0028,-0.0721,0.4309,-0.0123,1.07
3851,4000,0.5743,0.0993,0.3268,0.5453,0.3892,-0.0153,10.5,202.81,0.78,126524.0,0.0,0.2384,0.0828,-0.0029,-0.0753,0.4528,-0.011,1.07
3852,4000,0.5704,0.0985,0.3316,0.5319,0.3874,-0.0139,9.04,193.72,0.77,126988.0,0.0,0.2379,0.0807,-0.003,-0.0739,0.5494,-0.012,1.07
3853,4000,0.562,0.1022,0.3364,0.5333,0.3662,-0.0172,10.51,200.16,0.78,126361.0,0.0,0.2249,0.0829,-0.003,-0.0673,0.4566,-0.0117,1.07
3854,4000,0.5507,0.1058,0.344,0.5744,0.3444,-0.0146,11.14,238.4,0.77,127394.0,0.0,0.2406,0.0885,-0.0028,-0.0779,0.6563,-0.0072,1.07
3855,4000,0.5442,0.1074,0.349,0.5574,0.3776,-0.0128,11.33,241.43,0.77,127948.0,0.0,0.2342,0.0859,-0.0028,-0.0753,0.421,-0.0116,1.07
3856,4000,0.5413,0.1073,0.3521,0.5296,0.3841,-0.0158,10.72,196.06,0.77,127681.0,0.0,0.2356,0.0816,-0.0025,-0.0717,0.4795,-0.0125,1.07
3857,4000,0.5406,0.1062,0.3542,0.5248,0.3755,-0.0174,10.39,202.16,0.77,128064.0,0.0,0.2298,0.0803,-0.0023,-0.0703,0.4144,-0.0101,1.07
3858,4000,0.5397,0.1055,0.3557,0.5391,0.4199,-0.0119,12.15,196.47,0.77,127480.0,0.0,0.24,0.0826,-0.0028,-0.0706,0.4616,-0.0107,1.07
3859,4000,0.5464,0.1055,0.3488,0.5107,0.3982,-0.0159,10.55,198.05,0.77,127757.0,0.0,0.2311,0.0784,-0.0025,-0.0653,0.4409,-0.0117,1.07
3860,4000,0.5486,0.1059,0.3459,0.553,0.3798,-0.0121,10.66,229.58,0.77,127073.0,0.0,0.2441,0.0874,-0.0027,-0.073,0.4433,-0.0112,1.07
3861,4000,0.5439,0.1031,0.3532,0.5555,0.3897,-0.0106,11.28,221.91,0.77,127864.0,0.0,0.2459,0.0866,-0.0025,-0.073,0.4196,-0.0115,1.07
3862,4000,0.5449,0.1018,0.3536,0.5368,0.3991,-0.0124,10.92,216.52,0.77,127562.0,0.0,0.2388,0.0831,-0.0028,-0.0652,0.4867,-0.0117,1.07
3863,4000,0.5429,0.1029,0.3544,0.5509,0.358,-0.0164,10.46,208.41,0.77,127639.0,0.0,0.2384,0.0837,-0.0026,-0.0691,0.4649,-0.0124,1.07
3864,4000,0.5435,0.1044,0.3526,0.5152,0.4165,-0.0135,11.98,215.58,0.77,127998.0,0.0,0.2278,0.0797,-0.0026,-0.0663,0.5236,-0.012,1.07
3865,4000,0.5491,0.103,0.3486,0.5557,0.4036,-0.0123,12.12,195.64,0.77,127445.0,0.0,0.2443,0.0847,-0.0028,-0.07,0.5118,-0.013,1.07
3866,4000,0.5582,0.1006,0.3419,0.5379,0.3903,-0.0135,11.68,223.74,0.77,127774.0,0.0,0.2407,0.082,-0.0026,-0.0701,0.4848,-0.0121,1.07
3867,4000,0.5599,0.0998,0.3411,0.5238,0.4024,-0.0136,11.11,205.12,0.77,127580.0,0.0,0.2365,0.0819,-0.0028,-0.0663,0.5244,-0.0117,1.07
3868,4000,0.564,0.0979,0.3389,0.5059,0.3968,-0.0163,10.86,184.59,0.77,127784.0,0.0,0.2264,0.0774,-0.0026,-0.0645,0.5338,-0.0084,1.07
3869,4000,0.5692,0.0987,0.3328,0.5448,0.3992,-0.0114,11.56,221.57,0.77,126949.0,0.0,0.2442,0.0846,-0.0024,-0.0709,0.4812,-0.0121,1.07
3870,4000,0.5732,0.0966,0.3309,0.4994,0.4235,-0.014,10.5,187.37,0.77,127921.0,0.0,0.2296,0.0757,-0.0029,-0.0616,0.4701,-0.0123,1.07
3871,4000,0.5758,0.0949,0.3303,0.5412,0.4004,-0.0121,12.02,191.06,0.77,127590.0,0.0,0.2375,0.0857,-0.0029,-0.0679,0.4111,-0.0104,1.07
3872,4000,0.5791,0.0927,0.3292,0.5382,0.4147,-0.0109,11.26,193.86,0.78,126502.0,0.0,0.2455,0.0839,-0.0027,-0.0719,0.4314,-0.0106,1.07
3873,4000,0.5856,0.0923,0.323,0.5209,0.4284,-0.0108,10.32,199.67,0.77,127322.0,0.0,0.2414,0.0792,-0.0032,-0.0666,0.5413,-0.0103,1.07
3874,4000,0.5851,0.0922,0.3234,0.5334,0.4032,-0.016,11.53,227.6,0.77,127325.0,0.0,0.2402,0.0829,-0.0024,-0.0663,0.5372,-0.0098,1.07
3875,4000,0.5865,0.0919,0.3223,0.5377,0.4007,-0.0115,11.42,209.16,0.77,127201.0,0.0,0.2371,0.0841,-0.0025,-0.0667,0.4854,-0.0084,1.07
3876,4000,0.5855,0.092,0.3232,0.5378,0.4032,-0.0124,10.49,205.38,0.77,127295.0,0.0,0.2444,0.0835,-0.0029,-0.0663,0.5159,-0.0118,1.07
3877,4000,0.5857,0.0947,0.3202,0.525,0.4175,-0.0144,11.51,216.02,0.77,127849.0,0.0,0.2422,0.0799,-0.0028,-0.0713,0.5574,-0.0109,1.07
3878,4000,0.5838,0.0975,0.3193,0.506,0.4097,-0.0157,11.93,191.87,0.78,126700.0,0.0,0.2339,0.0782,-0.0023,-0.065,0.5456,-0.0119,1.07
3879,4000,0.583,0.0999,0.3179,0.5371,0.4256,-0.0118,12.06,213.81,0.78,126718.0,0.0,0.2476,0.0821,-0.0026,-0.069,0.5,-0.0119,1.07
3880,4000,0.5819,0.0991,0.3197,0.516,0.4252,-0.0135,12.57,207.69,0.77,127326.0,0.0,0.2443,0.0795,-0.0024,-0.0661,0.5764,-0.012,1.07
3881,4000,0.5866,0.0968,0.3175,0.5365,0.4055,-0.0132,11.23,215.18,0.77,128236.0,0.0,0.2435,0.0846,-0.0025,-0.0707,0.5531,-0.0127,1.07
3882,4000,0.5873,0.0959,0.3178,0.5344,0.4237,-0.0129,11.2,203.87,0.77,127065.0,0.0,0.2485,0.0841,-0.0025,-0.0687,0.5027,-0.0136,1.07
3883,4000,0.589,0.0931,0.319,0.5297,0.3995,-0.0137,11.09,202.42,0.77,127643.0,0.0,0.2431,0.0834,-0.0026,-0.0688,0.4891,-0.0132,1.07
3884,4000,0.5893,0.0945,0.3174,0.5103,0.4235,-0.0139,10.89,187.55,0.77,127043.0,0.0,0.238,0.0795,-0.0024,-0.0706,0.5629,-0.0118,1.07
3885,4000,0.5891,0.0949,0.317,0.5308,0.416,-0.0131,10.92,203.65,0.77,127017.0,0.0,0.2482,0.0832,-0.0023,-0.0732,0.6553,-0.0091,1.07
3886,4000,0.5929,0.0918,0.316,0.5205,0.4156,-0.0138,11.0,216.11,0.77,127582.0,0.0,0.2361,0.0799,-0.0024,-0.0729,0.5551,-0.0117,1.07
3887,4000,0.5964,0.0916,0.3127,0.4756,0.4285,-0.0186,10.53,192.63,0.77,127536.0,0.0,0.228,0.0741,-0.0022,-0.0649,0.5157,-0.0119,1.07
3888,4000,0.5954,0.095,0.3102,0.5312,0.4289,-0.0124,12.97,223.87,0.77,128120.0,0.0,0.2494,0.0819,-0.0025,-0.0757,0.5556,-0.0116,1.07
3889,4000,0.5985,0.0952,0.307,0.5061,0.444,-0.0129,11.66,195.54,0.77,127842.0,0.0,0.2472,0.0784,-0.0024,-0.0699,0.4904,-0.0123,1.07
3890,4000,0.6083,0.0929,0.2993,0.4974,0.452,-0.0135,12.0,201.46,0.77,127956.0,0.0,0.241,0.0769,-0.0022,-0.068,0.5025,-0.0125,1.07
3891,4000,0.6149,0.0914,0.2941,0.5,0.4397,-0.013,11.23,204.7,0.77,128448.0,0.0,0.2441,0.0776,-0.0026,-0.0706,0.5961,-0.013,1.07
3892,4000,0.6158,0.0904,0.294,0.5164,0.4285,-0.0131,12.18,199.13,0.77,127765.0,0.0,0.2418,0.0804,-0.0025,-0.0726,0.5963,-0.0121,1.07
3893,4000,0.6161,0.0909,0.2932,0.5032,0.4327,-0.0124,12.06,211.2,0.77,127286.0,0.0,0.2364,0.0788,-0.0024,-0.0702,0.5459,-0.0117,1.07
3894,4000,0.6196,0.0899,0.2908,0.4929,0.444,-0.0152,11.95,183.89,0.77,128226.0,0.0,0.2387,0.0766,-0.0023,-0.0683,0.4688,-0.0118,1.07
3895,4000,0.6189,0.0916,0.2898,0.5111,0.4084,-0.0142,10.18,199.39,0.77,127150.0,0.0,0.2354,0.0817,-0.0023,-0.0781,0.5102,-0.0113,1.07
3896,4000,0.6151,0.0948,0.2905,0.527,0.4435,-0.0098,11.79,187.61,0.77,127141.0,0.0,0.2505,0.081,-0.0031,-0.0787,0.4764,-0.0121,1.07
3897,4000,0.616,0.0939,0.2906,0.4785,0.4479,-0.0136,11.14,188.28,0.77,128449.0,0.0,0.2326,0.0743,-0.0024,-0.0665,0.5707,-0.0127,1.07
3898,4000,0.6169,0.0972,0.2864,0.492,0.4271,-0.0159,10.41,203.17,0.78,126523.0,0.0,0.237,0.0751,-0.0023,-0.0698,0.5163,-0.0087,1.07
3899,4000,0.6167,0.0972,0.2866,0.5011,0.4406,-0.0135,10.0,184.98,0.77,127241.0,0.0,0.246,0.0784,-0.0026,-0.0715,0.5885,-0.008,1.07
3900,4000,0.618,0.0984,0.2842,0.4956,0.4255,-0.0155,10.83,177.34,0.77,127716.0,0.0,0.2378,0.0745,-0.0026,-0.0712,0.4987,-0.013,1.07
3901,4000,0.6209,0.0978,0.2816,0.4975,0.4444,-0.0119,11.21,199.14,0.77,127491.0,0.0,0.2436,0.0764,-0.0022,-0.0717,0.5136,-0.013,1.07
3902,4000,0.6204,0.0979,0.2819,0.4644,0.4578,-0.0145,11.84,175.51,0.77,126976.0,0.0,0.2342,0.0725,-0.0022,-0.0663,0.5681,-0.0095,1.07
3903,4000,0.6242,0.0985,0.2775,0.4894,0.4507,-0.014,11.52,198.08,0.77,127691.0,0.0,0.2392,0.0748,-0.0024,-0.0714,0.5385,-0.0084,1.07
3904,4000,0.6254,0.098,0.2773,0.4957,0.4456,-0.0141,11.19,178.21,0.78,125997.0,0.0,0.2412,0.0764,-0.0025,-0.0681,0.488,-0.0127,1.07
3905,4000,0.6264,0.0967,0.2777,0.497,0.4577,-0.0122,12.3,185.21,0.78,125999.0,0.0,0.2447,0.0779,-0.0024,-0.072,0.4724,-0.0131,1.07
3906,4000,0.6276,0.0933,0.2798,0.5505,0.4158,-0.0094,12.16,220.29,0.77,127475.0,0.0,0.2576,0.0867,-0.0027,-0.0751,0.4856,-0.0118,1.07
3907,4000,0.6233,0.0931,0.2841,0.5268,0.4198,-0.0135,11.52,204.18,0.77,128003.0,0.0,0.2452,0.0835,-0.0028,-0.0754,0.5497,-0.011,1.07
3908,4000,0.6157,0.0938,0.291,0.5235,0.403,-0.0154,12.69,210.08,0.77,127791.0,0.0,0.2471,0.082,-0.0026,-0.0722,0.5169,-0.0113,1.07
3909,4000,0.6132,0.0945,0.2931,0.4965,0.44,-0.0148,11.9,187.2,0.78,126718.0,0.0,0.2435,0.0777,-0.0026,-0.0713,0.4903,-0.0122,1.07
3910,4000,0.6148,0.0966,0.2893,0.5156,0.4267,-0.0116,11.83,210.6,0.77,128353.0,0.0,0.2462,0.0816,-0.0026,-0.0772,0.5245,-0.013,1.07
3911,4000,0.6147,0.0962,0.2899,0.534,0.4146,-0.0136,11.56,198.88,0.77,128464.0,0.0,0.2521,0.0858,-0.0029,-0.075,0.521,-0.0135,1.07
3912,4000,0.6146,0.095,0.2914,0.4967,0.4426,-0.0117,11.54,184.92,0.78,126451.0,0.0,0.2411,0.0767,-0.0026,-0.0692,0.476,-0.0113,1.07
3913,4000,0.6169,0.0924,0.2917,0.492,0.4511,-0.0106,11.05,195.16,0.77,126957.0,0.0,0.2358,0.0775,-0.0024,-0.0722,0.4604,-0.0093,1.07
3914,4000,0.6168,0.0923,0.2924,0.5247,0.4123,-0.0139,11.19,201.86,0.77,127764.0,0.0,0.2464,0.0815,-0.0023,-0.0772,0.5211,-0.0104,1.07
3915,4000,0.6172,0.0935,0.2906,0.4911,0.435,-0.015,10.62,169.15,0.77,127835.0,0.0,0.2339,0.0785,-0.0025,-0.074,0.5123,-0.0108,1.08
3916,4000,0.6191,0.0945,0.2876,0.4987,0.4415,-0.0129,11.18,183.74,0.77,127926.0,0.0,0.2405,0.0774,-0.0024,-0.0734,0.51,-0.0105,1.08
3917,4000,0.6227,0.0932,0.2851,0.5174,0.4561,-0.0095,12.35,219.59,0.77,128254.0,0.0,0.2576,0.081,-0.0025,-0.0766,0.4785,-0.0083,1.08
3918,4000,0.6209,0.0901,0.29,0.5202,0.415,-0.0137,10.84,188.61,0.77,127229.0,0.0,0.2474,0.0812,-0.003,-0.0735,0.4898,-0.0106,1.08
3919,4000,0.6179,0.0891,0.2937,0.5253,0.4305,-0.0114,12.17,205.91,0.77,128079.0,0.0,0.2475,0.0812,-0.0022,-0.0754,0.4902,-0.0109,1.08
3920,4000,0.6182,0.0871,0.2957,0.5178,0.4139,-0.0137,10.15,188.92,0.77,127013.0,0.0,0.2372,0.0822,-0.0028,-0.0751,0.5017,-0.0099,1.08
3921,4000,0.6152,0.0884,0.2973,0.5326,0.3991,-0.0131,10.93,194.87,0.77,127647.0,0.0,0.247,0.0859,-0.0027,-0.076,0.4666,-0.008,1.08
3922,4000,0.6108,0.0911,0.2988,0.513,0.4133,-0.0137,11.51,178.22,0.77,127797.0,0.0,0.2431,0.0799,-0.0027,-0.0711,0.4318,-0.0112,1.08
3923,4000,0.6124,0.0905,0.2978,0.5309,0.4266,-0.0107,11.41,212.41,0.77,127291.0,0.0,0.2475,0.082,-0.0032,-0.0773,0.4461,-0.0126,1.08
3924,4000,0.6166,0.0874,0.297,0.5169,0.4252,-0.0124,10.45,197.25,0.77,127500.0,0.0,0.2437,0.0818,-0.0028,-0.0726,0.4791,-0.0132,1.08
3925,4000,0.6111,0.0897,0.2997,0.5234,0.4259,-0.0129,11.41,218.84,0.77,127448.0,0.0,0.2529,0.0813,-0.0028,-0.0737,0.5048,-0.0124,1.08
3926,4000,0.6018,0.0913,0.3074,0.5417,0.3764,-0.0142,10.95,196.13,0.77,127912.0,0.0,0.2459,0.0841,-0.003,-0.0766,0.4681,-0.0095,1.08
3927,4000,0.5965,0.093,0.3111,0.5249,0.4362,-0.0102,11.44,208.69,0.77,127301.0,0.0,0.245,0.082,-0.0024,-0.0753,0.474,-0.0082,1.08
3928,4000,0.597,0.0928,0.3109,0.5153,0.4446,-0.0114,11.47,215.24,0.77,127597.0,0.0,0.2453,0.0791,-0.003,-0.0734,0.5187,-0.0121,1.08
3929,4000,0.598,0.0933,0.3102,0.5195,0.4084,-0.0139,10.82,203.61,0.77,127961.0,0.0,0.2398,0.0817,-0.003,-0.0725,0.5265,-0.0107,1.08
3930,4000,0.5979,0.0922,0.3114,0.5201,0.4344,-0.0126,10.63,184.19,0.76,129047.0,0.0,0.2464,0.082,-0.0027,-0.0752,0.554,-0.0083,1.08
3931,4000,0.5978,0.0914,0.3122,0.5264,0.4076,-0.0144,10.79,195.18,0.77,127589.0,0.0,0.248,0.0834,-0.0028,-0.0781,0.5611,-0.0121,1.08
3932,4000,0.5959,0.0927,0.3128,0.5097,0.4213,-0.0148,10.96,204.66,0.77,128340.0,0.0,0.2451,0.0803,-0.0029,-0.0726,0.5394,-0.0128,1.08
3933,4000,0.5961,0.0939,0.3113,0.5317,0.428,-0.0112,12.16,214.69,0.77,128114.0,0.0,0.2503,0.0848,-0.0031,-0.0767,0.5037,-0.013,1.08
3934,4000,0.605,0.0914,0.3051,0.5052,0.4514,-0.0112,11.74,220.32,0.77,127816.0,0.0,0.2413,0.077,-0.0028,-0.0761,0.5154,-0.0127,1.08
3935,4000,0.6083,0.0919,0.3013,0.5075,0.4373,-0.0132,11.36,182.81,0.77,128331.0,0.0,0.2399,0.0767,-0.0026,-0.0725,0.473,-0.0122,1.08
3936,4000,0.6106,0.0943,0.2966,0.492,0.4432,-0.014,10.9,183.81,0.77,127743.0,0.0,0.2396,0.0759,-0.003,-0.0692,0.5273,-0.012,1.08
3937,4000,0.6141,0.0945,0.2926,0.5264,0.4285,-0.0112,11.93,196.29,0.77,128307.0,0.0,0.2455,0.0806,-0.0027,-0.0756,0.4634,-0.0132,1.08
3938,4000,0.6168,0.0925,0.2918,0.5181,0.4526,-0.0109,11.4,210.29,0.77,128367.0,0.0,0.2379,0.0775,-0.0026,-0.0733,0.5191,-0.0115,1.08
3939,4000,0.6179,0.0943,0.2888,0.4867,0.4256,-0.0156,11.25,190.87,0.77,127864.0,0.0,0.2305,0.0744,-0.0029,-0.0702,0.4811,-0.012,1.08
3940,4000,0.6174,0.0934,0.2903,0.5116,0.4223,-0.0142,11.44,206.23,0.77,127450.0,0.0,0.2381,0.0785,-0.0032,-0.0714,0.496,-0.0121,1.08
3941,4000,0.6197,0.095,0.2863,0.5065,0.4521,-0.0119,12.34,211.26,0.77,127991.0,0.0,0.2393,0.0762,-0.0024,-0.0716,0.5036,-0.013,1.08
3942,4000,0.6225,0.0943,0.2839,0.5075,0.4563,-0.0105,11.68,197.97,0.77,127824.0,0.0,0.2453,0.0738,-0.0027,-0.0728,0.541,-0.0118,1.08
3943,4000,0.6247,0.0937,0.2824,0.4998,0.4197,-0.0143,11.04,206.59,0.77,128104.0,0.0,0.234,0.0761,-0.0032,-0.0709,0.4603,-0.0084,1.08
3944,4000,0.621,0.0934,0.2865,0.5364,0.4131,-0.0125,10.94,200.8,0.77,127266.0,0.0,0.2496,0.0797,-0.0028,-0.0712,0.4212,-0.0121,1.08
3945,4000,0.6204,0.0903,0.29,0.558,0.4383,-0.0074,11.23,204.73,0.77,127792.0,0.0,0.2552,0.0837,-0.003,-0.0782,0.4681,-0.0133,1.08
3946,4000,0.6194,0.091,0.2905,0.5392,0.4036,-0.015,11.32,205.27,0.77,128165.0,0.0,0.249,0.0787,-0.0033,-0.0749,0.4896,-0.01,1.08
3947,4000,0.6153,0.0946,0.291,0.5078,0.4115,-0.0165,10.79,207.04,0.77,127480.0,0.0,0.238,0.078,-0.0028,-0.072,0.5358,-0.0121,1.08
3948,4000,0.6165,0.0954,0.2887,0.4911,0.441,-0.0163,12.16,207.54,0.77,128362.0,0.0,0.2432,0.0762,-0.0029,-0.0672,0.5411,-0.0127,1.08
3949,4000,0.6214,0.0963,0.283,0.4948,0.4428,-0.0155,11.15,189.45,0.77,128331.0,0.0,0.2353,0.0757,-0.0028,-0.067,0.5179,-0.0122,1.08
3950,4000,0.6255,0.0965,0.2787,0.5158,0.4449,-0.0143,11.09,206.66,0.77,127373.0,0.0,0.2492,0.0766,-0.0028,-0.0727,0.532,-0.0118,1.08
3951,4000,0.6235,0.0984,0.2788,0.488,0.4506,-0.0148,11.34,189.08,0.77,128195.0,0.0,0.2374,0.0702,-0.0029,-0.0703,0.4925,-0.0118,1.08
3952,4000,0.6237,0.0979,0.2791,0.5217,0.4374,-0.0111,10.6,181.87,0.77,128495.0,0.0,0.2448,0.0796,-0.0028,-0.0758,0.4689,-0.0129,1.08
3953,4000,0.6231,0.0997,0.2777,0.5014,0.4224,-0.0151,10.68,196.37,0.77,128088.0,0.0,0.2371,0.0752,-0.0029,-0.0687,0.5486,-0.012,1.08
3954,4000,0.6232,0.1008,0.2765,0.497,0.4689,-0.0124,11.89,203.66,0.76,128701.0,0.0,0.2456,0.0745,-0.0026,-0.0697,0.5052,-0.0116,1.08
3955,4000,0.6229,0.1014,0.2767,0.4938,0.4223,-0.0167,11.23,197.82,0.77,128329.0,0.0,0.2412,0.074,-0.0026,-0.0684,0.4711,-0.0128,1.08
3956,4000,0.616,0.1025,0.2825,0.5155,0.4253,-0.0127,11.59,184.42,0.77,128079.0,0.0,0.2413,0.0776,-0.0024,-0.0729,0.4676,-0.012,1.08
3957,4000,0.612,0.1006,0.2884,0.5301,0.426,-0.0113,12.15,207.5,0.77,127291.0,0.0,0.2499,0.0793,-0.0027,-0.0757,0.4739,-0.0127,1.08
3958,4000,0.6076,0.1014,0.2921,0.5027,0.4157,-0.0153,10.99,194.6,0.78,126563.0,0.0,0.2347,0.0748,-0.0023,-0.0735,0.5054,-0.0126,1.08
3959,4000,0.6034,0.1061,0.2917,0.5103,0.4177,-0.0166,11.12,208.51,0.77,128355.0,0.0,0.2416,0.0778,-0.0022,-0.0733,0.4963,-0.0126,1.08
3960,4000,0.601,0.1096,0.2909,0.5,0.4445,-0.0144,11.01,167.73,0.77,127616.0,0.0,0.2423,0.0766,-0.0036,-0.0719,0.486,-0.0098,1.08
3961,4000,0.6063,0.1095,0.2863,0.5208,0.4269,-0.0131,11.7,222.32,0.77,127426.0,0.0,0.2399,0.0796,-0.0027,-0.0723,0.3977,-0.012,1.08
3962,4000,0.6097,0.1076,0.2846,0.4909,0.4485,-0.0141,11.36,202.61,0.76,128844.0,0.0,0.2414,0.0745,-0.0022,-0.0713,0.5656,-0.0117,1.08
3963,4000,0.6083,0.1099,0.2832,0.5222,0.4094,-0.0158,11.69,211.4,0.76,129060.0,0.0,0.2396,0.0798,-0.0027,-0.0795,0.5149,-0.0085,1.08
3964,4000,0.6111,0.1088,0.2816,0.4993,0.4384,-0.0141,10.56,193.48,0.76,128505.0,0.0,0.2407,0.0782,-0.0023,-0.0741,0.4998,-0.012,1.08
3965,4000,0.611,0.1091,0.2814,0.5278,0.4201,-0.0133,11.11,215.13,0.77,128421.0,0.0,0.2506,0.0806,-0.0026,-0.0745,0.4414,-0.0118,1.08
3966,4000,0.6108,0.105,0.2855,0.5139,0.4308,-0.0116,11.1,187.39,0.77,128152.0,0.0,0.2467,0.0798,-0.0023,-0.0743,0.4789,-0.013,1.08
3967,4000,0.6102,0.1026,0.2883,0.521,0.4115,-0.0165,9.75,206.94,0.76,128876.0,0.0,0.2429,0.0798,-0.0028,-0.0748,0.5379,-0.0112,1.08
3968,4000,0.6082,0.1042,0.2888,0.5461,0.404,-0.013,12.26,209.15,0.77,127663.0,0.0,0.26,0.0836,-0.0028,-0.076,0.466,-0.0097,1.08
3969,4000,0.6051,0.1006,0.2955,0.5344,0.4133,-0.0122,10.38,185.69,0.77,127139.0,0.0,0.2449,0.0817,-0.0028,-0.0752,0.5166,-0.0108,1.08
3970,4000,0.6051,0.0994,0.2963,0.5125,0.4344,-0.0116,11.4,196.23,0.76,128730.0,0.0,0.2453,0.0785,-0.0026,-0.0766,0.5368,-0.0108,1.08
3971,4000,0.606,0.0969,0.298,0.5288,0.4219,-0.0131,12.17,223.28,0.76,129001.0,0.0,0.2484,0.0802,-0.0026,-0.0738,0.4587,-0.0107,1.08
3972,4000,0.6052,0.0985,0.297,0.5059,0.4298,-0.014,11.23,209.9,0.76,128579.0,0.0,0.2457,0.0791,-0.0025,-0.0727,0.5205,-0.0119,1.08
3973,4000,0.5998,0.1003,0.3004,0.5427,0.4084,-0.0142,13.16,211.44,0.76,128830.0,0.0,0.2555,0.085,-0.0027,-0.0792,0.5054,-0.0119,1.08
3974,4000,0.6038,0.0983,0.2982,0.5059,0.4514,-0.0114,11.29,188.63,0.77,127567.0,0.0,0.2453,0.0771,-0.0025,-0.0726,0.4861,-0.0126,1.08
3975,4000,0.6059,0.0959,0.2987,0.5338,0.4328,-0.0127,12.37,217.94,0.76,128597.0,0.0,0.2527,0.08,-0.0024,-0.0788,0.5579,-0.0135,1.08
3976,4000,0.603,0.0974,0.3001,0.5088,0.4116,-0.017,11.79,196.45,0.77,128454.0,0.0,0.2424,0.079,-0.0027,-0.0747,0.5685,-0.0101,1.08
3977,4000,0.6011,0.098,0.3014,0.5139,0.416,-0.0147,10.61,198.59,0.77,128250.0,0.0,0.2387,0.0791,-0.0025,-0.0741,0.4817,-0.0088,1.08
3978,4000,0.6016,0.0989,0.3002,0.5164,0.4382,-0.0119,11.39,188.1,0.76,128681.0,0.0,0.2449,0.0788,-0.0026,-0.0745,0.4784,-0.013,1.08
3979,4000,0.6008,0.1004,0.2995,0.5366,0.4234,-0.0134,11.86,205.67,0.77,127649.0,0.0,0.2546,0.0829,-0.0029,-0.0787,0.4723,-0.0137,1.07
3980,4000,0.6033,0.1001,0.2971,0.5038,0.438,-0.0126,11.12,215.8,0.77,128344.0,0.0,0.2429,0.078,-0.0033,-0.0722,0.4821,-0.0108,1.07
3981,4000,0.6048,0.1014,0.2943,0.5142,0.4311,-0.014,12.05,197.51,0.78,126167.0,0.0,0.2497,0.0789,-0.0028,-0.075,0.5074,-0.0122,1.07
3982,4000,0.6089,0.1014,0.2903,0.5247,0.4038,-0.0151,10.9,205.82,0.78,125351.0,0.0,0.2447,0.0827,-0.0026,-0.0756,0.4885,-0.0122,1.07
3983,4000,0.6058,0.1005,0.2942,0.545,0.386,-0.0145,11.1,212.79,0.77,127013.0,0.0,0.2549,0.0847,-0.0027,-0.0751,0.4746,-0.0126,1.07
3984,4000,0.6003,0.1,0.3,0.5304,0.4152,-0.0112,11.52,215.99,0.77,128418.0,0.0,0.2432,0.0837,-0.003,-0.0761,0.4873,-0.0111,1.07
3985,4000,0.5924,0.1002,0.3076,0.5384,0.3853,-0.0157,11.02,215.8,0.76,128674.0,0.0,0.2478,0.083,-0.003,-0.0786,0.4377,-0.0095,1.07
3986,4000,0.592,0.1,0.3083,0.505,0.455,-0.0117,11.74,191.87,0.76,129319.0,0.0,0.2392,0.0793,-0.0027,-0.0712,0.4556,-0.0131,1.07
3987,4000,0.5949,0.0982,0.3073,0.5301,0.4084,-0.0129,10.54,207.31,0.76,128922.0,0.0,0.2393,0.0834,-0.0026,-0.0782,0.4729,-0.011,1.07
3988,4000,0.5913,0.0969,0.3123,0.5347,0.4037,-0.014,11.2,204.76,0.77,128184.0,0.0,0.2454,0.0854,-0.0026,-0.0769,0.485,-0.011,1.07
3989,4000,0.5917,0.0955,0.3133,0.5314,0.4209,-0.0126,11.43,208.18,0.76,128847.0,0.0,0.2474,0.0832,-0.0031,-0.0758,0.4997,-0.0123,1.07
3990,4000,0.5935,0.0932,0.3138,0.5135,0.4139,-0.0137,11.34,205.93,0.76,129121.0,0.0,0.2337,0.0818,-0.0026,-0.0711,0.5469,-0.0088,1.07
3991,4000,0.5923,0.0922,0.3158,0.5201,0.4246,-0.0128,11.59,193.71,0.76,128994.0,0.0,0.2444,0.0821,-0.0027,-0.0706,0.5428,-0.012,1.07
3992,4000,0.5919,0.0934,0.3149,0.5054,0.4249,-0.0141,11.82,200.98,0.76,128542.0,0.0,0.2394,0.0805,-0.0029,-0.0718,0.5097,-0.0132,1.07
3993,4000,0.5905,0.0962,0.3135,0.5387,0.4064,-0.0131,11.87,208.01,0.76,128547.0,0.0,0.2372,0.0826,-0.0029,-0.0737,0.5148,-0.0112,1.07
3994,4000,0.587,0.0977,0.3156,0.5232,0.4181,-0.0129,11.2,209.93,0.76,128765.0,0.0,0.2376,0.0808,-0.003,-0.0712,0.4728,-0.0124,1.07
3995,4000,0.591,0.0972,0.3123,0.5071,0.4324,-0.013,11.57,208.68,0.76,128876.0,0.0,0.2422,0.0777,-0.0023,-0.0733,0.5739,-0.0134,1.08
3996,4000,0.5947,0.0978,0.3079,0.5126,0.4275,-0.0158,12.27,216.67,0.76,128883.0,0.0,0.237,0.0794,-0.0026,-0.0733,0.5558,-0.0132,1.08
3997,4000,0.6022,0.0991,0.2987,0.4987,0.4301,-0.0156,11.2,212.64,0.77,127311.0,0.0,0.2371,0.0772,-0.0026,-0.0707,0.5397,-0.0086,1.08
3998,4000,0.6069,0.0983,0.2948,0.5268,0.4194,-0.0129,10.73,188.99,0.76,129004.0,0.0,0.244,0.0816,-0.0029,-0.0699,0.5205,-0.0125,1.07
3999,4000,0.606,0.1006,0.2936,0.5067,0.4133,-0.0148,11.67,193.29,0.77,127806.0,0.0,0.2332,0.0765,-0.0024,-0.07,0.4466,-0.013,1.07
