iteration,total,hold_success,dropped,time_out,r_face_alignment,r_hold_bonus,r_dropped_penalty,mean_reward,mean_ep_len,iter_time_s,steps_per_s,invalid_state,r_hold_progress,r_grasp_contact,r_excess_force,r_joint_limits,value_loss,surrogate_loss,action_std
4699,6199,0.0,0.0284,0.0359,0.0185,0.0,-0.0562,-0.97,20.71,1.73,56787.0,0.0,0.0013,0.0027,-0.0004,-0.0041,1.3678,-0.0063,1.03
4700,6199,0.0,0.0614,0.101,0.0663,0.0,-0.034,-0.01,43.75,0.77,127345.0,0.0,0.0135,0.0117,-0.0017,-0.0139,0.4598,-0.0083,1.03
4701,6199,0.0437,0.0748,0.154,0.1373,0.2649,-0.0161,6.32,65.6,0.77,126968.0,0.0,0.0835,0.0198,-0.0019,-0.0195,0.577,-0.0147,1.03
4702,6199,0.1637,0.083,0.1927,0.1878,0.426,-0.0129,7.65,87.49,0.78,126697.0,0.0,0.1209,0.0278,-0.0019,-0.0285,0.6902,-0.0119,1.03
4703,6199,0.2588,0.0896,0.2195,0.2257,0.4279,-0.0151,8.21,102.52,0.77,126891.0,0.0,0.135,0.0381,-0.0023,-0.0356,0.6161,-0.0119,1.03
4704,6199,0.3379,0.095,0.2289,0.2598,0.4823,-0.0104,10.06,111.61,0.79,124454.0,0.0,0.1541,0.0428,-0.0027,-0.0405,0.6423,-0.0119,1.03
4705,6199,0.4049,0.097,0.2346,0.2786,0.4882,-0.0133,8.74,115.94,0.78,125393.0,0.0,0.1627,0.0474,-0.0029,-0.0446,0.6839,-0.0129,1.03
4706,6199,0.4583,0.101,0.2327,0.2896,0.4753,-0.0165,8.4,124.87,0.78,125685.0,0.0,0.1669,0.0488,-0.0033,-0.046,0.6484,-0.0132,1.03
4707,6199,0.5009,0.1045,0.2304,0.3336,0.5082,-0.0115,10.62,142.34,0.79,124399.0,0.0,0.1811,0.0588,-0.0034,-0.0515,0.6151,-0.0125,1.03
4708,6199,0.5402,0.1056,0.2288,0.3332,0.5127,-0.0149,11.05,136.06,0.78,126200.0,0.0,0.1832,0.056,-0.0033,-0.0519,0.6193,-0.0126,1.03
4709,6199,0.574,0.1089,0.222,0.3691,0.5199,-0.0133,10.93,131.65,0.79,124299.0,0.0,0.1953,0.0663,-0.0039,-0.053,0.6341,-0.0129,1.03
4710,6199,0.6052,0.1126,0.2161,0.3916,0.5114,-0.0148,10.87,152.64,0.79,124776.0,0.0,0.2045,0.0709,-0.0039,-0.0568,0.584,-0.0133,1.03
4711,6199,0.6291,0.1133,0.2137,0.3946,0.502,-0.0175,11.32,167.24,0.79,124913.0,0.0,0.1969,0.0734,-0.0048,-0.058,0.5671,-0.0129,1.03
4712,6199,0.6501,0.1149,0.213,0.407,0.53,-0.0124,12.34,152.79,0.79,124253.0,0.0,0.2162,0.0752,-0.0049,-0.0585,0.4912,-0.014,1.03
4713,6199,0.6669,0.1157,0.2122,0.4032,0.5214,-0.0187,11.38,149.35,0.79,125185.0,0.0,0.2049,0.0739,-0.0042,-0.0587,0.6703,-0.0112,1.03
4714,6199,0.6827,0.1104,0.2078,0.4439,0.4856,-0.0159,11.15,150.58,0.78,125250.0,0.0,0.2106,0.0828,-0.0053,-0.0626,0.5407,-0.0092,1.03
4715,6199,0.6972,0.1075,0.1962,0.4479,0.4997,-0.0163,11.7,178.94,0.8,122819.0,0.0,0.218,0.0852,-0.0057,-0.0623,0.5642,-0.012,1.03
4716,6199,0.7026,0.1042,0.194,0.5066,0.454,-0.0098,12.26,203.37,0.79,124769.0,0.0,0.2247,0.0989,-0.0071,-0.0657,0.4916,-0.014,1.03
4717,6199,0.6884,0.1025,0.2097,0.52,0.4117,-0.0159,10.5,199.23,0.79,125143.0,0.0,0.2148,0.1025,-0.0059,-0.0653,0.6638,-0.0135,1.03
4718,6199,0.6762,0.1022,0.2219,0.4902,0.4406,-0.0153,11.5,175.19,0.79,124673.0,0.0,0.2245,0.0938,-0.0055,-0.0631,0.492,-0.014,1.04
4719,6199,0.6694,0.1026,0.2283,0.5242,0.4372,-0.011,11.59,212.18,0.79,124401.0,0.0,0.2197,0.1046,-0.0067,-0.0634,0.5577,-0.0099,1.04
4720,6199,0.6607,0.106,0.2336,0.4837,0.4458,-0.0145,11.43,206.37,0.79,124459.0,0.0,0.2166,0.0923,-0.0056,-0.0621,0.4733,-0.0086,1.04
4721,6199,0.6552,0.1068,0.2383,0.4712,0.4542,-0.0121,11.29,173.34,0.78,125535.0,0.0,0.2113,0.0885,-0.0055,-0.0603,0.4545,-0.0131,1.04
4722,6199,0.6553,0.1073,0.2377,0.4937,0.4469,-0.0118,11.46,186.65,0.79,125205.0,0.0,0.2196,0.0977,-0.0065,-0.0615,0.5064,-0.0131,1.04
4723,6199,0.6506,0.1073,0.2424,0.5098,0.4403,-0.0106,12.4,227.44,0.79,124996.0,0.0,0.2178,0.1,-0.0063,-0.0669,0.479,-0.0131,1.04
4724,6199,0.6411,0.1074,0.2519,0.4776,0.4333,-0.015,11.26,191.54,0.78,125469.0,0.0,0.2055,0.0921,-0.0063,-0.0657,0.4632,-0.014,1.04
4725,6199,0.6346,0.1068,0.2592,0.4516,0.4628,-0.0134,10.77,178.7,0.79,124938.0,0.0,0.2058,0.0851,-0.0052,-0.0608,0.4856,-0.012,1.04
4726,6199,0.6357,0.1063,0.2588,0.4569,0.441,-0.0164,10.45,190.25,0.8,123560.0,0.0,0.2026,0.0859,-0.0053,-0.0642,0.4927,-0.0123,1.04
4727,6199,0.635,0.1054,0.2601,0.5089,0.4476,-0.0129,11.65,206.54,0.78,125719.0,0.0,0.2209,0.0972,-0.0057,-0.0667,0.4747,-0.0127,1.04
4728,6199,0.6294,0.1068,0.2641,0.4743,0.4498,-0.0141,12.19,187.4,0.79,124588.0,0.0,0.206,0.0929,-0.0061,-0.059,0.5666,-0.0113,1.04
4729,6199,0.628,0.1066,0.2657,0.493,0.4452,-0.016,10.75,187.97,0.79,124976.0,0.0,0.2165,0.0959,-0.0065,-0.0632,0.5871,-0.0114,1.04
4730,6199,0.6267,0.1044,0.2694,0.4861,0.4505,-0.0154,11.27,170.94,0.79,124638.0,0.0,0.2141,0.0946,-0.0063,-0.0619,0.5177,-0.0127,1.04
4731,6199,0.6256,0.1018,0.2733,0.533,0.4365,-0.0103,12.23,221.09,0.8,122308.0,0.0,0.2249,0.1038,-0.0067,-0.0676,0.5118,-0.0125,1.04
4732,6199,0.6269,0.0998,0.2743,0.4994,0.4466,-0.0121,11.36,193.96,0.78,125390.0,0.0,0.2119,0.0981,-0.006,-0.0619,0.5176,-0.0125,1.04
4733,6199,0.6269,0.0969,0.2775,0.5067,0.4376,-0.0126,12.33,209.78,0.78,125814.0,0.0,0.2149,0.0997,-0.006,-0.0619,0.5642,-0.0134,1.04
4734,6199,0.6318,0.096,0.2736,0.456,0.4737,-0.0143,11.01,173.36,0.79,125109.0,0.0,0.2023,0.0888,-0.0064,-0.0553,0.6515,-0.0125,1.04
4735,6199,0.6326,0.1005,0.2684,0.4768,0.4468,-0.015,11.2,199.75,0.78,125690.0,0.0,0.2066,0.0935,-0.0056,-0.0597,0.618,-0.012,1.04
4736,6199,0.6328,0.1012,0.2677,0.4896,0.4799,-0.0126,11.41,178.74,0.81,121925.0,0.0,0.2197,0.0934,-0.006,-0.0636,0.6115,-0.0127,1.04
4737,6199,0.6383,0.0988,0.2644,0.4626,0.4803,-0.0109,11.06,186.46,0.78,126066.0,0.0,0.2053,0.0904,-0.0058,-0.0593,0.6538,-0.0134,1.04
4738,6199,0.6423,0.1016,0.2572,0.4547,0.4365,-0.0188,9.92,161.16,0.78,125600.0,0.0,0.1965,0.0875,-0.0054,-0.0583,0.5273,-0.0123,1.04
4739,6199,0.6406,0.1033,0.2572,0.4828,0.4493,-0.012,11.34,189.49,0.78,125550.0,0.0,0.2117,0.0946,-0.006,-0.0597,0.5686,-0.0134,1.04
4740,6199,0.6376,0.103,0.2604,0.4664,0.4729,-0.0135,12.1,186.17,0.78,126687.0,0.0,0.2119,0.0889,-0.0055,-0.0582,0.5409,-0.0131,1.04
4741,6199,0.6429,0.1022,0.256,0.4902,0.464,-0.0124,11.85,175.58,0.78,126251.0,0.0,0.2194,0.0915,-0.006,-0.0667,0.5088,-0.0134,1.04
4742,6199,0.6465,0.102,0.2528,0.4362,0.4759,-0.0152,10.68,181.56,0.79,125088.0,0.0,0.202,0.0812,-0.0056,-0.0608,0.4605,-0.0126,1.04
4743,6199,0.651,0.102,0.2483,0.4716,0.4529,-0.0152,11.36,175.74,0.78,125623.0,0.0,0.2031,0.0903,-0.0057,-0.0613,0.5479,-0.0085,1.04
4744,6199,0.6518,0.1032,0.2458,0.468,0.4544,-0.0139,10.13,165.61,0.8,122569.0,0.0,0.2099,0.0868,-0.0055,-0.0639,0.4949,-0.0109,1.04
4745,6199,0.6498,0.1052,0.2457,0.4889,0.4471,-0.0119,10.41,181.07,0.79,125139.0,0.0,0.2092,0.0911,-0.0058,-0.0671,0.5051,-0.0088,1.04
4746,6199,0.6469,0.1065,0.2474,0.4681,0.456,-0.0139,11.51,176.93,0.8,123556.0,0.0,0.2087,0.087,-0.0051,-0.0626,0.4226,-0.013,1.04
4747,6199,0.6486,0.1051,0.2473,0.4781,0.4677,-0.0136,11.48,196.49,0.79,124349.0,0.0,0.2167,0.0889,-0.0053,-0.0665,0.4623,-0.0131,1.04
4748,6199,0.6473,0.1039,0.2496,0.5051,0.4304,-0.0123,11.04,204.37,0.79,123733.0,0.0,0.1994,0.0993,-0.0054,-0.0642,0.5309,-0.0135,1.04
4749,6199,0.6456,0.1014,0.2538,0.4851,0.4728,-0.0098,11.5,208.49,0.78,126145.0,0.0,0.2157,0.0916,-0.0056,-0.0649,0.4457,-0.0127,1.04
4750,6199,0.6456,0.0955,0.26,0.5113,0.435,-0.0103,12.12,198.33,0.78,125399.0,0.0,0.2127,0.1006,-0.0063,-0.066,0.4928,-0.0128,1.04
4751,6199,0.6435,0.092,0.2657,0.4845,0.4278,-0.0155,11.42,183.66,0.78,126254.0,0.0,0.2008,0.0931,-0.0057,-0.0632,0.5188,-0.0131,1.04
4752,6199,0.6373,0.0927,0.2713,0.4664,0.4438,-0.0137,10.51,180.31,0.78,125688.0,0.0,0.2014,0.0898,-0.0057,-0.0621,0.5135,-0.0123,1.04
4753,6199,0.6337,0.0954,0.2723,0.4883,0.4341,-0.0138,11.07,183.83,0.79,125141.0,0.0,0.2084,0.0928,-0.0049,-0.0625,0.4876,-0.0133,1.04
4754,6199,0.6274,0.098,0.2761,0.5045,0.4067,-0.0169,11.52,184.51,0.78,125597.0,0.0,0.2009,0.0992,-0.0059,-0.0626,0.5349,-0.0133,1.04
4755,6199,0.6304,0.0989,0.272,0.4685,0.4598,-0.0126,11.12,173.67,0.78,125421.0,0.0,0.2029,0.0877,-0.005,-0.0627,0.4883,-0.0136,1.04
4756,6199,0.6342,0.0984,0.2686,0.4752,0.4556,-0.0137,12.2,179.83,0.8,123391.0,0.0,0.2071,0.0881,-0.0051,-0.0648,0.4757,-0.0139,1.04
4757,6199,0.6359,0.0974,0.2679,0.4702,0.4755,-0.0124,12.35,199.36,0.78,125306.0,0.0,0.21,0.0897,-0.0055,-0.0613,0.5215,-0.0123,1.04
4758,6199,0.6387,0.0991,0.2632,0.4755,0.4403,-0.0166,10.92,192.66,0.79,123684.0,0.0,0.1985,0.0939,-0.0052,-0.0596,0.5573,-0.0134,1.04
4759,6199,0.6383,0.0979,0.265,0.4979,0.442,-0.0128,10.95,187.37,0.79,124552.0,0.0,0.2174,0.0961,-0.0052,-0.0612,0.5371,-0.012,1.04
4760,6199,0.6363,0.0977,0.267,0.4887,0.4453,-0.0146,12.15,173.81,0.78,126287.0,0.0,0.2101,0.0927,-0.0052,-0.0654,0.5371,-0.0083,1.04
4761,6199,0.6409,0.0975,0.2626,0.472,0.4757,-0.0115,11.31,187.36,0.77,126873.0,0.0,0.2131,0.0871,-0.0048,-0.0677,0.4525,-0.0138,1.04
4762,6199,0.641,0.0976,0.2623,0.4549,0.4788,-0.0132,10.45,191.47,0.78,126199.0,0.0,0.2086,0.0845,-0.0046,-0.0637,0.5317,-0.0135,1.04
4763,6199,0.6434,0.0972,0.2604,0.4874,0.4742,-0.0115,12.65,206.99,0.78,126702.0,0.0,0.2226,0.0913,-0.0048,-0.0662,0.5093,-0.0129,1.04
4764,6199,0.648,0.0966,0.256,0.477,0.4657,-0.0138,11.58,192.42,0.78,125585.0,0.0,0.2095,0.0912,-0.0043,-0.0657,0.4725,-0.0128,1.04
4765,6199,0.6495,0.0982,0.2528,0.4491,0.4865,-0.0147,11.05,177.46,0.78,126051.0,0.0,0.2112,0.0811,-0.0045,-0.0644,0.5664,-0.0129,1.04
4766,6199,0.6567,0.0967,0.2471,0.4822,0.4506,-0.0148,10.84,184.56,0.78,126233.0,0.0,0.2129,0.0917,-0.0054,-0.0645,0.5656,-0.012,1.04
4767,6199,0.6578,0.0948,0.2479,0.4494,0.4925,-0.0135,11.52,168.12,0.78,126752.0,0.0,0.2181,0.0824,-0.0043,-0.0644,0.5053,-0.011,1.04
4768,6199,0.6592,0.0946,0.2469,0.4649,0.4918,-0.0107,11.35,185.56,0.78,125442.0,0.0,0.2192,0.0869,-0.0052,-0.062,0.5713,-0.012,1.04
4769,6199,0.6669,0.0916,0.2422,0.4893,0.4865,-0.0087,11.76,192.33,0.78,126544.0,0.0,0.2277,0.0953,-0.0049,-0.063,0.6471,-0.0139,1.04
4770,6199,0.6703,0.0907,0.2395,0.4506,0.4803,-0.0147,11.49,145.42,0.77,127004.0,0.0,0.2136,0.0843,-0.0041,-0.0568,0.5193,-0.0134,1.04
4771,6199,0.6717,0.0925,0.2363,0.4788,0.4722,-0.0132,11.94,191.64,0.78,126673.0,0.0,0.2264,0.0924,-0.0052,-0.0594,0.5349,-0.0135,1.04
4772,6199,0.6718,0.0944,0.2343,0.4596,0.4766,-0.0127,11.91,176.1,0.78,126150.0,0.0,0.2174,0.0855,-0.0045,-0.06,0.5416,-0.013,1.04
4773,6199,0.6774,0.0903,0.2329,0.4589,0.5092,-0.0089,12.64,195.83,0.78,126249.0,0.0,0.2211,0.0847,-0.0052,-0.0601,0.6009,-0.0134,1.04
4774,6199,0.683,0.0924,0.2253,0.4408,0.4864,-0.0162,11.99,178.07,0.79,124068.0,0.0,0.2154,0.0806,-0.0044,-0.0591,0.5728,-0.0128,1.04
4775,6199,0.6851,0.0955,0.2201,0.4365,0.4809,-0.0149,11.1,172.17,0.78,126316.0,0.0,0.2156,0.0812,-0.0047,-0.0555,0.5561,-0.0134,1.04
4776,6199,0.6816,0.0983,0.2208,0.4423,0.4847,-0.0125,11.75,172.08,0.78,125878.0,0.0,0.2199,0.0802,-0.005,-0.0595,0.4736,-0.014,1.05
4777,6199,0.6771,0.0995,0.2241,0.4294,0.4822,-0.015,10.84,154.29,0.78,125853.0,0.0,0.2118,0.0776,-0.0049,-0.0584,0.4551,-0.0119,1.05
4778,6199,0.6766,0.1031,0.2208,0.4227,0.5025,-0.0129,12.16,163.02,0.78,125864.0,0.0,0.2096,0.0774,-0.0042,-0.058,0.5812,-0.0137,1.05
4779,6199,0.68,0.1023,0.2184,0.4434,0.4899,-0.0135,12.3,180.41,0.79,124211.0,0.0,0.2132,0.0821,-0.0048,-0.0587,0.5015,-0.0147,1.05
4780,6199,0.679,0.1032,0.2183,0.4681,0.4721,-0.0137,10.8,174.8,0.79,124656.0,0.0,0.2166,0.0883,-0.005,-0.0607,0.4956,-0.0129,1.05
4781,6199,0.6784,0.1042,0.2179,0.4394,0.4849,-0.0133,11.71,177.14,0.79,124965.0,0.0,0.2131,0.0817,-0.0044,-0.0574,0.5434,-0.0132,1.05
4782,6199,0.6853,0.1006,0.2146,0.4344,0.5196,-0.0112,12.05,178.18,0.79,124650.0,0.0,0.2187,0.0791,-0.004,-0.0599,0.5405,-0.0134,1.05
4783,6199,0.6887,0.0969,0.2146,0.4648,0.4791,-0.0119,12.08,210.1,0.77,127393.0,0.0,0.2098,0.0876,-0.0049,-0.0602,0.5877,-0.0128,1.05
4784,6199,0.6933,0.0943,0.2128,0.4541,0.5059,-0.0117,12.66,175.55,0.77,127146.0,0.0,0.2206,0.0823,-0.0041,-0.0608,0.57,-0.0117,1.05
4785,6199,0.697,0.0908,0.2127,0.4672,0.4906,-0.0118,11.97,175.9,0.77,127572.0,0.0,0.2225,0.0863,-0.0049,-0.0623,0.5957,-0.0128,1.05
4786,6199,0.6987,0.0882,0.2136,0.4708,0.4919,-0.0108,12.66,182.77,0.77,127851.0,0.0,0.217,0.0891,-0.0048,-0.0599,0.5542,-0.0136,1.05
4787,6199,0.7001,0.0887,0.2114,0.4502,0.469,-0.0163,10.67,198.77,0.77,127436.0,0.0,0.2068,0.0872,-0.0051,-0.058,0.571,-0.0136,1.04
4788,6199,0.6969,0.0924,0.2109,0.4536,0.4875,-0.0122,11.23,182.57,0.77,127875.0,0.0,0.2151,0.0843,-0.0045,-0.0591,0.5055,-0.0116,1.04
4789,6199,0.698,0.0912,0.2113,0.463,0.5079,-0.0093,12.33,181.84,0.77,127188.0,0.0,0.2247,0.0847,-0.0046,-0.0639,0.5627,-0.014,1.04
4790,6199,0.7002,0.0908,0.2098,0.4353,0.499,-0.0139,11.09,173.26,0.78,126717.0,0.0,0.2116,0.0798,-0.0044,-0.0601,0.5701,-0.0138,1.04
4791,6199,0.6964,0.0944,0.2101,0.4401,0.4996,-0.0148,10.83,145.25,0.77,127636.0,0.0,0.2121,0.0835,-0.0052,-0.0596,0.6376,-0.0123,1.04
4792,6199,0.6987,0.0984,0.2034,0.4353,0.5093,-0.0148,11.83,170.29,0.77,127359.0,0.0,0.2117,0.0816,-0.0048,-0.0625,0.6085,-0.0136,1.05
4793,6199,0.7039,0.0989,0.1978,0.409,0.5166,-0.0151,11.46,170.55,0.77,127813.0,0.0,0.208,0.0757,-0.0043,-0.0549,0.5472,-0.0133,1.04
4794,6199,0.7077,0.0988,0.1941,0.4339,0.5159,-0.0118,12.12,164.87,0.76,128506.0,0.0,0.2196,0.0792,-0.0046,-0.0594,0.5364,-0.0133,1.04
4795,6199,0.7122,0.0975,0.1913,0.413,0.511,-0.0145,11.69,159.62,0.77,128081.0,0.0,0.2055,0.0748,-0.0043,-0.0579,0.5818,-0.0127,1.04
4796,6199,0.7083,0.1002,0.1922,0.4405,0.5029,-0.0134,11.96,159.96,0.77,128484.0,0.0,0.2132,0.0807,-0.0046,-0.0639,0.513,-0.0136,1.04
4797,6199,0.709,0.1003,0.1915,0.4173,0.4864,-0.0161,9.74,143.74,0.77,127945.0,0.0,0.207,0.0761,-0.0046,-0.0589,0.5811,-0.0143,1.04
4798,6199,0.7081,0.1004,0.1922,0.4333,0.4856,-0.0152,10.92,176.2,0.77,128121.0,0.0,0.2053,0.0778,-0.0043,-0.0615,0.5151,-0.0131,1.05
4799,6199,0.7053,0.1019,0.1931,0.4348,0.4958,-0.0155,11.46,169.0,0.78,125515.0,0.0,0.2168,0.0773,-0.0048,-0.0617,0.5061,-0.0135,1.05
4800,6199,0.7078,0.1034,0.189,0.4038,0.5405,-0.0115,11.91,165.18,0.77,128325.0,0.0,0.2105,0.0709,-0.0044,-0.0606,0.5221,-0.0133,1.05
4801,6199,0.714,0.1007,0.1855,0.4399,0.4948,-0.0132,11.79,187.45,0.76,128831.0,0.0,0.2075,0.0799,-0.0048,-0.0633,0.4739,-0.0137,1.05
4802,6199,0.7141,0.102,0.1841,0.441,0.4911,-0.0154,11.86,180.18,0.77,128171.0,0.0,0.2166,0.0797,-0.0045,-0.0641,0.5654,-0.0111,1.05
4803,6199,0.7149,0.1015,0.1838,0.4384,0.4838,-0.0147,10.82,170.47,0.77,128011.0,0.0,0.2054,0.0801,-0.0045,-0.0632,0.5159,-0.012,1.05
4804,6199,0.7147,0.1035,0.1822,0.4382,0.5053,-0.0141,12.52,185.57,0.77,127962.0,0.0,0.2115,0.0797,-0.0045,-0.0623,0.4783,-0.0111,1.05
4805,6199,0.7152,0.1019,0.1833,0.4469,0.4995,-0.0114,11.42,162.86,0.77,128262.0,0.0,0.2107,0.0815,-0.0054,-0.0657,0.5376,-0.012,1.05
4806,6199,0.7126,0.1001,0.1878,0.4571,0.4689,-0.0152,9.95,176.9,0.77,128497.0,0.0,0.2134,0.0828,-0.0047,-0.0644,0.5079,-0.0122,1.05
4807,6199,0.7073,0.0996,0.1938,0.4397,0.463,-0.0167,10.26,161.5,0.77,127640.0,0.0,0.202,0.0821,-0.0045,-0.0634,0.5271,-0.013,1.05
4808,6199,0.7002,0.1032,0.1973,0.4398,0.4801,-0.0138,11.34,185.8,0.77,128273.0,0.0,0.2027,0.082,-0.0047,-0.0619,0.5601,-0.0117,1.05
4809,6199,0.6976,0.1047,0.1984,0.4367,0.4746,-0.0151,11.88,193.32,0.77,127870.0,0.0,0.1963,0.0818,-0.0044,-0.0609,0.3882,-0.0134,1.05
4810,6199,0.6959,0.1031,0.2017,0.4736,0.4716,-0.0122,11.78,191.07,0.77,127600.0,0.0,0.2108,0.089,-0.0052,-0.0668,0.4601,-0.0137,1.05
4811,6199,0.6892,0.1018,0.2101,0.4532,0.4847,-0.0122,11.56,203.22,0.77,127905.0,0.0,0.2063,0.0831,-0.0046,-0.0646,0.4331,-0.0135,1.05
4812,6199,0.6874,0.1004,0.2132,0.4527,0.4977,-0.0114,11.1,171.89,0.77,127224.0,0.0,0.2113,0.0838,-0.0053,-0.0643,0.483,-0.0136,1.05
4813,6199,0.6864,0.1003,0.2143,0.4493,0.4576,-0.0158,9.99,175.05,0.77,127009.0,0.0,0.2049,0.0836,-0.0053,-0.066,0.4719,-0.013,1.05
4814,6199,0.6856,0.1012,0.2141,0.4495,0.4697,-0.0133,10.4,170.61,0.77,127851.0,0.0,0.2089,0.0816,-0.0043,-0.0656,0.4953,-0.0139,1.05
4815,6199,0.6796,0.1036,0.218,0.4714,0.4482,-0.0155,11.6,199.15,0.77,127338.0,0.0,0.2045,0.0885,-0.005,-0.0676,0.4331,-0.0122,1.05
4816,6199,0.6772,0.0994,0.2246,0.4648,0.4904,-0.0102,11.51,181.68,0.77,127824.0,0.0,0.2075,0.0853,-0.0044,-0.0675,0.5607,-0.0121,1.05
4817,6199,0.675,0.097,0.2292,0.4651,0.4709,-0.013,10.66,165.99,0.77,127829.0,0.0,0.2151,0.0858,-0.0048,-0.0674,0.5021,-0.0135,1.05
4818,6199,0.6698,0.0994,0.2322,0.445,0.4676,-0.0157,11.19,174.9,0.77,127836.0,0.0,0.2041,0.0807,-0.0043,-0.0651,0.4289,-0.0133,1.05
4819,6199,0.6705,0.0987,0.232,0.4428,0.496,-0.0109,11.15,185.88,0.77,127486.0,0.0,0.2125,0.0811,-0.0048,-0.0651,0.4881,-0.0117,1.05
4820,6199,0.6686,0.0995,0.2329,0.4728,0.4648,-0.0114,11.95,192.11,0.78,126446.0,0.0,0.2128,0.0881,-0.0053,-0.0668,0.4313,-0.0134,1.05
4821,6199,0.6663,0.0985,0.236,0.4458,0.4604,-0.0141,10.24,181.2,0.79,123679.0,0.0,0.1973,0.0823,-0.0043,-0.0644,0.415,-0.0134,1.05
4822,6199,0.6677,0.0985,0.2344,0.4491,0.4669,-0.0144,11.45,174.94,0.77,128049.0,0.0,0.2022,0.0835,-0.0046,-0.0647,0.5001,-0.0137,1.05
4823,6199,0.6709,0.0991,0.2305,0.4617,0.4897,-0.011,11.65,189.14,0.77,127245.0,0.0,0.2097,0.0851,-0.0046,-0.0705,0.485,-0.012,1.05
4824,6199,0.6691,0.099,0.2324,0.4578,0.4756,-0.0121,11.87,160.33,0.77,127586.0,0.0,0.2147,0.0832,-0.0048,-0.0662,0.4386,-0.0131,1.05
4825,6199,0.6676,0.1012,0.2317,0.4596,0.4832,-0.0138,11.18,175.24,0.78,126621.0,0.0,0.2115,0.0829,-0.0048,-0.0704,0.4832,-0.0121,1.05
4826,6199,0.6706,0.1,0.2297,0.4667,0.4695,-0.0134,11.28,184.16,0.78,126139.0,0.0,0.2085,0.0869,-0.005,-0.0666,0.4629,-0.0136,1.05
4827,6199,0.6741,0.0979,0.2283,0.4402,0.4906,-0.0135,10.86,189.62,0.77,128056.0,0.0,0.2069,0.0821,-0.0045,-0.065,0.4877,-0.0134,1.05
4828,6199,0.674,0.0994,0.2269,0.4693,0.4748,-0.0118,12.54,197.62,0.77,127481.0,0.0,0.213,0.0885,-0.0056,-0.0663,0.496,-0.0137,1.05
4829,6199,0.6736,0.1027,0.2237,0.4516,0.462,-0.0157,10.84,179.79,0.77,128329.0,0.0,0.2082,0.0834,-0.0049,-0.0658,0.4985,-0.0129,1.05
4830,6199,0.673,0.1033,0.2237,0.4623,0.4684,-0.015,10.86,180.56,0.77,127773.0,0.0,0.2086,0.0873,-0.0054,-0.0675,0.5296,-0.0134,1.05
4831,6199,0.6787,0.1028,0.2185,0.4356,0.5032,-0.0116,11.03,174.64,0.77,127735.0,0.0,0.2096,0.0816,-0.0053,-0.0623,0.5415,-0.012,1.05
4832,6199,0.679,0.1038,0.2174,0.4417,0.4822,-0.0147,11.58,179.4,0.77,127648.0,0.0,0.2047,0.0818,-0.0057,-0.064,0.4817,-0.0138,1.05
4833,6199,0.6793,0.1063,0.2147,0.4456,0.4916,-0.0132,11.29,181.51,0.77,127551.0,0.0,0.2098,0.0809,-0.0048,-0.0656,0.468,-0.0137,1.05
4834,6199,0.6784,0.1074,0.2144,0.4468,0.4534,-0.0176,11.03,192.48,0.78,125325.0,0.0,0.1989,0.0835,-0.0054,-0.0652,0.4133,-0.0128,1.05
4835,6199,0.682,0.1045,0.2139,0.4286,0.5154,-0.0122,10.29,146.55,0.78,125836.0,0.0,0.21,0.0772,-0.0051,-0.0636,0.5079,-0.0102,1.05
4836,6199,0.689,0.1025,0.209,0.4514,0.5069,-0.0117,12.0,194.68,0.77,127436.0,0.0,0.2131,0.0822,-0.0043,-0.0693,0.4922,-0.0121,1.05
4837,6199,0.6947,0.0972,0.2085,0.452,0.4674,-0.0135,11.16,210.23,0.77,127853.0,0.0,0.2075,0.0839,-0.0046,-0.0639,0.4722,-0.0126,1.05
4838,6199,0.6937,0.0952,0.2116,0.4716,0.4903,-0.0116,11.33,193.45,0.77,128212.0,0.0,0.2173,0.0872,-0.005,-0.0685,0.4617,-0.0134,1.05
4839,6199,0.6958,0.0936,0.2109,0.455,0.5049,-0.0116,12.1,179.18,0.77,127673.0,0.0,0.2213,0.0828,-0.0046,-0.069,0.4789,-0.0119,1.05
4840,6199,0.6963,0.092,0.212,0.4684,0.4731,-0.0128,10.19,154.88,0.77,127034.0,0.0,0.2089,0.0857,-0.0055,-0.0687,0.4357,-0.0127,1.05
4841,6199,0.6906,0.0933,0.2163,0.4727,0.4506,-0.0133,10.42,172.26,0.77,127071.0,0.0,0.207,0.0884,-0.0055,-0.0694,0.4409,-0.0123,1.05
4842,6199,0.6886,0.0937,0.2179,0.4581,0.4982,-0.0116,12.2,161.54,0.77,127913.0,0.0,0.2204,0.0841,-0.0049,-0.0697,0.4343,-0.0126,1.05
4843,6199,0.6911,0.092,0.2173,0.4702,0.4684,-0.0123,11.57,181.13,0.77,128172.0,0.0,0.2128,0.0878,-0.0051,-0.0647,0.4462,-0.0131,1.05
4844,6199,0.6899,0.0907,0.2202,0.4615,0.4609,-0.0141,10.95,181.32,0.77,127715.0,0.0,0.2097,0.0853,-0.0043,-0.0648,0.4931,-0.0122,1.05
4845,6199,0.6927,0.0868,0.2215,0.4795,0.4739,-0.01,12.36,194.76,0.77,127742.0,0.0,0.2207,0.0872,-0.0049,-0.0697,0.3774,-0.012,1.05
4846,6199,0.6866,0.0858,0.2287,0.4591,0.4855,-0.0132,11.48,169.93,0.77,127847.0,0.0,0.2163,0.0827,-0.005,-0.0676,0.4828,-0.0122,1.05
4847,6199,0.684,0.0866,0.2305,0.4619,0.466,-0.0129,11.0,184.67,0.77,127333.0,0.0,0.2079,0.0861,-0.0047,-0.0638,0.4886,-0.0137,1.05
4848,6199,0.6812,0.0904,0.2293,0.4851,0.4654,-0.012,11.95,198.84,0.78,125934.0,0.0,0.2148,0.09,-0.005,-0.0691,0.5239,-0.0133,1.05
4849,6199,0.6794,0.0927,0.229,0.4583,0.4703,-0.015,10.68,191.48,0.77,127814.0,0.0,0.2123,0.0832,-0.0044,-0.065,0.4662,-0.0131,1.05
4850,6199,0.6757,0.0923,0.2333,0.4687,0.4594,-0.0117,11.19,185.36,0.78,126345.0,0.0,0.2065,0.0885,-0.005,-0.0639,0.4503,-0.0125,1.05
4851,6199,0.669,0.0946,0.2377,0.4515,0.4693,-0.014,10.1,177.11,0.77,127976.0,0.0,0.2074,0.0815,-0.0044,-0.0641,0.448,-0.0132,1.05
4852,6199,0.6653,0.0944,0.2417,0.4663,0.4853,-0.0103,11.62,185.58,0.77,126950.0,0.0,0.2194,0.0853,-0.0048,-0.0673,0.4651,-0.0132,1.05
4853,6199,0.6681,0.0932,0.2401,0.4504,0.4807,-0.0127,12.08,188.45,0.78,126027.0,0.0,0.2113,0.0829,-0.0047,-0.0627,0.4706,-0.0137,1.05
4854,6199,0.6718,0.0924,0.2373,0.4859,0.4723,-0.0121,11.46,191.01,0.77,127907.0,0.0,0.2237,0.09,-0.0051,-0.067,0.4884,-0.0128,1.05
4855,6199,0.6753,0.0912,0.2352,0.44,0.5047,-0.0119,11.87,190.85,0.77,127458.0,0.0,0.2108,0.0796,-0.0046,-0.0647,0.4766,-0.0135,1.05
4856,6199,0.676,0.0905,0.2351,0.473,0.4923,-0.0099,11.49,182.35,0.77,127941.0,0.0,0.2211,0.0867,-0.0047,-0.0691,0.482,-0.013,1.05
4857,6199,0.675,0.0904,0.2361,0.4599,0.4529,-0.0162,10.98,185.2,0.77,128155.0,0.0,0.2135,0.0835,-0.0048,-0.0653,0.5975,-0.0125,1.05
4858,6199,0.6696,0.0942,0.2373,0.4736,0.4563,-0.014,11.77,190.69,0.77,127463.0,0.0,0.2187,0.0853,-0.0047,-0.0709,0.5691,-0.011,1.05
4859,6199,0.6677,0.0968,0.2363,0.4656,0.4602,-0.0148,10.3,183.33,0.77,127252.0,0.0,0.2169,0.086,-0.0046,-0.0678,0.5843,-0.0098,1.05
4860,6199,0.6649,0.1,0.2359,0.465,0.4513,-0.0162,11.47,195.31,0.77,128001.0,0.0,0.2096,0.0852,-0.0047,-0.0662,0.4877,-0.0126,1.05
4861,6199,0.6636,0.104,0.2333,0.4517,0.4699,-0.0159,11.88,172.78,0.77,127163.0,0.0,0.2143,0.0801,-0.005,-0.066,0.4658,-0.0133,1.05
4862,6199,0.671,0.102,0.228,0.4563,0.4971,-0.0115,12.0,184.78,0.77,127898.0,0.0,0.216,0.0801,-0.0042,-0.0665,0.4249,-0.0131,1.05
4863,6199,0.6769,0.0996,0.2246,0.4499,0.477,-0.0146,11.14,171.79,0.78,126712.0,0.0,0.2114,0.0812,-0.004,-0.064,0.5307,-0.0118,1.05
4864,6199,0.6819,0.1,0.2194,0.4544,0.4843,-0.0129,10.78,180.67,0.77,128084.0,0.0,0.2217,0.0812,-0.0043,-0.0678,0.5353,-0.0126,1.05
4865,6199,0.6841,0.0997,0.2174,0.4843,0.4652,-0.0132,11.39,188.54,0.77,127245.0,0.0,0.2212,0.0863,-0.0041,-0.0722,0.463,-0.0129,1.05
4866,6199,0.6823,0.1008,0.2181,0.4499,0.4652,-0.0145,10.88,172.82,0.77,128269.0,0.0,0.2111,0.0804,-0.0039,-0.0689,0.5546,-0.0123,1.05
4867,6199,0.682,0.1015,0.218,0.4443,0.4903,-0.0113,11.95,178.62,0.77,128115.0,0.0,0.2118,0.0776,-0.0044,-0.0691,0.4553,-0.0131,1.05
4868,6199,0.6811,0.0992,0.2211,0.4666,0.4487,-0.0154,11.43,181.07,0.77,128217.0,0.0,0.2106,0.0857,-0.0048,-0.067,0.5413,-0.0104,1.05
4869,6199,0.6796,0.1017,0.2199,0.4424,0.4841,-0.0155,11.58,188.8,0.77,127571.0,0.0,0.207,0.0797,-0.0045,-0.0677,0.4999,-0.0109,1.05
4870,6199,0.6781,0.1027,0.2202,0.4721,0.4624,-0.0146,11.27,186.89,0.78,126695.0,0.0,0.2196,0.0865,-0.0045,-0.0679,0.4976,-0.0116,1.05
4871,6199,0.6743,0.1018,0.2249,0.4686,0.4931,-0.01,11.68,172.21,0.76,128607.0,0.0,0.2264,0.0834,-0.0049,-0.0723,0.4668,-0.0118,1.05
4872,6199,0.6783,0.0962,0.2265,0.4961,0.465,-0.0098,12.25,191.16,0.77,127423.0,0.0,0.2332,0.0902,-0.0047,-0.0726,0.4432,-0.0122,1.05
4873,6199,0.682,0.0923,0.2267,0.4684,0.4885,-0.0118,11.54,193.83,0.77,128294.0,0.0,0.2262,0.0807,-0.0043,-0.0757,0.4421,-0.0103,1.05
4874,6199,0.6798,0.0914,0.2297,0.4581,0.4734,-0.0118,11.81,180.13,0.77,127598.0,0.0,0.2157,0.082,-0.0046,-0.0702,0.5003,-0.014,1.05
4875,6199,0.6785,0.0914,0.2309,0.4515,0.4682,-0.0153,11.02,172.1,0.77,127621.0,0.0,0.2116,0.079,-0.004,-0.0723,0.4348,-0.0137,1.05
4876,6199,0.6801,0.0905,0.2299,0.466,0.4931,-0.01,11.71,181.3,0.77,127777.0,0.0,0.2272,0.0819,-0.0041,-0.0726,0.5073,-0.0119,1.05
4877,6199,0.6817,0.0908,0.228,0.4597,0.4831,-0.0124,11.54,201.34,0.77,127234.0,0.0,0.219,0.0806,-0.0043,-0.0713,0.4846,-0.0124,1.05
4878,6199,0.6794,0.0896,0.2316,0.4805,0.4783,-0.011,11.09,183.53,0.78,126452.0,0.0,0.2277,0.0856,-0.005,-0.0747,0.535,-0.0088,1.05
4879,6199,0.6814,0.0914,0.2276,0.4462,0.4888,-0.011,11.85,170.77,0.77,128272.0,0.0,0.214,0.0783,-0.0042,-0.0694,0.431,-0.0126,1.05
4880,6199,0.6841,0.0906,0.2255,0.4467,0.4932,-0.0115,11.97,191.84,0.77,127171.0,0.0,0.2103,0.0789,-0.0042,-0.0682,0.5341,-0.0119,1.05
4881,6199,0.6872,0.0889,0.2241,0.4467,0.4702,-0.0162,10.53,170.26,0.77,127463.0,0.0,0.213,0.0802,-0.0044,-0.0705,0.5331,-0.014,1.05
4882,6199,0.6892,0.0883,0.2227,0.4507,0.5004,-0.0122,12.44,185.09,0.77,128047.0,0.0,0.2204,0.0808,-0.0045,-0.0633,0.4915,-0.0136,1.05
4883,6199,0.6872,0.0873,0.2258,0.4748,0.4747,-0.0134,11.15,175.65,0.77,127699.0,0.0,0.2203,0.085,-0.0054,-0.0726,0.4942,-0.0134,1.05
4884,6199,0.6878,0.0859,0.2266,0.4632,0.5058,-0.0103,11.48,174.34,0.76,128551.0,0.0,0.2246,0.0822,-0.0043,-0.0699,0.4781,-0.0144,1.05
4885,6199,0.6917,0.082,0.2266,0.4666,0.4929,-0.0109,12.19,194.94,0.77,127918.0,0.0,0.2215,0.0828,-0.0046,-0.0662,0.743,-0.0098,1.05
4886,6199,0.6902,0.0819,0.2284,0.4708,0.4658,-0.0158,11.26,173.66,0.76,129093.0,0.0,0.2251,0.084,-0.0043,-0.0713,0.4883,-0.0131,1.05
4887,6199,0.6891,0.0828,0.2286,0.4852,0.4963,-0.0089,11.83,194.84,0.77,127122.0,0.0,0.2299,0.0877,-0.0047,-0.0714,0.4871,-0.0128,1.05
4888,6199,0.6932,0.0811,0.2261,0.461,0.5057,-0.011,11.04,182.52,0.77,127734.0,0.0,0.2258,0.0807,-0.0039,-0.0703,0.535,-0.0141,1.06
4889,6199,0.6968,0.0804,0.2233,0.4669,0.4817,-0.0114,11.92,187.33,0.77,128100.0,0.0,0.2189,0.0815,-0.0046,-0.0698,0.46,-0.0131,1.06
4890,6199,0.7001,0.081,0.2195,0.4484,0.4951,-0.0135,11.57,173.74,0.77,127239.0,0.0,0.2207,0.0771,-0.0039,-0.0654,0.4747,-0.0118,1.06
4891,6199,0.7024,0.0824,0.2157,0.4398,0.5099,-0.0125,10.97,175.0,0.76,128946.0,0.0,0.2189,0.0756,-0.0042,-0.0671,0.5244,-0.0125,1.06
4892,6199,0.7038,0.0839,0.2128,0.454,0.4823,-0.0127,10.61,178.71,0.77,127568.0,0.0,0.2162,0.0796,-0.0046,-0.0666,0.4449,-0.013,1.06
4893,6199,0.7022,0.085,0.2135,0.4628,0.4706,-0.0139,9.9,180.88,0.77,127670.0,0.0,0.213,0.0799,-0.0046,-0.0696,0.546,-0.0135,1.06
4894,6199,0.6963,0.086,0.2182,0.4702,0.4765,-0.011,11.07,181.34,0.76,128591.0,0.0,0.2235,0.0797,-0.0044,-0.0681,0.5151,-0.0144,1.06
4895,6199,0.6943,0.0899,0.2162,0.427,0.4951,-0.0145,11.44,168.1,0.77,127929.0,0.0,0.2062,0.0726,-0.0038,-0.0632,0.5418,-0.0134,1.06
4896,6199,0.6874,0.0925,0.2203,0.4739,0.4253,-0.0146,11.04,188.21,0.77,128487.0,0.0,0.2064,0.0822,-0.0047,-0.0698,0.3798,-0.0146,1.06
4897,6199,0.6785,0.0935,0.2285,0.4739,0.4565,-0.012,10.2,185.42,0.78,126152.0,0.0,0.218,0.0815,-0.004,-0.0702,0.532,-0.0105,1.06
4898,6199,0.673,0.0957,0.2317,0.4671,0.4617,-0.0152,11.84,181.46,0.77,127810.0,0.0,0.2168,0.08,-0.0043,-0.0694,0.4705,-0.0091,1.06
4899,6199,0.6716,0.0971,0.2316,0.4512,0.4661,-0.0146,11.3,194.42,0.78,126532.0,0.0,0.2097,0.0777,-0.0044,-0.0665,0.5041,-0.0116,1.06
4900,6199,0.667,0.1,0.2331,0.4526,0.4688,-0.0144,10.93,159.5,0.78,126447.0,0.0,0.2137,0.078,-0.0039,-0.0697,0.5,-0.0136,1.06
4901,6199,0.6647,0.1015,0.234,0.4915,0.4471,-0.0138,11.52,191.0,0.77,127194.0,0.0,0.216,0.0863,-0.0046,-0.0698,0.4221,-0.0104,1.05
4902,6199,0.6635,0.1002,0.2366,0.4808,0.464,-0.0129,11.4,176.69,0.77,127939.0,0.0,0.2185,0.0851,-0.0046,-0.0727,0.4691,-0.0115,1.05
4903,6199,0.6633,0.1024,0.2346,0.452,0.4882,-0.0123,11.08,175.97,0.77,127096.0,0.0,0.2104,0.0798,-0.0038,-0.0671,0.4607,-0.013,1.05
4904,6199,0.6673,0.0996,0.2336,0.4829,0.4659,-0.0111,10.3,191.06,0.77,128008.0,0.0,0.2069,0.0884,-0.0048,-0.0705,0.5166,-0.011,1.05
4905,6199,0.6689,0.0982,0.2335,0.4507,0.4775,-0.0153,10.82,174.07,0.77,127636.0,0.0,0.2112,0.0791,-0.0041,-0.0662,0.47,-0.013,1.05
4906,6199,0.6658,0.0977,0.2374,0.507,0.4383,-0.0134,9.26,183.09,0.77,127821.0,0.0,0.2199,0.0936,-0.0046,-0.0713,0.5994,-0.0132,1.05
4907,6199,0.6612,0.0973,0.2424,0.45,0.4918,-0.0135,10.72,156.8,0.77,127794.0,0.0,0.21,0.0809,-0.0044,-0.067,0.5259,-0.0128,1.05
4908,6199,0.6637,0.0972,0.2401,0.4608,0.4857,-0.0123,10.82,174.5,0.77,128361.0,0.0,0.2114,0.0833,-0.0046,-0.0661,0.5175,-0.0137,1.05
4909,6199,0.6669,0.0993,0.2348,0.4451,0.4981,-0.013,11.95,189.38,0.77,128199.0,0.0,0.2146,0.0792,-0.0039,-0.0661,0.4379,-0.0139,1.05
4910,6199,0.6702,0.0956,0.2353,0.4627,0.4773,-0.0116,11.24,190.16,0.77,128269.0,0.0,0.2179,0.0827,-0.0038,-0.0676,0.4781,-0.0127,1.05
4911,6199,0.6755,0.0935,0.2324,0.4275,0.5081,-0.0125,11.07,156.04,0.77,127722.0,0.0,0.2094,0.0732,-0.0044,-0.0673,0.5217,-0.0137,1.05
4912,6199,0.6778,0.0946,0.229,0.4486,0.469,-0.016,10.69,188.17,0.77,128310.0,0.0,0.2085,0.0794,-0.0044,-0.0675,0.5475,-0.0122,1.05
4913,6199,0.6781,0.0972,0.226,0.4363,0.4989,-0.0131,11.58,180.62,0.77,126984.0,0.0,0.209,0.0754,-0.0041,-0.0667,0.4672,-0.0106,1.05
4914,6199,0.6808,0.0976,0.2226,0.4276,0.4977,-0.0126,11.55,184.05,0.77,127501.0,0.0,0.2161,0.074,-0.0035,-0.0643,0.4233,-0.0115,1.05
4915,6199,0.6867,0.0945,0.2199,0.4538,0.5002,-0.012,10.88,176.24,0.77,127012.0,0.0,0.2219,0.0785,-0.0041,-0.0708,0.5246,-0.0126,1.05
4916,6199,0.6931,0.0933,0.2146,0.433,0.5206,-0.0119,11.28,154.21,0.78,126477.0,0.0,0.218,0.0744,-0.0042,-0.0691,0.5033,-0.0132,1.05
4917,6199,0.6989,0.0913,0.2106,0.4362,0.5038,-0.012,11.02,175.53,0.77,128124.0,0.0,0.2171,0.074,-0.0035,-0.0664,0.5215,-0.0129,1.05
4918,6199,0.7008,0.0931,0.2069,0.4323,0.4883,-0.0146,10.75,174.23,0.78,125599.0,0.0,0.2073,0.0749,-0.0035,-0.0651,0.4779,-0.0135,1.05
4919,6199,0.6978,0.0947,0.208,0.4678,0.4761,-0.0135,10.7,169.25,0.77,127371.0,0.0,0.2223,0.0837,-0.0042,-0.0697,0.4871,-0.0133,1.05
4920,6199,0.6966,0.0945,0.2091,0.4466,0.4849,-0.0129,11.27,185.61,0.77,127526.0,0.0,0.2116,0.0798,-0.0041,-0.0684,0.4803,-0.0137,1.05
4921,6199,0.6906,0.0966,0.213,0.4567,0.4665,-0.0138,11.7,177.2,0.79,124953.0,0.0,0.2108,0.0809,-0.0043,-0.0699,0.437,-0.0132,1.05
4922,6199,0.6909,0.0963,0.213,0.4836,0.4847,-0.0094,11.15,186.91,0.77,127849.0,0.0,0.2257,0.0849,-0.0043,-0.0717,0.4631,-0.0134,1.05
4923,6199,0.6847,0.0948,0.2205,0.4786,0.4732,-0.0101,11.7,201.03,0.77,127373.0,0.0,0.2209,0.087,-0.0038,-0.0707,0.4381,-0.0136,1.05
4924,6199,0.684,0.0943,0.2217,0.4452,0.4922,-0.0123,12.01,177.99,0.77,127108.0,0.0,0.2141,0.0786,-0.0048,-0.0663,0.4859,-0.0142,1.05
4925,6199,0.6827,0.0963,0.2212,0.4655,0.4666,-0.0146,11.15,163.67,0.77,127475.0,0.0,0.2188,0.0842,-0.0042,-0.0694,0.4809,-0.0138,1.05
4926,6199,0.6816,0.0953,0.2235,0.4602,0.4866,-0.0111,11.68,187.24,0.77,127474.0,0.0,0.2153,0.083,-0.0042,-0.072,0.4796,-0.013,1.05
4927,6199,0.6809,0.0937,0.226,0.4697,0.4537,-0.0144,11.61,195.11,0.77,128205.0,0.0,0.2103,0.0854,-0.0045,-0.0699,0.4885,-0.0123,1.05
4928,6199,0.682,0.0942,0.2248,0.4489,0.471,-0.0164,11.65,191.93,0.77,127145.0,0.0,0.2095,0.0802,-0.0042,-0.0692,0.4904,-0.0136,1.05
4929,6199,0.6783,0.0972,0.2253,0.4403,0.4864,-0.0128,11.64,179.69,0.77,127261.0,0.0,0.2089,0.0813,-0.0039,-0.0667,0.5035,-0.0133,1.05
4930,6199,0.6743,0.0991,0.2273,0.4468,0.4596,-0.0154,10.8,177.13,0.77,127290.0,0.0,0.2063,0.0814,-0.004,-0.0668,0.4205,-0.0128,1.05
4931,6199,0.6684,0.1009,0.2314,0.4417,0.4995,-0.0118,12.46,171.05,0.77,127609.0,0.0,0.2093,0.0812,-0.0043,-0.0683,0.4726,-0.0124,1.05
4932,6199,0.6692,0.0982,0.2332,0.4842,0.4671,-0.011,11.48,189.39,0.77,127356.0,0.0,0.2197,0.0902,-0.0053,-0.0735,0.4676,-0.0121,1.05
4933,6199,0.6723,0.0962,0.2319,0.452,0.4913,-0.0124,12.22,188.23,0.77,127588.0,0.0,0.2157,0.0806,-0.0042,-0.0699,0.4567,-0.0119,1.05
4934,6199,0.6768,0.0964,0.227,0.446,0.4975,-0.013,12.47,187.46,0.77,127524.0,0.0,0.2116,0.0802,-0.004,-0.0702,0.5162,-0.012,1.05
4935,6199,0.6807,0.0938,0.2258,0.4625,0.4847,-0.0111,11.17,153.54,0.77,127666.0,0.0,0.2195,0.0849,-0.0047,-0.0687,0.4994,-0.0124,1.05
4936,6199,0.6854,0.0932,0.2216,0.4415,0.4727,-0.0159,10.79,162.11,0.78,125935.0,0.0,0.2151,0.0822,-0.0045,-0.0681,0.5337,-0.0133,1.04
4937,6199,0.68,0.0996,0.2207,0.4325,0.47,-0.0165,11.21,181.69,0.77,127749.0,0.0,0.2021,0.0805,-0.0048,-0.0653,0.4411,-0.0141,1.05
4938,6199,0.6772,0.1033,0.2198,0.4347,0.4846,-0.0147,10.66,187.9,0.77,127179.0,0.0,0.2128,0.0802,-0.0055,-0.0663,0.4766,-0.0129,1.05
4939,6199,0.6816,0.1017,0.2172,0.4339,0.5213,-0.0104,12.14,172.15,0.77,127103.0,0.0,0.2126,0.0781,-0.0045,-0.0657,0.5195,-0.0123,1.05
4940,6199,0.6832,0.1003,0.217,0.4517,0.4698,-0.014,10.69,173.81,0.77,127492.0,0.0,0.2136,0.0853,-0.0052,-0.0646,0.494,-0.0133,1.05
4941,6199,0.6797,0.1015,0.2192,0.4584,0.4867,-0.0129,11.92,191.44,0.77,127722.0,0.0,0.2208,0.0833,-0.005,-0.0711,0.4177,-0.0135,1.05
4942,6199,0.6795,0.0986,0.2223,0.4793,0.4734,-0.012,11.01,171.54,0.77,127986.0,0.0,0.2205,0.0894,-0.005,-0.0701,0.5028,-0.0124,1.04
4943,6199,0.6796,0.0973,0.2234,0.4553,0.4808,-0.0126,11.96,187.88,0.78,126127.0,0.0,0.2148,0.0837,-0.0042,-0.0677,0.4156,-0.0129,1.04
4944,6199,0.681,0.0917,0.2275,0.4771,0.5054,-0.0093,12.06,181.25,0.77,127547.0,0.0,0.2257,0.0865,-0.0054,-0.0724,0.4873,-0.0136,1.04
4945,6199,0.6853,0.09,0.225,0.4508,0.4905,-0.0144,10.84,173.77,0.77,127425.0,0.0,0.2224,0.0801,-0.0045,-0.0685,0.4657,-0.0133,1.04
4946,6199,0.6873,0.089,0.224,0.4579,0.4948,-0.0103,12.05,193.02,0.78,125761.0,0.0,0.2258,0.0833,-0.0043,-0.0686,0.4718,-0.0138,1.04
4947,6199,0.6912,0.0872,0.2218,0.4618,0.4938,-0.0101,11.57,197.78,0.77,127203.0,0.0,0.2239,0.0853,-0.0049,-0.0683,0.4281,-0.0143,1.04
4948,6199,0.6917,0.0853,0.2232,0.4496,0.4575,-0.0167,9.96,160.3,0.77,126941.0,0.0,0.215,0.0814,-0.0048,-0.0655,0.4525,-0.0131,1.04
4949,6199,0.6932,0.0841,0.2229,0.4557,0.4933,-0.0117,11.98,183.79,0.78,125480.0,0.0,0.2173,0.0849,-0.0051,-0.0683,0.4279,-0.0141,1.04
4950,6199,0.6966,0.0867,0.2168,0.4679,0.4786,-0.014,11.83,186.57,0.77,126990.0,0.0,0.2226,0.0885,-0.0056,-0.07,0.4612,-0.0127,1.04
4951,6199,0.6933,0.0888,0.218,0.4856,0.455,-0.0139,11.0,176.49,0.77,127023.0,0.0,0.2225,0.0913,-0.0052,-0.0698,0.4797,-0.0119,1.04
4952,6199,0.691,0.0907,0.2183,0.4841,0.4581,-0.0127,10.91,191.18,0.78,125999.0,0.0,0.22,0.0925,-0.0046,-0.0674,0.4945,-0.0116,1.04
4953,6199,0.6864,0.093,0.2206,0.4585,0.4787,-0.0139,11.55,190.47,0.78,126318.0,0.0,0.2156,0.0839,-0.005,-0.0643,0.4517,-0.0124,1.04
4954,6199,0.6816,0.0955,0.2229,0.4538,0.4628,-0.0142,11.26,188.13,0.78,125903.0,0.0,0.2113,0.0859,-0.0049,-0.065,0.5341,-0.0133,1.04
4955,6199,0.6757,0.0975,0.2271,0.467,0.4668,-0.0145,10.83,169.26,0.78,126546.0,0.0,0.2194,0.0843,-0.005,-0.0675,0.483,-0.0126,1.04
4956,6199,0.6749,0.0987,0.2269,0.4626,0.4631,-0.0154,11.89,199.1,0.79,124444.0,0.0,0.2135,0.0895,-0.0052,-0.065,0.4965,-0.0119,1.04
4957,6199,0.6763,0.0977,0.2265,0.4514,0.4876,-0.0124,11.17,174.87,0.78,125823.0,0.0,0.2135,0.0848,-0.0054,-0.0637,0.4339,-0.0138,1.04
4958,6199,0.6789,0.0944,0.2271,0.4778,0.4859,-0.0091,11.95,198.63,0.79,125046.0,0.0,0.2221,0.0896,-0.0054,-0.0662,0.4497,-0.0119,1.04
4959,6199,0.6787,0.0939,0.2275,0.4671,0.4924,-0.0113,12.35,209.32,0.78,126232.0,0.0,0.2221,0.0887,-0.0052,-0.067,0.4754,-0.011,1.04
4960,6199,0.6781,0.094,0.2282,0.4658,0.4721,-0.0126,11.74,194.65,0.77,127085.0,0.0,0.2218,0.0894,-0.0054,-0.0643,0.5461,-0.0128,1.04
4961,6199,0.6759,0.0952,0.2291,0.4558,0.4754,-0.0159,12.37,197.17,0.77,127339.0,0.0,0.22,0.0882,-0.0057,-0.0643,0.5229,-0.0121,1.04
4962,6199,0.681,0.0933,0.226,0.4532,0.4923,-0.0123,11.24,186.7,0.77,127518.0,0.0,0.2176,0.0884,-0.0051,-0.0583,0.5586,-0.0124,1.04
4963,6199,0.6861,0.0945,0.2196,0.4397,0.5129,-0.0129,10.82,155.38,0.77,127181.0,0.0,0.2218,0.0834,-0.005,-0.0622,0.5911,-0.0119,1.04
4964,6199,0.6924,0.0938,0.2142,0.442,0.4901,-0.014,12.08,182.94,0.78,126463.0,0.0,0.219,0.0857,-0.0049,-0.061,0.5012,-0.0119,1.04
4965,6199,0.6942,0.0928,0.2136,0.4439,0.515,-0.0112,12.23,184.76,0.77,127934.0,0.0,0.2197,0.0831,-0.0051,-0.0637,0.5911,-0.0123,1.04
4966,6199,0.7011,0.0915,0.2079,0.4412,0.506,-0.0128,12.24,178.65,0.78,126571.0,0.0,0.2209,0.0819,-0.005,-0.062,0.5501,-0.0133,1.04
4967,6199,0.7052,0.0887,0.2066,0.4354,0.5308,-0.0103,11.93,160.86,0.77,127562.0,0.0,0.2252,0.0799,-0.0045,-0.063,0.4935,-0.0131,1.04
4968,6199,0.7098,0.0881,0.2028,0.4301,0.5072,-0.0129,11.27,172.6,0.77,127047.0,0.0,0.2212,0.0775,-0.005,-0.0637,0.4921,-0.0139,1.04
4969,6199,0.713,0.09,0.1977,0.431,0.4984,-0.0136,11.14,166.77,0.78,126254.0,0.0,0.2176,0.0788,-0.0053,-0.0644,0.4816,-0.0141,1.04
4970,6199,0.7156,0.0874,0.1977,0.4417,0.524,-0.0096,12.37,179.53,0.78,125628.0,0.0,0.2206,0.0831,-0.0052,-0.0626,0.5387,-0.0137,1.04
4971,6199,0.7205,0.0845,0.1958,0.4231,0.5082,-0.0131,11.77,182.31,0.79,125184.0,0.0,0.2136,0.0775,-0.0046,-0.0616,0.507,-0.0138,1.04
4972,6199,0.7214,0.0841,0.1956,0.4316,0.4879,-0.0155,11.44,172.63,0.78,125456.0,0.0,0.2195,0.08,-0.0051,-0.0627,0.5205,-0.014,1.04
4973,6199,0.7229,0.0862,0.1921,0.4181,0.5098,-0.012,11.46,173.73,0.79,124680.0,0.0,0.2123,0.0757,-0.005,-0.06,0.4415,-0.0137,1.04
4974,6199,0.7196,0.0854,0.1965,0.4369,0.5082,-0.0106,12.1,165.34,0.78,126533.0,0.0,0.2203,0.0808,-0.0052,-0.0605,0.4345,-0.0129,1.04
4975,6199,0.7192,0.0862,0.196,0.456,0.4954,-0.0113,12.98,197.16,0.81,121377.0,0.0,0.2211,0.0847,-0.005,-0.064,0.445,-0.0127,1.04
4976,6199,0.7193,0.0851,0.1969,0.4241,0.5142,-0.0116,12.83,178.74,0.8,123531.0,0.0,0.2162,0.0791,-0.005,-0.0619,0.5325,-0.0126,1.04
4977,6199,0.7174,0.0846,0.1992,0.4557,0.5054,-0.0106,11.97,183.42,0.78,125540.0,0.0,0.2293,0.0854,-0.0052,-0.0618,0.5298,-0.0127,1.04
4978,6199,0.7212,0.0823,0.1974,0.4688,0.4886,-0.0104,11.66,168.83,0.78,125623.0,0.0,0.2254,0.0889,-0.0057,-0.066,0.481,-0.0119,1.04
4979,6199,0.7179,0.0833,0.1998,0.455,0.4696,-0.0149,11.37,172.51,0.79,124704.0,0.0,0.2169,0.0862,-0.0059,-0.0655,0.4802,-0.0111,1.04
4980,6199,0.7119,0.083,0.2061,0.4726,0.4855,-0.0098,11.67,163.51,0.78,126004.0,0.0,0.2306,0.0903,-0.0055,-0.0663,0.5044,-0.0119,1.04
4981,6199,0.7083,0.0824,0.2102,0.4313,0.5023,-0.0095,10.83,162.66,0.77,127390.0,0.0,0.2121,0.0787,-0.0045,-0.0636,0.4146,-0.0127,1.04
4982,6199,0.71,0.0818,0.2092,0.478,0.4653,-0.0124,11.84,199.86,0.77,127649.0,0.0,0.2207,0.0932,-0.0055,-0.0646,0.442,-0.0113,1.04
4983,6199,0.7078,0.0822,0.2109,0.4472,0.5021,-0.0117,11.74,186.4,0.78,126827.0,0.0,0.221,0.0834,-0.0054,-0.0639,0.4842,-0.0123,1.04
4984,6199,0.7037,0.084,0.2133,0.4513,0.4837,-0.0131,11.27,170.14,0.78,126087.0,0.0,0.2199,0.0838,-0.005,-0.0649,0.4421,-0.0088,1.04
4985,6199,0.703,0.0863,0.2119,0.4512,0.5042,-0.0106,11.72,194.76,0.79,124926.0,0.0,0.226,0.0804,-0.005,-0.067,0.4516,-0.0135,1.04
4986,6199,0.6992,0.0895,0.2122,0.4702,0.4787,-0.0131,11.32,208.99,0.77,126931.0,0.0,0.2162,0.0904,-0.0066,-0.0664,0.4249,-0.0116,1.04
4987,6199,0.6988,0.0888,0.2129,0.4654,0.5006,-0.0106,11.58,187.65,0.77,127311.0,0.0,0.2277,0.0853,-0.0053,-0.0699,0.4154,-0.0118,1.04
4988,6199,0.6978,0.0887,0.2137,0.4543,0.4785,-0.0135,11.3,187.12,0.78,126576.0,0.0,0.2128,0.0872,-0.0055,-0.0651,0.4799,-0.0109,1.04
4989,6199,0.698,0.0889,0.2133,0.4655,0.5062,-0.01,11.8,184.93,0.77,127294.0,0.0,0.2246,0.0882,-0.0058,-0.0658,0.5476,-0.0114,1.04
4990,6199,0.6953,0.0893,0.2157,0.4684,0.4689,-0.0143,12.1,193.88,0.79,124930.0,0.0,0.2184,0.0898,-0.0063,-0.064,0.5022,-0.0123,1.04
4991,6199,0.6915,0.0904,0.2183,0.4602,0.4753,-0.015,11.32,192.82,0.77,126931.0,0.0,0.211,0.0871,-0.0057,-0.068,0.4986,-0.0118,1.04
4992,6199,0.6907,0.09,0.2196,0.4738,0.468,-0.0121,10.92,200.63,0.77,127234.0,0.0,0.2212,0.0923,-0.006,-0.0641,0.4993,-0.0128,1.05
4993,6199,0.6895,0.0903,0.2206,0.4547,0.4912,-0.0128,12.02,192.01,0.78,126279.0,0.0,0.2173,0.087,-0.006,-0.062,0.515,-0.0111,1.05
4994,6199,0.6897,0.0902,0.2204,0.4711,0.4624,-0.0143,11.14,175.8,0.77,127193.0,0.0,0.2199,0.0919,-0.0062,-0.0663,0.4532,-0.0124,1.04
4995,6199,0.6879,0.0893,0.2234,0.4718,0.4892,-0.0104,12.21,182.38,0.77,128354.0,0.0,0.2207,0.0901,-0.0056,-0.0661,0.3903,-0.0132,1.05
4996,6199,0.6899,0.0859,0.2252,0.4579,0.4998,-0.0096,10.95,158.24,0.77,127077.0,0.0,0.217,0.0855,-0.0055,-0.0656,0.4281,-0.0121,1.05
4997,6199,0.6924,0.0839,0.2247,0.4624,0.4807,-0.0109,11.69,180.35,0.77,127129.0,0.0,0.2133,0.0892,-0.006,-0.0643,0.4067,-0.0121,1.05
4998,6199,0.6941,0.0832,0.2236,0.451,0.4969,-0.0124,10.9,172.48,0.77,126974.0,0.0,0.2126,0.0858,-0.0057,-0.063,0.532,-0.0114,1.05
4999,6199,0.693,0.0855,0.2222,0.4389,0.4763,-0.0161,11.24,161.08,0.77,127010.0,0.0,0.2095,0.0829,-0.0055,-0.064,0.4861,-0.0116,1.05
5000,6199,0.6908,0.0879,0.2219,0.4702,0.4674,-0.0136,10.91,183.73,0.77,126969.0,0.0,0.2183,0.0892,-0.0057,-0.0662,0.5266,-0.0108,1.05
5001,6199,0.6893,0.0899,0.2215,0.4469,0.49,-0.0137,12.23,170.53,0.77,127440.0,0.0,0.2161,0.0831,-0.0054,-0.0655,0.5386,-0.0112,1.05
5002,6199,0.6876,0.0934,0.2196,0.443,0.5021,-0.013,12.2,180.71,0.77,127771.0,0.0,0.2149,0.0785,-0.0049,-0.0668,0.4659,-0.0088,1.05
5003,6199,0.6919,0.0922,0.2163,0.4765,0.4568,-0.0131,11.43,192.93,0.78,126786.0,0.0,0.2179,0.0898,-0.0059,-0.0674,0.457,-0.0128,1.05
5004,6199,0.6898,0.0928,0.2177,0.4461,0.4785,-0.0135,10.83,189.2,0.77,127398.0,0.0,0.219,0.0796,-0.0051,-0.0666,0.5478,-0.0134,1.04
5005,6199,0.6896,0.0939,0.217,0.4469,0.4865,-0.0131,11.48,185.72,0.77,127436.0,0.0,0.2122,0.0834,-0.0054,-0.0669,0.4612,-0.0133,1.04
5006,6199,0.6883,0.0929,0.2195,0.4625,0.4878,-0.0115,11.51,172.5,0.77,127418.0,0.0,0.2251,0.0871,-0.0061,-0.0623,0.5836,-0.0133,1.04
5007,6199,0.6878,0.0954,0.2178,0.429,0.4794,-0.0163,10.41,163.25,0.77,127588.0,0.0,0.2059,0.0793,-0.0054,-0.0641,0.4847,-0.0125,1.04
5008,6199,0.6855,0.0977,0.2181,0.4563,0.4773,-0.0118,11.0,154.68,0.77,127852.0,0.0,0.2104,0.0852,-0.0055,-0.0661,0.4619,-0.0087,1.04
5009,6199,0.6814,0.0992,0.2206,0.468,0.4604,-0.0146,11.14,181.98,0.77,127419.0,0.0,0.2173,0.0909,-0.0055,-0.0652,0.4779,-0.0126,1.04
5010,6199,0.6834,0.0966,0.221,0.4632,0.4945,-0.009,11.43,160.89,0.77,127529.0,0.0,0.2195,0.087,-0.0056,-0.0688,0.4308,-0.0138,1.04
5011,6199,0.6829,0.0973,0.2205,0.4629,0.4638,-0.0126,11.38,188.57,0.77,126992.0,0.0,0.2133,0.087,-0.0053,-0.0653,0.4749,-0.0124,1.04
5012,6199,0.6801,0.0956,0.2251,0.4691,0.4821,-0.0109,10.8,177.1,0.77,127319.0,0.0,0.2223,0.0911,-0.0064,-0.0654,0.4534,-0.0123,1.04
5013,6199,0.6826,0.0972,0.2211,0.4563,0.493,-0.012,11.45,194.49,0.77,126971.0,0.0,0.2162,0.0848,-0.0056,-0.068,0.555,-0.0121,1.04
5014,6199,0.6832,0.0972,0.2208,0.4406,0.4909,-0.013,12.44,171.59,0.77,127766.0,0.0,0.2166,0.0821,-0.0054,-0.0621,0.4905,-0.012,1.04
5015,6199,0.6865,0.0952,0.2191,0.4638,0.4669,-0.0132,10.79,177.42,0.79,125179.0,0.0,0.2163,0.0895,-0.0065,-0.0658,0.5598,-0.0131,1.04
5016,6199,0.6855,0.0951,0.2199,0.4339,0.4905,-0.0133,10.99,175.48,0.77,127460.0,0.0,0.2091,0.0827,-0.0055,-0.0629,0.4906,-0.0131,1.04
5017,6199,0.6883,0.0925,0.2197,0.4616,0.4978,-0.0102,12.27,196.82,0.77,126937.0,0.0,0.218,0.0872,-0.0054,-0.066,0.4519,-0.0134,1.04
5018,6199,0.69,0.0916,0.2188,0.4402,0.5076,-0.013,11.27,154.25,0.77,127435.0,0.0,0.2182,0.0823,-0.0051,-0.0656,0.5358,-0.0131,1.04
5019,6199,0.6957,0.0914,0.2133,0.4576,0.501,-0.0101,11.63,164.38,0.77,128103.0,0.0,0.2243,0.0891,-0.0057,-0.0634,0.6139,-0.0114,1.04
5020,6199,0.6989,0.089,0.2126,0.4685,0.4849,-0.0118,11.73,177.35,0.78,126030.0,0.0,0.2262,0.0869,-0.0054,-0.0685,0.5416,-0.0131,1.04
5021,6199,0.6991,0.0895,0.2121,0.4448,0.4842,-0.0135,11.2,161.54,0.77,127377.0,0.0,0.2122,0.0834,-0.0053,-0.0618,0.5685,-0.0132,1.04
5022,6199,0.6982,0.0913,0.2113,0.4498,0.5065,-0.0123,12.43,187.74,0.77,127797.0,0.0,0.2227,0.0847,-0.0053,-0.0622,0.5738,-0.0114,1.04
5023,6199,0.6982,0.0924,0.2102,0.4683,0.4987,-0.0132,12.63,195.23,0.78,126106.0,0.0,0.2335,0.0902,-0.0065,-0.0668,0.519,-0.0129,1.04
5024,6199,0.7028,0.0891,0.2088,0.4604,0.5085,-0.011,11.67,174.44,0.78,126337.0,0.0,0.2264,0.0866,-0.0061,-0.0672,0.5883,-0.0136,1.04
5025,6199,0.7067,0.0894,0.2049,0.4485,0.5162,-0.0111,11.51,179.57,0.78,126613.0,0.0,0.2196,0.0848,-0.006,-0.0641,0.6227,-0.0137,1.04
5026,6199,0.7071,0.091,0.2029,0.4508,0.484,-0.0157,11.57,172.6,0.78,125433.0,0.0,0.2164,0.0834,-0.006,-0.0674,0.5683,-0.0132,1.04
5027,6199,0.7107,0.092,0.1981,0.4294,0.5253,-0.0123,12.74,167.53,0.78,125428.0,0.0,0.217,0.0813,-0.0057,-0.0612,0.5912,-0.0127,1.04
5028,6199,0.7111,0.0917,0.198,0.4331,0.5123,-0.0129,11.6,169.28,0.78,126050.0,0.0,0.2195,0.0791,-0.0061,-0.0686,0.5786,-0.0132,1.04
5029,6199,0.7109,0.0926,0.1973,0.4523,0.4714,-0.0148,11.08,177.44,0.79,123974.0,0.0,0.2134,0.086,-0.0069,-0.0653,0.4868,-0.013,1.04
5030,6199,0.7075,0.094,0.1993,0.4377,0.5133,-0.0122,11.88,169.64,0.78,126147.0,0.0,0.223,0.0809,-0.0046,-0.0627,0.5388,-0.0138,1.04
5031,6199,0.7124,0.0895,0.1991,0.4207,0.5271,-0.0119,12.1,165.1,0.78,126784.0,0.0,0.2126,0.0773,-0.0057,-0.0621,0.5144,-0.0129,1.04
5032,6199,0.7153,0.0903,0.1952,0.4271,0.5247,-0.0125,12.16,172.56,0.79,124010.0,0.0,0.2191,0.0772,-0.0052,-0.0642,0.5753,-0.0145,1.04
5033,6199,0.7163,0.0906,0.1938,0.456,0.5104,-0.0121,11.46,161.14,0.78,126808.0,0.0,0.2256,0.0829,-0.0061,-0.0679,0.5122,-0.0105,1.05
5034,6199,0.7114,0.0963,0.1928,0.457,0.4933,-0.0142,11.54,186.54,0.77,127127.0,0.0,0.2247,0.0854,-0.0055,-0.0651,0.4555,-0.0124,1.05
5035,6199,0.7143,0.0942,0.192,0.4545,0.5157,-0.0083,11.98,175.44,0.8,123620.0,0.0,0.2218,0.0842,-0.0055,-0.0641,0.4402,-0.0139,1.05
5036,6199,0.7151,0.0899,0.1955,0.4473,0.4847,-0.0138,11.27,166.19,0.77,126853.0,0.0,0.2106,0.0834,-0.006,-0.0651,0.5357,-0.0123,1.04
5037,6199,0.7165,0.0884,0.1954,0.4509,0.4949,-0.0111,11.78,193.7,0.78,126687.0,0.0,0.2109,0.0844,-0.006,-0.064,0.5012,-0.0135,1.05
5038,6199,0.7108,0.0894,0.2,0.4501,0.4875,-0.0118,10.99,166.91,0.78,125857.0,0.0,0.217,0.0826,-0.0055,-0.0695,0.3887,-0.0105,1.05
5039,6199,0.7052,0.0906,0.2044,0.4733,0.4626,-0.012,11.73,199.43,0.78,126712.0,0.0,0.2175,0.0898,-0.0061,-0.0679,0.4425,-0.0094,1.05
5040,6199,0.7012,0.0928,0.2062,0.4763,0.4575,-0.0146,10.92,184.23,0.78,125570.0,0.0,0.2214,0.0919,-0.006,-0.0684,0.4462,-0.013,1.05
5041,6199,0.6994,0.0919,0.2091,0.4535,0.4851,-0.0111,11.5,165.87,0.78,125776.0,0.0,0.2158,0.0858,-0.007,-0.0628,0.4482,-0.0132,1.04
5042,6199,0.6965,0.0901,0.2139,0.4566,0.4698,-0.0133,11.37,169.68,0.78,126737.0,0.0,0.2122,0.0872,-0.0065,-0.0663,0.4319,-0.0142,1.05
5043,6199,0.6924,0.0904,0.2176,0.4868,0.478,-0.0095,12.12,175.89,0.78,126478.0,0.0,0.2204,0.0945,-0.0066,-0.0693,0.4669,-0.0112,1.05
5044,6199,0.6939,0.0888,0.2178,0.4529,0.508,-0.01,11.82,161.77,0.78,125980.0,0.0,0.2195,0.0829,-0.0054,-0.0667,0.4752,-0.0137,1.05
5045,6199,0.6954,0.0889,0.2159,0.4728,0.4607,-0.0147,12.27,179.57,0.78,125532.0,0.0,0.212,0.0937,-0.0058,-0.0642,0.4914,-0.0139,1.05
5046,6199,0.6916,0.0926,0.2162,0.4535,0.4874,-0.0137,11.03,168.76,0.78,126472.0,0.0,0.2096,0.0885,-0.0063,-0.0642,0.544,-0.0138,1.05
5047,6199,0.6876,0.0947,0.2182,0.4946,0.4481,-0.0131,11.79,215.81,0.78,126671.0,0.0,0.2173,0.0987,-0.0065,-0.0669,0.5005,-0.0106,1.05
5048,6199,0.675,0.0961,0.2291,0.4721,0.4592,-0.0124,11.15,179.12,0.78,126780.0,0.0,0.2104,0.0941,-0.0067,-0.0653,0.467,-0.0134,1.05
5049,6199,0.6731,0.0936,0.2333,0.4516,0.4735,-0.0137,9.82,171.0,0.78,126768.0,0.0,0.207,0.088,-0.0062,-0.0625,0.5209,-0.014,1.05
5050,6199,0.6712,0.0942,0.2346,0.469,0.4876,-0.0124,10.91,171.25,0.78,126143.0,0.0,0.2196,0.0913,-0.0058,-0.0676,0.5604,-0.0133,1.05
5051,6199,0.6702,0.0954,0.2345,0.4916,0.4677,-0.0102,11.55,187.86,0.78,126363.0,0.0,0.2182,0.0956,-0.0064,-0.071,0.4264,-0.0127,1.05
5052,6199,0.6731,0.0916,0.2355,0.4459,0.5377,-0.0073,12.61,182.57,0.78,126402.0,0.0,0.2232,0.0862,-0.006,-0.0633,0.4823,-0.0085,1.05
5053,6199,0.6804,0.088,0.2321,0.4415,0.4949,-0.0138,11.52,168.97,0.78,126352.0,0.0,0.2112,0.0854,-0.0064,-0.0641,0.4717,-0.0129,1.05
5054,6199,0.6845,0.0878,0.2284,0.4427,0.5077,-0.012,12.05,165.81,0.79,125117.0,0.0,0.2131,0.0834,-0.0058,-0.0633,0.5347,-0.0136,1.05
5055,6199,0.6881,0.0892,0.2232,0.4451,0.4857,-0.0151,11.39,186.05,0.79,123930.0,0.0,0.2107,0.0865,-0.0062,-0.0647,0.5102,-0.0133,1.05
5056,6199,0.6877,0.0898,0.223,0.4447,0.5088,-0.0117,10.75,190.08,0.78,126562.0,0.0,0.2136,0.0854,-0.0056,-0.0666,0.4926,-0.013,1.05
5057,6199,0.6899,0.0912,0.2194,0.4461,0.5039,-0.0124,11.8,189.62,0.78,126210.0,0.0,0.2162,0.0847,-0.0059,-0.0668,0.5323,-0.0128,1.05
5058,6199,0.69,0.0915,0.2189,0.4357,0.4743,-0.016,11.09,165.29,0.78,126657.0,0.0,0.2153,0.0862,-0.0063,-0.0616,0.4979,-0.0136,1.05
5059,6199,0.6861,0.0946,0.22,0.4617,0.5033,-0.011,11.77,169.82,0.78,125958.0,0.0,0.2227,0.0878,-0.0053,-0.069,0.467,-0.011,1.05
5060,6199,0.6917,0.0932,0.2158,0.4492,0.4937,-0.0134,11.08,157.78,0.78,126572.0,0.0,0.2187,0.0888,-0.006,-0.063,0.4988,-0.0123,1.05
5061,6199,0.6993,0.0907,0.2108,0.4392,0.5114,-0.0125,11.46,182.5,0.78,126222.0,0.0,0.2153,0.0855,-0.0057,-0.0618,0.5139,-0.0133,1.05
5062,6199,0.6992,0.0899,0.2116,0.4798,0.4895,-0.0103,10.15,167.3,0.78,126327.0,0.0,0.2252,0.0949,-0.0064,-0.0689,0.5262,-0.0134,1.05
5063,6199,0.7012,0.09,0.2095,0.4582,0.481,-0.0132,12.1,170.21,0.78,126831.0,0.0,0.2188,0.0881,-0.006,-0.0665,0.4876,-0.0134,1.05
5064,6199,0.7018,0.0888,0.2102,0.4591,0.4858,-0.0113,11.89,174.28,0.78,125333.0,0.0,0.2169,0.0876,-0.006,-0.0648,0.5013,-0.0097,1.05
5065,6199,0.7017,0.0912,0.2079,0.4416,0.4952,-0.0139,11.09,188.84,0.78,125682.0,0.0,0.2079,0.0816,-0.005,-0.0653,0.4878,-0.0132,1.05
5066,6199,0.699,0.0946,0.2071,0.454,0.4854,-0.0143,10.71,160.41,0.78,125440.0,0.0,0.2179,0.085,-0.0059,-0.0645,0.4265,-0.0134,1.05
5067,6199,0.6982,0.0954,0.207,0.4491,0.4836,-0.0118,11.66,192.87,0.78,125911.0,0.0,0.2078,0.0889,-0.0066,-0.0641,0.4648,-0.009,1.05
5068,6199,0.6977,0.0958,0.2073,0.4468,0.4868,-0.0144,10.66,168.44,0.78,125615.0,0.0,0.2108,0.0864,-0.0058,-0.0641,0.4341,-0.0136,1.05
5069,6199,0.6937,0.0987,0.2083,0.4576,0.4783,-0.0137,11.8,182.18,0.77,126893.0,0.0,0.2131,0.0855,-0.0058,-0.0694,0.4802,-0.0129,1.05
5070,6199,0.6919,0.0992,0.2097,0.4745,0.4888,-0.0117,11.81,186.55,0.78,126838.0,0.0,0.2245,0.0907,-0.0061,-0.069,0.4894,-0.0113,1.05
5071,6199,0.6928,0.0971,0.2108,0.4595,0.4795,-0.0119,10.63,165.52,0.78,125447.0,0.0,0.2107,0.0906,-0.0073,-0.0663,0.4492,-0.0112,1.05
5072,6199,0.6898,0.0965,0.2141,0.4744,0.4823,-0.0122,11.98,167.21,0.77,126859.0,0.0,0.2195,0.0888,-0.0059,-0.0695,0.4999,-0.0111,1.05
5073,6199,0.6942,0.0941,0.212,0.4552,0.4962,-0.0115,10.99,168.26,0.78,126353.0,0.0,0.2178,0.0868,-0.0067,-0.0672,0.4994,-0.0089,1.05
5074,6199,0.6952,0.0937,0.2111,0.4629,0.4656,-0.0129,11.0,179.7,0.77,126867.0,0.0,0.2144,0.0907,-0.0065,-0.0683,0.4946,-0.0129,1.05
5075,6199,0.6891,0.0944,0.2166,0.4617,0.4683,-0.0131,10.4,171.22,0.77,126895.0,0.0,0.2124,0.0886,-0.0063,-0.0673,0.4306,-0.0132,1.05
5076,6199,0.6832,0.0945,0.2223,0.479,0.4737,-0.0105,11.32,196.59,0.77,126906.0,0.0,0.2177,0.0933,-0.0068,-0.0692,0.4744,-0.0124,1.05
5077,6199,0.6785,0.0932,0.2283,0.4639,0.4832,-0.011,11.64,177.36,0.78,125419.0,0.0,0.2145,0.0903,-0.0064,-0.0677,0.5094,-0.0112,1.04
5078,6199,0.6781,0.0902,0.2317,0.4702,0.4704,-0.0117,11.08,178.7,0.77,127179.0,0.0,0.2096,0.0905,-0.0069,-0.0715,0.4965,-0.013,1.04
5079,6199,0.6762,0.0906,0.2332,0.4485,0.4731,-0.0147,10.5,176.49,0.78,125785.0,0.0,0.2079,0.0864,-0.0063,-0.0639,0.5441,-0.0095,1.04
5080,6199,0.6759,0.0926,0.2316,0.4324,0.4871,-0.0145,11.81,177.62,0.78,126566.0,0.0,0.2084,0.0803,-0.0061,-0.0675,0.5242,-0.0126,1.04
5081,6199,0.6827,0.0918,0.2255,0.4631,0.4789,-0.0145,11.03,197.59,0.78,126631.0,0.0,0.2174,0.0875,-0.0061,-0.0679,0.5142,-0.0128,1.04
5082,6199,0.6826,0.0938,0.2237,0.4233,0.5003,-0.0145,11.11,175.02,0.77,127105.0,0.0,0.211,0.0757,-0.0054,-0.0656,0.5793,-0.0136,1.05
5083,6199,0.684,0.0983,0.2178,0.4487,0.4808,-0.0165,12.15,169.95,0.78,126542.0,0.0,0.2091,0.0836,-0.0057,-0.0679,0.4609,-0.0138,1.05
5084,6199,0.6919,0.0954,0.2129,0.4423,0.524,-0.0116,10.38,170.45,0.78,125900.0,0.0,0.2214,0.0815,-0.0055,-0.068,0.5206,-0.0122,1.05
5085,6199,0.6912,0.0953,0.2139,0.4445,0.5056,-0.0123,11.48,173.87,0.78,126402.0,0.0,0.2137,0.0839,-0.0063,-0.0655,0.5779,-0.0129,1.05
5086,6199,0.6902,0.0981,0.2122,0.4498,0.4972,-0.0128,12.31,186.66,0.78,126094.0,0.0,0.2144,0.0876,-0.0064,-0.0679,0.5058,-0.0137,1.05
5087,6199,0.6903,0.0982,0.212,0.4355,0.4948,-0.0137,11.81,186.99,0.78,126120.0,0.0,0.2131,0.0846,-0.0057,-0.0639,0.5674,-0.0131,1.05
5088,6199,0.6948,0.0968,0.2089,0.4452,0.5095,-0.0121,11.52,184.18,0.78,126003.0,0.0,0.2185,0.0848,-0.0056,-0.0667,0.6916,-0.0103,1.05
5089,6199,0.7008,0.0942,0.2055,0.439,0.5304,-0.0106,11.99,171.97,0.78,126834.0,0.0,0.224,0.0841,-0.0053,-0.0635,0.5634,-0.0135,1.05
5090,6199,0.7004,0.094,0.2061,0.4539,0.4876,-0.0139,11.5,193.49,0.78,126145.0,0.0,0.2215,0.0843,-0.0056,-0.0687,0.5163,-0.0118,1.05
5091,6199,0.702,0.0951,0.2034,0.4311,0.518,-0.014,11.3,158.31,0.78,126450.0,0.0,0.2181,0.0798,-0.0069,-0.0674,0.4972,-0.012,1.05
5092,6199,0.7084,0.0944,0.1977,0.4672,0.4878,-0.0111,11.98,187.05,0.78,125450.0,0.0,0.2214,0.0893,-0.0063,-0.0705,0.5353,-0.0112,1.05
5093,6199,0.7067,0.0941,0.1997,0.4434,0.5062,-0.0115,11.58,162.7,0.78,126129.0,0.0,0.226,0.079,-0.0043,-0.0674,0.5296,-0.0123,1.04
5094,6199,0.709,0.0953,0.1961,0.4186,0.4878,-0.0167,10.88,161.34,0.78,126333.0,0.0,0.2064,0.0798,-0.0043,-0.0627,0.4969,-0.0099,1.04
5095,6199,0.7068,0.0978,0.1959,0.4483,0.5056,-0.012,12.96,179.64,0.78,125367.0,0.0,0.2237,0.0851,-0.0064,-0.0679,0.4622,-0.0123,1.05
5096,6199,0.7079,0.0957,0.1969,0.4761,0.4935,-0.0098,11.82,180.0,0.78,126024.0,0.0,0.2174,0.0932,-0.007,-0.0706,0.5491,-0.0115,1.05
5097,6199,0.7083,0.093,0.1992,0.4484,0.5036,-0.0109,12.4,183.04,0.78,125821.0,0.0,0.2195,0.0862,-0.0062,-0.0662,0.478,-0.0127,1.05
5098,6199,0.7061,0.0924,0.2017,0.4484,0.505,-0.013,12.0,187.99,0.77,127118.0,0.0,0.2199,0.0852,-0.005,-0.0697,0.5514,-0.0122,1.05
5099,6199,0.7111,0.0901,0.1988,0.4395,0.5182,-0.0112,12.32,164.82,0.78,126085.0,0.0,0.2169,0.0835,-0.0054,-0.0635,0.4656,-0.0115,1.05
5100,6199,0.7112,0.09,0.1989,0.4573,0.4927,-0.012,12.48,163.07,0.78,126626.0,0.0,0.2223,0.0871,-0.0052,-0.0673,0.4935,-0.0122,1.05
5101,6199,0.7135,0.0885,0.198,0.444,0.5091,-0.0128,11.73,177.27,0.78,126615.0,0.0,0.2168,0.0856,-0.0056,-0.0636,0.4933,-0.0127,1.05
5102,6199,0.7095,0.0908,0.1997,0.4774,0.4662,-0.0138,10.93,190.9,0.78,125597.0,0.0,0.2193,0.0915,-0.0059,-0.0697,0.5144,-0.0126,1.05
5103,6199,0.7007,0.0936,0.2057,0.4678,0.472,-0.0129,11.52,182.99,0.79,124655.0,0.0,0.2214,0.0909,-0.0061,-0.0672,0.5597,-0.0136,1.05
5104,6199,0.6999,0.0952,0.2048,0.4368,0.4925,-0.0139,11.67,184.6,0.78,126292.0,0.0,0.2105,0.0807,-0.0049,-0.0678,0.5384,-0.014,1.05
5105,6199,0.699,0.0926,0.2083,0.4658,0.4827,-0.0132,12.07,167.06,0.81,121199.0,0.0,0.2194,0.0881,-0.0053,-0.0681,0.4781,-0.0138,1.05
5106,6199,0.6952,0.0957,0.209,0.4481,0.4852,-0.0153,11.73,184.62,0.78,125435.0,0.0,0.2097,0.0842,-0.005,-0.0683,0.4942,-0.0125,1.05
5107,6199,0.6865,0.0997,0.2137,0.4684,0.4541,-0.0159,10.81,165.54,0.78,125448.0,0.0,0.2123,0.0905,-0.0064,-0.0684,0.4832,-0.0126,1.05
5108,6199,0.6822,0.1005,0.2173,0.4796,0.4688,-0.0094,11.36,194.32,0.78,126713.0,0.0,0.2169,0.0948,-0.0061,-0.0698,0.4703,-0.0124,1.04
5109,6199,0.6792,0.0995,0.2213,0.4499,0.4847,-0.0153,11.51,160.14,0.78,126671.0,0.0,0.2172,0.0856,-0.0054,-0.0685,0.4548,-0.0135,1.05
5110,6199,0.6833,0.0982,0.2185,0.4664,0.4757,-0.0119,10.98,162.77,0.79,125081.0,0.0,0.219,0.0892,-0.006,-0.0677,0.488,-0.0132,1.05
5111,6199,0.6867,0.0962,0.2171,0.4598,0.481,-0.0125,11.66,166.75,0.78,126695.0,0.0,0.2226,0.0852,-0.0055,-0.0705,0.4966,-0.0125,1.04
5112,6199,0.6893,0.0955,0.2154,0.4527,0.4667,-0.0155,10.48,200.11,0.78,126410.0,0.0,0.2115,0.0887,-0.0064,-0.0632,0.4123,-0.0135,1.04
5113,6199,0.6843,0.0975,0.2188,0.4481,0.4582,-0.0156,11.03,175.57,0.79,124820.0,0.0,0.2084,0.0864,-0.0054,-0.0643,0.4898,-0.0115,1.04
5114,6199,0.6778,0.0987,0.2242,0.4928,0.4716,-0.011,12.18,204.52,0.78,125752.0,0.0,0.2231,0.0975,-0.007,-0.0695,0.5411,-0.0085,1.04
5115,6199,0.6737,0.0991,0.2279,0.4465,0.4777,-0.0169,9.98,158.08,0.78,125646.0,0.0,0.214,0.0856,-0.0057,-0.0656,0.4824,-0.012,1.04
5116,6199,0.6745,0.0985,0.2277,0.463,0.4924,-0.0113,11.11,172.67,0.79,125010.0,0.0,0.2207,0.0863,-0.0054,-0.0703,0.5099,-0.012,1.04
5117,6199,0.6753,0.099,0.2265,0.4736,0.4626,-0.0137,12.26,184.49,0.79,124812.0,0.0,0.2218,0.0937,-0.0068,-0.0701,0.5012,-0.012,1.04
5118,6199,0.6733,0.0992,0.2282,0.4797,0.4899,-0.0125,12.25,194.38,0.78,126491.0,0.0,0.2298,0.0897,-0.0057,-0.0735,0.5507,-0.0131,1.04
5119,6199,0.6693,0.1006,0.2308,0.4651,0.4598,-0.0151,11.88,185.42,0.78,125856.0,0.0,0.2109,0.0924,-0.0064,-0.0654,0.5316,-0.0092,1.04
5120,6199,0.6652,0.1025,0.233,0.4803,0.4637,-0.012,12.29,208.54,0.8,123495.0,0.0,0.218,0.0918,-0.0061,-0.0714,0.4509,-0.0136,1.04
5121,6199,0.6603,0.1018,0.2386,0.4676,0.4609,-0.0147,10.94,187.93,0.78,125975.0,0.0,0.2206,0.0914,-0.0053,-0.0691,0.4753,-0.0146,1.04
5122,6199,0.659,0.1008,0.2409,0.4728,0.4752,-0.0137,10.96,178.14,0.79,124795.0,0.0,0.2273,0.0901,-0.0053,-0.0706,0.506,-0.012,1.05
5123,6199,0.6627,0.1007,0.2373,0.4471,0.5032,-0.0114,11.78,166.1,0.78,126024.0,0.0,0.2199,0.0862,-0.0056,-0.0689,0.5662,-0.0121,1.05
5124,6199,0.6668,0.1021,0.2317,0.4605,0.487,-0.0132,11.81,190.39,0.79,125202.0,0.0,0.2241,0.0908,-0.0056,-0.0664,0.5393,-0.0123,1.05
5125,6199,0.6694,0.1036,0.2275,0.4745,0.4712,-0.0134,12.51,208.6,0.78,125919.0,0.0,0.2275,0.0941,-0.0061,-0.0655,0.5311,-0.0133,1.05
5126,6199,0.6749,0.1013,0.2243,0.4445,0.498,-0.0121,11.01,175.72,0.78,125873.0,0.0,0.2198,0.0871,-0.0062,-0.0698,0.5972,-0.0135,1.05
5127,6199,0.6811,0.0994,0.2197,0.4623,0.4785,-0.0153,10.35,176.86,0.78,126481.0,0.0,0.2236,0.0889,-0.006,-0.0657,0.5652,-0.0113,1.05
5128,6199,0.6814,0.0999,0.2189,0.4567,0.4829,-0.0133,11.66,170.05,0.78,126370.0,0.0,0.2182,0.0875,-0.0057,-0.0701,0.5545,-0.0122,1.05
5129,6199,0.6819,0.0995,0.2186,0.4527,0.4822,-0.0125,12.05,189.28,0.78,125489.0,0.0,0.219,0.0865,-0.006,-0.0654,0.4527,-0.0131,1.05
5130,6199,0.6802,0.0976,0.2225,0.4546,0.4869,-0.0125,11.66,176.63,0.78,125491.0,0.0,0.2263,0.0861,-0.0062,-0.0682,0.5099,-0.0137,1.05
5131,6199,0.684,0.0977,0.2189,0.4374,0.5053,-0.0147,11.06,173.87,0.78,126578.0,0.0,0.2229,0.0818,-0.0054,-0.067,0.5634,-0.012,1.05
5132,6199,0.6884,0.0966,0.2157,0.4291,0.4942,-0.0147,11.16,178.85,0.78,126209.0,0.0,0.2171,0.0814,-0.0059,-0.0615,0.4672,-0.0131,1.05
5133,6199,0.6897,0.0956,0.2155,0.4547,0.4803,-0.0126,12.01,174.9,0.78,126210.0,0.0,0.2178,0.0914,-0.0071,-0.0645,0.5268,-0.0087,1.05
5134,6199,0.6887,0.0952,0.2168,0.4587,0.483,-0.0133,11.97,202.48,0.77,127038.0,0.0,0.2224,0.0866,-0.0064,-0.0698,0.4531,-0.0133,1.05
5135,6199,0.6971,0.0889,0.2144,0.4472,0.5105,-0.0106,10.74,156.04,0.78,126622.0,0.0,0.2235,0.0866,-0.0058,-0.0645,0.5355,-0.0113,1.05
5136,6199,0.7004,0.0869,0.2131,0.4727,0.4869,-0.0115,12.62,207.12,0.78,126129.0,0.0,0.2333,0.0914,-0.007,-0.0702,0.4879,-0.0097,1.05
5137,6199,0.6985,0.0875,0.2145,0.4682,0.4749,-0.0141,11.77,173.07,0.78,126297.0,0.0,0.2298,0.0894,-0.0061,-0.0716,0.4411,-0.0121,1.05
5138,6199,0.6943,0.0869,0.2193,0.4754,0.4757,-0.0094,11.13,179.68,0.8,122655.0,0.0,0.2227,0.0947,-0.0069,-0.0695,0.4913,-0.0085,1.05
5139,6199,0.6873,0.0872,0.226,0.4527,0.4957,-0.0123,11.35,173.29,0.78,126438.0,0.0,0.2274,0.0883,-0.0062,-0.0654,0.5055,-0.0131,1.05
5140,6199,0.6826,0.0876,0.2303,0.48,0.4657,-0.0129,11.83,188.81,0.78,126525.0,0.0,0.2302,0.0954,-0.0074,-0.0699,0.5182,-0.0127,1.05
5141,6199,0.677,0.0912,0.2325,0.4701,0.4698,-0.0127,12.65,193.22,0.78,126486.0,0.0,0.2261,0.092,-0.0073,-0.0684,0.4937,-0.0122,1.05
5142,6199,0.6776,0.0919,0.2312,0.4502,0.5015,-0.0126,11.89,195.17,0.78,126125.0,0.0,0.2215,0.0867,-0.0057,-0.0639,0.4961,-0.0129,1.05
5143,6199,0.681,0.0906,0.2291,0.4723,0.4594,-0.014,11.18,175.16,0.78,126636.0,0.0,0.2264,0.0945,-0.007,-0.0671,0.518,-0.0115,1.05
5144,6199,0.6852,0.0893,0.2262,0.4316,0.5134,-0.0119,11.68,187.5,0.78,126374.0,0.0,0.2157,0.0834,-0.0053,-0.0647,0.5447,-0.0116,1.05
5145,6199,0.6953,0.0873,0.2179,0.4517,0.5326,-0.0106,12.62,166.45,0.79,124562.0,0.0,0.2285,0.0906,-0.0067,-0.0638,0.5571,-0.0121,1.05
5146,6199,0.7037,0.0876,0.2092,0.4445,0.5091,-0.0128,12.23,196.95,0.78,126098.0,0.0,0.2253,0.085,-0.0062,-0.0666,0.5416,-0.0128,1.05
5147,6199,0.7117,0.0881,0.2007,0.4246,0.5472,-0.0093,13.06,185.21,0.78,125629.0,0.0,0.228,0.0816,-0.0056,-0.0601,0.5995,-0.0134,1.05
5148,6199,0.7164,0.0847,0.1994,0.4564,0.503,-0.0115,12.56,165.05,0.78,126680.0,0.0,0.2303,0.0892,-0.0055,-0.0678,0.6043,-0.0129,1.05
5149,6199,0.7169,0.0834,0.2001,0.447,0.505,-0.0117,11.85,175.38,0.78,125306.0,0.0,0.2299,0.087,-0.0057,-0.067,0.4797,-0.0125,1.05
5150,6199,0.7154,0.0846,0.2002,0.4284,0.5254,-0.0122,12.44,172.89,0.77,126962.0,0.0,0.2205,0.0795,-0.0052,-0.0647,0.5066,-0.0095,1.05
5151,6199,0.7204,0.0834,0.1964,0.4343,0.5152,-0.0112,11.39,167.92,0.79,125156.0,0.0,0.2269,0.0803,-0.0052,-0.068,0.5152,-0.0097,1.05
5152,6199,0.7237,0.0824,0.1941,0.4207,0.5349,-0.0102,12.46,160.43,0.78,126105.0,0.0,0.2217,0.0787,-0.0057,-0.0635,0.5896,-0.013,1.05
5153,6199,0.7284,0.0827,0.1895,0.4165,0.5003,-0.0168,11.11,154.11,0.78,126374.0,0.0,0.2148,0.0772,-0.0049,-0.0664,0.5123,-0.0125,1.05
5154,6199,0.7308,0.0832,0.1864,0.4409,0.5099,-0.0115,11.99,188.28,0.78,126682.0,0.0,0.2257,0.0845,-0.0058,-0.0641,0.5525,-0.0121,1.05
5155,6199,0.7301,0.0813,0.189,0.4472,0.4689,-0.0137,11.01,168.53,0.78,126440.0,0.0,0.2162,0.0859,-0.0052,-0.0676,0.4394,-0.0133,1.05
5156,6199,0.7226,0.085,0.1926,0.444,0.5001,-0.0132,10.98,172.92,0.78,126047.0,0.0,0.2232,0.0827,-0.0055,-0.071,0.5101,-0.0131,1.05
5157,6199,0.7263,0.0853,0.1885,0.452,0.5129,-0.0104,11.98,187.68,0.78,125722.0,0.0,0.2327,0.0853,-0.0062,-0.0692,0.492,-0.013,1.05
5158,6199,0.7248,0.0841,0.1913,0.4646,0.5058,-0.0099,11.55,171.17,0.79,125120.0,0.0,0.2318,0.0877,-0.0056,-0.0704,0.5741,-0.0132,1.05
5159,6199,0.7204,0.0833,0.1967,0.4623,0.4915,-0.0124,12.1,191.77,0.77,127088.0,0.0,0.2295,0.088,-0.0055,-0.0708,0.492,-0.0139,1.05
5160,6199,0.7175,0.0833,0.2,0.4574,0.5049,-0.0137,11.69,179.79,0.77,127532.0,0.0,0.2325,0.0845,-0.0054,-0.0697,0.514,-0.0115,1.05
5161,6199,0.7167,0.0841,0.1999,0.4647,0.4921,-0.0118,11.87,182.61,0.78,126158.0,0.0,0.2296,0.0892,-0.0064,-0.0706,0.5239,-0.0132,1.05
5162,6199,0.7104,0.0852,0.2051,0.4487,0.4977,-0.0135,11.87,178.01,0.78,126739.0,0.0,0.2265,0.0847,-0.0056,-0.0709,0.4634,-0.0134,1.05
5163,6199,0.7075,0.0869,0.2064,0.4541,0.5079,-0.0119,11.64,164.45,0.78,126409.0,0.0,0.2265,0.0835,-0.0055,-0.0701,0.5385,-0.0135,1.05
5164,6199,0.705,0.0893,0.2065,0.4529,0.5058,-0.0116,11.46,171.31,0.78,126733.0,0.0,0.2314,0.0831,-0.0049,-0.0713,0.577,-0.0125,1.05
5165,6199,0.7015,0.0918,0.2075,0.4255,0.4887,-0.0152,11.55,165.36,0.78,126311.0,0.0,0.2156,0.0815,-0.0055,-0.0642,0.4342,-0.013,1.05
5166,6199,0.6965,0.0938,0.2105,0.4519,0.5014,-0.0136,11.68,179.31,0.77,127193.0,0.0,0.2318,0.0859,-0.0052,-0.0725,0.6105,-0.0116,1.05
5167,6199,0.695,0.0954,0.2103,0.4751,0.4921,-0.0118,11.98,179.2,0.78,126470.0,0.0,0.2347,0.0896,-0.0056,-0.0735,0.513,-0.0135,1.05
5168,6199,0.6965,0.0929,0.2112,0.4469,0.5033,-0.0133,10.75,168.13,0.78,126830.0,0.0,0.2288,0.0827,-0.0051,-0.0712,0.5129,-0.0135,1.05
5169,6199,0.6996,0.0919,0.209,0.4499,0.5057,-0.0128,10.86,165.76,0.78,125964.0,0.0,0.2286,0.0817,-0.0049,-0.0712,0.517,-0.0134,1.05
5170,6199,0.7029,0.09,0.2077,0.4463,0.5093,-0.0112,11.8,190.65,0.78,126216.0,0.0,0.2294,0.0797,-0.0042,-0.0725,0.5321,-0.0131,1.05
5171,6199,0.7088,0.0885,0.2034,0.4367,0.5177,-0.0138,12.26,183.66,0.79,124905.0,0.0,0.2316,0.0782,-0.0048,-0.0694,0.4963,-0.0135,1.05
5172,6199,0.7102,0.0896,0.2008,0.4396,0.5158,-0.0127,11.56,177.16,0.78,125861.0,0.0,0.2242,0.0799,-0.0042,-0.0722,0.5258,-0.0127,1.05
5173,6199,0.7067,0.0939,0.1999,0.455,0.4913,-0.0126,13.03,187.0,0.78,125626.0,0.0,0.2266,0.0829,-0.0051,-0.0741,0.4909,-0.0133,1.05
5174,6199,0.6996,0.0985,0.2024,0.4566,0.4633,-0.0155,11.1,170.16,0.79,124539.0,0.0,0.2242,0.0842,-0.0058,-0.0712,0.4368,-0.0136,1.05
5175,6199,0.6947,0.1001,0.2056,0.4768,0.4847,-0.0116,12.44,207.06,0.78,125560.0,0.0,0.2323,0.0888,-0.0051,-0.0763,0.4573,-0.0103,1.05
5176,6199,0.6927,0.0983,0.2094,0.4645,0.4912,-0.0122,11.89,189.73,0.78,126660.0,0.0,0.2348,0.0834,-0.0046,-0.0743,0.4632,-0.0128,1.05
5177,6199,0.693,0.0954,0.2122,0.4869,0.4812,-0.0105,12.37,186.88,0.79,125222.0,0.0,0.2398,0.0891,-0.0045,-0.0772,0.4206,-0.013,1.05
5178,6199,0.6955,0.0932,0.2119,0.4662,0.5044,-0.0105,12.28,197.47,0.78,126330.0,0.0,0.2376,0.0859,-0.0046,-0.0749,0.5061,-0.013,1.05
5179,6199,0.6996,0.0914,0.2096,0.4574,0.5196,-0.011,11.84,176.54,0.78,126671.0,0.0,0.2404,0.0833,-0.0044,-0.074,0.4924,-0.0112,1.05
5180,6199,0.7037,0.0903,0.2071,0.4667,0.5043,-0.0131,11.55,190.06,0.78,126485.0,0.0,0.2294,0.0886,-0.0054,-0.0741,0.561,-0.0119,1.05
5181,6199,0.7016,0.0924,0.2071,0.4754,0.4896,-0.0114,12.16,211.26,0.78,126275.0,0.0,0.227,0.0934,-0.0056,-0.0736,0.5112,-0.0126,1.06
5182,6199,0.7034,0.0911,0.2068,0.4758,0.5056,-0.0112,11.74,180.26,0.78,125784.0,0.0,0.238,0.0909,-0.0054,-0.0769,0.539,-0.0123,1.06
5183,6199,0.7051,0.0918,0.2047,0.4639,0.4943,-0.0138,12.0,184.01,0.78,126519.0,0.0,0.2279,0.0922,-0.0059,-0.0707,0.5063,-0.0114,1.06
5184,6199,0.7036,0.092,0.2059,0.4708,0.4932,-0.0111,11.87,182.93,0.78,126810.0,0.0,0.2307,0.0922,-0.0062,-0.072,0.5406,-0.0126,1.06
5185,6199,0.7036,0.0925,0.2054,0.4493,0.4801,-0.0153,10.92,177.43,0.78,126748.0,0.0,0.2278,0.0841,-0.0056,-0.0712,0.5368,-0.0133,1.06
5186,6199,0.7062,0.0913,0.2037,0.4532,0.5199,-0.01,12.38,166.17,0.78,126275.0,0.0,0.2271,0.0853,-0.005,-0.0719,0.5176,-0.0138,1.06
5187,6199,0.7055,0.0933,0.2024,0.4634,0.506,-0.013,11.94,182.8,0.78,126615.0,0.0,0.2355,0.0853,-0.0055,-0.0789,0.4739,-0.0108,1.06
5188,6199,0.705,0.0934,0.2028,0.4623,0.5123,-0.0094,11.38,168.28,0.78,125406.0,0.0,0.2364,0.0855,-0.0051,-0.0742,0.4353,-0.0116,1.06
5189,6199,0.7092,0.0893,0.2026,0.4568,0.5029,-0.0125,11.25,166.22,0.77,127090.0,0.0,0.2322,0.0837,-0.0048,-0.076,0.462,-0.0116,1.06
5190,6199,0.7093,0.092,0.1998,0.4554,0.4993,-0.0145,11.88,185.83,0.79,124675.0,0.0,0.2272,0.084,-0.0045,-0.0737,0.486,-0.0122,1.06
5191,6199,0.7103,0.0937,0.197,0.4514,0.5071,-0.0113,11.26,163.97,0.78,126679.0,0.0,0.2308,0.0831,-0.0052,-0.074,0.5161,-0.0125,1.06
5192,6199,0.7103,0.0951,0.1956,0.4595,0.51,-0.0118,12.06,175.6,0.79,125106.0,0.0,0.2298,0.0866,-0.0051,-0.074,0.5583,-0.0112,1.06
5193,6199,0.71,0.0964,0.1946,0.4843,0.5127,-0.0107,12.66,183.02,0.78,126521.0,0.0,0.2434,0.0896,-0.0052,-0.0805,0.4298,-0.0087,1.06
5194,6199,0.7129,0.0947,0.1934,0.4498,0.5159,-0.0117,11.61,157.61,0.77,126889.0,0.0,0.2282,0.0839,-0.0049,-0.0744,0.4829,-0.0134,1.06
5195,6199,0.7097,0.0939,0.1974,0.5039,0.4577,-0.012,11.93,210.86,0.78,126186.0,0.0,0.2376,0.0974,-0.0064,-0.0811,0.5223,-0.0126,1.06
5196,6199,0.7051,0.0948,0.2012,0.4965,0.4678,-0.0127,11.07,194.33,0.78,125398.0,0.0,0.2339,0.093,-0.0053,-0.079,0.4274,-0.0135,1.06
5197,6199,0.7029,0.0934,0.205,0.4786,0.4891,-0.0109,11.89,182.06,0.78,125630.0,0.0,0.2258,0.0888,-0.0052,-0.0777,0.4877,-0.0117,1.06
5198,6199,0.7056,0.0929,0.2024,0.483,0.4861,-0.0117,12.8,186.12,0.78,125918.0,0.0,0.2354,0.0938,-0.0057,-0.0734,0.4179,-0.0121,1.06
5199,6199,0.7049,0.0907,0.2054,0.4661,0.4881,-0.0108,11.18,181.79,0.78,125867.0,0.0,0.22,0.0912,-0.0056,-0.0737,0.4729,-0.0126,1.06
5200,6199,0.7049,0.0876,0.2087,0.4635,0.487,-0.0114,10.87,183.37,0.78,126562.0,0.0,0.2245,0.0888,-0.0057,-0.0742,0.4994,-0.011,1.06
5201,6199,0.6998,0.0863,0.2149,0.48,0.4807,-0.0102,11.82,181.01,0.78,126234.0,0.0,0.2278,0.0907,-0.0056,-0.0695,0.4368,-0.0131,1.06
5202,6199,0.7036,0.0838,0.2137,0.4455,0.5088,-0.012,11.1,157.4,0.78,126167.0,0.0,0.2228,0.0853,-0.0049,-0.0699,0.5331,-0.0132,1.06
5203,6199,0.7022,0.083,0.2158,0.4527,0.4793,-0.0132,10.75,189.59,0.8,123408.0,0.0,0.217,0.0858,-0.0057,-0.0683,0.4741,-0.0129,1.06
5204,6199,0.7027,0.0823,0.2158,0.4738,0.485,-0.0114,10.58,201.8,0.79,124638.0,0.0,0.2296,0.0935,-0.0067,-0.0755,0.4508,-0.0138,1.06
5205,6199,0.7013,0.0825,0.2168,0.4425,0.4995,-0.0144,11.72,166.69,0.78,125556.0,0.0,0.2199,0.0819,-0.0048,-0.0697,0.4876,-0.0116,1.06
5206,6199,0.6974,0.0846,0.2185,0.4614,0.4658,-0.0141,10.47,187.46,0.78,126438.0,0.0,0.2161,0.0906,-0.0053,-0.0698,0.4615,-0.0133,1.06
5207,6199,0.692,0.0876,0.2209,0.4456,0.473,-0.0159,10.02,161.91,0.78,126248.0,0.0,0.2161,0.0851,-0.0059,-0.0695,0.5166,-0.0132,1.06
5208,6199,0.6893,0.0914,0.2198,0.4834,0.48,-0.0115,11.69,189.46,0.78,126296.0,0.0,0.2244,0.0964,-0.0055,-0.0718,0.4998,-0.0113,1.06
5209,6199,0.6848,0.0943,0.2218,0.4822,0.4658,-0.0154,11.34,198.05,0.78,125540.0,0.0,0.2269,0.0973,-0.0061,-0.0734,0.5489,-0.0128,1.06
5210,6199,0.6819,0.098,0.2215,0.4719,0.4844,-0.0134,12.16,192.2,0.78,126518.0,0.0,0.2184,0.0957,-0.0056,-0.0711,0.534,-0.0085,1.06
5211,6199,0.6791,0.0981,0.2243,0.4795,0.4613,-0.0135,11.63,199.04,0.78,125836.0,0.0,0.2165,0.0988,-0.0069,-0.073,0.5469,-0.0096,1.06
5212,6199,0.6745,0.0982,0.2282,0.4712,0.4658,-0.0148,12.02,187.59,0.79,125205.0,0.0,0.2178,0.0946,-0.0055,-0.0721,0.5843,-0.0121,1.06
5213,6199,0.6743,0.0979,0.2284,0.4368,0.5027,-0.0132,11.27,160.43,0.78,126531.0,0.0,0.2136,0.0852,-0.0052,-0.0664,0.5103,-0.0132,1.06
5214,6199,0.6752,0.1009,0.2248,0.4622,0.4764,-0.014,10.72,182.08,0.78,125918.0,0.0,0.2168,0.09,-0.0051,-0.0753,0.4101,-0.0136,1.06
5215,6199,0.6762,0.0997,0.2248,0.4475,0.4942,-0.0119,11.57,201.12,0.78,126133.0,0.0,0.2128,0.0871,-0.005,-0.0662,0.4909,-0.0086,1.06
5216,6199,0.6773,0.0982,0.2253,0.4538,0.4925,-0.0118,11.37,155.79,0.79,125010.0,0.0,0.2186,0.0868,-0.005,-0.0718,0.4702,-0.0089,1.06
5217,6199,0.6802,0.0964,0.2242,0.4581,0.4782,-0.0152,10.85,178.26,0.8,123286.0,0.0,0.2184,0.0897,-0.0051,-0.0701,0.4965,-0.0118,1.06
5218,6199,0.6811,0.0955,0.2245,0.4706,0.5053,-0.009,12.77,177.16,0.78,125509.0,0.0,0.2285,0.089,-0.0047,-0.0748,0.4798,-0.0089,1.06
5219,6199,0.6874,0.0933,0.2208,0.4681,0.4947,-0.0117,12.07,176.75,0.78,126039.0,0.0,0.2264,0.0892,-0.0056,-0.0689,0.4613,-0.0118,1.06
5220,6199,0.6878,0.093,0.2204,0.4777,0.4752,-0.0133,11.34,169.53,0.78,125826.0,0.0,0.2241,0.0955,-0.0054,-0.0702,0.4844,-0.0127,1.06
5221,6199,0.6877,0.0926,0.221,0.4547,0.4911,-0.0126,11.19,184.37,0.78,125888.0,0.0,0.2192,0.0848,-0.0053,-0.074,0.5769,-0.0116,1.06
5222,6199,0.6853,0.0956,0.2204,0.4801,0.4744,-0.0122,11.85,195.19,0.79,123892.0,0.0,0.2204,0.0953,-0.006,-0.0739,0.4931,-0.012,1.05
5223,6199,0.6838,0.095,0.2225,0.4861,0.4656,-0.0133,12.12,204.81,0.78,125703.0,0.0,0.2287,0.0963,-0.0055,-0.071,0.4554,-0.0117,1.05
5224,6199,0.6815,0.0942,0.2258,0.4941,0.4574,-0.0127,11.97,186.76,0.78,125730.0,0.0,0.2198,0.098,-0.0057,-0.0722,0.5276,-0.0097,1.05
5225,6199,0.6787,0.0951,0.2273,0.4699,0.4807,-0.0141,11.33,178.24,0.78,125380.0,0.0,0.2235,0.095,-0.0054,-0.0693,0.4996,-0.0113,1.05
5226,6199,0.6822,0.0953,0.2233,0.4585,0.4955,-0.0133,11.07,169.4,0.78,125567.0,0.0,0.2271,0.0883,-0.0049,-0.0728,0.497,-0.0099,1.05
5227,6199,0.6842,0.0939,0.2228,0.4904,0.4772,-0.012,11.97,179.27,0.79,125112.0,0.0,0.2306,0.0994,-0.0061,-0.0734,0.4899,-0.0129,1.05
5228,6199,0.6905,0.0898,0.2207,0.4512,0.5139,-0.0111,11.78,164.24,0.78,126188.0,0.0,0.2198,0.086,-0.0048,-0.0694,0.4653,-0.0133,1.05
5229,6199,0.6945,0.0899,0.2166,0.4604,0.4953,-0.0128,11.2,191.25,0.78,125858.0,0.0,0.2263,0.0884,-0.0056,-0.0731,0.4981,-0.0092,1.05
5230,6199,0.6975,0.0886,0.2147,0.4721,0.5134,-0.0099,11.84,169.44,0.78,125272.0,0.0,0.2293,0.0924,-0.0054,-0.0733,0.484,-0.0087,1.05
5231,6199,0.7019,0.0866,0.2123,0.4532,0.5002,-0.0097,11.94,179.94,0.78,125269.0,0.0,0.2198,0.0896,-0.0054,-0.0713,0.4975,-0.0123,1.05
5232,6199,0.7064,0.0848,0.2097,0.4425,0.5293,-0.0103,11.84,168.09,0.78,125967.0,0.0,0.225,0.0823,-0.005,-0.0719,0.435,-0.0125,1.05
5233,6199,0.7057,0.0827,0.2125,0.4941,0.4784,-0.0101,11.0,178.62,0.78,125619.0,0.0,0.2394,0.0944,-0.0052,-0.075,0.508,-0.0126,1.05
5234,6199,0.7054,0.0824,0.2131,0.4482,0.497,-0.0129,10.83,183.05,0.78,125677.0,0.0,0.2221,0.0858,-0.0053,-0.0691,0.5654,-0.0134,1.05
5235,6199,0.7089,0.0839,0.2082,0.4561,0.502,-0.0123,11.25,176.31,0.78,126206.0,0.0,0.2279,0.0868,-0.0058,-0.0766,0.4526,-0.0089,1.05
5236,6199,0.7061,0.0845,0.2107,0.4954,0.4638,-0.0101,11.74,175.4,0.78,126146.0,0.0,0.2342,0.093,-0.0051,-0.077,0.4804,-0.0084,1.05
5237,6199,0.703,0.0824,0.2155,0.4692,0.4855,-0.0135,11.52,159.97,0.78,126165.0,0.0,0.2267,0.0877,-0.0054,-0.0725,0.5427,-0.013,1.05
5238,6199,0.7006,0.0836,0.2169,0.4616,0.4945,-0.0118,12.1,191.08,0.78,126529.0,0.0,0.2276,0.0894,-0.0055,-0.0698,0.4891,-0.0131,1.05
5239,6199,0.7006,0.0834,0.217,0.4519,0.4933,-0.0117,11.56,172.43,0.78,126193.0,0.0,0.2226,0.0843,-0.0053,-0.0697,0.4383,-0.0124,1.05
5240,6199,0.6984,0.0856,0.2171,0.4498,0.4838,-0.0125,11.24,190.32,0.78,126492.0,0.0,0.2175,0.085,-0.0055,-0.0709,0.4909,-0.0128,1.05
5241,6199,0.6942,0.0866,0.2205,0.4761,0.4647,-0.0121,11.92,185.12,0.78,125997.0,0.0,0.2234,0.0955,-0.0058,-0.0724,0.4653,-0.0128,1.05
5242,6199,0.694,0.0837,0.2237,0.4632,0.4876,-0.0106,11.53,177.06,0.79,124753.0,0.0,0.2205,0.0891,-0.0059,-0.0729,0.4807,-0.0134,1.05
5243,6199,0.6908,0.0839,0.2267,0.487,0.4638,-0.0126,12.22,185.11,0.78,125288.0,0.0,0.2177,0.093,-0.006,-0.0749,0.387,-0.0141,1.05
5244,6199,0.6849,0.0837,0.2326,0.4633,0.4804,-0.0114,11.96,176.66,0.78,126202.0,0.0,0.2211,0.0905,-0.0055,-0.0706,0.4528,-0.0116,1.05
5245,6199,0.6814,0.0835,0.2362,0.4535,0.4818,-0.0125,10.97,166.66,0.78,126592.0,0.0,0.218,0.0857,-0.0046,-0.0706,0.4708,-0.0122,1.05
5246,6199,0.6772,0.0837,0.2401,0.5101,0.4473,-0.0108,11.41,209.11,0.78,126597.0,0.0,0.2337,0.0969,-0.0055,-0.0793,0.4655,-0.0135,1.05
5247,6199,0.6696,0.0865,0.2446,0.4883,0.4647,-0.0122,11.79,193.1,0.78,126179.0,0.0,0.2283,0.0921,-0.0054,-0.0811,0.4594,-0.0134,1.05
5248,6199,0.6737,0.0863,0.2407,0.4539,0.4973,-0.0101,11.34,177.71,0.78,126009.0,0.0,0.2223,0.0859,-0.0054,-0.0726,0.4305,-0.0134,1.05
5249,6199,0.6818,0.0833,0.2358,0.4572,0.5168,-0.0107,11.68,175.95,0.79,124626.0,0.0,0.2256,0.0849,-0.0049,-0.072,0.5654,-0.0132,1.05
5250,6199,0.6884,0.084,0.2285,0.4358,0.4843,-0.0151,11.03,162.83,0.78,126053.0,0.0,0.2179,0.0823,-0.0049,-0.067,0.5932,-0.012,1.05
5251,6199,0.6861,0.0868,0.228,0.4595,0.4634,-0.016,11.75,206.37,0.78,126374.0,0.0,0.2205,0.0886,-0.0052,-0.0676,0.4806,-0.0092,1.05
5252,6199,0.681,0.0904,0.2296,0.4759,0.4709,-0.0145,11.47,176.21,0.78,125642.0,0.0,0.2264,0.0928,-0.0057,-0.0742,0.5597,-0.0131,1.05
5253,6199,0.6795,0.0921,0.2297,0.4556,0.4955,-0.0142,12.2,186.28,0.78,126064.0,0.0,0.2309,0.0825,-0.005,-0.0736,0.5447,-0.014,1.05
5254,6199,0.6801,0.0943,0.2271,0.4508,0.5034,-0.0119,11.78,172.7,0.77,126916.0,0.0,0.2233,0.0855,-0.0053,-0.0702,0.5007,-0.0132,1.05
5255,6199,0.6798,0.0955,0.2259,0.4771,0.4727,-0.012,11.92,175.21,0.79,124757.0,0.0,0.2295,0.0943,-0.0054,-0.0716,0.5974,-0.0132,1.06
5256,6199,0.6786,0.0962,0.2263,0.4385,0.4914,-0.0136,11.11,156.47,0.78,125684.0,0.0,0.2199,0.0838,-0.0052,-0.0673,0.625,-0.0112,1.06
5257,6199,0.6817,0.0952,0.2242,0.4649,0.4931,-0.0123,11.82,164.87,0.79,124257.0,0.0,0.2328,0.089,-0.0055,-0.0748,0.6247,-0.0112,1.06
5258,6199,0.6851,0.0944,0.2215,0.4347,0.5089,-0.0132,11.84,171.86,0.78,126389.0,0.0,0.2282,0.0796,-0.0048,-0.0682,0.6358,-0.0131,1.06
5259,6199,0.6879,0.0984,0.2148,0.4082,0.4922,-0.018,10.88,163.11,0.78,126255.0,0.0,0.2072,0.0775,-0.0042,-0.064,0.5872,-0.0132,1.06
5260,6199,0.6851,0.1039,0.2122,0.4346,0.4802,-0.0159,10.54,165.56,0.78,126730.0,0.0,0.2246,0.0806,-0.005,-0.0681,0.5964,-0.0124,1.06
5261,6199,0.689,0.1053,0.2069,0.4506,0.5014,-0.0112,12.11,176.82,0.78,125753.0,0.0,0.2318,0.0829,-0.0047,-0.0707,0.507,-0.0129,1.06
5262,6199,0.692,0.1043,0.2047,0.4217,0.4927,-0.0162,11.01,160.68,0.78,126198.0,0.0,0.2158,0.0769,-0.0046,-0.0701,0.5282,-0.0126,1.06
5263,6199,0.6947,0.1048,0.2015,0.4447,0.4937,-0.0124,11.17,166.54,0.78,126311.0,0.0,0.2262,0.0807,-0.0047,-0.0725,0.5123,-0.0119,1.06
5264,6199,0.6948,0.104,0.2021,0.4344,0.506,-0.0115,11.4,163.15,0.78,125246.0,0.0,0.2209,0.0794,-0.0045,-0.0702,0.4775,-0.0122,1.06
5265,6199,0.6989,0.1046,0.1972,0.4315,0.5019,-0.0137,11.66,169.53,0.78,125970.0,0.0,0.2274,0.0769,-0.004,-0.068,0.4962,-0.013,1.06
5266,6199,0.6995,0.1019,0.1994,0.4741,0.4854,-0.0109,11.74,191.21,0.78,126008.0,0.0,0.227,0.0879,-0.0054,-0.0766,0.4819,-0.0122,1.06
5267,6199,0.6977,0.0996,0.2031,0.4712,0.4683,-0.0126,11.25,179.51,0.79,124768.0,0.0,0.2274,0.0894,-0.0053,-0.0757,0.4664,-0.011,1.06
5268,6199,0.6943,0.0984,0.2076,0.448,0.4973,-0.014,10.52,167.92,0.78,125243.0,0.0,0.2283,0.0827,-0.0051,-0.0686,0.492,-0.0135,1.06
5269,6199,0.6951,0.0982,0.2068,0.4575,0.4924,-0.0112,11.31,178.91,0.78,125695.0,0.0,0.2235,0.085,-0.0048,-0.0729,0.4736,-0.0119,1.06
5270,6199,0.6969,0.095,0.2081,0.4741,0.4745,-0.0127,11.96,193.03,0.79,124527.0,0.0,0.2297,0.0905,-0.005,-0.071,0.5243,-0.0126,1.07
5271,6199,0.6947,0.0963,0.209,0.4507,0.4898,-0.0144,10.7,174.98,0.8,123161.0,0.0,0.2233,0.0857,-0.0051,-0.0704,0.5213,-0.012,1.07
5272,6199,0.6952,0.0985,0.2065,0.4753,0.492,-0.0108,12.04,175.7,0.78,125585.0,0.0,0.2335,0.0921,-0.0055,-0.0719,0.5095,-0.0128,1.07
5273,6199,0.6952,0.095,0.2101,0.481,0.4876,-0.0113,12.71,182.64,0.78,126067.0,0.0,0.2367,0.0932,-0.0058,-0.0744,0.4817,-0.014,1.07
5274,6199,0.6974,0.0907,0.2124,0.4634,0.4971,-0.0118,11.35,178.45,0.78,125503.0,0.0,0.2308,0.0888,-0.0051,-0.072,0.544,-0.0123,1.07
5275,6199,0.6979,0.0893,0.2134,0.4596,0.4916,-0.0117,12.22,173.2,0.78,125576.0,0.0,0.2272,0.0913,-0.0061,-0.0688,0.5569,-0.0125,1.07
5276,6199,0.696,0.0903,0.2141,0.4586,0.496,-0.0139,12.39,196.51,0.78,125765.0,0.0,0.229,0.0891,-0.0047,-0.07,0.5828,-0.0131,1.07
5277,6199,0.6977,0.0902,0.2126,0.4601,0.5061,-0.0127,11.17,158.89,0.78,125699.0,0.0,0.2343,0.0896,-0.0056,-0.0708,0.4941,-0.0133,1.07
5278,6199,0.706,0.0866,0.2079,0.4418,0.5332,-0.0084,12.34,179.77,0.78,126346.0,0.0,0.2283,0.085,-0.0055,-0.0674,0.5238,-0.0116,1.07
5279,6199,0.7155,0.0839,0.2013,0.4114,0.5142,-0.0149,10.58,158.88,0.78,125291.0,0.0,0.2168,0.0772,-0.0049,-0.0648,0.5686,-0.0103,1.07
5280,6199,0.7122,0.085,0.2033,0.4481,0.5153,-0.0113,12.5,172.54,0.78,126088.0,0.0,0.2304,0.0848,-0.0047,-0.0706,0.5275,-0.0125,1.07
5281,6199,0.7119,0.0845,0.2041,0.4332,0.4974,-0.0151,11.03,173.0,0.78,125851.0,0.0,0.2216,0.0809,-0.0053,-0.0678,0.4635,-0.0134,1.07
5282,6199,0.7122,0.0872,0.2011,0.4392,0.518,-0.0124,12.24,183.08,0.78,125577.0,0.0,0.2251,0.084,-0.0056,-0.0698,0.5113,-0.0137,1.07
5283,6199,0.7166,0.0873,0.1966,0.4304,0.5105,-0.0135,11.61,166.53,0.78,126199.0,0.0,0.2225,0.0825,-0.0052,-0.0655,0.5792,-0.0111,1.07
5284,6199,0.7168,0.0882,0.1955,0.4573,0.5013,-0.0129,11.82,178.7,0.8,122710.0,0.0,0.2318,0.0895,-0.0057,-0.0681,0.5671,-0.0116,1.06
5285,6199,0.7166,0.0905,0.1933,0.4414,0.4931,-0.0147,12.08,176.89,0.78,126398.0,0.0,0.2269,0.0835,-0.0057,-0.066,0.5259,-0.0117,1.06
5286,6199,0.7131,0.0942,0.1932,0.4324,0.4802,-0.0156,10.94,173.12,0.78,125822.0,0.0,0.217,0.0857,-0.0053,-0.0632,0.5625,-0.0102,1.06
5287,6199,0.7107,0.0946,0.1952,0.4548,0.5007,-0.0118,11.69,172.51,0.79,124293.0,0.0,0.232,0.0885,-0.0062,-0.0707,0.5227,-0.0134,1.07
5288,6199,0.7159,0.0897,0.1949,0.4498,0.513,-0.0111,12.32,163.43,0.78,125566.0,0.0,0.231,0.0859,-0.0053,-0.0697,0.5654,-0.0125,1.06
5289,6199,0.7194,0.0878,0.1932,0.4338,0.4985,-0.0133,11.18,185.25,0.78,126398.0,0.0,0.2205,0.0837,-0.0057,-0.0687,0.5116,-0.0125,1.06
5290,6199,0.7143,0.0897,0.1966,0.4525,0.4663,-0.0147,10.24,157.95,0.78,125377.0,0.0,0.2183,0.0908,-0.0056,-0.0672,0.5485,-0.0122,1.06
5291,6199,0.7104,0.0919,0.1983,0.43,0.5061,-0.0133,11.53,159.92,0.78,125497.0,0.0,0.2205,0.0811,-0.0056,-0.0681,0.5167,-0.0112,1.06
5292,6199,0.7097,0.0945,0.1965,0.4443,0.4971,-0.0122,11.35,157.29,0.78,125780.0,0.0,0.2237,0.0845,-0.0061,-0.0687,0.5034,-0.0119,1.06
5293,6199,0.7098,0.0958,0.1951,0.4325,0.5199,-0.0109,11.96,179.61,0.78,126112.0,0.0,0.222,0.0802,-0.0052,-0.0693,0.5036,-0.0116,1.06
5294,6199,0.7088,0.0942,0.1978,0.4471,0.4972,-0.012,11.02,171.58,0.78,125642.0,0.0,0.227,0.0863,-0.0053,-0.0698,0.5048,-0.0125,1.06
5295,6199,0.71,0.0937,0.1972,0.4347,0.5085,-0.0127,11.45,171.18,0.78,125884.0,0.0,0.2222,0.0831,-0.0059,-0.0702,0.4882,-0.0135,1.06
5296,6199,0.7061,0.095,0.2001,0.4378,0.4832,-0.0141,10.72,161.18,0.78,125477.0,0.0,0.2212,0.0841,-0.0054,-0.0678,0.4735,-0.0119,1.06
5297,6199,0.7003,0.0967,0.2042,0.4721,0.4941,-0.0114,11.57,175.92,0.78,125974.0,0.0,0.2368,0.092,-0.0053,-0.0757,0.5605,-0.0132,1.06
5298,6199,0.6987,0.095,0.2075,0.4403,0.497,-0.0151,11.59,182.5,0.78,125634.0,0.0,0.2211,0.0881,-0.0058,-0.0672,0.5475,-0.0122,1.07
5299,6199,0.6962,0.0952,0.2097,0.4482,0.5023,-0.0124,12.6,173.99,0.78,126432.0,0.0,0.2275,0.0867,-0.0058,-0.0697,0.5652,-0.0108,1.07
5300,6199,0.6973,0.0947,0.2086,0.4391,0.5084,-0.0134,11.63,176.81,0.78,126363.0,0.0,0.2206,0.0854,-0.0052,-0.0693,0.5324,-0.0118,1.07
5301,6199,0.6983,0.0954,0.2067,0.4733,0.4755,-0.0118,11.68,189.49,0.78,126114.0,0.0,0.225,0.0933,-0.006,-0.0749,0.4435,-0.0125,1.06
5302,6199,0.695,0.0942,0.2111,0.4568,0.4903,-0.0109,11.58,190.82,0.78,126541.0,0.0,0.2261,0.0916,-0.0062,-0.0688,0.5136,-0.0127,1.07
5303,6199,0.6923,0.0934,0.2145,0.4617,0.4931,-0.0106,12.02,172.34,0.78,126069.0,0.0,0.2284,0.0891,-0.0057,-0.0708,0.569,-0.0127,1.07
5304,6199,0.6893,0.0937,0.2173,0.4598,0.479,-0.0152,11.17,171.71,0.79,124923.0,0.0,0.2259,0.0877,-0.0053,-0.0726,0.5169,-0.0115,1.06
5305,6199,0.6888,0.0947,0.2167,0.4619,0.4893,-0.0128,10.85,172.28,0.78,126389.0,0.0,0.223,0.088,-0.0063,-0.0733,0.5097,-0.0089,1.06
5306,6199,0.6935,0.0948,0.2119,0.4279,0.511,-0.0141,10.98,160.59,0.78,125404.0,0.0,0.2236,0.076,-0.005,-0.0706,0.4396,-0.0131,1.06
5307,6199,0.6945,0.0942,0.2116,0.4786,0.4894,-0.0092,11.08,180.65,0.78,125514.0,0.0,0.2262,0.0928,-0.0067,-0.0741,0.4582,-0.0128,1.06
5308,6199,0.6957,0.0946,0.2097,0.4389,0.5201,-0.0129,10.75,159.92,0.78,125650.0,0.0,0.2238,0.0807,-0.0047,-0.0706,0.5224,-0.0128,1.06
5309,6199,0.7009,0.0934,0.2059,0.4387,0.5247,-0.0102,12.2,192.56,0.78,125379.0,0.0,0.2303,0.0817,-0.0056,-0.0709,0.5299,-0.0132,1.06
5310,6199,0.7006,0.094,0.2056,0.4541,0.4829,-0.0139,12.18,160.01,0.78,125782.0,0.0,0.2221,0.09,-0.006,-0.0669,0.4911,-0.0128,1.06
5311,6199,0.7073,0.0931,0.1999,0.4504,0.5084,-0.0129,10.86,178.51,0.78,125439.0,0.0,0.2255,0.0845,-0.0054,-0.0714,0.5371,-0.0124,1.06
5312,6199,0.7078,0.0946,0.1978,0.464,0.4801,-0.0131,11.16,182.43,0.78,126609.0,0.0,0.2233,0.0885,-0.0054,-0.0737,0.5245,-0.0114,1.06
5313,6199,0.7116,0.0934,0.1952,0.4323,0.5291,-0.0107,12.47,193.85,0.78,126181.0,0.0,0.2192,0.0818,-0.0053,-0.0699,0.5037,-0.0125,1.06
5314,6199,0.7165,0.0926,0.1911,0.4465,0.5088,-0.0115,11.28,175.26,0.78,126606.0,0.0,0.2247,0.0832,-0.0054,-0.0706,0.5017,-0.0135,1.06
5315,6199,0.716,0.0939,0.1903,0.4486,0.4907,-0.0128,11.89,178.99,0.78,126263.0,0.0,0.2195,0.086,-0.0051,-0.0718,0.4724,-0.0132,1.06
5316,6199,0.714,0.0932,0.1929,0.4629,0.4955,-0.0116,11.79,169.39,0.78,126323.0,0.0,0.226,0.088,-0.005,-0.0716,0.4541,-0.0126,1.06
5317,6199,0.7126,0.0937,0.1937,0.4322,0.4864,-0.0146,10.97,174.26,0.79,124778.0,0.0,0.2141,0.0836,-0.0048,-0.0676,0.5339,-0.0109,1.06
5318,6199,0.7094,0.0958,0.1948,0.4386,0.4948,-0.0122,11.31,161.2,0.78,125396.0,0.0,0.2162,0.0847,-0.0057,-0.0675,0.5313,-0.0087,1.06
5319,6199,0.7103,0.0947,0.195,0.4314,0.4959,-0.0136,10.36,162.3,0.78,126389.0,0.0,0.2123,0.0812,-0.0044,-0.0684,0.5201,-0.0108,1.06
5320,6199,0.7099,0.0946,0.1955,0.4419,0.502,-0.0107,11.79,178.05,0.78,126543.0,0.0,0.2135,0.0847,-0.005,-0.0696,0.4452,-0.0089,1.06
5321,6199,0.7066,0.0922,0.2012,0.4824,0.4669,-0.0123,10.61,183.06,0.78,126126.0,0.0,0.2172,0.0942,-0.0055,-0.0757,0.4754,-0.0113,1.06
5322,6199,0.7049,0.0928,0.2023,0.4247,0.5003,-0.0143,10.3,162.42,0.78,126290.0,0.0,0.2089,0.0804,-0.0049,-0.0677,0.4679,-0.0108,1.06
5323,6199,0.706,0.0929,0.201,0.4649,0.4914,-0.01,10.2,175.24,0.78,126265.0,0.0,0.2175,0.0903,-0.0055,-0.0728,0.513,-0.0107,1.06
5324,6199,0.7043,0.0936,0.2021,0.4466,0.4835,-0.0148,11.19,165.99,0.79,124526.0,0.0,0.2141,0.0843,-0.0051,-0.0721,0.4453,-0.0087,1.06
5325,6199,0.7077,0.0911,0.2012,0.4633,0.4837,-0.0109,10.88,175.74,0.78,126350.0,0.0,0.2179,0.0898,-0.0054,-0.0757,0.397,-0.0118,1.06
5326,6199,0.704,0.0896,0.2064,0.4574,0.4821,-0.0115,11.22,165.25,0.78,125603.0,0.0,0.2089,0.0883,-0.0057,-0.0711,0.4527,-0.0118,1.06
5327,6199,0.7012,0.0883,0.2106,0.4561,0.496,-0.01,10.97,181.18,0.78,126600.0,0.0,0.2161,0.086,-0.0053,-0.0735,0.4692,-0.0133,1.06
5328,6199,0.7012,0.0878,0.2111,0.4469,0.512,-0.0127,11.45,185.34,0.78,126295.0,0.0,0.2232,0.0849,-0.0048,-0.0724,0.4812,-0.0095,1.06
5329,6199,0.6977,0.0908,0.2119,0.4495,0.495,-0.0105,12.31,173.78,0.78,125526.0,0.0,0.217,0.0882,-0.0055,-0.0689,0.4759,-0.0122,1.06
5330,6199,0.7016,0.0901,0.2088,0.427,0.5023,-0.0129,12.14,172.51,0.78,125875.0,0.0,0.2167,0.0802,-0.0047,-0.0683,0.5661,-0.0082,1.06
5331,6199,0.7056,0.0897,0.2053,0.4292,0.5175,-0.0107,11.81,161.76,0.78,126652.0,0.0,0.2148,0.0829,-0.0054,-0.066,0.47,-0.0084,1.06
5332,6199,0.7058,0.0893,0.2055,0.4635,0.4811,-0.0115,11.03,198.04,0.78,125958.0,0.0,0.2204,0.0931,-0.0059,-0.0708,0.4763,-0.0129,1.06
5333,6199,0.703,0.0892,0.2083,0.4489,0.5029,-0.01,11.56,165.95,0.79,125007.0,0.0,0.2134,0.0869,-0.005,-0.0736,0.4975,-0.0125,1.06
5334,6199,0.6985,0.0907,0.2112,0.4388,0.4611,-0.0158,10.91,195.09,0.78,125503.0,0.0,0.2022,0.0864,-0.0049,-0.0694,0.552,-0.0099,1.06
5335,6199,0.6949,0.0925,0.2131,0.4582,0.4961,-0.0104,11.82,192.33,0.78,126266.0,0.0,0.2189,0.086,-0.0048,-0.0728,0.3771,-0.0128,1.06
5336,6199,0.693,0.091,0.2163,0.4426,0.4838,-0.0118,11.76,174.07,0.78,126043.0,0.0,0.2032,0.0855,-0.0049,-0.0701,0.4513,-0.0131,1.06
5337,6199,0.6895,0.0925,0.2186,0.4304,0.479,-0.015,11.14,158.92,0.78,125774.0,0.0,0.2029,0.0833,-0.0053,-0.0698,0.4194,-0.0108,1.06
5338,6199,0.6909,0.0929,0.2172,0.4384,0.5075,-0.0096,12.34,182.81,0.78,126317.0,0.0,0.2174,0.0819,-0.0051,-0.0687,0.482,-0.0127,1.06
5339,6199,0.6927,0.0915,0.2171,0.4496,0.4693,-0.0143,11.18,183.42,0.78,125831.0,0.0,0.2052,0.0876,-0.0048,-0.0723,0.4428,-0.0126,1.06
5340,6199,0.692,0.0897,0.2196,0.4402,0.477,-0.0154,11.44,178.1,0.78,126331.0,0.0,0.2114,0.0847,-0.005,-0.0691,0.5141,-0.0093,1.06
5341,6199,0.6919,0.0909,0.2181,0.4413,0.5091,-0.0111,11.5,160.19,0.78,125435.0,0.0,0.22,0.083,-0.0052,-0.0688,0.4536,-0.011,1.06
5342,6199,0.6902,0.093,0.2175,0.4477,0.465,-0.0144,11.12,193.05,0.78,126323.0,0.0,0.2084,0.0855,-0.0055,-0.0714,0.4013,-0.0084,1.06
5343,6199,0.6865,0.0919,0.2226,0.4672,0.4922,-0.009,12.35,194.21,0.78,125732.0,0.0,0.2225,0.0912,-0.0058,-0.0741,0.4625,-0.0124,1.06
5344,6199,0.6833,0.091,0.2264,0.4585,0.4596,-0.0152,11.43,199.97,0.78,126073.0,0.0,0.2064,0.0902,-0.0056,-0.0741,0.4468,-0.0127,1.06
5345,6199,0.679,0.0917,0.23,0.4764,0.4773,-0.0109,11.01,179.63,0.78,125976.0,0.0,0.2186,0.0939,-0.0058,-0.075,0.4233,-0.0118,1.06
5346,6199,0.6759,0.0903,0.2345,0.4668,0.4709,-0.0114,11.36,177.1,0.78,125685.0,0.0,0.2168,0.0901,-0.0053,-0.0701,0.3959,-0.0113,1.06
5347,6199,0.6713,0.0912,0.238,0.4744,0.4684,-0.0118,11.8,194.02,0.78,125772.0,0.0,0.2171,0.0927,-0.0057,-0.0732,0.4506,-0.0116,1.06
5348,6199,0.6706,0.0898,0.2402,0.4526,0.4769,-0.0127,12.08,186.99,0.78,125770.0,0.0,0.2143,0.0886,-0.006,-0.0704,0.5707,-0.0124,1.06
5349,6199,0.6699,0.0894,0.2414,0.4592,0.4586,-0.0146,10.66,176.44,0.79,124402.0,0.0,0.2088,0.09,-0.0056,-0.0714,0.4347,-0.0125,1.06
5350,6199,0.6675,0.093,0.2403,0.4442,0.4961,-0.0132,11.94,185.67,0.78,125956.0,0.0,0.2159,0.087,-0.0058,-0.0713,0.4797,-0.0108,1.06
5351,6199,0.6714,0.0931,0.2363,0.4717,0.503,-0.0086,11.93,167.81,0.79,124836.0,0.0,0.2241,0.0911,-0.006,-0.075,0.4223,-0.0087,1.06
5352,6199,0.6784,0.0886,0.2337,0.4455,0.4908,-0.0116,11.65,175.97,0.78,125277.0,0.0,0.2154,0.0861,-0.006,-0.0697,0.3669,-0.0128,1.06
5353,6199,0.6769,0.0873,0.2365,0.4649,0.4741,-0.012,11.09,186.57,0.78,125949.0,0.0,0.2112,0.0921,-0.0064,-0.0723,1.2039,-0.0058,1.06
5354,6199,0.6782,0.0854,0.2371,0.4409,0.4991,-0.0103,11.17,157.74,0.78,125533.0,0.0,0.2128,0.0863,-0.0058,-0.0705,0.4276,-0.0105,1.06
5355,6199,0.6804,0.0825,0.2379,0.4593,0.4808,-0.0107,11.13,189.65,0.78,126100.0,0.0,0.2149,0.0889,-0.0052,-0.0746,0.4949,-0.0118,1.06
5356,6199,0.6768,0.0853,0.2386,0.4614,0.4657,-0.0142,10.7,180.33,0.79,125054.0,0.0,0.2119,0.0893,-0.0057,-0.0766,0.4259,-0.0116,1.06
5357,6199,0.674,0.0883,0.2385,0.4588,0.4691,-0.0131,11.24,179.43,0.8,122662.0,0.0,0.2143,0.0904,-0.0054,-0.0705,0.4357,-0.0124,1.06
5358,6199,0.6758,0.088,0.2367,0.4577,0.4961,-0.0103,11.51,191.89,0.79,124437.0,0.0,0.2213,0.0878,-0.0052,-0.0715,0.4394,-0.0126,1.06
5359,6199,0.6813,0.087,0.2323,0.4517,0.4889,-0.0128,11.07,176.49,0.78,126268.0,0.0,0.215,0.0874,-0.0065,-0.0731,0.4229,-0.0131,1.06
5360,6199,0.6863,0.0864,0.2282,0.4598,0.4851,-0.0116,11.32,179.68,0.79,124195.0,0.0,0.2175,0.0925,-0.0053,-0.0694,0.5177,-0.0123,1.06
5361,6199,0.6853,0.0866,0.2292,0.4417,0.4811,-0.0134,11.92,176.39,0.79,124925.0,0.0,0.2144,0.0846,-0.0049,-0.0714,0.4368,-0.012,1.06
5362,6199,0.6868,0.0864,0.2279,0.4517,0.472,-0.0131,11.24,168.55,0.78,126133.0,0.0,0.2174,0.0883,-0.0055,-0.0697,0.4289,-0.0128,1.06
5363,6199,0.6848,0.0887,0.2276,0.4736,0.4578,-0.0137,12.09,197.19,0.78,126026.0,0.0,0.2209,0.093,-0.0058,-0.0748,0.4474,-0.0124,1.06
5364,6199,0.6848,0.0895,0.2267,0.451,0.4857,-0.0134,9.74,164.13,0.79,124970.0,0.0,0.2165,0.0891,-0.0055,-0.0712,0.4839,-0.0089,1.06
5365,6199,0.6842,0.0906,0.2259,0.4457,0.475,-0.014,9.64,170.63,0.79,124817.0,0.0,0.2184,0.0862,-0.0054,-0.0693,0.4833,-0.0117,1.06
5366,6199,0.68,0.0942,0.2261,0.4521,0.4886,-0.0117,11.42,189.7,0.79,125066.0,0.0,0.2225,0.0893,-0.0058,-0.0694,0.408,-0.0134,1.06
5367,6199,0.6771,0.0954,0.2277,0.4826,0.4718,-0.0103,11.18,163.99,0.78,125952.0,0.0,0.2245,0.0956,-0.0066,-0.0717,0.4047,-0.0122,1.06
5368,6199,0.6769,0.0955,0.2279,0.4513,0.469,-0.0135,11.58,182.4,0.79,124143.0,0.0,0.217,0.0928,-0.0059,-0.0671,0.5429,-0.0133,1.06
5369,6199,0.6755,0.0975,0.2273,0.4538,0.4732,-0.0152,10.88,180.56,0.79,124615.0,0.0,0.2198,0.0864,-0.0049,-0.0725,0.4342,-0.0111,1.06
5370,6199,0.6797,0.096,0.2246,0.4641,0.4737,-0.0103,11.18,183.27,0.79,124526.0,0.0,0.2223,0.0917,-0.0056,-0.0743,0.4848,-0.013,1.06
5371,6199,0.6789,0.0946,0.2268,0.4578,0.4907,-0.0126,11.67,177.58,0.79,124657.0,0.0,0.2172,0.0899,-0.006,-0.074,0.5068,-0.0124,1.06
5372,6199,0.6807,0.0925,0.2272,0.464,0.4566,-0.0138,11.06,175.88,0.78,126324.0,0.0,0.2169,0.0948,-0.0061,-0.0715,0.4662,-0.0133,1.06
5373,6199,0.6796,0.0925,0.2288,0.4436,0.4881,-0.0119,11.33,178.72,0.78,125913.0,0.0,0.2191,0.0891,-0.0053,-0.0689,0.516,-0.0134,1.06
5374,6199,0.6774,0.0913,0.2322,0.4702,0.4866,-0.0107,12.31,189.27,0.79,124570.0,0.0,0.2229,0.0954,-0.0061,-0.0718,0.5423,-0.0122,1.06
5375,6199,0.6778,0.0909,0.232,0.4496,0.474,-0.0137,10.4,154.48,0.78,125866.0,0.0,0.219,0.0906,-0.0052,-0.0678,0.5285,-0.0106,1.06
5376,6199,0.681,0.0918,0.2278,0.4558,0.4862,-0.0108,11.67,195.24,0.78,126660.0,0.0,0.2187,0.0909,-0.0048,-0.0698,0.4728,-0.0127,1.06
5377,6199,0.6868,0.0876,0.2267,0.4386,0.4909,-0.011,11.45,181.49,0.78,125987.0,0.0,0.2147,0.0849,-0.0044,-0.0681,0.4821,-0.0127,1.06
5378,6199,0.6868,0.0858,0.2284,0.4685,0.4508,-0.0142,11.37,188.15,0.79,124699.0,0.0,0.2242,0.0946,-0.0053,-0.0707,0.448,-0.013,1.05
5379,6199,0.6808,0.0887,0.2316,0.4487,0.4764,-0.0131,11.83,185.51,0.78,125705.0,0.0,0.2219,0.0879,-0.0044,-0.0687,0.4728,-0.0125,1.05
5380,6199,0.6793,0.0889,0.2329,0.4436,0.5022,-0.0097,12.02,185.56,0.8,122231.0,0.0,0.2258,0.0842,-0.0051,-0.0683,0.4864,-0.0128,1.05
5381,6199,0.6781,0.088,0.2349,0.4669,0.4667,-0.0124,11.46,161.4,0.78,126294.0,0.0,0.2271,0.0937,-0.0054,-0.069,0.4452,-0.0131,1.05
5382,6199,0.6811,0.0873,0.2326,0.4352,0.5203,-0.008,12.02,160.91,0.79,124064.0,0.0,0.2227,0.0833,-0.0042,-0.067,0.4742,-0.0129,1.05
5383,6199,0.6853,0.0854,0.2302,0.4577,0.487,-0.0109,11.73,176.34,0.8,123380.0,0.0,0.2272,0.0885,-0.0048,-0.0714,0.4573,-0.0112,1.06
5384,6199,0.6844,0.0855,0.2312,0.4532,0.4778,-0.0121,11.64,192.57,0.79,125120.0,0.0,0.2246,0.0891,-0.0055,-0.0682,0.5117,-0.0123,1.06
5385,6199,0.6853,0.0844,0.2315,0.465,0.4826,-0.0123,11.62,174.97,0.79,124901.0,0.0,0.2308,0.0895,-0.0053,-0.0713,0.5745,-0.0127,1.06
5386,6199,0.6873,0.084,0.2299,0.4307,0.519,-0.0092,11.62,167.12,0.78,125863.0,0.0,0.2258,0.0816,-0.0046,-0.0682,0.5071,-0.0116,1.06
5387,6199,0.6903,0.0842,0.2267,0.4523,0.4802,-0.0146,11.9,188.38,0.78,125379.0,0.0,0.2261,0.0872,-0.0046,-0.0687,0.4541,-0.0124,1.06
5388,6199,0.6881,0.0861,0.2271,0.4551,0.4737,-0.0131,10.95,171.1,0.79,124732.0,0.0,0.2267,0.0876,-0.0048,-0.0701,0.4991,-0.0117,1.06
5389,6199,0.6854,0.0878,0.2281,0.4512,0.4813,-0.0123,10.72,170.75,0.78,126735.0,0.0,0.2227,0.0874,-0.0046,-0.0683,0.5505,-0.0112,1.06
5390,6199,0.6887,0.0893,0.2233,0.4504,0.4963,-0.0131,12.54,175.8,0.77,127109.0,0.0,0.2298,0.085,-0.0044,-0.069,0.5624,-0.0111,1.06
5391,6199,0.6924,0.0915,0.2176,0.4382,0.4672,-0.0149,10.84,171.33,0.78,126685.0,0.0,0.2152,0.0839,-0.0046,-0.0677,0.5305,-0.0098,1.06
5392,6199,0.6961,0.0921,0.213,0.4547,0.4938,-0.0108,12.53,203.85,0.77,126847.0,0.0,0.2322,0.0861,-0.0049,-0.0677,0.4952,-0.0127,1.06
5393,6199,0.6982,0.0923,0.2105,0.4316,0.4821,-0.014,11.22,172.94,0.78,125960.0,0.0,0.2151,0.0805,-0.0046,-0.0668,0.5176,-0.0133,1.06
5394,6199,0.6966,0.0934,0.2108,0.4548,0.4666,-0.0135,11.27,176.48,0.78,126640.0,0.0,0.2236,0.088,-0.0048,-0.0704,0.4853,-0.0132,1.06
5395,6199,0.6985,0.0945,0.2075,0.4233,0.5158,-0.0108,10.76,157.32,0.78,125915.0,0.0,0.2202,0.0765,-0.0039,-0.0703,0.4964,-0.0136,1.06
5396,6199,0.7007,0.0916,0.2079,0.4592,0.4951,-0.0096,12.42,184.05,0.78,125304.0,0.0,0.2336,0.0878,-0.005,-0.0701,0.4854,-0.012,1.06
5397,6199,0.6993,0.0908,0.2104,0.4647,0.4908,-0.0113,11.14,189.99,0.78,125614.0,0.0,0.2321,0.089,-0.0055,-0.0716,0.5697,-0.0111,1.06
5398,6199,0.7016,0.0935,0.2056,0.4371,0.5107,-0.0112,11.95,186.48,0.78,126579.0,0.0,0.2246,0.0797,-0.0043,-0.0688,0.4653,-0.0131,1.06
5399,6199,0.7086,0.0927,0.1992,0.4483,0.4911,-0.0123,11.42,183.0,0.78,125431.0,0.0,0.2292,0.0848,-0.0053,-0.0693,0.4818,-0.0115,1.07
5400,6199,0.7067,0.0916,0.2022,0.4578,0.4971,-0.0092,11.39,163.08,0.79,124955.0,0.0,0.2368,0.0857,-0.0048,-0.0679,0.5112,-0.0085,1.06
5401,6199,0.7122,0.0867,0.2013,0.4271,0.512,-0.0107,11.57,183.51,0.78,125539.0,0.0,0.2229,0.0777,-0.0048,-0.0664,0.4555,-0.0111,1.06
5402,6199,0.7126,0.0845,0.2031,0.4486,0.5082,-0.0098,11.73,176.29,0.79,124726.0,0.0,0.228,0.0804,-0.0044,-0.072,0.4348,-0.0102,1.06
5403,6199,0.7081,0.084,0.2081,0.4516,0.4807,-0.0126,11.11,175.0,0.78,126015.0,0.0,0.2245,0.0833,-0.0055,-0.0707,0.4087,-0.0106,1.06
5404,6199,0.7063,0.0835,0.2103,0.4604,0.4922,-0.0106,11.76,167.06,0.78,125260.0,0.0,0.2314,0.0843,-0.0045,-0.0739,0.4339,-0.0087,1.06
5405,6199,0.7032,0.0836,0.2131,0.4608,0.4844,-0.0115,11.04,191.71,0.78,125858.0,0.0,0.2257,0.0844,-0.0049,-0.0752,0.5047,-0.0108,1.06
5406,6199,0.6996,0.0827,0.2178,0.4805,0.4462,-0.0149,10.86,172.35,0.78,125662.0,0.0,0.2256,0.0935,-0.0056,-0.0709,0.4544,-0.0124,1.06
5407,6199,0.6941,0.0834,0.2227,0.4689,0.4635,-0.0133,10.71,179.3,0.78,125464.0,0.0,0.2254,0.0917,-0.0052,-0.0716,0.5608,-0.0126,1.06
5408,6199,0.6886,0.0864,0.2253,0.472,0.4753,-0.0127,12.48,189.1,0.78,126006.0,0.0,0.2342,0.0901,-0.005,-0.0715,0.4678,-0.0118,1.06
5409,6199,0.6873,0.0842,0.2288,0.4486,0.4683,-0.0143,10.55,169.47,0.79,124577.0,0.0,0.2223,0.0844,-0.005,-0.0674,0.4852,-0.0127,1.06
5410,6199,0.6805,0.0872,0.2325,0.493,0.4538,-0.0096,11.91,205.53,0.8,123289.0,0.0,0.2347,0.0966,-0.0054,-0.0711,0.4851,-0.0119,1.06
5411,6199,0.6731,0.0883,0.2388,0.47,0.4603,-0.0126,11.81,203.52,0.78,125309.0,0.0,0.2196,0.0929,-0.0053,-0.0687,0.4781,-0.0126,1.06
5412,6199,0.6668,0.0894,0.244,0.4737,0.4887,-0.0115,11.73,177.82,0.78,126659.0,0.0,0.2307,0.0924,-0.0046,-0.0695,0.4544,-0.0124,1.06
5413,6199,0.6721,0.0861,0.2418,0.4544,0.4856,-0.01,11.04,193.07,0.78,125305.0,0.0,0.2207,0.0852,-0.0043,-0.0702,0.47,-0.0117,1.06
5414,6199,0.6682,0.0849,0.2471,0.4832,0.4545,-0.011,11.11,170.79,0.78,125893.0,0.0,0.2273,0.0971,-0.0054,-0.0683,0.4429,-0.0113,1.06
5415,6199,0.6647,0.0861,0.2494,0.4618,0.465,-0.0128,11.88,192.23,0.78,125783.0,0.0,0.2205,0.0927,-0.0053,-0.0654,0.4387,-0.0121,1.06
5416,6199,0.6638,0.0866,0.2498,0.4625,0.4853,-0.0102,12.37,196.16,0.79,125090.0,0.0,0.223,0.0903,-0.005,-0.0672,0.4398,-0.0087,1.06
5417,6199,0.6646,0.0862,0.2495,0.476,0.4716,-0.0097,11.78,199.38,0.79,125206.0,0.0,0.2276,0.0964,-0.0061,-0.0667,0.5113,-0.0121,1.07
5418,6199,0.6652,0.0881,0.2469,0.439,0.4736,-0.0161,12.05,171.36,0.79,124080.0,0.0,0.2116,0.0844,-0.0049,-0.0654,0.4754,-0.011,1.06
5419,6199,0.6709,0.0905,0.2388,0.4432,0.4977,-0.0127,11.22,185.68,0.79,124729.0,0.0,0.2274,0.0865,-0.0057,-0.066,0.573,-0.0079,1.06
5420,6199,0.6759,0.088,0.2362,0.4635,0.4817,-0.0111,10.87,170.48,0.78,125418.0,0.0,0.2236,0.0896,-0.0051,-0.0718,0.4662,-0.0128,1.06
5421,6199,0.6783,0.0887,0.233,0.4764,0.4827,-0.0104,12.33,190.22,0.78,125576.0,0.0,0.2276,0.0931,-0.0051,-0.0714,0.4903,-0.0139,1.06
5422,6199,0.6761,0.0885,0.2353,0.4516,0.467,-0.0145,12.16,188.64,0.79,124570.0,0.0,0.2239,0.0878,-0.0048,-0.0692,0.4434,-0.0115,1.06
5423,6199,0.6753,0.0876,0.2371,0.4688,0.4954,-0.008,12.21,179.2,0.78,126339.0,0.0,0.2276,0.0918,-0.0045,-0.0699,0.5506,-0.0112,1.06
5424,6199,0.6781,0.0892,0.2326,0.4616,0.4731,-0.0127,11.35,198.05,0.79,125224.0,0.0,0.2253,0.0899,-0.0049,-0.0704,0.4576,-0.012,1.06
5425,6199,0.6793,0.0887,0.232,0.4519,0.4877,-0.0107,11.28,178.6,0.78,125457.0,0.0,0.2252,0.0897,-0.0045,-0.0675,0.4767,-0.0127,1.06
5426,6199,0.6788,0.0882,0.2331,0.4391,0.4839,-0.013,10.7,181.68,0.78,125700.0,0.0,0.2172,0.0862,-0.0054,-0.0661,0.515,-0.0108,1.06
5427,6199,0.686,0.0858,0.2284,0.4283,0.5077,-0.0115,11.63,175.4,0.79,124416.0,0.0,0.2191,0.0818,-0.0042,-0.0666,0.467,-0.01,1.06
5428,6199,0.6906,0.0842,0.2257,0.4593,0.4895,-0.0103,11.55,181.54,0.79,124035.0,0.0,0.2266,0.0946,-0.0051,-0.0694,0.536,-0.0122,1.06
5429,6199,0.6942,0.0845,0.2219,0.4321,0.498,-0.0131,11.61,185.98,0.78,126095.0,0.0,0.2226,0.0844,-0.0051,-0.0685,0.4904,-0.0136,1.06
5430,6199,0.6966,0.0831,0.2208,0.4298,0.4985,-0.0117,11.37,163.71,0.78,125345.0,0.0,0.2159,0.0831,-0.0047,-0.0665,0.5028,-0.0134,1.07
5431,6199,0.6979,0.0832,0.2194,0.428,0.4877,-0.0138,12.05,180.11,0.79,125090.0,0.0,0.2157,0.084,-0.0046,-0.0673,0.4694,-0.0128,1.07
5432,6199,0.6962,0.0834,0.2211,0.4307,0.4974,-0.013,11.09,163.36,0.78,125563.0,0.0,0.2186,0.0828,-0.0045,-0.0682,0.4913,-0.0102,1.07
5433,6199,0.6943,0.0862,0.2203,0.462,0.4757,-0.0129,12.39,187.3,0.78,126211.0,0.0,0.2297,0.0922,-0.0055,-0.0734,0.5296,-0.0112,1.07
5434,6199,0.6924,0.0861,0.2222,0.4715,0.5051,-0.0081,12.41,194.55,0.81,121886.0,0.0,0.2358,0.094,-0.0055,-0.0716,0.4093,-0.0111,1.07
5435,6199,0.6946,0.0818,0.2243,0.4808,0.4984,-0.0082,11.42,184.4,0.79,124754.0,0.0,0.229,0.0973,-0.0055,-0.071,0.5418,-0.0129,1.07
5436,6199,0.6939,0.0812,0.2257,0.463,0.464,-0.0136,10.34,180.54,0.78,125279.0,0.0,0.2187,0.0912,-0.0048,-0.0717,0.4958,-0.0093,1.07
5437,6199,0.6948,0.0791,0.2268,0.4395,0.5118,-0.01,11.7,185.7,0.78,125875.0,0.0,0.2267,0.0868,-0.0053,-0.0661,0.5411,-0.011,1.07
5438,6199,0.6941,0.0787,0.2279,0.4555,0.5117,-0.0087,11.31,169.49,0.78,126271.0,0.0,0.2288,0.0898,-0.0048,-0.0686,0.5491,-0.0119,1.07
5439,6199,0.6998,0.0784,0.2225,0.4428,0.511,-0.0114,11.58,175.98,0.79,124535.0,0.0,0.2293,0.0851,-0.0045,-0.0681,0.4974,-0.0123,1.07
5440,6199,0.7061,0.0776,0.2171,0.4435,0.5074,-0.0113,12.3,190.46,0.78,125844.0,0.0,0.2279,0.0853,-0.0049,-0.0697,0.6327,-0.0129,1.07
5441,6199,0.7061,0.0798,0.2148,0.4442,0.4844,-0.0129,11.91,181.95,0.79,124641.0,0.0,0.221,0.0872,-0.0047,-0.0679,0.5165,-0.0132,1.07
5442,6199,0.7025,0.0796,0.2184,0.4543,0.4885,-0.0102,11.17,199.25,0.78,125282.0,0.0,0.227,0.09,-0.0044,-0.0698,0.433,-0.0132,1.07
5443,6199,0.7026,0.0806,0.2171,0.4311,0.4977,-0.0126,11.16,186.06,0.79,125166.0,0.0,0.2211,0.0813,-0.0055,-0.0693,0.5173,-0.0127,1.07
5444,6199,0.7025,0.0795,0.2182,0.4153,0.5105,-0.0126,11.29,183.92,0.78,125489.0,0.0,0.2202,0.0805,-0.0039,-0.0653,0.5195,-0.0123,1.07
5445,6199,0.7022,0.0829,0.2151,0.4456,0.4988,-0.0117,11.52,170.09,0.79,125032.0,0.0,0.2269,0.0882,-0.0051,-0.068,0.5319,-0.0127,1.07
5446,6199,0.7046,0.0814,0.2142,0.4455,0.517,-0.0111,10.88,166.62,0.79,124649.0,0.0,0.2322,0.0854,-0.0046,-0.0682,0.7994,-0.0093,1.07
5447,6199,0.7076,0.0803,0.2121,0.4435,0.494,-0.0114,11.43,165.52,0.78,125252.0,0.0,0.2255,0.0879,-0.0051,-0.069,0.5486,-0.0118,1.07
5448,6199,0.7066,0.0832,0.2102,0.4497,0.4937,-0.0123,11.44,170.21,0.79,123835.0,0.0,0.226,0.0903,-0.0048,-0.0675,0.478,-0.0084,1.07
5449,6199,0.7047,0.0854,0.2099,0.4614,0.4868,-0.0148,10.5,181.14,0.79,124898.0,0.0,0.2329,0.0913,-0.0044,-0.0731,0.5483,-0.0113,1.07
5450,6199,0.7022,0.0891,0.2087,0.4487,0.4961,-0.0113,12.01,197.9,0.79,124178.0,0.0,0.2253,0.0876,-0.0043,-0.0714,0.5382,-0.0103,1.07
5451,6199,0.7016,0.0864,0.2124,0.4832,0.4834,-0.0102,11.48,180.7,0.8,123484.0,0.0,0.2334,0.0969,-0.005,-0.0742,0.4305,-0.0081,1.07
5452,6199,0.7007,0.0853,0.2148,0.4577,0.5146,-0.0106,13.0,189.28,0.78,125264.0,0.0,0.2353,0.0886,-0.005,-0.0714,0.5419,-0.0127,1.07
5453,6199,0.7023,0.0837,0.2146,0.4641,0.5036,-0.0102,12.08,167.93,0.79,125021.0,0.0,0.2301,0.0899,-0.0061,-0.0737,0.4803,-0.0134,1.07
5454,6199,0.7051,0.0809,0.2145,0.4673,0.4991,-0.0117,12.51,183.56,0.79,123814.0,0.0,0.2335,0.0924,-0.0055,-0.0725,0.4901,-0.013,1.07
5455,6199,0.7055,0.0807,0.2143,0.4876,0.4808,-0.011,12.0,196.52,0.79,123728.0,0.0,0.2373,0.1005,-0.0054,-0.0739,0.4754,-0.0111,1.07
5456,6199,0.7029,0.081,0.2166,0.4487,0.4936,-0.012,11.03,160.17,0.79,123878.0,0.0,0.2271,0.0878,-0.0054,-0.0714,0.4863,-0.0119,1.07
5457,6199,0.7043,0.0827,0.2137,0.4687,0.493,-0.0126,12.19,197.5,0.8,122818.0,0.0,0.2291,0.0955,-0.0056,-0.07,0.538,-0.0125,1.07
5458,6199,0.7013,0.0825,0.2171,0.4838,0.4655,-0.0114,11.14,187.19,0.79,124290.0,0.0,0.2274,0.1019,-0.0058,-0.0709,0.4613,-0.0127,1.07
5459,6199,0.692,0.0831,0.226,0.4916,0.4707,-0.0088,12.35,193.69,0.8,122509.0,0.0,0.2292,0.1001,-0.0049,-0.0726,0.4845,-0.0128,1.07
5460,6199,0.6903,0.0807,0.2304,0.4714,0.4833,-0.0118,11.89,176.96,0.79,123819.0,0.0,0.2271,0.0975,-0.0056,-0.0691,0.5062,-0.0131,1.07
5461,6199,0.6893,0.083,0.2292,0.4606,0.4798,-0.0139,11.81,179.75,0.79,124714.0,0.0,0.222,0.0945,-0.0052,-0.0662,0.4949,-0.0118,1.07
5462,6199,0.6927,0.0851,0.2234,0.4648,0.5027,-0.0117,11.45,185.18,0.8,122633.0,0.0,0.2295,0.0984,-0.0048,-0.0661,0.5602,-0.0127,1.07
5463,6199,0.6934,0.0847,0.2231,0.4668,0.5022,-0.0098,11.91,178.03,0.79,124128.0,0.0,0.2335,0.0941,-0.0049,-0.0692,0.5517,-0.0133,1.07
5464,6199,0.6978,0.0826,0.2207,0.4534,0.4868,-0.0143,10.74,173.77,0.79,123671.0,0.0,0.2179,0.0922,-0.0056,-0.0678,0.5029,-0.0094,1.07
5465,6199,0.6976,0.0835,0.22,0.4434,0.4922,-0.0128,11.3,169.29,0.79,124793.0,0.0,0.2173,0.0879,-0.005,-0.0662,0.5033,-0.0083,1.07
5466,6199,0.6956,0.0848,0.22,0.4593,0.4907,-0.0117,10.77,168.55,0.79,124306.0,0.0,0.2196,0.0893,-0.0045,-0.072,0.4985,-0.0099,1.07
5467,6199,0.6977,0.0836,0.2191,0.4556,0.5189,-0.0088,11.63,175.53,0.8,122512.0,0.0,0.2286,0.0918,-0.0054,-0.0695,0.4788,-0.0086,1.07
5468,6199,0.6965,0.0836,0.2204,0.4804,0.4841,-0.0103,11.88,190.74,0.8,123128.0,0.0,0.2337,0.0977,-0.0056,-0.0675,0.4226,-0.0121,1.07
5469,6199,0.6907,0.0842,0.2257,0.4719,0.4967,-0.0094,11.39,151.94,0.81,120924.0,0.0,0.2286,0.0938,-0.0047,-0.0708,0.4304,-0.0135,1.07
5470,6199,0.6942,0.0817,0.2246,0.4486,0.497,-0.0114,10.41,172.88,0.78,125328.0,0.0,0.2195,0.0878,-0.0046,-0.0697,0.4575,-0.0122,1.07
5471,6199,0.6942,0.082,0.2243,0.4375,0.5085,-0.0096,10.85,165.24,0.79,125139.0,0.0,0.222,0.0842,-0.0042,-0.07,0.4859,-0.0126,1.07
5472,6199,0.6989,0.0816,0.2199,0.4547,0.4777,-0.0123,11.1,173.53,0.79,124804.0,0.0,0.2228,0.0906,-0.0049,-0.0672,0.4121,-0.0126,1.07
5473,6199,0.7025,0.0806,0.2175,0.4415,0.5119,-0.0102,10.75,164.31,0.79,124636.0,0.0,0.2218,0.0845,-0.0047,-0.0689,0.4452,-0.0124,1.07
5474,6199,0.7073,0.0807,0.2127,0.4564,0.4952,-0.0109,11.47,185.31,0.79,123796.0,0.0,0.2251,0.0887,-0.0044,-0.0713,0.5444,-0.0119,1.07
5475,6199,0.7079,0.0794,0.2133,0.4678,0.4906,-0.0098,11.8,178.36,0.79,124229.0,0.0,0.23,0.0927,-0.0046,-0.0702,0.5637,-0.0115,1.07
5476,6199,0.7064,0.0798,0.2142,0.4335,0.4915,-0.0139,11.14,165.53,0.79,124802.0,0.0,0.2199,0.0854,-0.0043,-0.0673,0.5981,-0.0105,1.07
5477,6199,0.7017,0.0847,0.2141,0.4361,0.4848,-0.0143,11.92,182.08,0.78,125252.0,0.0,0.2216,0.0848,-0.0046,-0.0678,0.5288,-0.0107,1.07
5478,6199,0.7002,0.0847,0.2156,0.4288,0.4836,-0.0138,10.96,159.44,0.78,125615.0,0.0,0.212,0.0856,-0.005,-0.0643,0.4974,-0.0119,1.07
5479,6199,0.6974,0.0857,0.2174,0.4705,0.4872,-0.0098,12.22,149.25,0.79,124309.0,0.0,0.2303,0.0928,-0.0047,-0.0722,0.4812,-0.0121,1.07
5480,6199,0.6978,0.0839,0.2189,0.4385,0.4814,-0.0139,11.18,190.02,0.79,124860.0,0.0,0.2168,0.0845,-0.0043,-0.068,0.5188,-0.0128,1.07
5481,6199,0.6968,0.0838,0.2201,0.4406,0.5017,-0.0106,11.99,165.38,0.8,123192.0,0.0,0.2224,0.084,-0.0045,-0.0684,0.5248,-0.0134,1.07
5482,6199,0.7,0.0822,0.2186,0.422,0.4922,-0.0151,11.29,159.13,0.79,124112.0,0.0,0.2149,0.0816,-0.0043,-0.0652,0.588,-0.0123,1.07
5483,6199,0.6998,0.0841,0.2168,0.4343,0.4932,-0.0123,11.26,172.33,0.78,125419.0,0.0,0.2175,0.0828,-0.0047,-0.0645,0.4744,-0.0109,1.07
5484,6199,0.7,0.0847,0.2158,0.4454,0.4783,-0.013,10.44,163.93,0.79,123907.0,0.0,0.2199,0.0879,-0.0048,-0.0667,0.5128,-0.0125,1.07
5485,6199,0.6945,0.0884,0.2174,0.4559,0.4665,-0.0129,11.23,171.48,0.79,124099.0,0.0,0.2196,0.0912,-0.005,-0.0675,0.4695,-0.013,1.07
5486,6199,0.6895,0.0908,0.22,0.4265,0.4942,-0.0116,11.54,169.85,0.79,124927.0,0.0,0.2136,0.0801,-0.0046,-0.0668,0.5251,-0.012,1.07
5487,6199,0.6865,0.091,0.2228,0.4489,0.497,-0.0091,12.07,171.03,0.79,124974.0,0.0,0.2191,0.0871,-0.0045,-0.0669,0.4361,-0.0134,1.07
5488,6199,0.6895,0.0909,0.2198,0.4309,0.4955,-0.0119,11.62,174.55,0.8,123117.0,0.0,0.2176,0.0819,-0.0042,-0.0653,0.405,-0.0116,1.07
5489,6199,0.6869,0.092,0.2214,0.454,0.4735,-0.0122,11.01,166.38,0.79,124341.0,0.0,0.2234,0.0874,-0.0046,-0.0685,0.4703,-0.0119,1.07
5490,6199,0.686,0.0888,0.2258,0.4688,0.4868,-0.0074,11.39,183.92,0.79,124514.0,0.0,0.2271,0.0895,-0.0054,-0.0701,0.4796,-0.0128,1.07
5491,6199,0.6864,0.0864,0.2279,0.4446,0.4856,-0.0133,11.24,188.51,0.8,122739.0,0.0,0.2204,0.0845,-0.0049,-0.0711,0.4711,-0.0122,1.07
5492,6199,0.687,0.0876,0.2263,0.4517,0.5026,-0.0105,11.74,195.61,0.8,122222.0,0.0,0.2319,0.0863,-0.0046,-0.0683,0.5079,-0.0133,1.07
5493,6199,0.685,0.0868,0.229,0.4559,0.4652,-0.0133,10.99,152.48,0.79,124184.0,0.0,0.2251,0.0882,-0.0045,-0.0679,0.5824,-0.0126,1.07
5494,6199,0.6878,0.0888,0.2242,0.4359,0.4967,-0.0124,11.69,166.0,0.79,123855.0,0.0,0.2171,0.0841,-0.0048,-0.0659,0.4883,-0.0111,1.07
5495,6199,0.6933,0.0881,0.2192,0.4647,0.4825,-0.0115,12.01,178.53,0.79,123784.0,0.0,0.2281,0.0916,-0.005,-0.067,0.5215,-0.0111,1.07
5496,6199,0.6912,0.0882,0.221,0.4711,0.4678,-0.0122,11.64,186.73,0.79,125126.0,0.0,0.2332,0.0905,-0.0049,-0.0697,0.5211,-0.0098,1.07
5497,6199,0.6888,0.0885,0.2234,0.4549,0.4809,-0.013,11.23,176.91,0.8,123448.0,0.0,0.2258,0.0855,-0.0048,-0.0696,0.5089,-0.0112,1.07
5498,6199,0.6885,0.0858,0.2265,0.4826,0.4608,-0.0129,11.21,185.52,0.79,123822.0,0.0,0.2289,0.0968,-0.0058,-0.0683,0.4912,-0.0126,1.07
5499,6199,0.6833,0.0856,0.2318,0.4814,0.4932,-0.0103,12.43,182.15,0.79,124500.0,0.0,0.2414,0.0933,-0.0046,-0.0694,0.5339,-0.0113,1.07
5500,6199,0.6807,0.0869,0.2327,0.4356,0.4957,-0.0135,11.32,180.64,0.79,123789.0,0.0,0.2212,0.0852,-0.005,-0.0627,0.5071,-0.0119,1.07
5501,6199,0.6824,0.0853,0.2326,0.4616,0.4817,-0.0107,11.74,184.91,0.79,124000.0,0.0,0.2259,0.0913,-0.0049,-0.0682,0.458,-0.0135,1.07
5502,6199,0.6834,0.084,0.2328,0.4676,0.4821,-0.011,11.81,186.97,0.79,124337.0,0.0,0.2311,0.0906,-0.0054,-0.0683,0.4306,-0.0117,1.07
5503,6199,0.6845,0.0811,0.2347,0.468,0.4841,-0.0095,11.01,187.08,0.79,124323.0,0.0,0.227,0.0918,-0.0053,-0.0683,0.4379,-0.0133,1.07
5504,6199,0.6807,0.0833,0.2363,0.4762,0.4564,-0.0144,12.27,180.75,0.8,122873.0,0.0,0.2284,0.0956,-0.005,-0.0679,0.4738,-0.0089,1.07
5505,6199,0.6776,0.086,0.2368,0.4802,0.4794,-0.0105,11.77,182.22,0.79,124833.0,0.0,0.2343,0.0982,-0.005,-0.0645,0.5205,-0.0082,1.07
5506,6199,0.6777,0.0853,0.2375,0.4874,0.4757,-0.012,11.51,189.66,0.79,123864.0,0.0,0.2335,0.1001,-0.0048,-0.0654,0.5062,-0.0111,1.07
5507,6199,0.6813,0.0833,0.236,0.4782,0.4955,-0.01,12.51,206.44,0.8,123454.0,0.0,0.2336,0.0948,-0.0049,-0.0687,0.5939,-0.013,1.07
5508,6199,0.6824,0.0849,0.2335,0.4657,0.4603,-0.0136,11.46,182.47,0.81,122023.0,0.0,0.2255,0.0937,-0.0052,-0.064,0.5156,-0.0122,1.07
5509,6199,0.6805,0.0853,0.2349,0.4588,0.5111,-0.0086,12.46,178.82,0.79,125187.0,0.0,0.232,0.0906,-0.0048,-0.0668,0.5659,-0.0113,1.07
5510,6199,0.6848,0.0836,0.2322,0.4688,0.4946,-0.0105,11.43,188.75,0.79,125185.0,0.0,0.2313,0.0934,-0.0054,-0.0636,0.4746,-0.0129,1.07
5511,6199,0.6869,0.0848,0.2287,0.4324,0.5094,-0.0116,11.25,154.9,0.78,125281.0,0.0,0.2239,0.0838,-0.0046,-0.0638,0.5451,-0.0129,1.07
5512,6199,0.691,0.083,0.2263,0.4252,0.5129,-0.012,11.51,156.13,0.79,124527.0,0.0,0.2237,0.0841,-0.0044,-0.0626,0.5293,-0.0129,1.07
5513,6199,0.6946,0.083,0.2228,0.4562,0.5048,-0.0107,12.02,182.27,0.79,124181.0,0.0,0.232,0.0891,-0.0049,-0.0648,0.5134,-0.0126,1.07
5514,6199,0.7008,0.0818,0.2179,0.4414,0.5078,-0.0108,11.74,174.28,0.79,124268.0,0.0,0.2244,0.0872,-0.0044,-0.062,0.4806,-0.0136,1.07
5515,6199,0.7019,0.0822,0.2164,0.4424,0.5063,-0.0116,12.16,190.95,0.79,124409.0,0.0,0.2253,0.0839,-0.005,-0.0667,0.4865,-0.013,1.07
5516,6199,0.7033,0.0828,0.2148,0.4425,0.5232,-0.0091,12.32,183.81,0.79,124682.0,0.0,0.2297,0.088,-0.0055,-0.0643,0.5332,-0.0128,1.07
5517,6199,0.7071,0.0811,0.2125,0.4367,0.4949,-0.0139,11.47,174.75,0.8,122899.0,0.0,0.2243,0.0852,-0.0053,-0.0636,0.5504,-0.0128,1.07
5518,6199,0.7079,0.0815,0.2116,0.4511,0.5106,-0.0111,11.4,172.16,0.8,122611.0,0.0,0.2304,0.0891,-0.0059,-0.0656,0.6201,-0.0097,1.07
5519,6199,0.7087,0.0836,0.2086,0.427,0.4951,-0.0158,11.35,166.85,0.79,123799.0,0.0,0.2182,0.0841,-0.0049,-0.0625,0.5508,-0.0083,1.07
5520,6199,0.7062,0.0844,0.2104,0.4588,0.5016,-0.0095,12.09,178.15,0.79,123913.0,0.0,0.2316,0.0914,-0.0051,-0.0636,0.5794,-0.0133,1.07
5521,6199,0.7085,0.0842,0.2084,0.4274,0.5074,-0.013,11.43,175.42,0.79,124498.0,0.0,0.2207,0.084,-0.0045,-0.0615,0.5944,-0.0129,1.07
5522,6199,0.7065,0.0867,0.2079,0.4293,0.5204,-0.0116,11.8,173.4,0.78,125231.0,0.0,0.2198,0.085,-0.0054,-0.0652,0.6296,-0.0129,1.07
5523,6199,0.7049,0.086,0.21,0.4243,0.4905,-0.0144,11.32,166.82,0.79,124458.0,0.0,0.2183,0.0842,-0.005,-0.0592,0.6062,-0.0129,1.07
5524,6199,0.7062,0.0863,0.2083,0.438,0.5016,-0.0126,11.74,170.71,0.79,125209.0,0.0,0.2223,0.0866,-0.0047,-0.0638,0.6193,-0.0131,1.07
5525,6199,0.7054,0.0881,0.2074,0.4408,0.4998,-0.0139,11.72,175.37,0.79,124074.0,0.0,0.2274,0.087,-0.0046,-0.0639,0.5254,-0.0119,1.07
5526,6199,0.7067,0.0913,0.2027,0.4248,0.5202,-0.0107,12.48,164.25,0.79,124802.0,0.0,0.2253,0.0814,-0.0049,-0.061,0.6343,-0.0135,1.07
5527,6199,0.7092,0.0909,0.2006,0.4224,0.5121,-0.0127,11.86,163.45,0.78,125403.0,0.0,0.2231,0.0801,-0.0047,-0.0649,0.4991,-0.0124,1.07
5528,6199,0.7071,0.0904,0.203,0.4307,0.5048,-0.0113,11.97,169.36,0.79,124583.0,0.0,0.2272,0.0821,-0.0043,-0.0633,0.551,-0.0125,1.08
5529,6199,0.7119,0.0897,0.1991,0.4217,0.5123,-0.013,10.82,167.7,0.79,125122.0,0.0,0.2225,0.0774,-0.0047,-0.0635,0.6522,-0.0061,1.08
5530,6199,0.7148,0.0893,0.1967,0.4261,0.5155,-0.0119,11.11,154.25,0.79,124692.0,0.0,0.2266,0.082,-0.0044,-0.0643,0.549,-0.0078,1.08
5531,6199,0.7143,0.0898,0.1969,0.4334,0.502,-0.0118,11.58,174.08,0.79,124394.0,0.0,0.2238,0.0842,-0.0047,-0.0686,0.5126,-0.0123,1.08
5532,6199,0.7156,0.0871,0.1983,0.446,0.5033,-0.0115,10.82,162.71,0.79,124879.0,0.0,0.2275,0.0858,-0.0047,-0.0654,0.5235,-0.0125,1.08
5533,6199,0.7205,0.0854,0.1951,0.4113,0.5377,-0.0114,11.24,158.04,0.79,124570.0,0.0,0.2212,0.0751,-0.0043,-0.064,0.5094,-0.0116,1.07
5534,6199,0.7257,0.0834,0.1917,0.4346,0.5177,-0.0095,11.07,178.96,0.79,124290.0,0.0,0.2213,0.0791,-0.0042,-0.0682,0.5671,-0.0086,1.07
5535,6199,0.7278,0.0836,0.1891,0.4064,0.5274,-0.0134,11.15,164.07,0.78,126522.0,0.0,0.2179,0.0729,-0.0039,-0.0695,0.584,-0.0119,1.08
5536,6199,0.7186,0.091,0.1909,0.4137,0.4753,-0.0192,10.46,167.2,0.79,125030.0,0.0,0.2082,0.0758,-0.0039,-0.0677,0.4783,-0.0132,1.08
5537,6199,0.712,0.097,0.1914,0.4237,0.4964,-0.0141,10.92,195.06,0.79,124612.0,0.0,0.213,0.08,-0.0044,-0.068,0.5552,-0.0119,1.08
5538,6199,0.705,0.0969,0.1989,0.4246,0.5082,-0.0113,11.23,147.25,0.78,125598.0,0.0,0.2192,0.0782,-0.0046,-0.0696,0.5222,-0.0089,1.08
5539,6199,0.7029,0.0962,0.2016,0.4606,0.4868,-0.0115,11.92,179.41,0.78,125548.0,0.0,0.2251,0.0865,-0.0047,-0.0752,0.4982,-0.0115,1.08
5540,6199,0.7044,0.0927,0.2038,0.4365,0.5084,-0.0112,11.61,164.48,0.77,126957.0,0.0,0.2272,0.0805,-0.0044,-0.0697,0.5196,-0.0136,1.08
5541,6199,0.7074,0.0925,0.2009,0.4309,0.5054,-0.0128,11.19,175.69,0.79,124336.0,0.0,0.2227,0.0817,-0.0044,-0.0676,0.5777,-0.0141,1.08
5542,6199,0.7065,0.0903,0.2042,0.4413,0.5065,-0.0108,10.79,157.91,0.78,125544.0,0.0,0.228,0.0805,-0.0044,-0.0738,0.4976,-0.0124,1.08
5543,6199,0.7097,0.0894,0.2019,0.4359,0.5096,-0.0125,11.82,182.55,0.81,121821.0,0.0,0.2264,0.0806,-0.0038,-0.0705,0.5137,-0.0133,1.08
5544,6199,0.7125,0.0881,0.2002,0.4194,0.5263,-0.0108,11.68,177.11,0.82,120441.0,0.0,0.226,0.076,-0.0047,-0.0723,0.5175,-0.0141,1.08
5545,6199,0.7153,0.0886,0.1968,0.4313,0.5126,-0.0136,11.25,158.22,0.81,120667.0,0.0,0.225,0.0812,-0.0048,-0.0689,0.5491,-0.0118,1.08
5546,6199,0.7191,0.09,0.1917,0.4334,0.5292,-0.0123,11.83,169.16,0.8,122187.0,0.0,0.2317,0.0791,-0.0042,-0.0731,0.5071,-0.013,1.08
5547,6199,0.7229,0.0891,0.1886,0.4386,0.532,-0.0101,11.92,172.83,0.8,123564.0,0.0,0.2316,0.079,-0.0039,-0.0738,0.5302,-0.0131,1.08
5548,6199,0.7265,0.0905,0.1835,0.4296,0.5175,-0.0124,11.43,163.6,0.8,123378.0,0.0,0.2275,0.0779,-0.004,-0.0731,0.5257,-0.0106,1.08
5549,6199,0.7297,0.0891,0.1817,0.4291,0.5229,-0.0109,11.17,138.6,0.79,124428.0,0.0,0.229,0.0778,-0.0045,-0.0733,0.5628,-0.0094,1.08
5550,6199,0.7295,0.091,0.1798,0.4364,0.5017,-0.0147,11.25,168.59,0.79,125204.0,0.0,0.2272,0.0817,-0.0049,-0.072,0.4964,-0.0129,1.08
5551,6199,0.7289,0.0913,0.18,0.4114,0.5379,-0.0118,11.58,173.51,0.82,120586.0,0.0,0.2204,0.0744,-0.0043,-0.0681,0.4976,-0.0123,1.08
5552,6199,0.7301,0.0891,0.181,0.4497,0.5074,-0.0092,12.35,193.02,0.8,122760.0,0.0,0.232,0.0838,-0.0055,-0.0735,0.4502,-0.0122,1.08
5553,6199,0.7339,0.085,0.1817,0.4334,0.5194,-0.0105,10.51,152.07,0.78,125701.0,0.0,0.2307,0.0818,-0.0046,-0.0719,0.4329,-0.0131,1.08
5554,6199,0.7317,0.0841,0.1853,0.454,0.5045,-0.0096,12.72,195.21,0.8,122221.0,0.0,0.2309,0.084,-0.0053,-0.075,0.4307,-0.0127,1.08
5555,6199,0.7309,0.083,0.1876,0.462,0.4858,-0.0126,12.23,192.49,0.81,121952.0,0.0,0.2358,0.0857,-0.0053,-0.077,0.4533,-0.0103,1.08
5556,6199,0.7272,0.0833,0.1909,0.4627,0.4989,-0.0104,11.11,162.53,0.81,121405.0,0.0,0.2366,0.0851,-0.0048,-0.0765,0.434,-0.0086,1.08
5557,6199,0.7269,0.0822,0.1926,0.4693,0.4838,-0.011,10.55,189.84,0.82,120293.0,0.0,0.2293,0.088,-0.0046,-0.0773,0.4706,-0.0112,1.08
5558,6199,0.7259,0.0827,0.193,0.4217,0.5109,-0.0138,10.4,159.57,0.81,121955.0,0.0,0.2172,0.0784,-0.0039,-0.0707,0.4511,-0.0131,1.08
5559,6199,0.7211,0.0839,0.1965,0.4646,0.4986,-0.0104,11.52,179.37,0.8,122243.0,0.0,0.2327,0.0897,-0.0048,-0.0721,0.4189,-0.0137,1.08
5560,6199,0.7159,0.0825,0.2029,0.4829,0.48,-0.0106,11.13,183.44,0.81,121745.0,0.0,0.2348,0.0941,-0.005,-0.0743,0.5012,-0.0128,1.08
5561,6199,0.7108,0.0811,0.2086,0.4674,0.4988,-0.0113,12.38,191.62,0.81,121954.0,0.0,0.2288,0.0938,-0.0051,-0.0723,0.5244,-0.012,1.08
5562,6199,0.7075,0.0822,0.2107,0.4661,0.4811,-0.0121,12.69,208.06,0.81,121846.0,0.0,0.2271,0.0944,-0.0052,-0.0703,0.557,-0.0117,1.08
5563,6199,0.7023,0.0803,0.2174,0.4757,0.4763,-0.0108,11.7,180.39,0.81,122103.0,0.0,0.2357,0.0929,-0.0051,-0.0731,0.5066,-0.0132,1.08
5564,6199,0.7007,0.0803,0.2195,0.4623,0.4911,-0.0131,11.32,190.11,0.81,121606.0,0.0,0.2284,0.0917,-0.0049,-0.0698,0.5276,-0.0134,1.08
5565,6199,0.6982,0.0808,0.2215,0.4593,0.4873,-0.012,11.87,176.62,0.81,120783.0,0.0,0.2295,0.0904,-0.0053,-0.0706,0.5361,-0.0129,1.08
5566,6199,0.7049,0.0809,0.2148,0.4431,0.5322,-0.0102,11.42,168.87,0.81,121416.0,0.0,0.2312,0.0848,-0.0044,-0.0683,0.5615,-0.0126,1.08
5567,6199,0.7074,0.0823,0.2108,0.455,0.5006,-0.0124,12.66,202.49,0.82,120587.0,0.0,0.2291,0.0888,-0.0046,-0.0713,0.5363,-0.0127,1.08
5568,6199,0.7068,0.0824,0.2112,0.4407,0.5138,-0.0122,12.0,169.1,0.81,121921.0,0.0,0.2173,0.0851,-0.0045,-0.0691,0.472,-0.0141,1.08
5569,6199,0.7071,0.0819,0.2114,0.439,0.5202,-0.0101,12.33,177.79,0.82,120206.0,0.0,0.2298,0.0827,-0.0038,-0.0679,0.4604,-0.0136,1.08
5570,6199,0.7078,0.0825,0.2102,0.4408,0.5127,-0.0107,11.62,149.74,0.81,121891.0,0.0,0.2251,0.085,-0.0045,-0.0667,0.5154,-0.0085,1.08
5571,6199,0.7068,0.0845,0.2089,0.435,0.4896,-0.0149,10.88,178.83,0.93,106141.0,0.0,0.2156,0.0828,-0.0046,-0.0676,0.5789,-0.0083,1.08
5572,6199,0.706,0.0868,0.2074,0.4373,0.5006,-0.0138,10.6,168.82,0.82,119436.0,0.0,0.2233,0.083,-0.0037,-0.0669,0.5398,-0.0117,1.08
5573,6199,0.7093,0.086,0.205,0.433,0.4986,-0.0146,11.29,174.53,0.83,118531.0,0.0,0.22,0.0794,-0.0038,-0.0674,0.5377,-0.0124,1.08
5574,6199,0.7052,0.084,0.2111,0.4591,0.4674,-0.0125,11.06,167.34,0.79,123716.0,0.0,0.2191,0.0867,-0.0042,-0.0687,0.4435,-0.0122,1.08
5575,6199,0.7027,0.0838,0.2137,0.4734,0.4687,-0.012,11.68,165.85,0.84,116757.0,0.0,0.2285,0.0914,-0.0047,-0.0703,0.4887,-0.0117,1.08
5576,6199,0.7028,0.0827,0.2148,0.4425,0.4787,-0.0131,11.54,194.16,0.85,115277.0,0.0,0.2196,0.0838,-0.0039,-0.0663,0.4638,-0.0084,1.08
5577,6199,0.699,0.0825,0.2187,0.4556,0.4764,-0.0125,11.4,171.52,0.84,117595.0,0.0,0.2259,0.0886,-0.0045,-0.0689,0.4894,-0.0123,1.08
5578,6199,0.6987,0.0836,0.2179,0.4615,0.4749,-0.0127,11.86,185.75,0.86,114093.0,0.0,0.2269,0.0872,-0.0044,-0.0709,0.4753,-0.0123,1.08
5579,6199,0.7005,0.0834,0.2164,0.4452,0.4852,-0.0132,10.55,178.18,0.87,113108.0,0.0,0.2243,0.0831,-0.0045,-0.068,0.527,-0.0126,1.08
5580,6199,0.6991,0.0861,0.215,0.4552,0.4621,-0.015,10.37,176.47,0.84,117078.0,0.0,0.2241,0.0866,-0.0043,-0.0678,0.495,-0.0131,1.08
5581,6199,0.6954,0.0883,0.2163,0.4508,0.5144,-0.0107,11.6,167.87,0.83,118075.0,0.0,0.2352,0.0826,-0.004,-0.07,0.5082,-0.0137,1.08
5582,6199,0.6951,0.0887,0.2162,0.4358,0.4952,-0.0112,10.47,157.84,0.83,118222.0,0.0,0.2193,0.0813,-0.0034,-0.0655,0.4628,-0.0115,1.08
5583,6199,0.695,0.0887,0.2164,0.4362,0.5068,-0.0111,10.14,177.88,0.88,111619.0,0.0,0.2234,0.0785,-0.0038,-0.0682,0.4986,-0.0103,1.08
5584,6199,0.6912,0.0891,0.2197,0.4635,0.4931,-0.0104,11.72,176.6,0.79,123821.0,0.0,0.236,0.0844,-0.0033,-0.0727,0.4756,-0.0119,1.08
5585,6199,0.6912,0.0906,0.2182,0.4199,0.5051,-0.0132,11.03,149.12,0.79,125180.0,0.0,0.2183,0.0763,-0.004,-0.0638,0.5537,-0.0129,1.08
5586,6199,0.6927,0.0939,0.2137,0.4246,0.4903,-0.0146,11.44,154.7,0.78,126364.0,0.0,0.2172,0.0772,-0.0042,-0.0663,0.4744,-0.0112,1.08
5587,6199,0.6953,0.091,0.2139,0.4373,0.516,-0.009,10.49,182.17,0.79,124686.0,0.0,0.2253,0.0798,-0.0036,-0.0681,0.5339,-0.0125,1.08
5588,6199,0.7007,0.0882,0.2114,0.4182,0.4965,-0.0138,11.62,170.57,0.81,121850.0,0.0,0.2158,0.0744,-0.0034,-0.0657,0.5422,-0.0122,1.08
5589,6199,0.7019,0.088,0.2102,0.4338,0.5028,-0.0111,12.35,173.75,0.79,125124.0,0.0,0.2236,0.0768,-0.0038,-0.0674,0.543,-0.0111,1.08
5590,6199,0.7041,0.0877,0.2083,0.4375,0.4958,-0.014,11.87,185.92,0.8,122718.0,0.0,0.2216,0.0804,-0.0039,-0.0676,0.6208,-0.0124,1.08
5591,6199,0.7078,0.0878,0.2044,0.4282,0.502,-0.0143,10.42,165.33,0.82,119655.0,0.0,0.2227,0.0786,-0.004,-0.0631,0.5346,-0.0123,1.08
5592,6199,0.7106,0.0882,0.2012,0.438,0.4908,-0.0126,11.16,173.38,0.83,119002.0,0.0,0.222,0.0799,-0.0042,-0.0686,0.651,-0.0101,1.08
5593,6199,0.7091,0.0901,0.201,0.4441,0.4985,-0.0133,10.99,166.76,0.78,126322.0,0.0,0.2322,0.081,-0.0044,-0.0663,0.5307,-0.0115,1.08
5594,6199,0.7081,0.0903,0.2019,0.4239,0.5093,-0.0136,12.67,172.51,0.8,122997.0,0.0,0.2215,0.078,-0.004,-0.0645,0.5402,-0.0124,1.08
5595,6199,0.7165,0.0898,0.1938,0.4218,0.5312,-0.0132,11.82,171.08,0.78,126109.0,0.0,0.2305,0.075,-0.0036,-0.0653,0.6064,-0.0127,1.08
5596,6199,0.7205,0.0903,0.1892,0.4383,0.5062,-0.0139,11.47,175.58,0.78,126331.0,0.0,0.2292,0.0782,-0.0036,-0.0698,0.5231,-0.0104,1.08
5597,6199,0.7249,0.0903,0.1848,0.424,0.5142,-0.0129,10.32,162.63,0.78,125327.0,0.0,0.223,0.0767,-0.0035,-0.0657,0.5343,-0.0119,1.08
5598,6199,0.7265,0.0914,0.1821,0.4461,0.5026,-0.0115,11.97,181.14,0.78,126519.0,0.0,0.2294,0.0788,-0.004,-0.0711,0.4661,-0.0126,1.08
5599,6199,0.7227,0.0934,0.184,0.4257,0.5044,-0.0132,11.73,172.46,0.78,125409.0,0.0,0.2232,0.0765,-0.0039,-0.0683,0.4195,-0.0109,1.08
5600,6199,0.7234,0.093,0.1839,0.4334,0.4998,-0.0119,10.56,166.47,0.78,125756.0,0.0,0.2269,0.079,-0.0036,-0.0649,0.4544,-0.0128,1.08
5601,6199,0.7219,0.0911,0.188,0.4558,0.4992,-0.0098,11.65,182.95,0.79,124714.0,0.0,0.2385,0.0835,-0.0042,-0.0719,0.4838,-0.013,1.08
5602,6199,0.7259,0.0878,0.1872,0.4485,0.503,-0.0106,11.34,188.55,0.78,125291.0,0.0,0.2244,0.0838,-0.0039,-0.0687,0.5555,-0.01,1.08
5603,6199,0.7209,0.0893,0.1907,0.4266,0.4991,-0.0145,11.51,190.23,0.78,125298.0,0.0,0.2228,0.0783,-0.004,-0.0661,0.5151,-0.0121,1.08
5604,6199,0.719,0.0894,0.1923,0.4539,0.487,-0.0153,11.22,181.1,0.78,125411.0,0.0,0.2259,0.083,-0.0042,-0.0705,0.5735,-0.0115,1.08
5605,6199,0.7154,0.0938,0.1912,0.4372,0.4658,-0.0172,10.94,168.75,0.79,125096.0,0.0,0.2144,0.0805,-0.0043,-0.0667,0.4839,-0.0083,1.08
5606,6199,0.7095,0.0964,0.1946,0.4543,0.4798,-0.0122,10.86,172.28,0.79,124867.0,0.0,0.2248,0.0841,-0.0045,-0.0685,0.4638,-0.0116,1.08
5607,6199,0.7072,0.095,0.1986,0.4664,0.47,-0.0111,11.04,176.51,0.79,124634.0,0.0,0.2209,0.0902,-0.0052,-0.0695,0.4953,-0.0117,1.08
5608,6199,0.7063,0.0927,0.202,0.462,0.4904,-0.0117,11.28,188.0,0.78,125868.0,0.0,0.2258,0.0883,-0.0048,-0.0676,0.556,-0.013,1.08
5609,6199,0.6991,0.0935,0.2086,0.4763,0.466,-0.0153,11.49,188.97,0.78,125263.0,0.0,0.2333,0.0888,-0.0042,-0.0722,0.5089,-0.0118,1.08
5610,6199,0.6933,0.0954,0.2128,0.4163,0.5003,-0.014,10.72,155.19,0.78,126349.0,0.0,0.2149,0.0783,-0.0037,-0.0622,0.5675,-0.0123,1.08
5611,6199,0.6908,0.0964,0.2142,0.4477,0.4811,-0.0132,11.83,187.16,0.79,125063.0,0.0,0.2231,0.0859,-0.0039,-0.0654,0.4861,-0.0117,1.08
5612,6199,0.6847,0.0972,0.2193,0.4554,0.4676,-0.0134,11.38,167.69,0.78,125655.0,0.0,0.2268,0.086,-0.0039,-0.0667,0.4533,-0.0129,1.08
5613,6199,0.6834,0.0978,0.2198,0.4677,0.4834,-0.0103,11.57,175.35,0.78,125572.0,0.0,0.2262,0.0881,-0.0042,-0.0716,0.5373,-0.0118,1.08
5614,6199,0.6824,0.0945,0.2239,0.4679,0.4885,-0.0093,12.09,187.44,0.78,125283.0,0.0,0.2322,0.0888,-0.0047,-0.0693,0.4689,-0.0113,1.08
5615,6199,0.684,0.0889,0.2278,0.4675,0.4877,-0.0099,12.14,201.09,0.78,125433.0,0.0,0.2343,0.0877,-0.0042,-0.0707,0.4437,-0.0113,1.08
5616,6199,0.6841,0.0866,0.2297,0.4551,0.514,-0.0082,11.65,165.85,0.78,125320.0,0.0,0.2323,0.0847,-0.0039,-0.0682,0.5076,-0.0128,1.08
5617,6199,0.6832,0.0862,0.2308,0.4454,0.4806,-0.0127,11.55,180.57,0.79,124147.0,0.0,0.2241,0.0852,-0.0043,-0.066,0.5699,-0.0096,1.08
5618,6199,0.6837,0.0877,0.2289,0.4364,0.4847,-0.0142,11.15,169.13,0.78,125633.0,0.0,0.2184,0.0836,-0.0035,-0.063,0.6514,-0.0081,1.08
5619,6199,0.6845,0.0893,0.2263,0.4408,0.5113,-0.0109,12.23,171.38,0.78,126144.0,0.0,0.2281,0.0827,-0.0035,-0.0662,0.5267,-0.0111,1.08
5620,6199,0.6894,0.0869,0.2243,0.4712,0.4827,-0.0115,11.99,195.15,0.78,125284.0,0.0,0.2378,0.0904,-0.0037,-0.0736,0.5813,-0.0095,1.08
5621,6199,0.693,0.0874,0.2201,0.4334,0.525,-0.012,12.67,168.52,0.79,124599.0,0.0,0.228,0.08,-0.0032,-0.0665,0.551,-0.0121,1.08
5622,6199,0.7028,0.0876,0.2101,0.4369,0.5034,-0.0129,11.22,146.71,0.78,126223.0,0.0,0.2272,0.0808,-0.0034,-0.0685,0.5428,-0.0123,1.08
5623,6199,0.7068,0.0892,0.2041,0.4178,0.5138,-0.0149,11.29,172.16,0.8,122766.0,0.0,0.2257,0.0774,-0.0037,-0.0637,0.576,-0.0107,1.08
5624,6199,0.7083,0.0896,0.2024,0.438,0.5122,-0.0107,11.96,157.91,0.8,122691.0,0.0,0.2303,0.0847,-0.0038,-0.0658,0.5244,-0.0126,1.08
5625,6199,0.7159,0.0886,0.196,0.4265,0.5127,-0.0135,11.98,158.7,0.81,121718.0,0.0,0.2246,0.0795,-0.0034,-0.0655,0.57,-0.0133,1.08
5626,6199,0.7207,0.0875,0.1923,0.4092,0.5288,-0.0129,12.07,177.81,0.8,122673.0,0.0,0.2247,0.074,-0.0033,-0.0672,0.5397,-0.0122,1.08
5627,6199,0.7271,0.0872,0.1862,0.4187,0.5268,-0.0123,11.05,159.11,0.81,121457.0,0.0,0.227,0.0786,-0.0038,-0.0654,0.5834,-0.0128,1.08
5628,6199,0.7307,0.0889,0.1812,0.4063,0.5146,-0.0137,11.04,156.78,0.81,121209.0,0.0,0.2139,0.0735,-0.0039,-0.0662,0.4475,-0.0127,1.08
5629,6199,0.7343,0.089,0.1775,0.4208,0.5375,-0.0109,11.84,178.16,0.8,122677.0,0.0,0.2315,0.077,-0.0038,-0.0666,0.4835,-0.0119,1.08
5630,6199,0.7346,0.0892,0.1769,0.4237,0.5299,-0.0098,12.48,180.74,0.8,122640.0,0.0,0.2297,0.0772,-0.0033,-0.0677,0.5293,-0.0104,1.08
5631,6199,0.7387,0.088,0.1739,0.4194,0.5238,-0.0122,11.48,169.45,0.81,121813.0,0.0,0.2261,0.0765,-0.0036,-0.0683,0.5191,-0.0106,1.08
5632,6199,0.7398,0.0867,0.174,0.4117,0.5273,-0.0122,11.21,169.68,0.81,121312.0,0.0,0.2192,0.0764,-0.0041,-0.0654,0.6208,-0.0108,1.08
5633,6199,0.7408,0.0867,0.1728,0.4103,0.5085,-0.014,10.45,139.24,0.82,119998.0,0.0,0.2202,0.0777,-0.0036,-0.0647,0.5366,-0.0084,1.08
5634,6199,0.7362,0.0895,0.1745,0.4199,0.5047,-0.0135,11.21,156.12,0.8,122211.0,0.0,0.2203,0.076,-0.0035,-0.067,0.4749,-0.0126,1.08
5635,6199,0.7337,0.0899,0.1766,0.4436,0.4999,-0.0111,11.89,161.27,0.8,122623.0,0.0,0.2266,0.0828,-0.004,-0.0701,0.4794,-0.0125,1.08
5636,6199,0.7337,0.088,0.1783,0.4464,0.5165,-0.0097,11.95,181.84,0.8,123031.0,0.0,0.2291,0.0817,-0.0039,-0.0713,0.4716,-0.0119,1.08
5637,6199,0.733,0.0877,0.1792,0.4392,0.5067,-0.0106,11.36,182.79,0.8,122303.0,0.0,0.2308,0.0824,-0.0036,-0.0694,0.4434,-0.0129,1.08
5638,6199,0.7318,0.0848,0.1833,0.4537,0.5101,-0.0094,11.59,176.07,0.8,122334.0,0.0,0.2295,0.0865,-0.004,-0.0682,0.4435,-0.0133,1.08
5639,6199,0.7276,0.0867,0.1856,0.4327,0.509,-0.012,12.04,169.54,0.8,122468.0,0.0,0.2261,0.0804,-0.0042,-0.0671,0.4836,-0.0127,1.08
5640,6199,0.7258,0.0863,0.1879,0.4465,0.4926,-0.0119,11.49,184.58,0.81,121285.0,0.0,0.2273,0.0838,-0.0039,-0.0697,0.4829,-0.0129,1.08
5641,6199,0.7227,0.0845,0.1928,0.4434,0.5005,-0.0122,11.51,160.42,0.8,123160.0,0.0,0.2261,0.0857,-0.0043,-0.0666,0.4904,-0.0131,1.08
5642,6199,0.7197,0.0839,0.1964,0.4683,0.4876,-0.0123,11.83,203.02,0.8,122445.0,0.0,0.2342,0.0873,-0.0044,-0.0713,0.5092,-0.0129,1.08
5643,6199,0.7153,0.0829,0.202,0.4465,0.5033,-0.0126,11.91,170.52,0.8,122249.0,0.0,0.2301,0.0845,-0.0044,-0.068,0.5873,-0.0128,1.08
5644,6199,0.7168,0.0827,0.2007,0.4369,0.4735,-0.0164,10.27,176.79,0.81,121975.0,0.0,0.2216,0.0842,-0.0044,-0.0648,0.5984,-0.0131,1.08
5645,6199,0.7102,0.0883,0.2018,0.4345,0.4885,-0.0141,10.98,175.83,0.8,122877.0,0.0,0.2203,0.0819,-0.0037,-0.0662,0.512,-0.0122,1.08
5646,6199,0.7109,0.0885,0.2013,0.4418,0.5163,-0.0107,11.14,159.29,0.82,120303.0,0.0,0.2319,0.0813,-0.0039,-0.067,0.518,-0.0118,1.08
5647,6199,0.7095,0.0878,0.2035,0.4528,0.5196,-0.0092,11.6,200.41,0.8,122980.0,0.0,0.2374,0.0833,-0.0044,-0.0734,0.4933,-0.0126,1.08
5648,6199,0.7095,0.0856,0.2056,0.4475,0.5079,-0.0106,11.05,178.53,0.82,120074.0,0.0,0.2366,0.0801,-0.004,-0.0729,0.5131,-0.0111,1.08
5649,6199,0.7102,0.0854,0.2052,0.4522,0.5156,-0.0107,10.77,157.45,0.8,122542.0,0.0,0.2363,0.0822,-0.0046,-0.0689,0.5297,-0.0113,1.08
5650,6199,0.7111,0.0859,0.2038,0.4481,0.5166,-0.0116,10.94,170.96,0.8,122409.0,0.0,0.2329,0.0803,-0.0041,-0.0724,0.4815,-0.0126,1.08
5651,6199,0.7118,0.0851,0.2038,0.4364,0.5003,-0.0112,11.15,158.67,0.8,122720.0,0.0,0.2257,0.0811,-0.0047,-0.0691,0.4696,-0.0105,1.08
5652,6199,0.7135,0.0854,0.2018,0.4514,0.5165,-0.0096,11.6,176.52,0.8,122971.0,0.0,0.2323,0.0826,-0.0045,-0.0724,0.4949,-0.0119,1.08
5653,6199,0.719,0.0847,0.197,0.4315,0.5351,-0.011,11.41,172.19,0.8,122362.0,0.0,0.2293,0.0804,-0.0053,-0.068,0.5338,-0.0123,1.08
5654,6199,0.7242,0.0841,0.1927,0.4307,0.5287,-0.011,11.16,159.04,0.82,120398.0,0.0,0.228,0.0791,-0.0041,-0.0735,0.5317,-0.0121,1.08
5655,6199,0.7279,0.0827,0.1904,0.4358,0.5188,-0.0123,12.3,180.64,0.82,119310.0,0.0,0.2215,0.0787,-0.0043,-0.0692,0.5114,-0.0116,1.08
5656,6199,0.7325,0.0794,0.189,0.4448,0.5125,-0.0121,11.17,162.4,0.82,120377.0,0.0,0.2316,0.0819,-0.0049,-0.0738,0.479,-0.0122,1.08
5657,6199,0.7342,0.0819,0.185,0.4286,0.5154,-0.0134,12.0,190.36,0.81,120954.0,0.0,0.2264,0.0766,-0.0039,-0.0711,0.4451,-0.0134,1.08
5658,6199,0.735,0.0823,0.1837,0.4292,0.509,-0.0118,11.14,156.18,0.81,121989.0,0.0,0.2198,0.0774,-0.0045,-0.0676,0.549,-0.0136,1.08
5659,6199,0.7278,0.0867,0.1865,0.4347,0.4765,-0.0162,11.71,180.85,0.81,121891.0,0.0,0.214,0.0819,-0.0052,-0.0696,0.5242,-0.012,1.08
5660,6199,0.724,0.0866,0.1903,0.4333,0.5093,-0.0125,12.64,183.44,0.8,122334.0,0.0,0.223,0.0824,-0.0049,-0.0711,0.5098,-0.0133,1.08
5661,6199,0.7236,0.0848,0.1925,0.4667,0.4999,-0.0094,11.71,198.25,0.81,121779.0,0.0,0.2327,0.0912,-0.005,-0.0728,0.4671,-0.0126,1.08
5662,6199,0.723,0.0847,0.193,0.4281,0.5125,-0.0131,11.76,179.84,0.81,120719.0,0.0,0.22,0.0801,-0.0042,-0.0686,0.4981,-0.0106,1.08
5663,6199,0.7246,0.0851,0.191,0.4412,0.5229,-0.0099,11.74,155.47,0.81,121633.0,0.0,0.2253,0.0842,-0.0048,-0.0703,0.4605,-0.0136,1.08
5664,6199,0.7231,0.0846,0.1929,0.4503,0.4957,-0.0117,12.07,187.44,0.8,122280.0,0.0,0.2244,0.087,-0.0053,-0.0698,0.44,-0.0126,1.07
5665,6199,0.7181,0.0852,0.1972,0.4325,0.5067,-0.0128,11.11,171.21,0.8,123099.0,0.0,0.2192,0.0825,-0.0049,-0.0717,0.4613,-0.0122,1.07
5666,6199,0.7177,0.0836,0.199,0.4481,0.5128,-0.0093,11.95,167.43,0.8,122683.0,0.0,0.2285,0.0843,-0.0046,-0.0718,0.4468,-0.0117,1.07
5667,6199,0.7151,0.082,0.2031,0.4661,0.4938,-0.0107,10.98,169.01,0.8,122378.0,0.0,0.2302,0.0904,-0.006,-0.0716,0.6179,-0.0122,1.07
5668,6199,0.7089,0.0844,0.2069,0.4557,0.4684,-0.0138,11.69,188.04,0.82,120274.0,0.0,0.2249,0.0852,-0.0046,-0.0727,0.4775,-0.013,1.07
5669,6199,0.7084,0.0847,0.2072,0.4608,0.4993,-0.0104,11.75,169.61,0.81,121652.0,0.0,0.2321,0.0883,-0.0052,-0.0701,0.4216,-0.0131,1.07
5670,6199,0.7143,0.0836,0.2024,0.4345,0.5273,-0.009,11.91,173.57,0.81,121050.0,0.0,0.2267,0.0774,-0.0047,-0.0734,0.4874,-0.0102,1.07
5671,6199,0.7162,0.0821,0.2019,0.4508,0.5052,-0.0105,11.98,158.56,0.8,122593.0,0.0,0.2324,0.0862,-0.0048,-0.0708,0.4907,-0.0115,1.07
5672,6199,0.7131,0.0827,0.2042,0.4604,0.5007,-0.0101,11.7,190.83,0.8,122346.0,0.0,0.2289,0.0878,-0.005,-0.0742,0.4449,-0.0132,1.08
5673,6199,0.7119,0.0831,0.2049,0.4433,0.4888,-0.0137,10.89,150.96,0.81,121632.0,0.0,0.225,0.0829,-0.0044,-0.0694,0.4764,-0.0094,1.07
5674,6199,0.7075,0.0865,0.2062,0.4515,0.4788,-0.0144,10.21,173.17,0.8,122532.0,0.0,0.2251,0.0874,-0.0046,-0.0681,0.5339,-0.0087,1.08
5675,6199,0.7032,0.0882,0.2089,0.4393,0.51,-0.011,11.82,167.92,0.8,122480.0,0.0,0.2241,0.0836,-0.0041,-0.0723,0.6102,-0.0125,1.07
5676,6199,0.702,0.0911,0.2071,0.4299,0.4883,-0.0142,11.14,170.52,0.81,121428.0,0.0,0.2161,0.0821,-0.0046,-0.0672,0.5593,-0.0133,1.07
5677,6199,0.7033,0.0944,0.2026,0.4243,0.5105,-0.0139,12.45,173.22,0.8,122828.0,0.0,0.2183,0.0786,-0.0039,-0.0696,0.4964,-0.014,1.08
5678,6199,0.7073,0.0924,0.2003,0.4557,0.4876,-0.0124,10.83,177.28,0.8,122121.0,0.0,0.2303,0.0879,-0.005,-0.0731,0.525,-0.0122,1.07
5679,6199,0.7076,0.0922,0.2002,0.425,0.5215,-0.0107,11.01,159.13,0.8,122310.0,0.0,0.2192,0.0813,-0.0045,-0.0656,0.4881,-0.0138,1.08
5680,6199,0.707,0.0939,0.1991,0.4434,0.4958,-0.014,11.7,152.79,0.8,122581.0,0.0,0.2233,0.0857,-0.0046,-0.069,0.5075,-0.0115,1.08
5681,6199,0.7073,0.0929,0.2,0.443,0.5076,-0.0105,12.51,185.68,0.8,122259.0,0.0,0.2249,0.0851,-0.0043,-0.071,0.4994,-0.0133,1.08
5682,6199,0.7071,0.0908,0.2026,0.4286,0.4966,-0.013,11.16,162.02,0.8,122770.0,0.0,0.2188,0.0831,-0.0046,-0.0637,0.5132,-0.0134,1.08
5683,6199,0.7029,0.0927,0.205,0.4567,0.4756,-0.0151,10.91,165.34,0.82,120614.0,0.0,0.2202,0.0879,-0.0045,-0.0724,0.4638,-0.0103,1.08
5684,6199,0.7039,0.0942,0.2026,0.4271,0.5074,-0.0116,10.84,162.39,0.8,122921.0,0.0,0.2147,0.0766,-0.0042,-0.0705,0.4175,-0.0088,1.08
5685,6199,0.7006,0.0951,0.205,0.4647,0.481,-0.0102,11.6,164.18,0.81,121479.0,0.0,0.2319,0.0864,-0.006,-0.0732,0.3947,-0.0125,1.08
5686,6199,0.7006,0.0917,0.2084,0.4578,0.4812,-0.0103,11.59,169.19,0.8,122503.0,0.0,0.2237,0.0847,-0.0045,-0.073,0.4375,-0.0124,1.08
5687,6199,0.7018,0.0883,0.21,0.4698,0.4948,-0.0105,12.19,194.28,0.82,120345.0,0.0,0.2313,0.0888,-0.0054,-0.0726,0.3683,-0.0139,1.08
5688,6199,0.705,0.0845,0.2105,0.439,0.5011,-0.0105,11.1,165.77,0.81,121654.0,0.0,0.2211,0.0824,-0.0049,-0.068,0.4695,-0.0134,1.08
5689,6199,0.7013,0.0853,0.2134,0.4746,0.4649,-0.0119,11.14,166.42,0.81,121426.0,0.0,0.2256,0.0923,-0.0051,-0.0705,0.4147,-0.0137,1.08
5690,6199,0.6991,0.0855,0.2154,0.4781,0.4908,-0.0111,11.72,179.51,0.81,121901.0,0.0,0.2336,0.0915,-0.0044,-0.0715,0.4294,-0.0133,1.08
5691,6199,0.6971,0.085,0.2181,0.4725,0.4954,-0.0109,11.51,169.17,0.81,121984.0,0.0,0.2263,0.0934,-0.0054,-0.0716,0.4797,-0.0136,1.08
5692,6199,0.6944,0.0835,0.2224,0.4891,0.4789,-0.0081,12.15,177.11,0.8,122177.0,0.0,0.2251,0.1004,-0.0051,-0.0715,0.4603,-0.0139,1.08
5693,6199,0.6922,0.0845,0.2236,0.4825,0.4477,-0.016,10.64,192.48,0.8,122255.0,0.0,0.2221,0.0935,-0.0049,-0.0701,0.5428,-0.0123,1.08
5694,6199,0.6861,0.0866,0.2276,0.4565,0.4766,-0.0122,10.84,174.12,0.81,121864.0,0.0,0.2196,0.0887,-0.0051,-0.067,0.5642,-0.0131,1.08
5695,6199,0.6825,0.0869,0.2311,0.4622,0.4542,-0.0132,10.89,184.68,0.81,121792.0,0.0,0.2176,0.0897,-0.0049,-0.0666,0.4873,-0.0103,1.08
5696,6199,0.6782,0.0854,0.2368,0.4816,0.4617,-0.0111,10.99,180.55,0.8,122125.0,0.0,0.2291,0.0909,-0.0048,-0.0713,0.4363,-0.0124,1.08
5697,6199,0.6753,0.0839,0.2413,0.4717,0.4766,-0.01,11.25,173.47,0.81,121123.0,0.0,0.2201,0.0899,-0.0042,-0.0699,0.4415,-0.0122,1.08
5698,6199,0.6754,0.0834,0.2416,0.4593,0.4802,-0.0105,11.55,168.95,0.81,121756.0,0.0,0.2192,0.0856,-0.0049,-0.0698,0.477,-0.0111,1.08
5699,6199,0.6748,0.0859,0.2397,0.445,0.4791,-0.0152,11.47,188.87,0.81,121218.0,0.0,0.2189,0.0865,-0.0049,-0.0636,0.4571,-0.0114,1.08
5700,6199,0.6751,0.0854,0.2402,0.4736,0.4839,-0.0103,11.2,185.28,0.81,121817.0,0.0,0.23,0.09,-0.0049,-0.0693,0.5046,-0.012,1.08
5701,6199,0.6765,0.0868,0.2378,0.4684,0.4853,-0.0115,12.31,200.98,0.81,121482.0,0.0,0.227,0.0899,-0.0053,-0.0707,0.4694,-0.0121,1.08
5702,6199,0.6797,0.0866,0.2347,0.4612,0.5117,-0.01,11.51,168.07,0.81,121468.0,0.0,0.2315,0.088,-0.0053,-0.0674,0.5163,-0.0125,1.08
5703,6199,0.6807,0.088,0.2322,0.4615,0.4927,-0.012,12.17,198.61,0.8,122369.0,0.0,0.2309,0.0859,-0.0049,-0.0692,0.4539,-0.0116,1.08
5704,6199,0.6831,0.0887,0.2289,0.4476,0.4978,-0.0123,11.56,191.26,0.8,122664.0,0.0,0.225,0.0843,-0.0046,-0.0643,0.4496,-0.0121,1.08
5705,6199,0.6863,0.0886,0.2258,0.4638,0.4879,-0.0105,12.1,179.81,0.81,121846.0,0.0,0.2279,0.0884,-0.0049,-0.069,0.4177,-0.012,1.08
5706,6199,0.6852,0.0883,0.2272,0.4705,0.4734,-0.0121,11.17,179.81,0.81,121536.0,0.0,0.223,0.0923,-0.0049,-0.0674,0.5315,-0.0119,1.08
5707,6199,0.6826,0.0889,0.2292,0.4587,0.468,-0.0153,10.31,182.18,0.81,121393.0,0.0,0.2165,0.0907,-0.0049,-0.069,0.4835,-0.0098,1.08
5708,6199,0.68,0.0898,0.2308,0.4608,0.4838,-0.0125,11.95,166.05,0.81,121165.0,0.0,0.2205,0.0899,-0.0049,-0.0682,0.4266,-0.01,1.08
5709,6199,0.6768,0.0883,0.2354,0.4544,0.4914,-0.0109,11.74,175.5,0.81,121829.0,0.0,0.2257,0.0858,-0.0042,-0.067,0.4779,-0.0113,1.08
5710,6199,0.6809,0.0865,0.233,0.438,0.4895,-0.0128,11.2,195.21,0.81,121178.0,0.0,0.2171,0.0812,-0.0046,-0.0664,0.5053,-0.0121,1.08
5711,6199,0.6829,0.0867,0.231,0.452,0.5046,-0.0102,12.34,169.53,0.81,121422.0,0.0,0.2206,0.0877,-0.0046,-0.0652,0.4813,-0.0122,1.08
5712,6199,0.6862,0.0873,0.2272,0.4746,0.5053,-0.0097,12.55,184.78,0.81,120928.0,0.0,0.2299,0.09,-0.0045,-0.0752,0.5151,-0.0115,1.08
5713,6199,0.6881,0.0858,0.2268,0.4674,0.488,-0.0113,11.73,162.63,0.81,122013.0,0.0,0.2278,0.0906,-0.0056,-0.0689,0.5074,-0.0126,1.08
5714,6199,0.6907,0.0853,0.2249,0.4733,0.4822,-0.0112,11.95,208.84,0.81,121928.0,0.0,0.2259,0.0912,-0.0047,-0.0697,0.5852,-0.0128,1.08
5715,6199,0.6862,0.0862,0.2287,0.4584,0.4809,-0.0133,11.42,185.13,0.82,120292.0,0.0,0.2243,0.0879,-0.0052,-0.0699,0.5098,-0.0116,1.08
5716,6199,0.6867,0.0871,0.2272,0.4479,0.4938,-0.0117,12.02,168.09,0.8,122363.0,0.0,0.2235,0.0829,-0.0041,-0.0687,0.4494,-0.0119,1.08
5717,6199,0.6899,0.0865,0.2245,0.4593,0.499,-0.0103,11.92,180.83,0.81,121945.0,0.0,0.2298,0.0869,-0.0048,-0.0678,0.4901,-0.0112,1.08
5718,6199,0.6914,0.085,0.2242,0.4515,0.5087,-0.0114,11.23,177.66,0.81,121881.0,0.0,0.2282,0.0855,-0.0048,-0.0665,0.4955,-0.0087,1.08
5719,6199,0.6897,0.0845,0.2263,0.4486,0.4892,-0.0118,10.94,162.4,0.84,116574.0,0.0,0.2193,0.0884,-0.0041,-0.0674,0.4532,-0.0127,1.08
5720,6199,0.6928,0.0837,0.2242,0.4785,0.4982,-0.0088,11.81,210.84,0.81,122098.0,0.0,0.2289,0.096,-0.0048,-0.0706,0.4953,-0.0112,1.08
5721,6199,0.6897,0.0847,0.2263,0.4754,0.4785,-0.0111,11.11,166.12,0.81,122024.0,0.0,0.2222,0.0953,-0.0048,-0.0708,0.4513,-0.008,1.08
5722,6199,0.6917,0.0818,0.2272,0.4611,0.498,-0.0112,11.08,189.66,0.81,120864.0,0.0,0.227,0.0899,-0.0048,-0.07,0.476,-0.0129,1.08
5723,6199,0.6947,0.0805,0.2256,0.4645,0.4873,-0.0102,11.35,170.13,0.81,121773.0,0.0,0.2221,0.0917,-0.0059,-0.0684,0.4601,-0.012,1.08
5724,6199,0.6931,0.0807,0.2269,0.4609,0.4751,-0.0125,10.65,171.51,0.81,121800.0,0.0,0.2234,0.0889,-0.0055,-0.0676,0.4885,-0.012,1.08
5725,6199,0.6918,0.0826,0.2263,0.4538,0.4717,-0.015,11.2,188.06,0.81,121042.0,0.0,0.2226,0.0845,-0.004,-0.07,0.4808,-0.0117,1.08
5726,6199,0.6877,0.0844,0.2286,0.4686,0.459,-0.0125,11.84,180.72,0.81,121084.0,0.0,0.2188,0.0915,-0.0047,-0.07,0.4628,-0.0086,1.08
5727,6199,0.6884,0.0866,0.2258,0.4512,0.4851,-0.0137,11.24,163.92,0.81,120946.0,0.0,0.2223,0.0855,-0.0045,-0.0656,0.4859,-0.0128,1.08
5728,6199,0.6867,0.0886,0.2255,0.4449,0.4805,-0.0137,11.49,168.2,0.82,120364.0,0.0,0.2112,0.0847,-0.0053,-0.0673,0.4467,-0.013,1.08
5729,6199,0.6853,0.0887,0.2269,0.4712,0.4845,-0.01,12.8,199.67,0.81,120871.0,0.0,0.2215,0.0919,-0.0053,-0.0695,0.4412,-0.0123,1.08
5730,6199,0.6868,0.0883,0.2259,0.4623,0.4816,-0.0107,11.56,182.26,0.8,122191.0,0.0,0.2219,0.0867,-0.0043,-0.0706,0.4574,-0.0126,1.08
5731,6199,0.6866,0.0868,0.2277,0.4665,0.4682,-0.0138,11.09,175.86,0.8,123112.0,0.0,0.2185,0.0887,-0.0048,-0.07,0.4507,-0.0127,1.08
5732,6199,0.6809,0.0888,0.2315,0.4906,0.4449,-0.0131,9.99,180.08,0.8,122572.0,0.0,0.2238,0.094,-0.0046,-0.0746,0.4136,-0.0132,1.08
5733,6199,0.6765,0.0894,0.2358,0.4517,0.4718,-0.0121,10.55,183.03,0.82,120493.0,0.0,0.2149,0.0848,-0.0043,-0.0667,0.4644,-0.0117,1.08
5734,6199,0.6756,0.086,0.2404,0.4858,0.4668,-0.0107,11.76,192.02,0.8,122450.0,0.0,0.2239,0.0928,-0.0044,-0.0697,0.4485,-0.0127,1.08
5735,6199,0.6733,0.0868,0.2414,0.4699,0.4655,-0.0133,11.66,175.52,0.81,121644.0,0.0,0.2242,0.0898,-0.0044,-0.0661,0.4892,-0.0117,1.08
5736,6199,0.6772,0.0858,0.2385,0.4705,0.4861,-0.0103,11.48,193.38,0.8,122880.0,0.0,0.2256,0.0884,-0.0047,-0.0691,0.474,-0.012,1.08
5737,6199,0.6772,0.0853,0.2387,0.4639,0.4783,-0.0115,11.05,172.13,0.8,122593.0,0.0,0.2255,0.0876,-0.0043,-0.0674,0.5141,-0.0114,1.08
5738,6199,0.6817,0.0876,0.2318,0.4359,0.5024,-0.0145,10.44,171.56,0.81,121907.0,0.0,0.2195,0.08,-0.0039,-0.064,0.5256,-0.0111,1.08
5739,6199,0.6835,0.0901,0.2272,0.461,0.491,-0.0119,11.26,192.19,0.81,121752.0,0.0,0.2235,0.0874,-0.0044,-0.0639,0.4791,-0.0114,1.08
5740,6199,0.6885,0.0897,0.2224,0.4657,0.487,-0.0134,11.07,174.24,0.8,122630.0,0.0,0.2263,0.0883,-0.0041,-0.0647,0.5862,-0.0115,1.08
5741,6199,0.6921,0.0908,0.2176,0.4546,0.4746,-0.0135,11.61,190.07,0.8,122446.0,0.0,0.2223,0.0898,-0.0041,-0.0621,0.5383,-0.0106,1.08
5742,6199,0.6885,0.0903,0.2219,0.4894,0.4532,-0.0122,11.41,167.4,0.8,122983.0,0.0,0.2293,0.0926,-0.0051,-0.0698,0.4477,-0.008,1.08
5743,6199,0.6916,0.0899,0.2194,0.4398,0.5203,-0.0106,11.62,167.58,0.81,121974.0,0.0,0.228,0.0802,-0.0037,-0.065,0.554,-0.0124,1.08
5744,6199,0.6978,0.0892,0.2138,0.4512,0.4963,-0.0125,12.38,179.62,0.81,121391.0,0.0,0.2285,0.0825,-0.0041,-0.0646,0.494,-0.0125,1.07
5745,6199,0.6981,0.0899,0.2125,0.462,0.4802,-0.0138,10.91,174.24,0.81,120967.0,0.0,0.2267,0.0874,-0.0046,-0.0633,0.4839,-0.0124,1.07
5746,6199,0.6964,0.0935,0.2105,0.4418,0.513,-0.01,11.83,170.05,0.8,122492.0,0.0,0.226,0.0805,-0.004,-0.0643,0.4408,-0.0098,1.07
5747,6199,0.7001,0.0938,0.2064,0.4554,0.4898,-0.0149,10.59,176.05,0.8,122270.0,0.0,0.2234,0.08,-0.0038,-0.0696,0.4419,-0.0084,1.07
5748,6199,0.6998,0.0937,0.2068,0.4573,0.5161,-0.0088,12.07,188.38,0.8,122229.0,0.0,0.2299,0.0825,-0.0038,-0.0684,0.4559,-0.011,1.07
5749,6199,0.7003,0.0936,0.2063,0.4494,0.4933,-0.012,11.96,179.89,0.81,121949.0,0.0,0.225,0.083,-0.0038,-0.0656,0.4473,-0.0127,1.08
5750,6199,0.7015,0.0961,0.2027,0.435,0.4915,-0.0146,11.33,180.41,0.81,121658.0,0.0,0.2207,0.0777,-0.0045,-0.0624,0.4878,-0.0121,1.07
5751,6199,0.7021,0.0973,0.2011,0.4783,0.4702,-0.0129,12.03,201.15,0.81,121037.0,0.0,0.2333,0.09,-0.0045,-0.0674,0.4949,-0.0115,1.07
5752,6199,0.6983,0.0964,0.206,0.4903,0.474,-0.0105,11.8,189.23,0.86,114089.0,0.0,0.231,0.0904,-0.0052,-0.0689,0.4584,-0.0114,1.07
5753,6199,0.69,0.0955,0.2152,0.496,0.4596,-0.0117,12.14,178.37,0.83,118955.0,0.0,0.2354,0.0929,-0.0048,-0.0682,0.4914,-0.0113,1.07
5754,6199,0.6841,0.0971,0.2196,0.461,0.462,-0.0146,10.84,203.62,0.9,108716.0,0.0,0.2201,0.0849,-0.005,-0.0651,0.4571,-0.0109,1.07
5755,6199,0.6827,0.0966,0.2214,0.4448,0.4885,-0.0125,12.46,193.32,0.87,113262.0,0.0,0.2226,0.0839,-0.0044,-0.0615,0.4138,-0.012,1.07
5756,6199,0.6802,0.0935,0.227,0.5186,0.4425,-0.0095,11.27,202.69,0.82,119882.0,0.0,0.2346,0.1009,-0.005,-0.0686,0.4458,-0.0117,1.07
5757,6199,0.6745,0.0919,0.2339,0.5166,0.4402,-0.0097,12.71,213.46,0.86,114011.0,0.0,0.2354,0.1022,-0.0056,-0.0682,0.4139,-0.0102,1.07
5758,6199,0.6751,0.0863,0.2389,0.4857,0.4809,-0.0094,12.05,186.87,0.83,117942.0,0.0,0.232,0.0935,-0.0056,-0.066,0.5277,-0.0119,1.07
5759,6199,0.6766,0.0824,0.2415,0.5072,0.4742,-0.0105,12.5,202.95,0.85,115874.0,0.0,0.2422,0.0994,-0.0045,-0.0685,0.4213,-0.0118,1.07
5760,6199,0.6758,0.0806,0.2442,0.5045,0.4459,-0.0126,11.94,199.62,0.99,98997.0,0.0,0.2327,0.0981,-0.0048,-0.0664,0.491,-0.011,1.07
5761,6199,0.6708,0.0838,0.2461,0.4882,0.4803,-0.01,11.47,194.78,1.62,60572.0,0.0,0.2327,0.096,-0.0054,-0.0633,0.4983,-0.0117,1.07
5762,6199,0.669,0.0826,0.2494,0.4867,0.4755,-0.011,11.86,186.95,1.58,62035.0,0.0,0.2379,0.0943,-0.0049,-0.0668,0.5333,-0.0127,1.07
5763,6199,0.6704,0.0834,0.2471,0.4778,0.482,-0.0102,11.21,178.66,1.58,62308.0,0.0,0.2254,0.0939,-0.0048,-0.0639,0.5287,-0.012,1.07
5764,6199,0.6754,0.0824,0.2431,0.4729,0.4886,-0.0106,11.3,164.72,1.88,52295.0,0.0,0.2324,0.0892,-0.0049,-0.0671,0.5333,-0.0128,1.07
5765,6199,0.677,0.0835,0.2406,0.4519,0.479,-0.0131,11.15,163.37,1.9,51691.0,0.0,0.2243,0.0844,-0.0047,-0.0622,0.5659,-0.0126,1.08
5766,6199,0.6784,0.0849,0.2382,0.439,0.4958,-0.0143,11.25,179.04,1.88,52238.0,0.0,0.2268,0.0803,-0.0039,-0.063,0.4788,-0.0125,1.08
5767,6199,0.6825,0.0859,0.2328,0.4614,0.4966,-0.0089,12.76,193.55,1.87,52549.0,0.0,0.2311,0.0861,-0.0037,-0.0657,0.5106,-0.0125,1.08
5768,6199,0.6825,0.0851,0.2335,0.4509,0.4731,-0.0135,10.87,164.27,1.9,51792.0,0.0,0.2197,0.085,-0.0042,-0.0607,0.4909,-0.0123,1.08
5769,6199,0.679,0.0858,0.236,0.4608,0.4598,-0.0128,10.07,155.93,1.07,92056.0,0.0,0.2276,0.0856,-0.0039,-0.0613,0.5417,-0.0119,1.08
5770,6199,0.6745,0.0904,0.2357,0.4663,0.4676,-0.0152,11.63,176.64,0.81,122045.0,0.0,0.2264,0.0895,-0.0046,-0.0655,0.5537,-0.0116,1.08
5771,6199,0.6757,0.0916,0.2332,0.4467,0.4844,-0.0137,10.63,177.86,0.81,121352.0,0.0,0.2223,0.0835,-0.0038,-0.063,0.5941,-0.0085,1.08
5772,6199,0.6775,0.0905,0.2325,0.4415,0.4857,-0.0144,10.92,177.91,0.8,122646.0,0.0,0.2205,0.0832,-0.0046,-0.0605,0.529,-0.0103,1.08
5773,6199,0.6795,0.091,0.23,0.4535,0.4726,-0.0124,11.5,180.82,0.81,121739.0,0.0,0.2233,0.0859,-0.0043,-0.0617,0.4962,-0.0133,1.08
5774,6199,0.6785,0.0909,0.2309,0.4442,0.5144,-0.011,11.52,156.62,0.81,121167.0,0.0,0.2295,0.0814,-0.0043,-0.0638,0.4365,-0.0131,1.08
5775,6199,0.6848,0.0906,0.2249,0.4542,0.4962,-0.0113,11.95,202.7,0.81,121519.0,0.0,0.2281,0.0841,-0.0038,-0.0614,0.4745,-0.0107,1.08
5776,6199,0.6851,0.0922,0.2229,0.4542,0.4545,-0.0167,10.28,186.32,0.81,122106.0,0.0,0.2191,0.0858,-0.0046,-0.0645,0.5294,-0.0123,1.08
5777,6199,0.6858,0.094,0.2202,0.4525,0.4978,-0.0107,10.76,173.56,0.8,122191.0,0.0,0.2276,0.0821,-0.0039,-0.0655,0.5556,-0.0129,1.08
5778,6199,0.6838,0.0952,0.221,0.4749,0.4259,-0.0178,10.36,163.48,0.81,121266.0,0.0,0.2187,0.0917,-0.004,-0.0605,0.5655,-0.0123,1.08
5779,6199,0.6768,0.0991,0.2241,0.4734,0.4727,-0.0127,12.53,190.52,0.8,122350.0,0.0,0.2358,0.0904,-0.0046,-0.0636,0.5226,-0.0126,1.08
5780,6199,0.6745,0.102,0.2235,0.4591,0.473,-0.0144,11.54,210.55,0.81,120739.0,0.0,0.2287,0.0864,-0.004,-0.064,0.5067,-0.012,1.08
5781,6199,0.6724,0.1014,0.2263,0.4827,0.4832,-0.0095,11.8,177.35,0.8,122378.0,0.0,0.2328,0.0908,-0.0043,-0.0663,0.5297,-0.008,1.08
5782,6199,0.6714,0.0985,0.2304,0.4615,0.4741,-0.0117,11.55,187.51,0.8,122166.0,0.0,0.2188,0.0848,-0.004,-0.067,0.4994,-0.0125,1.08
5783,6199,0.671,0.0972,0.2322,0.4688,0.4789,-0.0102,11.86,175.36,0.8,122144.0,0.0,0.2246,0.0895,-0.0044,-0.0626,0.5619,-0.0131,1.08
5784,6199,0.6753,0.0967,0.2283,0.4588,0.4823,-0.0111,12.09,190.8,0.81,122017.0,0.0,0.2287,0.0902,-0.0044,-0.0631,0.5107,-0.0134,1.08
5785,6199,0.6785,0.0942,0.2276,0.463,0.5014,-0.0101,12.28,180.58,0.81,121800.0,0.0,0.2306,0.0893,-0.004,-0.063,0.5834,-0.0122,1.08
5786,6199,0.6822,0.0907,0.2274,0.4735,0.4846,-0.011,11.07,168.55,0.8,122532.0,0.0,0.2297,0.09,-0.004,-0.0647,0.5721,-0.0133,1.08
5787,6199,0.6833,0.0912,0.2259,0.4476,0.4781,-0.0139,10.84,170.6,0.81,121760.0,0.0,0.2201,0.0853,-0.004,-0.0641,0.5274,-0.0119,1.08
5788,6199,0.6878,0.0938,0.2187,0.4393,0.5262,-0.0107,11.48,168.42,0.8,123082.0,0.0,0.2312,0.0814,-0.0039,-0.0648,0.5426,-0.0126,1.08
5789,6199,0.6932,0.0954,0.2117,0.4215,0.5247,-0.0115,11.08,157.01,0.8,122193.0,0.0,0.2183,0.0786,-0.0038,-0.0628,0.5654,-0.0122,1.08
5790,6199,0.7013,0.0952,0.204,0.4084,0.524,-0.013,10.73,160.62,0.8,122261.0,0.0,0.2169,0.0741,-0.0039,-0.0621,0.5739,-0.0129,1.08
5791,6199,0.7051,0.0985,0.1969,0.4303,0.4962,-0.0149,12.03,199.13,0.8,122247.0,0.0,0.2217,0.0795,-0.004,-0.0657,0.5693,-0.0124,1.08
5792,6199,0.708,0.0979,0.1945,0.4305,0.4983,-0.0167,11.4,174.71,0.8,122581.0,0.0,0.2195,0.0797,-0.004,-0.0659,0.519,-0.0082,1.08
5793,6199,0.7106,0.0965,0.1932,0.4404,0.492,-0.0118,11.8,159.2,0.81,121837.0,0.0,0.2272,0.0838,-0.004,-0.0634,0.4936,-0.0109,1.08
5794,6199,0.7148,0.0915,0.194,0.4413,0.521,-0.0103,11.43,170.54,0.83,118968.0,0.0,0.231,0.0796,-0.0039,-0.0674,0.5222,-0.0097,1.08
5795,6199,0.7175,0.0885,0.1946,0.4384,0.5126,-0.0116,12.16,193.78,0.81,121340.0,0.0,0.2247,0.0816,-0.004,-0.0639,0.4738,-0.0112,1.08
5796,6199,0.7214,0.0854,0.1937,0.4371,0.5093,-0.012,12.01,175.96,0.81,121985.0,0.0,0.2292,0.0826,-0.004,-0.0638,0.5204,-0.012,1.08
5797,6199,0.7193,0.0856,0.1956,0.4495,0.505,-0.0098,11.92,169.62,0.8,122226.0,0.0,0.2322,0.0831,-0.0042,-0.066,0.4877,-0.0133,1.08
5798,6199,0.7183,0.0838,0.1984,0.4698,0.4737,-0.0123,10.02,161.02,0.8,122405.0,0.0,0.2264,0.0899,-0.0047,-0.0669,0.4938,-0.0128,1.08
5799,6199,0.7108,0.0862,0.2033,0.4643,0.4796,-0.0123,12.1,197.03,0.81,121575.0,0.0,0.2232,0.0894,-0.0044,-0.0678,0.4692,-0.0118,1.08
5800,6199,0.708,0.0868,0.2054,0.4437,0.5206,-0.0096,12.0,179.82,0.81,121340.0,0.0,0.23,0.0806,-0.004,-0.0663,0.5259,-0.0128,1.08
5801,6199,0.7075,0.0888,0.2039,0.4368,0.4751,-0.0156,10.62,177.06,0.81,122028.0,0.0,0.2145,0.0829,-0.005,-0.0651,0.4164,-0.0134,1.08
5802,6199,0.7034,0.0909,0.206,0.4579,0.4736,-0.0128,11.67,195.88,0.81,120812.0,0.0,0.2273,0.0866,-0.0044,-0.0666,0.4729,-0.0095,1.08
5803,6199,0.7001,0.0911,0.209,0.4632,0.4801,-0.0131,10.94,173.08,0.81,121605.0,0.0,0.2315,0.088,-0.0044,-0.0659,0.4726,-0.0119,1.08
5804,6199,0.6973,0.0894,0.2136,0.4802,0.471,-0.0094,11.51,190.21,0.8,122492.0,0.0,0.2269,0.0926,-0.0042,-0.0657,0.5074,-0.0123,1.08
5805,6199,0.6931,0.086,0.2215,0.4743,0.4925,-0.0103,11.49,181.59,0.81,121506.0,0.0,0.2359,0.089,-0.0045,-0.0689,0.5211,-0.0109,1.08
5806,6199,0.6918,0.0843,0.2247,0.4701,0.5012,-0.0095,11.81,186.85,0.8,122543.0,0.0,0.2347,0.0886,-0.0037,-0.0691,0.52,-0.0123,1.08
5807,6199,0.6908,0.0832,0.2267,0.4702,0.4887,-0.0096,12.15,190.2,0.82,119239.0,0.0,0.2321,0.0911,-0.005,-0.068,0.4286,-0.012,1.08
5808,6199,0.6895,0.0816,0.2292,0.4667,0.4784,-0.0106,11.97,184.58,0.81,121375.0,0.0,0.2324,0.0878,-0.0049,-0.0639,0.4411,-0.0111,1.08
5809,6199,0.6866,0.083,0.2307,0.4665,0.4626,-0.014,11.92,175.85,0.81,121948.0,0.0,0.227,0.0893,-0.0038,-0.067,0.4819,-0.009,1.08
5810,6199,0.685,0.0854,0.2298,0.4463,0.4621,-0.0167,11.82,187.82,0.81,121939.0,0.0,0.2198,0.0841,-0.004,-0.0645,0.4784,-0.0107,1.08
5811,6199,0.6806,0.0874,0.2322,0.466,0.4879,-0.011,12.01,187.83,0.81,121895.0,0.0,0.2273,0.0878,-0.0043,-0.067,0.5361,-0.0108,1.08
5812,6199,0.6766,0.0878,0.2362,0.4755,0.4744,-0.0109,12.08,169.42,0.83,117917.0,0.0,0.2285,0.0898,-0.0048,-0.0666,0.4934,-0.0118,1.08
5813,6199,0.6794,0.0862,0.2349,0.4707,0.4818,-0.0124,11.19,192.08,0.84,117449.0,0.0,0.233,0.0878,-0.0041,-0.0667,0.4969,-0.0088,1.08
5814,6199,0.6767,0.0877,0.2363,0.4712,0.4549,-0.0138,11.29,178.58,0.82,120310.0,0.0,0.228,0.0889,-0.0041,-0.0678,0.5307,-0.0127,1.08
5815,6199,0.6774,0.0881,0.2356,0.4613,0.4739,-0.0137,11.65,193.43,0.99,99655.0,0.0,0.2207,0.0887,-0.0044,-0.0657,0.515,-0.0139,1.08
5816,6199,0.675,0.0921,0.2342,0.4553,0.4707,-0.0151,11.49,200.43,0.81,121661.0,0.0,0.2262,0.0865,-0.004,-0.0669,0.4533,-0.0124,1.08
5817,6199,0.6767,0.0907,0.2337,0.4653,0.489,-0.0107,11.93,187.75,0.82,119805.0,0.0,0.2327,0.0886,-0.0043,-0.0697,0.461,-0.0122,1.08
5818,6199,0.6814,0.0866,0.233,0.4701,0.4864,-0.0109,11.49,181.66,0.84,116665.0,0.0,0.2341,0.089,-0.0045,-0.0703,0.4506,-0.0123,1.08
5819,6199,0.6826,0.0878,0.2306,0.4343,0.5208,-0.0106,12.02,183.09,0.81,120636.0,0.0,0.2226,0.0804,-0.0037,-0.0625,0.5093,-0.0084,1.08
5820,6199,0.6835,0.0868,0.2307,0.4649,0.489,-0.0101,11.28,183.08,0.91,107938.0,0.0,0.2286,0.0888,-0.0043,-0.0693,0.5065,-0.0121,1.08
5821,6199,0.6866,0.0873,0.227,0.4316,0.5039,-0.0128,11.62,162.66,1.45,67795.0,0.0,0.2248,0.0808,-0.0038,-0.0639,0.4996,-0.0125,1.08
5822,6199,0.6897,0.0868,0.2243,0.456,0.5002,-0.0113,12.44,184.46,1.78,55293.0,0.0,0.2311,0.088,-0.0043,-0.0651,0.5384,-0.0113,1.08
5823,6199,0.6968,0.085,0.2191,0.4331,0.5067,-0.0114,11.71,182.73,1.35,73063.0,0.0,0.2177,0.0832,-0.0045,-0.0616,0.5802,-0.012,1.08
5824,6199,0.6972,0.0843,0.2195,0.4339,0.4885,-0.0115,10.77,164.72,1.84,53315.0,0.0,0.2177,0.0818,-0.0039,-0.0648,0.472,-0.0129,1.08
5825,6199,0.6982,0.0854,0.2174,0.4436,0.5109,-0.0111,11.94,166.87,1.91,51565.0,0.0,0.2229,0.0831,-0.0044,-0.0644,0.4625,-0.0125,1.08
5826,6199,0.7054,0.0823,0.2132,0.44,0.5296,-0.0086,12.77,188.79,1.87,52460.0,0.0,0.2293,0.0818,-0.0045,-0.0657,0.5594,-0.0129,1.08
5827,6199,0.7095,0.0805,0.2108,0.4551,0.4897,-0.0119,12.01,180.43,1.93,50881.0,0.0,0.2256,0.0859,-0.0042,-0.0676,0.5539,-0.0115,1.08
5828,6199,0.7071,0.0839,0.21,0.4343,0.4979,-0.0111,11.38,201.22,1.91,51361.0,0.0,0.2177,0.0807,-0.0038,-0.0643,0.4281,-0.0084,1.08
5829,6199,0.7082,0.0838,0.209,0.4418,0.5129,-0.0109,12.41,182.98,1.41,69633.0,0.0,0.2274,0.0817,-0.0041,-0.0669,0.5824,-0.0113,1.08
5830,6199,0.709,0.0826,0.2093,0.4194,0.4957,-0.0137,11.44,150.7,0.8,123104.0,0.0,0.2172,0.0768,-0.0038,-0.063,0.541,-0.0086,1.08
5831,6199,0.7091,0.0833,0.2084,0.4245,0.4941,-0.0133,11.5,166.26,0.81,120773.0,0.0,0.2215,0.0781,-0.0037,-0.0626,0.5246,-0.0109,1.08
5832,6199,0.7109,0.0834,0.2062,0.4254,0.5231,-0.0111,11.92,184.73,0.8,123098.0,0.0,0.219,0.0789,-0.0039,-0.0636,0.4953,-0.0121,1.08
5833,6199,0.7128,0.0842,0.2034,0.4406,0.5094,-0.0114,11.52,176.62,0.8,123086.0,0.0,0.2261,0.0821,-0.0048,-0.0659,0.519,-0.0126,1.07
5834,6199,0.7144,0.0841,0.2018,0.4205,0.5164,-0.0121,10.37,140.02,0.8,122938.0,0.0,0.2226,0.0786,-0.0039,-0.0627,0.6255,-0.0125,1.07
5835,6199,0.7165,0.0858,0.1979,0.4478,0.5094,-0.0122,11.36,173.35,0.8,123235.0,0.0,0.2299,0.0833,-0.0041,-0.0673,0.5405,-0.0127,1.07
5836,6199,0.7237,0.0836,0.1929,0.4281,0.5343,-0.011,11.23,163.13,0.8,123541.0,0.0,0.2309,0.0771,-0.0035,-0.0679,0.5717,-0.0132,1.08
5837,6199,0.7205,0.0863,0.1932,0.4292,0.5114,-0.0122,11.29,173.32,0.81,121946.0,0.0,0.2183,0.0787,-0.004,-0.0651,0.5289,-0.01,1.08
5838,6199,0.7156,0.089,0.1954,0.4479,0.4932,-0.0142,11.5,179.82,0.8,123590.0,0.0,0.2259,0.082,-0.0041,-0.0694,0.554,-0.0115,1.08
5839,6199,0.714,0.0906,0.1954,0.4273,0.5079,-0.0119,11.43,176.18,0.8,123102.0,0.0,0.2253,0.0784,-0.004,-0.0643,0.4557,-0.012,1.08
5840,6199,0.7143,0.0876,0.1981,0.441,0.523,-0.0088,12.04,164.22,0.8,123424.0,0.0,0.2332,0.0814,-0.0037,-0.067,0.4928,-0.0117,1.08
5841,6199,0.7171,0.0848,0.1981,0.4344,0.5314,-0.0091,11.97,175.66,0.8,122188.0,0.0,0.2321,0.0801,-0.0038,-0.0626,0.5842,-0.0127,1.08
5842,6199,0.718,0.0854,0.1966,0.4087,0.5151,-0.0157,10.99,160.55,0.79,123844.0,0.0,0.2201,0.0746,-0.0036,-0.0625,0.4945,-0.0085,1.08
5843,6199,0.7178,0.0854,0.1968,0.4405,0.5227,-0.0097,11.28,182.18,0.79,123884.0,0.0,0.2247,0.0813,-0.0037,-0.0679,0.5951,-0.0124,1.08
5844,6199,0.7195,0.0876,0.1929,0.4272,0.5147,-0.0139,11.65,155.76,0.8,122147.0,0.0,0.2212,0.0758,-0.0038,-0.0696,0.585,-0.0118,1.08
5845,6199,0.7186,0.0908,0.1909,0.4383,0.5248,-0.0109,11.9,150.0,0.81,121954.0,0.0,0.2243,0.08,-0.0039,-0.0668,0.5014,-0.0085,1.08
5846,6199,0.7145,0.0929,0.1928,0.4315,0.5052,-0.0127,10.92,173.43,0.8,123567.0,0.0,0.2228,0.0782,-0.0049,-0.0645,0.4885,-0.0128,1.08
5847,6199,0.7137,0.0939,0.1928,0.4162,0.5199,-0.0125,11.11,173.15,0.8,123518.0,0.0,0.2185,0.0741,-0.0036,-0.0637,0.5558,-0.0112,1.08
5848,6199,0.7114,0.0956,0.1935,0.452,0.5109,-0.0113,12.11,155.71,0.8,123594.0,0.0,0.2332,0.0809,-0.0036,-0.0709,0.4637,-0.0112,1.08
5849,6199,0.7118,0.0956,0.193,0.4319,0.503,-0.0131,11.96,177.84,0.81,121830.0,0.0,0.2246,0.0765,-0.0037,-0.066,0.4544,-0.0134,1.08
5850,6199,0.7135,0.0944,0.1926,0.4275,0.5045,-0.0145,10.69,175.11,0.8,123258.0,0.0,0.2163,0.0768,-0.0034,-0.0649,0.5363,-0.0119,1.08
5851,6199,0.7095,0.0976,0.1931,0.4236,0.5036,-0.0149,11.82,182.51,0.8,122865.0,0.0,0.2152,0.0779,-0.0037,-0.0668,0.4608,-0.0117,1.08
5852,6199,0.7135,0.0946,0.1922,0.4526,0.5138,-0.0096,12.18,181.56,0.8,123485.0,0.0,0.2265,0.0834,-0.0041,-0.0667,0.5618,-0.0122,1.08
5853,6199,0.7143,0.0931,0.1929,0.4218,0.4957,-0.0148,12.32,172.5,0.81,121938.0,0.0,0.2128,0.0752,-0.0038,-0.0674,0.4773,-0.0129,1.08
5854,6199,0.7184,0.091,0.1909,0.4318,0.5161,-0.0121,11.07,185.51,0.8,122697.0,0.0,0.2221,0.0775,-0.0036,-0.067,0.4408,-0.0119,1.08
5855,6199,0.7192,0.0907,0.1903,0.4378,0.5144,-0.0108,10.96,181.79,0.81,121657.0,0.0,0.2213,0.0787,-0.0031,-0.0651,0.4263,-0.0134,1.08
5856,6199,0.7159,0.0911,0.1934,0.4287,0.4932,-0.0147,10.58,166.64,0.8,123116.0,0.0,0.2135,0.08,-0.0043,-0.0642,0.4608,-0.013,1.08
5857,6199,0.7152,0.0906,0.1947,0.4566,0.5052,-0.0096,12.39,190.74,0.79,124070.0,0.0,0.2258,0.0819,-0.0041,-0.0686,0.4275,-0.0125,1.08
5858,6199,0.7125,0.0891,0.1989,0.4339,0.5203,-0.0089,12.42,179.99,0.8,122918.0,0.0,0.2214,0.0782,-0.0034,-0.0647,0.4733,-0.0126,1.08
5859,6199,0.7097,0.0868,0.204,0.4534,0.49,-0.013,11.72,169.35,0.8,123515.0,0.0,0.2179,0.0832,-0.004,-0.0656,0.4203,-0.0127,1.08
5860,6199,0.709,0.0877,0.2038,0.4315,0.5214,-0.0135,11.64,168.57,0.8,123422.0,0.0,0.2205,0.0768,-0.0036,-0.0675,0.4439,-0.0094,1.08
5861,6199,0.7055,0.0904,0.2045,0.4404,0.504,-0.0098,12.52,196.68,0.8,122723.0,0.0,0.2127,0.0787,-0.0033,-0.0666,0.4931,-0.0114,1.08
5862,6199,0.7048,0.0905,0.2051,0.437,0.4921,-0.0139,10.82,162.01,0.81,121244.0,0.0,0.2085,0.0804,-0.0036,-0.0647,0.474,-0.0083,1.08
5863,6199,0.7022,0.0899,0.2081,0.4598,0.4856,-0.0117,11.54,153.37,0.8,123073.0,0.0,0.2172,0.0865,-0.004,-0.063,0.4224,-0.0109,1.07
5864,6199,0.6962,0.0903,0.2137,0.4712,0.4802,-0.0105,11.48,169.8,0.8,123150.0,0.0,0.2252,0.0878,-0.0037,-0.0667,0.4281,-0.012,1.07
5865,6199,0.6935,0.0882,0.2185,0.4604,0.4981,-0.011,11.88,191.85,0.8,123563.0,0.0,0.2238,0.0851,-0.0041,-0.0679,0.432,-0.0127,1.07
5866,6199,0.6924,0.0862,0.2216,0.4497,0.4916,-0.0115,10.61,172.79,0.8,122447.0,0.0,0.2181,0.083,-0.0037,-0.0618,0.4858,-0.0104,1.07
5867,6199,0.6925,0.086,0.222,0.4595,0.5051,-0.0099,11.6,187.06,0.8,123036.0,0.0,0.2229,0.0843,-0.0036,-0.0662,0.4446,-0.0116,1.07
5868,6199,0.6961,0.0848,0.2196,0.4534,0.5019,-0.0112,11.43,170.27,0.8,123438.0,0.0,0.2202,0.0849,-0.0035,-0.0616,0.4288,-0.0125,1.08
5869,6199,0.702,0.0834,0.2151,0.4562,0.5116,-0.0097,10.34,163.15,0.8,122900.0,0.0,0.2208,0.0826,-0.0034,-0.0674,0.4271,-0.0103,1.08
5870,6199,0.7007,0.082,0.218,0.4527,0.4952,-0.0098,11.6,187.78,0.8,122505.0,0.0,0.2146,0.0831,-0.0034,-0.0649,0.4331,-0.0116,1.08
5871,6199,0.6998,0.0814,0.2193,0.4811,0.4626,-0.0126,11.74,212.04,0.8,122846.0,0.0,0.2145,0.0918,-0.0037,-0.0657,0.4308,-0.0123,1.08
5872,6199,0.6981,0.0824,0.22,0.4654,0.4984,-0.0094,11.97,194.45,0.8,122195.0,0.0,0.2227,0.0867,-0.0045,-0.0675,0.434,-0.0126,1.08
5873,6199,0.6988,0.0793,0.2221,0.4574,0.4981,-0.011,12.0,177.02,0.8,122205.0,0.0,0.2225,0.0855,-0.0037,-0.0647,0.5165,-0.0091,1.08
5874,6199,0.696,0.0803,0.224,0.4527,0.4631,-0.0152,10.36,183.64,0.8,123207.0,0.0,0.2091,0.0854,-0.0038,-0.0645,0.4923,-0.0089,1.07
5875,6199,0.6945,0.0822,0.2233,0.4623,0.4833,-0.0123,11.83,183.82,0.8,123047.0,0.0,0.2215,0.0867,-0.0041,-0.0663,0.4788,-0.0117,1.07
5876,6199,0.6979,0.0812,0.2211,0.4672,0.5018,-0.011,11.41,189.36,0.8,122205.0,0.0,0.2288,0.0861,-0.004,-0.0677,0.5709,-0.0131,1.07
5877,6199,0.6984,0.0831,0.2188,0.456,0.4983,-0.0124,11.84,185.73,0.8,123337.0,0.0,0.2174,0.0856,-0.004,-0.0655,0.4869,-0.0086,1.07
5878,6199,0.7016,0.083,0.2156,0.4539,0.4914,-0.0127,11.18,162.98,0.8,123165.0,0.0,0.2246,0.0837,-0.0042,-0.0632,0.4423,-0.0117,1.07
5879,6199,0.7028,0.0853,0.2121,0.4385,0.4815,-0.0145,10.94,167.75,0.81,121755.0,0.0,0.2131,0.0792,-0.0035,-0.0623,0.3645,-0.0129,1.07
5880,6199,0.7059,0.086,0.2083,0.4536,0.5125,-0.0084,11.53,179.37,0.81,121743.0,0.0,0.2188,0.0837,-0.0034,-0.0607,0.4896,-0.0115,1.08
5881,6199,0.7063,0.0843,0.2094,0.4494,0.5016,-0.0097,11.59,179.3,0.81,120718.0,0.0,0.22,0.0809,-0.0041,-0.0665,0.502,-0.0129,1.08
5882,6199,0.6969,0.0836,0.2196,0.4767,0.427,-0.016,10.89,191.38,0.8,123648.0,0.0,0.2173,0.0901,-0.0044,-0.0644,0.4052,-0.0135,1.08
5883,6199,0.6889,0.0838,0.2275,0.4788,0.5008,-0.008,11.86,178.64,0.8,123556.0,0.0,0.2296,0.0874,-0.0042,-0.0691,0.4572,-0.0118,1.08
5884,6199,0.6884,0.082,0.2298,0.4489,0.4919,-0.0141,11.53,168.92,0.8,123242.0,0.0,0.2168,0.082,-0.0037,-0.0625,0.499,-0.0114,1.08
5885,6199,0.6868,0.0849,0.2287,0.4904,0.4616,-0.0138,12.03,213.41,0.8,122783.0,0.0,0.2301,0.0931,-0.0042,-0.0658,0.414,-0.0098,1.08
5886,6199,0.6874,0.0851,0.2278,0.4644,0.492,-0.0098,12.31,191.26,0.8,122485.0,0.0,0.2215,0.0848,-0.0037,-0.0672,0.4641,-0.0112,1.08
5887,6199,0.6863,0.083,0.231,0.4769,0.4826,-0.0123,11.26,179.87,0.8,123414.0,0.0,0.2289,0.0889,-0.0039,-0.064,0.4952,-0.0131,1.07
5888,6199,0.6857,0.0804,0.2343,0.485,0.4673,-0.0115,11.48,183.29,0.8,123589.0,0.0,0.2243,0.0934,-0.0045,-0.0634,0.527,-0.0126,1.07
5889,6199,0.6831,0.0816,0.2355,0.4427,0.4879,-0.0141,10.46,161.44,0.8,123068.0,0.0,0.2174,0.0835,-0.004,-0.0618,0.5318,-0.013,1.07
5890,6199,0.6791,0.0849,0.2363,0.4489,0.4768,-0.0144,11.15,161.93,0.8,123472.0,0.0,0.2149,0.0823,-0.0038,-0.062,0.5632,-0.0119,1.07
5891,6199,0.6777,0.0868,0.236,0.474,0.4788,-0.0127,10.97,177.5,0.8,123175.0,0.0,0.2247,0.0901,-0.0039,-0.064,0.598,-0.0119,1.07
5892,6199,0.6806,0.0872,0.233,0.438,0.5003,-0.0131,10.67,163.44,0.8,123523.0,0.0,0.2184,0.0815,-0.004,-0.0603,0.5015,-0.0129,1.07
5893,6199,0.6827,0.0886,0.2295,0.4623,0.505,-0.0116,10.82,173.79,0.79,123781.0,0.0,0.2302,0.0853,-0.0033,-0.0662,0.4616,-0.0105,1.07
5894,6199,0.6827,0.0901,0.2281,0.4281,0.492,-0.0143,10.22,177.51,0.79,123665.0,0.0,0.2154,0.0775,-0.0039,-0.0623,0.5362,-0.011,1.07
5895,6199,0.6812,0.0934,0.2264,0.4406,0.5041,-0.0132,11.38,168.11,0.81,121105.0,0.0,0.2222,0.0777,-0.0042,-0.065,0.5267,-0.0089,1.07
5896,6199,0.6833,0.094,0.2236,0.4421,0.4779,-0.0163,10.37,171.37,0.8,123314.0,0.0,0.213,0.0806,-0.0039,-0.0624,0.5174,-0.0126,1.07
5897,6199,0.6816,0.0985,0.2209,0.4349,0.4799,-0.0157,10.97,172.95,0.8,123232.0,0.0,0.2133,0.0793,-0.0041,-0.0627,0.3955,-0.0134,1.07
5898,6199,0.6879,0.1013,0.2121,0.4253,0.5247,-0.0118,12.25,171.12,0.81,120946.0,0.0,0.2234,0.0748,-0.0028,-0.0634,0.4685,-0.0132,1.07
5899,6199,0.6925,0.1005,0.2082,0.4615,0.4893,-0.012,12.55,202.12,0.8,123430.0,0.0,0.2245,0.0839,-0.0036,-0.0638,0.4442,-0.0122,1.07
5900,6199,0.6974,0.0963,0.2075,0.4464,0.514,-0.009,10.95,179.23,0.79,124207.0,0.0,0.2254,0.0811,-0.0032,-0.0634,0.5119,-0.0123,1.07
5901,6199,0.7018,0.0949,0.2045,0.4422,0.4996,-0.0126,11.1,164.11,0.79,123923.0,0.0,0.2165,0.0838,-0.0034,-0.0606,0.5715,-0.0083,1.07
5902,6199,0.6985,0.0966,0.2061,0.4685,0.4834,-0.0118,12.28,189.68,0.79,123697.0,0.0,0.226,0.0839,-0.0035,-0.0645,0.5095,-0.0118,1.07
5903,6199,0.6992,0.0958,0.2064,0.4535,0.4822,-0.0141,11.33,166.36,0.8,122263.0,0.0,0.2225,0.0825,-0.003,-0.063,0.5209,-0.0118,1.07
5904,6199,0.6975,0.097,0.2069,0.4743,0.4859,-0.0121,12.47,193.18,0.8,122860.0,0.0,0.2338,0.0878,-0.0033,-0.0644,0.5382,-0.0128,1.07
5905,6199,0.6977,0.0977,0.2061,0.4391,0.4973,-0.0129,11.97,171.65,0.81,121793.0,0.0,0.2175,0.0831,-0.0039,-0.0609,0.5025,-0.0126,1.07
5906,6199,0.6991,0.0951,0.2074,0.4605,0.4851,-0.0129,11.42,184.21,0.8,123425.0,0.0,0.2261,0.0861,-0.0035,-0.0641,0.5474,-0.0128,1.07
5907,6199,0.6959,0.0963,0.2094,0.469,0.4659,-0.0131,11.49,183.69,0.8,123229.0,0.0,0.2278,0.0845,-0.003,-0.0664,0.4486,-0.0135,1.07
5908,6199,0.6946,0.0967,0.2106,0.4319,0.495,-0.0128,10.93,176.43,0.8,123551.0,0.0,0.2155,0.0783,-0.0033,-0.0636,0.4667,-0.0132,1.07
5909,6199,0.6938,0.0955,0.2126,0.4498,0.4869,-0.0125,11.27,182.44,0.79,123859.0,0.0,0.2244,0.0807,-0.003,-0.0642,0.4276,-0.0136,1.07
5910,6199,0.6908,0.0956,0.215,0.4659,0.4858,-0.0102,11.76,194.92,0.8,123486.0,0.0,0.2253,0.0848,-0.0042,-0.0688,0.4489,-0.0108,1.07
5911,6199,0.6934,0.0944,0.2134,0.4458,0.5119,-0.0119,11.23,178.97,0.8,122817.0,0.0,0.227,0.0784,-0.0036,-0.0674,0.512,-0.0123,1.07
5912,6199,0.7003,0.091,0.2098,0.432,0.5067,-0.0127,10.97,164.19,0.8,123049.0,0.0,0.2211,0.075,-0.0032,-0.0649,0.4867,-0.013,1.07
5913,6199,0.701,0.0909,0.2093,0.4517,0.4936,-0.0138,10.53,177.92,0.8,122209.0,0.0,0.2257,0.0803,-0.0032,-0.0676,0.4959,-0.0131,1.07
5914,6199,0.7045,0.0927,0.2038,0.4686,0.5139,-0.0093,11.6,167.82,0.79,123758.0,0.0,0.2365,0.0821,-0.0031,-0.0718,0.4921,-0.0096,1.07
5915,6199,0.7072,0.0897,0.2041,0.4759,0.4897,-0.0117,11.38,186.88,0.8,123597.0,0.0,0.2391,0.0844,-0.0031,-0.0638,0.5891,-0.0113,1.07
5916,6199,0.7061,0.0878,0.2071,0.481,0.4868,-0.0115,12.46,193.92,0.8,123316.0,0.0,0.2369,0.0865,-0.0031,-0.0655,0.4931,-0.0133,1.07
5917,6199,0.7007,0.0874,0.2129,0.4692,0.4892,-0.012,11.96,170.66,0.8,123533.0,0.0,0.2296,0.0857,-0.003,-0.0643,0.5135,-0.011,1.07
5918,6199,0.6975,0.0879,0.2156,0.4755,0.4843,-0.0105,12.05,187.12,0.8,123401.0,0.0,0.2371,0.0846,-0.0033,-0.0659,0.4852,-0.0122,1.07
5919,6199,0.6944,0.0871,0.2197,0.4527,0.4797,-0.0143,11.57,172.65,0.8,123445.0,0.0,0.221,0.081,-0.0029,-0.0643,0.5261,-0.0131,1.07
5920,6199,0.6935,0.0864,0.2215,0.4528,0.487,-0.0142,11.01,183.4,0.8,122592.0,0.0,0.2231,0.0799,-0.0037,-0.0681,0.4808,-0.0135,1.07
5921,6199,0.6902,0.0902,0.2209,0.4509,0.4761,-0.0136,11.23,179.95,0.8,123049.0,0.0,0.2182,0.0806,-0.0029,-0.0616,0.5148,-0.0129,1.07
5922,6199,0.6928,0.0895,0.2189,0.4482,0.5125,-0.0108,12.27,172.77,0.79,124390.0,0.0,0.2283,0.0792,-0.0029,-0.0628,0.5628,-0.0092,1.07
5923,6199,0.6931,0.0929,0.2152,0.4381,0.4872,-0.0155,11.23,170.12,0.8,123495.0,0.0,0.2234,0.0775,-0.0032,-0.0625,0.5398,-0.0135,1.07
5924,6199,0.6913,0.0958,0.2138,0.4468,0.4777,-0.0155,11.79,179.51,0.79,123730.0,0.0,0.2238,0.0793,-0.003,-0.0645,0.5151,-0.0131,1.07
5925,6199,0.6909,0.0962,0.2138,0.4445,0.5063,-0.011,11.67,158.94,0.8,123194.0,0.0,0.2173,0.0811,-0.0031,-0.063,0.4733,-0.0122,1.07
5926,6199,0.6925,0.0948,0.2135,0.4703,0.4888,-0.013,11.3,195.88,0.8,122690.0,0.0,0.2251,0.0849,-0.0031,-0.0686,0.5611,-0.0117,1.07
5927,6199,0.6941,0.0929,0.2138,0.449,0.461,-0.0151,11.37,179.31,0.8,123406.0,0.0,0.2189,0.082,-0.0031,-0.0624,0.4708,-0.0111,1.07
5928,6199,0.6912,0.0943,0.215,0.4665,0.4771,-0.0142,10.77,190.2,0.8,122536.0,0.0,0.2286,0.085,-0.0034,-0.0637,0.4857,-0.0131,1.07
5929,6199,0.686,0.0948,0.2198,0.4824,0.471,-0.011,11.11,173.27,0.81,121656.0,0.0,0.2313,0.0892,-0.0038,-0.0654,0.5143,-0.0123,1.07
5930,6199,0.6853,0.0926,0.2231,0.4748,0.4723,-0.011,12.44,188.16,0.8,122908.0,0.0,0.2237,0.0895,-0.0033,-0.0667,0.479,-0.0137,1.07
5931,6199,0.6853,0.091,0.225,0.4721,0.4889,-0.0128,12.29,198.21,0.8,123143.0,0.0,0.2331,0.0858,-0.0035,-0.0682,0.5019,-0.0117,1.07
5932,6199,0.6855,0.0908,0.225,0.4734,0.4836,-0.0124,11.34,175.56,0.8,123625.0,0.0,0.2296,0.087,-0.0038,-0.063,0.5313,-0.0084,1.07
5933,6199,0.6857,0.0922,0.2231,0.454,0.5022,-0.0136,11.86,181.5,0.8,123238.0,0.0,0.2243,0.0836,-0.0027,-0.0631,0.5897,-0.0102,1.07
5934,6199,0.6928,0.0917,0.2161,0.456,0.5005,-0.0123,12.11,185.57,0.8,123593.0,0.0,0.2302,0.0827,-0.0032,-0.0611,0.5415,-0.0094,1.07
5935,6199,0.693,0.0893,0.2182,0.447,0.4985,-0.0131,11.68,179.92,0.8,123149.0,0.0,0.2279,0.0805,-0.0032,-0.0618,0.5524,-0.0129,1.07
5936,6199,0.6954,0.0903,0.2151,0.4329,0.4996,-0.0146,10.77,163.11,0.79,123794.0,0.0,0.2195,0.0782,-0.0036,-0.0595,0.525,-0.0118,1.07
5937,6199,0.6938,0.095,0.212,0.4444,0.5139,-0.0098,12.25,158.59,0.79,124260.0,0.0,0.2274,0.0788,-0.0031,-0.0605,0.4757,-0.0118,1.07
5938,6199,0.695,0.0941,0.2118,0.4435,0.5094,-0.0114,12.77,173.03,0.81,121823.0,0.0,0.2288,0.079,-0.003,-0.0593,0.5416,-0.0127,1.07
5939,6199,0.7015,0.0927,0.2065,0.4503,0.5159,-0.0084,12.26,180.06,0.79,124134.0,0.0,0.2282,0.0809,-0.0031,-0.063,0.435,-0.0084,1.07
5940,6199,0.7078,0.0888,0.2047,0.4636,0.5,-0.0115,12.54,181.54,0.8,123103.0,0.0,0.2286,0.0844,-0.0027,-0.0634,0.4646,-0.0128,1.07
5941,6199,0.7069,0.0889,0.2057,0.4513,0.4792,-0.0141,11.96,175.0,0.8,122529.0,0.0,0.2262,0.0833,-0.003,-0.061,0.4898,-0.0123,1.07
5942,6199,0.7066,0.0888,0.2059,0.4545,0.5035,-0.0115,11.69,164.4,0.8,122851.0,0.0,0.2286,0.0828,-0.0036,-0.0635,0.4893,-0.013,1.07
5943,6199,0.7074,0.0883,0.2053,0.47,0.5011,-0.0104,12.22,171.85,0.79,123781.0,0.0,0.2344,0.0838,-0.0029,-0.067,0.4635,-0.0134,1.07
5944,6199,0.7085,0.087,0.2054,0.4487,0.4932,-0.0123,11.43,167.17,0.79,125060.0,0.0,0.2241,0.0827,-0.0041,-0.0619,0.5394,-0.0115,1.07
5945,6199,0.7061,0.088,0.2064,0.4575,0.4906,-0.0111,11.98,175.16,0.8,123182.0,0.0,0.2274,0.0817,-0.0026,-0.0658,0.4913,-0.0088,1.07
5946,6199,0.7088,0.0878,0.2036,0.4535,0.4936,-0.0121,12.18,204.72,0.79,123842.0,0.0,0.2328,0.0787,-0.0027,-0.069,0.4418,-0.0116,1.07
5947,6199,0.7094,0.0868,0.2037,0.4537,0.5031,-0.0099,12.21,191.94,0.8,122356.0,0.0,0.2269,0.0829,-0.0033,-0.0651,0.5046,-0.0096,1.07
5948,6199,0.7137,0.0859,0.2004,0.441,0.4983,-0.0131,11.91,182.83,0.8,123040.0,0.0,0.2235,0.0804,-0.003,-0.0666,0.5338,-0.0109,1.07
5949,6199,0.7117,0.0861,0.2023,0.4541,0.475,-0.0143,11.35,169.44,0.79,124336.0,0.0,0.2169,0.0822,-0.003,-0.068,0.5416,-0.0116,1.07
5950,6199,0.7127,0.0871,0.2004,0.4376,0.516,-0.0122,11.34,165.45,0.79,124108.0,0.0,0.2237,0.0776,-0.0031,-0.0667,0.5174,-0.0099,1.07
5951,6199,0.7083,0.0889,0.203,0.4834,0.4597,-0.0126,11.87,197.26,0.79,124230.0,0.0,0.227,0.0908,-0.0032,-0.0726,0.4933,-0.0086,1.07
5952,6199,0.7031,0.086,0.2112,0.4539,0.4916,-0.0108,11.9,196.38,0.79,124975.0,0.0,0.2286,0.0835,-0.0032,-0.0661,0.5113,-0.0118,1.07
5953,6199,0.702,0.0866,0.2118,0.4679,0.4729,-0.0142,10.11,192.59,0.8,123289.0,0.0,0.2271,0.0858,-0.0031,-0.0703,0.521,-0.0098,1.07
5954,6199,0.6981,0.089,0.2134,0.4689,0.4747,-0.0138,11.38,181.94,0.8,123369.0,0.0,0.2281,0.0875,-0.0033,-0.0666,0.4441,-0.011,1.07
5955,6199,0.6959,0.0901,0.2145,0.4535,0.5046,-0.0107,12.15,187.84,0.79,124086.0,0.0,0.2263,0.0818,-0.003,-0.0711,0.4499,-0.0128,1.06
5956,6199,0.6968,0.0881,0.2155,0.4357,0.5005,-0.0126,10.64,165.95,0.79,123834.0,0.0,0.2149,0.0812,-0.003,-0.0641,0.5602,-0.0106,1.06
5957,6199,0.6957,0.089,0.2156,0.4614,0.4874,-0.0127,11.47,176.15,0.8,122126.0,0.0,0.2232,0.0855,-0.0037,-0.0693,0.5115,-0.0081,1.06
5958,6199,0.7002,0.0886,0.2114,0.4252,0.5287,-0.0119,11.11,154.35,0.79,124281.0,0.0,0.2187,0.0744,-0.0036,-0.067,0.452,-0.012,1.06
5959,6199,0.7036,0.0876,0.209,0.4665,0.4858,-0.0105,11.8,177.12,0.79,123947.0,0.0,0.224,0.0848,-0.004,-0.0695,0.4326,-0.0111,1.06
5960,6199,0.7025,0.0872,0.2105,0.4595,0.4857,-0.011,11.77,175.02,0.8,122353.0,0.0,0.2263,0.0832,-0.0035,-0.0693,0.4871,-0.0085,1.06
5961,6199,0.7033,0.0864,0.2105,0.4505,0.491,-0.0131,11.93,189.82,0.79,124159.0,0.0,0.225,0.0818,-0.0039,-0.066,0.5553,-0.011,1.06
5962,6199,0.7028,0.0878,0.2096,0.44,0.502,-0.0128,11.89,185.97,0.79,124323.0,0.0,0.2234,0.0792,-0.0028,-0.0637,0.474,-0.0079,1.06
5963,6199,0.7047,0.0882,0.2073,0.4809,0.4822,-0.0107,11.46,191.87,0.8,123115.0,0.0,0.2345,0.0902,-0.0038,-0.0702,0.4361,-0.0122,1.06
5964,6199,0.708,0.0866,0.2057,0.4646,0.5004,-0.01,11.36,161.58,0.79,124239.0,0.0,0.2244,0.0875,-0.0037,-0.0683,0.5414,-0.013,1.06
5965,6199,0.7029,0.0876,0.2097,0.4667,0.4693,-0.0126,11.43,191.23,0.8,122888.0,0.0,0.2235,0.0866,-0.0031,-0.0669,0.5302,-0.0112,1.06
5966,6199,0.7007,0.0898,0.2097,0.4474,0.4883,-0.012,10.74,178.65,0.79,123860.0,0.0,0.2171,0.0797,-0.0029,-0.0681,0.433,-0.0129,1.06
5967,6199,0.6995,0.0898,0.2109,0.4648,0.47,-0.0135,11.27,185.96,0.8,123436.0,0.0,0.2266,0.0825,-0.0033,-0.0683,0.4883,-0.0122,1.06
5968,6199,0.6947,0.091,0.2146,0.4636,0.4726,-0.0124,11.48,186.05,0.79,124340.0,0.0,0.2224,0.0851,-0.0036,-0.0667,0.4562,-0.0124,1.06
5969,6199,0.693,0.0891,0.2181,0.4516,0.4993,-0.0119,11.22,154.56,0.8,123160.0,0.0,0.2303,0.0799,-0.0032,-0.0674,0.4909,-0.0128,1.06
5970,6199,0.6968,0.09,0.2135,0.4497,0.5142,-0.0096,11.79,172.69,0.8,122814.0,0.0,0.2273,0.0808,-0.0037,-0.0666,0.5049,-0.0115,1.06
5971,6199,0.6954,0.0904,0.2145,0.4815,0.4841,-0.0105,12.2,198.6,0.79,124560.0,0.0,0.2323,0.0885,-0.0037,-0.072,0.5083,-0.0117,1.06
5972,6199,0.6896,0.0907,0.2199,0.4809,0.4688,-0.0129,10.61,158.0,0.8,123057.0,0.0,0.2354,0.0868,-0.0037,-0.0716,0.4641,-0.0125,1.06
5973,6199,0.6896,0.0916,0.2192,0.4491,0.4928,-0.0121,11.09,181.4,0.79,124658.0,0.0,0.2256,0.0803,-0.0039,-0.0675,0.5104,-0.0128,1.06
5974,6199,0.6911,0.0898,0.2196,0.4306,0.5062,-0.0143,11.36,159.88,0.79,124003.0,0.0,0.2188,0.0771,-0.0035,-0.0677,0.5306,-0.0126,1.06
5975,6199,0.6945,0.0901,0.2159,0.4532,0.4891,-0.0135,11.47,181.99,0.79,123897.0,0.0,0.2307,0.0804,-0.0037,-0.0722,0.4232,-0.0131,1.05
5976,6199,0.6966,0.0894,0.2147,0.453,0.4995,-0.0108,11.91,187.09,0.79,124112.0,0.0,0.2278,0.0816,-0.0034,-0.0677,0.4151,-0.0137,1.05
5977,6199,0.6999,0.0841,0.2167,0.4561,0.5062,-0.0099,10.65,162.0,0.8,123321.0,0.0,0.2344,0.0831,-0.0034,-0.0676,0.5781,-0.0102,1.05
5978,6199,0.7015,0.0857,0.2135,0.4448,0.4886,-0.0133,10.89,153.72,0.79,124549.0,0.0,0.2208,0.0808,-0.0035,-0.0673,0.4817,-0.0124,1.05
5979,6199,0.7013,0.0869,0.2128,0.4703,0.5137,-0.0101,11.08,177.64,0.8,123425.0,0.0,0.2389,0.0868,-0.0035,-0.0729,0.5411,-0.0123,1.05
5980,6199,0.6999,0.0902,0.2109,0.4565,0.4957,-0.0132,10.92,172.28,0.79,124334.0,0.0,0.2284,0.0838,-0.0035,-0.0666,0.5876,-0.0132,1.06
5981,6199,0.7061,0.0886,0.2063,0.4495,0.5112,-0.0116,11.93,197.26,0.8,123536.0,0.0,0.2274,0.0829,-0.0034,-0.0681,0.5434,-0.0132,1.06
5982,6199,0.7078,0.0877,0.2055,0.4299,0.515,-0.0135,11.84,161.47,0.82,120366.0,0.0,0.2268,0.0779,-0.0031,-0.064,0.4998,-0.0134,1.06
5983,6199,0.7134,0.087,0.2004,0.4754,0.5085,-0.0094,12.57,175.8,0.8,122572.0,0.0,0.238,0.0861,-0.0031,-0.0752,0.4875,-0.0126,1.06
5984,6199,0.7191,0.0833,0.1983,0.4428,0.5164,-0.01,10.56,172.77,0.8,123242.0,0.0,0.2242,0.0797,-0.0032,-0.067,0.5426,-0.012,1.06
5985,6199,0.7145,0.0851,0.2012,0.4553,0.4973,-0.0118,12.52,203.89,0.79,124395.0,0.0,0.2335,0.0811,-0.0035,-0.071,0.4998,-0.0114,1.06
5986,6199,0.7194,0.0827,0.1986,0.4375,0.5361,-0.0078,11.88,167.61,0.79,124548.0,0.0,0.2356,0.0779,-0.0031,-0.0699,0.5573,-0.0114,1.06
5987,6199,0.72,0.0845,0.1958,0.4568,0.4949,-0.0117,12.0,188.85,0.79,123653.0,0.0,0.2338,0.08,-0.0032,-0.0708,0.4555,-0.0087,1.06
5988,6199,0.7119,0.0859,0.2023,0.452,0.4975,-0.012,11.9,193.65,0.79,124168.0,0.0,0.2303,0.0805,-0.0032,-0.069,0.4378,-0.0125,1.06
5989,6199,0.7142,0.0856,0.2003,0.4575,0.5111,-0.0098,12.12,193.72,0.8,122602.0,0.0,0.2385,0.0799,-0.0033,-0.072,0.41,-0.0131,1.05
5990,6199,0.7121,0.0856,0.2025,0.429,0.5119,-0.0115,12.34,167.01,0.79,124647.0,0.0,0.2268,0.0737,-0.003,-0.0682,0.4756,-0.0131,1.05
5991,6199,0.7148,0.0838,0.2016,0.4315,0.5103,-0.0134,11.82,171.46,0.79,124038.0,0.0,0.2279,0.0777,-0.003,-0.0653,0.5307,-0.0125,1.05
5992,6199,0.7142,0.0889,0.1971,0.4473,0.5084,-0.0113,12.16,173.65,0.8,122949.0,0.0,0.2313,0.0779,-0.0032,-0.0704,0.4601,-0.0117,1.05
5993,6199,0.7156,0.0865,0.1983,0.4631,0.5096,-0.009,11.13,161.49,0.79,124065.0,0.0,0.2294,0.0835,-0.0038,-0.0705,0.5021,-0.0129,1.05
5994,6199,0.7191,0.0836,0.1979,0.4647,0.4929,-0.0104,11.47,180.92,0.79,124362.0,0.0,0.2335,0.0831,-0.0033,-0.073,0.4806,-0.0132,1.05
5995,6199,0.7154,0.0811,0.204,0.4774,0.4891,-0.0103,11.69,166.83,0.79,124291.0,0.0,0.235,0.0886,-0.004,-0.0725,0.493,-0.0102,1.05
5996,6199,0.7139,0.0806,0.206,0.4601,0.4991,-0.0116,12.29,198.9,0.8,123247.0,0.0,0.2323,0.0819,-0.0032,-0.071,0.4352,-0.0103,1.06
5997,6199,0.712,0.0786,0.21,0.4602,0.5092,-0.0085,11.18,166.03,0.82,119626.0,0.0,0.2384,0.08,-0.0031,-0.0744,0.4948,-0.0115,1.06
5998,6199,0.7132,0.0778,0.2097,0.4532,0.5028,-0.012,11.61,179.39,0.85,115841.0,0.0,0.2326,0.0786,-0.0028,-0.075,0.4917,-0.0096,1.06
5999,6199,0.7127,0.0817,0.2061,0.4426,0.5065,-0.0136,10.92,168.52,0.8,123204.0,0.0,0.2335,0.0775,-0.0029,-0.0721,0.4993,-0.0118,1.06
6000,6199,0.7128,0.0822,0.2053,0.4419,0.5147,-0.0097,11.55,158.96,0.92,107059.0,0.0,0.2295,0.0757,-0.003,-0.0735,0.4465,-0.0117,1.06
6001,6199,0.7105,0.0824,0.2073,0.4671,0.4709,-0.0121,11.77,184.76,0.81,120903.0,0.0,0.2313,0.0828,-0.0028,-0.0759,0.4302,-0.01,1.06
6002,6199,0.7077,0.0817,0.2109,0.4554,0.4788,-0.013,10.73,184.52,0.82,120567.0,0.0,0.2241,0.0803,-0.0034,-0.0698,0.4922,-0.0085,1.06
6003,6199,0.7052,0.0853,0.2098,0.4343,0.4975,-0.0134,12.32,174.7,0.86,113797.0,0.0,0.2272,0.0759,-0.0032,-0.0695,0.537,-0.0114,1.05
6004,6199,0.7069,0.0863,0.2073,0.4562,0.5111,-0.0104,11.76,184.19,0.81,121777.0,0.0,0.2335,0.0802,-0.003,-0.0731,0.4906,-0.0118,1.05
6005,6199,0.7019,0.0843,0.2144,0.4866,0.4734,-0.0104,12.54,197.83,0.84,116812.0,0.0,0.2393,0.0885,-0.0038,-0.0752,0.4646,-0.0117,1.06
6006,6199,0.7006,0.0827,0.2174,0.4613,0.5011,-0.0118,11.36,184.32,1.32,74421.0,0.0,0.2318,0.0816,-0.0033,-0.0703,0.4465,-0.0127,1.06
6007,6199,0.7024,0.0808,0.2175,0.4485,0.5026,-0.0095,12.17,179.12,1.6,61617.0,0.0,0.232,0.0795,-0.0031,-0.0678,0.5062,-0.0128,1.06
6008,6199,0.7038,0.0816,0.2151,0.4697,0.4983,-0.0115,11.33,176.55,1.25,78616.0,0.0,0.2374,0.0827,-0.003,-0.0734,0.4595,-0.0129,1.06
6009,6199,0.7057,0.0825,0.2123,0.4605,0.4911,-0.0113,12.22,178.78,1.82,53894.0,0.0,0.2297,0.0836,-0.0035,-0.0689,0.4731,-0.0083,1.06
6010,6199,0.7085,0.0818,0.2102,0.4381,0.4911,-0.0126,11.57,172.35,1.89,52040.0,0.0,0.2204,0.078,-0.0039,-0.0675,0.5313,-0.0112,1.06
6011,6199,0.7048,0.0841,0.2116,0.4628,0.4622,-0.0144,10.92,170.66,1.85,53005.0,0.0,0.2215,0.083,-0.0036,-0.0703,0.4352,-0.0117,1.05
6012,6199,0.7009,0.0851,0.2144,0.4638,0.5042,-0.0102,12.66,187.92,1.9,51769.0,0.0,0.2336,0.0827,-0.0032,-0.0737,0.444,-0.0119,1.06
6013,6199,0.7023,0.0854,0.2127,0.4277,0.5072,-0.0138,10.95,166.47,1.91,51525.0,0.0,0.2203,0.0756,-0.0034,-0.071,0.4776,-0.0112,1.05
6014,6199,0.7067,0.0861,0.2078,0.4337,0.4973,-0.0132,11.72,175.55,1.89,52042.0,0.0,0.2224,0.0772,-0.0035,-0.0682,0.5523,-0.0125,1.05
6015,6199,0.7099,0.085,0.2057,0.4591,0.4915,-0.0128,11.95,180.1,1.93,50980.0,0.0,0.2302,0.0825,-0.0039,-0.0738,0.4962,-0.0091,1.05
6016,6199,0.7078,0.0874,0.2052,0.4525,0.4735,-0.0152,11.01,173.67,1.93,50825.0,0.0,0.2299,0.0794,-0.0034,-0.0704,0.6234,-0.0126,1.05
6017,6199,0.7025,0.0909,0.2069,0.442,0.4771,-0.0132,11.29,162.63,1.89,51980.0,0.0,0.2185,0.0791,-0.0034,-0.0717,0.4956,-0.0132,1.05
6018,6199,0.6968,0.0918,0.2115,0.446,0.4927,-0.013,11.65,164.81,1.92,51161.0,0.0,0.2293,0.0796,-0.0035,-0.0699,0.5858,-0.0106,1.05
6019,6199,0.6949,0.0952,0.21,0.4657,0.4776,-0.0145,11.92,169.2,1.93,50885.0,0.0,0.2274,0.0844,-0.0041,-0.074,0.5856,-0.0121,1.05
6020,6199,0.6974,0.0967,0.2061,0.4291,0.5043,-0.0145,10.84,150.36,1.91,51507.0,0.0,0.2272,0.0748,-0.0032,-0.0704,0.6012,-0.0125,1.05
6021,6199,0.6944,0.1,0.2056,0.4397,0.4703,-0.0165,10.72,162.88,1.9,51731.0,0.0,0.2153,0.079,-0.0034,-0.0716,0.514,-0.0128,1.05
6022,6199,0.6936,0.102,0.2045,0.4385,0.5165,-0.011,11.78,163.74,1.89,52023.0,0.0,0.2263,0.077,-0.0036,-0.0727,0.488,-0.0135,1.05
6023,6199,0.6936,0.0993,0.2071,0.4704,0.485,-0.0104,12.23,199.88,1.96,50187.0,0.0,0.2344,0.0819,-0.0042,-0.0756,0.4507,-0.012,1.05
6024,6199,0.6957,0.0974,0.2069,0.4533,0.5094,-0.0127,11.16,169.85,1.55,63266.0,0.0,0.2245,0.0788,-0.0033,-0.0741,0.521,-0.0128,1.05
6025,6199,0.699,0.0984,0.2026,0.4595,0.4714,-0.014,11.77,203.88,0.82,119849.0,0.0,0.2176,0.0811,-0.0041,-0.0744,0.5373,-0.0134,1.05
6026,6199,0.6998,0.098,0.2022,0.4679,0.4863,-0.0132,12.38,188.68,0.79,123928.0,0.0,0.2302,0.0853,-0.0037,-0.0747,0.5378,-0.0119,1.05
6027,6199,0.7034,0.096,0.2006,0.4699,0.4961,-0.0116,11.54,180.9,0.79,123712.0,0.0,0.2354,0.0841,-0.0037,-0.0736,0.5229,-0.011,1.05
6028,6199,0.7052,0.0946,0.2001,0.4613,0.5094,-0.011,11.58,161.58,0.8,123601.0,0.0,0.2311,0.081,-0.0041,-0.0756,0.5309,-0.011,1.05
6029,6199,0.7051,0.0933,0.2017,0.4602,0.4824,-0.014,11.87,188.98,0.79,124008.0,0.0,0.2252,0.0828,-0.0038,-0.0739,0.4748,-0.0115,1.05
6030,6199,0.7046,0.0927,0.2027,0.4519,0.499,-0.011,11.17,185.45,0.79,124608.0,0.0,0.2265,0.0813,-0.0042,-0.0726,0.5224,-0.0119,1.05
6031,6199,0.7009,0.0917,0.2076,0.4549,0.4624,-0.0132,12.0,178.71,0.79,124028.0,0.0,0.2163,0.0833,-0.0041,-0.0713,0.5135,-0.0123,1.05
6032,6199,0.6991,0.0918,0.2093,0.4479,0.4959,-0.0125,12.12,172.44,0.81,120847.0,0.0,0.2258,0.0837,-0.0043,-0.0714,0.4922,-0.0131,1.05
6033,6199,0.6985,0.0923,0.2095,0.4583,0.5131,-0.0112,12.27,186.76,0.8,122879.0,0.0,0.2323,0.0828,-0.0045,-0.0754,0.559,-0.012,1.05
6034,6199,0.6959,0.0934,0.2112,0.4686,0.4908,-0.0114,12.46,186.17,0.8,123497.0,0.0,0.2273,0.0862,-0.0039,-0.0763,0.4798,-0.0129,1.05
6035,6199,0.702,0.089,0.2098,0.4577,0.514,-0.0085,12.06,173.47,0.79,124139.0,0.0,0.2287,0.0835,-0.0035,-0.072,0.4953,-0.0129,1.05
6036,6199,0.7025,0.0866,0.2116,0.4765,0.4967,-0.0108,12.18,186.52,0.8,122400.0,0.0,0.2366,0.0845,-0.0038,-0.0768,0.5526,-0.0131,1.05
6037,6199,0.702,0.082,0.2167,0.4798,0.4824,-0.0116,11.79,175.49,0.79,124848.0,0.0,0.2411,0.087,-0.0042,-0.0762,0.4368,-0.0085,1.05
6038,6199,0.6993,0.0821,0.2192,0.4465,0.4988,-0.0116,11.62,173.85,0.8,122861.0,0.0,0.2277,0.0809,-0.0037,-0.0714,0.5382,-0.0129,1.05
6039,6199,0.6983,0.0824,0.2198,0.4523,0.5059,-0.0125,11.9,186.11,0.8,123415.0,0.0,0.2313,0.0804,-0.0039,-0.077,0.5175,-0.0132,1.05
6040,6199,0.6956,0.0832,0.2217,0.472,0.4702,-0.012,11.67,181.62,0.79,124307.0,0.0,0.2307,0.0846,-0.0043,-0.0741,0.5235,-0.0073,1.05
6041,6199,0.7003,0.0837,0.2167,0.426,0.4834,-0.0149,11.06,179.46,0.79,123782.0,0.0,0.2147,0.0742,-0.0036,-0.0689,0.5392,-0.0078,1.05
6042,6199,0.6978,0.0852,0.2178,0.4679,0.5014,-0.0097,12.45,190.79,0.8,123513.0,0.0,0.2344,0.0806,-0.0035,-0.0772,0.5105,-0.0119,1.05
6043,6199,0.6991,0.084,0.2176,0.4439,0.4868,-0.013,12.07,158.54,0.79,124027.0,0.0,0.2252,0.0769,-0.0034,-0.0709,0.4448,-0.0127,1.05
6044,6199,0.6986,0.0834,0.2187,0.4407,0.4743,-0.015,11.25,181.36,0.79,123990.0,0.0,0.2201,0.077,-0.0033,-0.0701,0.5346,-0.0139,1.05
6045,6199,0.6967,0.0844,0.2196,0.4632,0.4849,-0.0117,11.98,182.23,0.79,123925.0,0.0,0.2258,0.0811,-0.0038,-0.0771,0.3999,-0.0131,1.05
6046,6199,0.6974,0.084,0.2192,0.4736,0.4788,-0.0124,12.26,202.03,0.79,124641.0,0.0,0.2319,0.0836,-0.0034,-0.075,0.5097,-0.0123,1.05
6047,6199,0.6934,0.0858,0.2215,0.4448,0.4571,-0.0157,10.36,168.34,0.79,124261.0,0.0,0.2189,0.078,-0.0036,-0.074,0.3987,-0.0124,1.05
6048,6199,0.6887,0.0873,0.2249,0.4744,0.4581,-0.0117,12.14,187.97,0.79,123819.0,0.0,0.2356,0.0835,-0.0038,-0.0773,0.4891,-0.0084,1.05
6049,6199,0.6815,0.0891,0.2306,0.4659,0.4658,-0.0144,11.47,189.1,0.79,123794.0,0.0,0.2321,0.0804,-0.0038,-0.0756,0.4965,-0.0133,1.05
6050,6199,0.6824,0.0893,0.2293,0.4706,0.4957,-0.0116,11.55,174.58,0.8,122173.0,0.0,0.2299,0.0813,-0.003,-0.0768,0.5027,-0.0127,1.05
6051,6199,0.6772,0.0926,0.231,0.473,0.4492,-0.0147,11.09,171.1,0.8,123254.0,0.0,0.2271,0.0841,-0.0037,-0.0732,0.4779,-0.0136,1.05
6052,6199,0.6722,0.0937,0.2347,0.4752,0.4756,-0.0128,12.03,192.46,0.79,124057.0,0.0,0.2323,0.0828,-0.0037,-0.0753,0.5146,-0.0131,1.05
6053,6199,0.6712,0.0951,0.2342,0.4688,0.4664,-0.0124,10.81,181.43,0.8,122830.0,0.0,0.2305,0.0801,-0.0033,-0.0707,0.4884,-0.0121,1.05
6054,6199,0.6705,0.0956,0.2346,0.478,0.4678,-0.0122,11.5,179.37,0.81,120644.0,0.0,0.2327,0.0865,-0.0038,-0.0716,0.5851,-0.0107,1.05
6055,6199,0.6707,0.0934,0.2367,0.4701,0.456,-0.0144,12.55,194.22,0.8,123167.0,0.0,0.2263,0.0813,-0.0034,-0.0735,0.4514,-0.0126,1.05
6056,6199,0.6716,0.0919,0.2369,0.5056,0.4788,-0.0083,11.76,189.34,0.79,123719.0,0.0,0.244,0.0881,-0.0032,-0.076,0.5125,-0.0123,1.05
6057,6199,0.6712,0.0899,0.2394,0.4654,0.46,-0.0155,11.07,183.88,0.79,124076.0,0.0,0.2339,0.0797,-0.004,-0.0733,0.471,-0.0124,1.05
6058,6199,0.6699,0.0906,0.24,0.454,0.4943,-0.0123,12.03,182.67,0.79,124126.0,0.0,0.2317,0.0796,-0.0035,-0.0713,0.5361,-0.0091,1.05
6059,6199,0.6723,0.0884,0.2398,0.4583,0.4894,-0.0105,11.9,162.62,0.8,122633.0,0.0,0.2293,0.0817,-0.0039,-0.0678,0.4982,-0.0108,1.05
6060,6199,0.6791,0.0841,0.2373,0.4427,0.5085,-0.0102,12.25,173.5,0.81,121874.0,0.0,0.2269,0.0772,-0.0039,-0.0673,0.5761,-0.0111,1.05
6061,6199,0.6856,0.0846,0.2302,0.4513,0.5126,-0.0105,12.14,160.54,0.81,121894.0,0.0,0.2293,0.079,-0.0036,-0.0701,0.5006,-0.012,1.05
6062,6199,0.696,0.0795,0.225,0.4533,0.5128,-0.0071,11.08,174.48,0.8,123463.0,0.0,0.2292,0.0771,-0.0032,-0.0713,0.5612,-0.0135,1.05
6063,6199,0.7021,0.0779,0.2207,0.4487,0.4906,-0.0117,11.19,160.52,0.79,124043.0,0.0,0.2279,0.0764,-0.0035,-0.0658,0.5031,-0.0111,1.05
6064,6199,0.707,0.0786,0.2151,0.4264,0.5302,-0.011,11.88,158.11,0.79,124071.0,0.0,0.23,0.073,-0.0034,-0.0636,0.5074,-0.0117,1.05
6065,6199,0.7109,0.0796,0.2102,0.4753,0.4897,-0.0109,12.02,187.8,0.8,123567.0,0.0,0.2368,0.0829,-0.0041,-0.0742,0.5123,-0.0116,1.05
6066,6199,0.7121,0.0782,0.2104,0.4388,0.5064,-0.0105,11.18,154.51,0.81,120882.0,0.0,0.2274,0.0748,-0.0034,-0.0685,0.5546,-0.0125,1.05
6067,6199,0.7107,0.0797,0.2104,0.4739,0.4812,-0.0104,12.02,183.07,0.8,122878.0,0.0,0.2334,0.084,-0.0034,-0.075,0.4964,-0.0122,1.05
6068,6199,0.7096,0.0787,0.2124,0.4601,0.4929,-0.0104,11.81,168.8,0.8,123403.0,0.0,0.2301,0.0827,-0.0033,-0.0717,0.4848,-0.012,1.05
6069,6199,0.7094,0.0803,0.211,0.4635,0.4847,-0.0108,11.43,197.44,0.79,123753.0,0.0,0.2339,0.0804,-0.0034,-0.0733,0.4772,-0.0125,1.05
6070,6199,0.705,0.0851,0.2106,0.4306,0.465,-0.0158,10.94,169.48,0.79,123852.0,0.0,0.2144,0.0749,-0.0032,-0.0683,0.4229,-0.0131,1.05
6071,6199,0.7063,0.0871,0.2072,0.4383,0.4947,-0.0124,12.1,180.12,0.81,121847.0,0.0,0.222,0.0748,-0.0033,-0.07,0.5087,-0.0122,1.05
6072,6199,0.7057,0.0882,0.2067,0.4342,0.504,-0.0138,11.02,155.25,0.79,124248.0,0.0,0.2215,0.076,-0.0047,-0.068,0.4432,-0.0119,1.05
6073,6199,0.7111,0.0854,0.2042,0.4595,0.5169,-0.0093,11.14,168.09,0.8,123128.0,0.0,0.2372,0.0799,-0.0034,-0.0758,0.4401,-0.0121,1.05
6074,6199,0.7134,0.0807,0.2065,0.4803,0.4838,-0.0093,11.18,179.67,0.79,124113.0,0.0,0.2323,0.0861,-0.0042,-0.0794,0.4805,-0.0121,1.05
6075,6199,0.7064,0.0796,0.2144,0.4885,0.4528,-0.0121,11.21,188.12,0.8,123474.0,0.0,0.2359,0.0888,-0.0035,-0.0765,0.4727,-0.0112,1.05
6076,6199,0.699,0.0798,0.2219,0.4829,0.4565,-0.0137,10.22,182.86,0.8,123340.0,0.0,0.2314,0.0875,-0.0042,-0.08,0.4869,-0.0092,1.05
6077,6199,0.691,0.0811,0.2285,0.5079,0.4662,-0.0104,11.84,189.16,0.79,124146.0,0.0,0.245,0.0913,-0.0037,-0.0807,0.3919,-0.0124,1.05
6078,6199,0.6928,0.081,0.2269,0.4857,0.4861,-0.0087,12.39,199.42,0.8,122170.0,0.0,0.2353,0.0862,-0.0035,-0.0777,0.4961,-0.0125,1.05
6079,6199,0.6915,0.0803,0.2289,0.468,0.4751,-0.0107,11.43,187.28,0.79,124044.0,0.0,0.23,0.0831,-0.0035,-0.0716,0.5379,-0.0127,1.05
6080,6199,0.6849,0.0831,0.2325,0.4729,0.4577,-0.0156,11.24,190.63,0.79,124022.0,0.0,0.2329,0.0857,-0.0037,-0.0724,0.6037,-0.0115,1.05
6081,6199,0.6837,0.0848,0.2316,0.5048,0.4704,-0.0119,11.81,189.07,0.79,123957.0,0.0,0.2425,0.0913,-0.004,-0.0787,0.5648,-0.0123,1.05
6082,6199,0.686,0.0855,0.2285,0.4762,0.4796,-0.012,11.1,184.14,0.79,123908.0,0.0,0.2361,0.0866,-0.0038,-0.0735,0.4604,-0.013,1.05
6083,6199,0.6889,0.0851,0.2263,0.4426,0.51,-0.0106,11.52,171.25,0.79,123738.0,0.0,0.2301,0.0773,-0.0038,-0.0723,0.5182,-0.0129,1.05
6084,6199,0.6914,0.0863,0.2227,0.4238,0.5113,-0.0117,12.53,150.88,0.79,124205.0,0.0,0.2254,0.0726,-0.0028,-0.0679,0.5162,-0.0118,1.05
6085,6199,0.6963,0.085,0.2192,0.4538,0.489,-0.0122,11.35,158.88,0.8,123174.0,0.0,0.2311,0.0773,-0.0033,-0.075,0.4154,-0.0121,1.05
6086,6199,0.6979,0.083,0.2198,0.4755,0.4903,-0.0081,11.43,163.34,0.79,123658.0,0.0,0.2365,0.0822,-0.0031,-0.0754,0.4591,-0.0129,1.05
6087,6199,0.6986,0.0812,0.2209,0.4388,0.5042,-0.0119,12.16,169.74,0.79,123910.0,0.0,0.2275,0.0753,-0.0034,-0.0692,0.4982,-0.0111,1.05
6088,6199,0.7005,0.0809,0.2193,0.4647,0.5039,-0.0108,11.54,191.97,0.8,123582.0,0.0,0.237,0.0806,-0.004,-0.0714,0.5051,-0.0127,1.05
6089,6199,0.6923,0.0845,0.2239,0.4837,0.4713,-0.0121,11.19,170.29,0.81,121364.0,0.0,0.2445,0.0849,-0.004,-0.0739,0.5587,-0.0123,1.05
6090,6199,0.6912,0.0884,0.2212,0.4595,0.4672,-0.0144,10.47,170.58,0.8,123159.0,0.0,0.2312,0.0791,-0.0035,-0.0702,0.5156,-0.0134,1.05
6091,6199,0.6878,0.089,0.224,0.472,0.4913,-0.011,12.87,195.11,0.8,123077.0,0.0,0.2414,0.0829,-0.0031,-0.0726,0.5756,-0.0131,1.05
6092,6199,0.6924,0.0865,0.2219,0.4446,0.5152,-0.0119,11.72,179.4,0.81,121930.0,0.0,0.2343,0.0778,-0.0031,-0.0667,0.558,-0.0125,1.06
6093,6199,0.6919,0.0879,0.2212,0.47,0.4747,-0.0131,11.86,190.0,0.79,123996.0,0.0,0.2329,0.0851,-0.0035,-0.0717,0.5229,-0.0138,1.06
6094,6199,0.6878,0.0891,0.224,0.4832,0.4868,-0.0119,11.43,177.02,0.8,122575.0,0.0,0.2425,0.0857,-0.0034,-0.0733,0.5608,-0.0122,1.06
6095,6199,0.6882,0.0912,0.2215,0.4449,0.4939,-0.0125,11.45,178.06,0.81,120968.0,0.0,0.2289,0.0791,-0.0033,-0.0697,0.4983,-0.0118,1.06
6096,6199,0.6885,0.0919,0.2206,0.4616,0.471,-0.0122,11.33,175.71,0.8,122524.0,0.0,0.2353,0.081,-0.0043,-0.0728,0.5509,-0.0117,1.06
6097,6199,0.6899,0.0921,0.2194,0.4454,0.4956,-0.0117,10.7,182.21,0.79,124214.0,0.0,0.2309,0.0769,-0.0033,-0.0695,0.4904,-0.0116,1.06
6098,6199,0.6897,0.0932,0.2183,0.4565,0.4791,-0.0139,12.34,180.86,0.86,114013.0,0.0,0.2304,0.0786,-0.0036,-0.0722,0.5317,-0.0094,1.06
6099,6199,0.6873,0.0948,0.219,0.4506,0.4769,-0.014,11.15,179.21,0.83,118893.0,0.0,0.2343,0.0771,-0.0033,-0.0731,0.5086,-0.012,1.06
6100,6199,0.6881,0.0976,0.2152,0.4299,0.5035,-0.0153,11.35,172.62,0.82,120007.0,0.0,0.2313,0.0735,-0.0036,-0.0659,0.639,-0.0117,1.06
6101,6199,0.691,0.1006,0.2091,0.4602,0.4956,-0.0131,12.25,190.5,0.9,108695.0,0.0,0.2357,0.0804,-0.0032,-0.0702,0.5672,-0.0138,1.05
6102,6199,0.6932,0.1013,0.2063,0.4519,0.4967,-0.0134,11.34,182.25,0.81,121271.0,0.0,0.2306,0.0787,-0.0032,-0.0719,0.5536,-0.0125,1.05
6103,6199,0.6919,0.106,0.2026,0.4421,0.4719,-0.0173,11.18,176.49,0.83,117865.0,0.0,0.2281,0.0787,-0.0042,-0.0667,0.5647,-0.01,1.05
6104,6199,0.695,0.1052,0.2004,0.4802,0.4927,-0.0108,11.59,177.15,0.84,116481.0,0.0,0.2459,0.0857,-0.0035,-0.0721,0.5306,-0.0113,1.05
6105,6199,0.6967,0.1039,0.2002,0.463,0.4925,-0.0135,11.87,186.78,0.83,117930.0,0.0,0.239,0.0826,-0.0031,-0.0734,0.4949,-0.0111,1.05
6106,6199,0.6964,0.1027,0.2016,0.4747,0.471,-0.0138,11.85,183.36,0.88,111960.0,0.0,0.2434,0.0837,-0.0033,-0.0709,0.4843,-0.012,1.05
6107,6199,0.6933,0.1028,0.2047,0.4472,0.4793,-0.0145,10.59,159.97,1.46,67480.0,0.0,0.2285,0.0791,-0.0032,-0.0656,0.5696,-0.0134,1.05
6108,6199,0.6935,0.1041,0.2031,0.4509,0.4699,-0.0169,12.07,177.17,1.78,55194.0,0.0,0.2332,0.0779,-0.0034,-0.0686,0.4603,-0.0132,1.05
6109,6199,0.6906,0.1047,0.2055,0.4723,0.4749,-0.0128,10.78,181.94,1.23,80128.0,0.0,0.2352,0.0826,-0.0036,-0.0733,0.4882,-0.014,1.05
6110,6199,0.6876,0.1039,0.2092,0.4645,0.4783,-0.0144,10.03,164.41,1.85,53245.0,0.0,0.2375,0.0807,-0.0037,-0.0742,0.5164,-0.0114,1.05
6111,6199,0.6862,0.1033,0.2111,0.4574,0.5092,-0.0093,12.02,178.0,1.91,51444.0,0.0,0.232,0.0794,-0.0039,-0.0721,0.4633,-0.0115,1.05
6112,6199,0.6879,0.1007,0.2116,0.4552,0.4875,-0.0138,12.04,179.88,1.83,53667.0,0.0,0.238,0.0783,-0.0029,-0.0719,0.4984,-0.0099,1.05
6113,6199,0.6921,0.0986,0.2095,0.4477,0.4979,-0.0105,11.7,185.6,1.87,52602.0,0.0,0.2316,0.0769,-0.003,-0.0692,0.4887,-0.0104,1.05
6114,6199,0.6964,0.099,0.2049,0.4652,0.479,-0.0139,11.86,179.74,1.91,51453.0,0.0,0.2327,0.0816,-0.003,-0.0748,0.5046,-0.0128,1.05
6115,6199,0.6916,0.1008,0.2078,0.4672,0.4572,-0.0144,11.24,179.49,1.87,52626.0,0.0,0.2318,0.0834,-0.0032,-0.0681,0.4819,-0.0131,1.05
6116,6199,0.6863,0.0973,0.2166,0.5043,0.4536,-0.0092,11.96,175.86,1.85,53111.0,0.0,0.2442,0.0903,-0.0031,-0.0726,0.4074,-0.0138,1.05
6117,6199,0.6765,0.0953,0.2284,0.5076,0.4571,-0.0099,12.36,201.76,1.84,53462.0,0.0,0.2454,0.0902,-0.0036,-0.075,0.4629,-0.0118,1.05
6118,6199,0.673,0.0917,0.2358,0.4967,0.4522,-0.012,10.88,183.01,1.89,51999.0,0.0,0.238,0.0898,-0.0031,-0.0746,0.556,-0.0102,1.05
6119,6199,0.6679,0.0934,0.2393,0.4698,0.4738,-0.0128,11.61,151.62,1.94,50718.0,0.0,0.234,0.0828,-0.0032,-0.0722,0.4374,-0.0106,1.05
6120,6199,0.6729,0.0906,0.237,0.4687,0.4788,-0.0099,12.8,206.43,1.85,53237.0,0.0,0.2351,0.0829,-0.0039,-0.0707,0.45,-0.0118,1.05
6121,6199,0.6739,0.0894,0.2372,0.4897,0.4814,-0.0112,12.18,188.31,1.88,52340.0,0.0,0.2428,0.0855,-0.0031,-0.0747,0.4989,-0.0125,1.05
6122,6199,0.6719,0.0902,0.2384,0.4884,0.4653,-0.0131,11.2,173.48,1.91,51596.0,0.0,0.2371,0.0866,-0.0036,-0.0777,0.455,-0.0129,1.05
6123,6199,0.6751,0.0902,0.2354,0.4597,0.4893,-0.0148,11.66,182.81,1.91,51520.0,0.0,0.231,0.0806,-0.0032,-0.0706,0.5783,-0.0119,1.05
6124,6199,0.6773,0.0895,0.2341,0.4986,0.4705,-0.0119,12.27,189.42,1.89,51955.0,0.0,0.2479,0.0863,-0.0031,-0.0738,0.5259,-0.0093,1.05
6125,6199,0.6759,0.0916,0.2335,0.4824,0.4541,-0.0145,12.5,198.39,1.94,50592.0,0.0,0.2346,0.0857,-0.0033,-0.072,0.5218,-0.0119,1.05
6126,6199,0.6732,0.0925,0.2351,0.4992,0.4695,-0.0121,11.44,170.99,1.93,50816.0,0.0,0.246,0.0865,-0.0034,-0.0809,0.4524,-0.0126,1.05
6127,6199,0.6729,0.0932,0.2344,0.4872,0.4843,-0.0105,11.5,182.19,1.96,50212.0,0.0,0.2392,0.0855,-0.0034,-0.0767,0.4365,-0.0119,1.05
6128,6199,0.6721,0.0905,0.2378,0.4833,0.4918,-0.0091,12.33,190.31,1.93,51000.0,0.0,0.2408,0.0857,-0.0033,-0.0729,0.5155,-0.012,1.06
6129,6199,0.6743,0.0854,0.2409,0.4695,0.487,-0.0108,11.61,169.35,1.91,51563.0,0.0,0.2361,0.0819,-0.0034,-0.0761,0.4456,-0.0118,1.06
6130,6199,0.6768,0.0835,0.2402,0.4824,0.4876,-0.0114,11.79,189.99,1.93,51004.0,0.0,0.2447,0.0846,-0.0032,-0.0752,0.5748,-0.012,1.06
6131,6199,0.6751,0.0842,0.2412,0.4939,0.4488,-0.0122,11.42,190.95,1.94,50555.0,0.0,0.2407,0.0881,-0.0037,-0.0776,0.4395,-0.012,1.06
6132,6199,0.6735,0.0865,0.2402,0.4615,0.5076,-0.0127,11.72,175.36,1.83,53715.0,0.0,0.2362,0.0792,-0.0036,-0.0774,0.4972,-0.0114,1.06
6133,6199,0.6782,0.0864,0.2357,0.4879,0.489,-0.011,11.91,174.39,1.9,51771.0,0.0,0.252,0.0828,-0.0033,-0.0778,0.4867,-0.0122,1.06
6134,6199,0.682,0.0856,0.2327,0.4806,0.4878,-0.0103,11.99,182.13,1.9,51816.0,0.0,0.2399,0.0836,-0.0036,-0.0773,0.453,-0.0112,1.06
6135,6199,0.6827,0.0845,0.233,0.4848,0.4692,-0.011,12.42,212.08,1.97,49799.0,0.0,0.24,0.0874,-0.0038,-0.0732,0.4987,-0.0115,1.06
6136,6199,0.689,0.0825,0.2288,0.4758,0.5027,-0.0099,11.33,180.48,1.94,50756.0,0.0,0.2436,0.0841,-0.0034,-0.0722,0.5704,-0.0116,1.06
6137,6199,0.6916,0.0809,0.228,0.4633,0.4983,-0.0133,11.79,181.58,1.89,52055.0,0.0,0.2451,0.0831,-0.0033,-0.0699,0.6237,-0.0109,1.06
6138,6199,0.694,0.083,0.2236,0.4657,0.4956,-0.0117,12.32,183.39,1.9,51705.0,0.0,0.2408,0.0808,-0.0036,-0.0721,0.5469,-0.0117,1.06
6139,6199,0.7031,0.0812,0.2169,0.4651,0.4866,-0.0134,11.82,168.9,1.86,52712.0,0.0,0.2412,0.0809,-0.0033,-0.073,0.5136,-0.0132,1.06
6140,6199,0.7068,0.0823,0.2121,0.4652,0.5041,-0.0102,11.78,171.29,1.9,51848.0,0.0,0.2429,0.0807,-0.0035,-0.0715,0.4975,-0.013,1.06
6141,6199,0.7087,0.0816,0.2108,0.4484,0.505,-0.0112,11.19,173.71,1.93,50810.0,0.0,0.2332,0.0782,-0.0036,-0.0712,0.5424,-0.0112,1.06
6142,6199,0.7113,0.0828,0.2069,0.4417,0.51,-0.0126,11.93,179.38,1.9,51719.0,0.0,0.2327,0.076,-0.0035,-0.0734,0.4962,-0.0123,1.06
6143,6199,0.7123,0.0827,0.2061,0.4662,0.4805,-0.0115,11.38,176.15,1.94,50570.0,0.0,0.2359,0.0812,-0.0039,-0.0745,0.5058,-0.0115,1.06
6144,6199,0.711,0.0813,0.2083,0.47,0.4865,-0.0108,12.26,193.33,1.93,50881.0,0.0,0.238,0.0807,-0.0039,-0.074,0.5098,-0.0103,1.06
6145,6199,0.7091,0.0822,0.2092,0.4368,0.4751,-0.0157,10.92,163.85,1.93,51032.0,0.0,0.2276,0.0752,-0.0034,-0.0692,0.4761,-0.0122,1.06
6146,6199,0.7072,0.0847,0.2088,0.4738,0.4782,-0.0109,11.1,178.98,1.92,51297.0,0.0,0.2412,0.0802,-0.0036,-0.0767,0.3987,-0.0129,1.06
6147,6199,0.703,0.082,0.2158,0.4629,0.4932,-0.009,10.97,163.45,1.96,50119.0,0.0,0.2369,0.0795,-0.0039,-0.0751,0.4863,-0.0102,1.06
6148,6199,0.7046,0.0792,0.2169,0.5117,0.478,-0.008,12.12,204.35,1.87,52674.0,0.0,0.2489,0.0898,-0.0042,-0.0846,0.4753,-0.0115,1.06
6149,6199,0.699,0.0792,0.2227,0.4913,0.4733,-0.0124,11.97,182.32,1.86,52745.0,0.0,0.2478,0.0867,-0.0043,-0.0771,0.5983,-0.0116,1.06
6150,6199,0.6946,0.0821,0.2243,0.4849,0.4781,-0.013,11.75,187.13,1.9,51759.0,0.0,0.2367,0.081,-0.0043,-0.0839,0.5066,-0.0113,1.06
6151,6199,0.6914,0.0847,0.2247,0.4679,0.4805,-0.0142,10.9,166.38,1.89,51917.0,0.0,0.2333,0.0808,-0.0041,-0.0756,0.5014,-0.0125,1.06
6152,6199,0.6878,0.0878,0.2252,0.459,0.485,-0.0145,10.73,183.43,1.89,51876.0,0.0,0.2353,0.0798,-0.0043,-0.0714,0.5938,-0.0105,1.06
6153,6199,0.6855,0.0895,0.2257,0.4889,0.464,-0.0114,11.93,205.73,1.82,54081.0,0.0,0.24,0.0868,-0.0048,-0.0749,0.4724,-0.0101,1.06
6154,6199,0.6838,0.0871,0.2295,0.4738,0.4954,-0.0099,12.17,173.04,1.89,51985.0,0.0,0.2377,0.0822,-0.0033,-0.0737,0.446,-0.0123,1.06
6155,6199,0.6846,0.0863,0.2297,0.4512,0.5009,-0.0099,11.5,163.41,1.83,53606.0,0.0,0.2322,0.0779,-0.0035,-0.0718,0.5121,-0.0132,1.06
6156,6199,0.684,0.0872,0.2292,0.4547,0.5067,-0.0116,12.11,190.7,1.88,52366.0,0.0,0.2395,0.0784,-0.0036,-0.0735,0.5456,-0.0116,1.06
6157,6199,0.6864,0.0871,0.2268,0.4515,0.4961,-0.0143,10.97,176.81,1.86,52977.0,0.0,0.2281,0.0788,-0.004,-0.0738,0.5659,-0.0127,1.06
6158,6199,0.687,0.0863,0.2272,0.4741,0.4857,-0.0118,12.13,194.35,1.86,52842.0,0.0,0.2409,0.0818,-0.0037,-0.0744,0.4986,-0.0128,1.06
6159,6199,0.6852,0.0851,0.2301,0.4602,0.4913,-0.0108,11.31,168.68,1.87,52497.0,0.0,0.2421,0.0777,-0.0039,-0.0752,0.4666,-0.0127,1.06
6160,6199,0.6865,0.083,0.231,0.4753,0.5002,-0.0096,12.34,198.58,1.81,54389.0,0.0,0.2434,0.0821,-0.0041,-0.0779,0.5152,-0.0133,1.06
6161,6199,0.6879,0.0813,0.2309,0.4584,0.5117,-0.0105,11.8,179.46,1.87,52654.0,0.0,0.2385,0.077,-0.0035,-0.0758,0.5446,-0.0133,1.06
6162,6199,0.6943,0.082,0.2236,0.4579,0.5015,-0.0118,11.39,197.68,0.92,106963.0,0.0,0.2362,0.0792,-0.0043,-0.0753,0.4852,-0.0124,1.06
6163,6199,0.6979,0.0816,0.2205,0.4519,0.4964,-0.0116,11.04,178.29,0.79,123763.0,0.0,0.2331,0.0782,-0.0043,-0.0747,0.5715,-0.0115,1.06
6164,6199,0.6984,0.0844,0.2173,0.4352,0.4954,-0.0137,11.48,172.59,0.8,123461.0,0.0,0.2233,0.0751,-0.0035,-0.0695,0.5107,-0.0125,1.06
6165,6199,0.6969,0.0839,0.2192,0.4671,0.4866,-0.0113,10.29,164.44,0.8,122117.0,0.0,0.2385,0.082,-0.004,-0.0743,0.568,-0.0121,1.06
6166,6199,0.6974,0.0864,0.2162,0.4218,0.4967,-0.0159,10.4,155.26,0.79,124573.0,0.0,0.2225,0.0721,-0.0034,-0.0723,0.5786,-0.0122,1.06
6167,6199,0.7,0.0877,0.2123,0.4282,0.5007,-0.0148,11.05,181.22,0.8,122989.0,0.0,0.2237,0.0729,-0.0039,-0.0692,0.5566,-0.0136,1.06
6168,6199,0.6969,0.0912,0.2119,0.4479,0.5081,-0.01,12.3,186.88,0.79,123866.0,0.0,0.237,0.0789,-0.0039,-0.0684,0.4977,-0.0121,1.06
6169,6199,0.7034,0.0902,0.2067,0.4476,0.5129,-0.0115,12.03,170.77,0.79,123696.0,0.0,0.2342,0.0796,-0.0038,-0.0683,0.5352,-0.0126,1.06
6170,6199,0.7098,0.0868,0.2041,0.4351,0.5346,-0.0106,12.4,167.21,0.79,124060.0,0.0,0.2357,0.0745,-0.0034,-0.0705,0.5029,-0.0122,1.06
6171,6199,0.713,0.0867,0.201,0.4505,0.4969,-0.0123,11.06,167.48,0.8,122581.0,0.0,0.2341,0.0772,-0.0034,-0.0744,0.5257,-0.0122,1.06
6172,6199,0.7143,0.0871,0.1992,0.4399,0.4987,-0.0134,12.31,182.27,0.8,123040.0,0.0,0.2308,0.0757,-0.0037,-0.0688,0.4798,-0.008,1.06
6173,6199,0.7129,0.0871,0.2007,0.4565,0.5057,-0.0115,11.57,182.12,0.79,124026.0,0.0,0.2434,0.0789,-0.0034,-0.0736,0.5302,-0.0121,1.06
6174,6199,0.7131,0.0879,0.1996,0.4318,0.4984,-0.0145,11.15,148.39,0.79,124314.0,0.0,0.227,0.0754,-0.0037,-0.0685,0.5853,-0.0103,1.06
6175,6199,0.7133,0.09,0.1973,0.4138,0.5099,-0.0141,11.24,175.79,0.79,123757.0,0.0,0.2281,0.0717,-0.0037,-0.0662,0.6167,-0.0103,1.06
6176,6199,0.7151,0.0908,0.1951,0.4423,0.5227,-0.0112,12.06,161.93,0.8,122590.0,0.0,0.2367,0.0765,-0.0041,-0.0719,0.5929,-0.0138,1.07
6177,6199,0.7171,0.0898,0.194,0.4432,0.5032,-0.0123,11.34,185.54,0.8,123644.0,0.0,0.2363,0.0767,-0.0035,-0.0696,0.6089,-0.0136,1.07
6178,6199,0.7124,0.0898,0.1985,0.4602,0.4921,-0.0117,11.74,178.94,0.79,124256.0,0.0,0.2384,0.0816,-0.0036,-0.074,0.4841,-0.0127,1.07
6179,6199,0.7168,0.088,0.1959,0.4149,0.5421,-0.0102,11.46,146.84,0.79,123738.0,0.0,0.2311,0.0699,-0.003,-0.0654,0.533,-0.0127,1.07
6180,6199,0.7205,0.0881,0.1922,0.4057,0.5027,-0.0166,9.86,162.59,0.8,123092.0,0.0,0.2184,0.069,-0.0035,-0.0655,0.5729,-0.0122,1.07
6181,6199,0.7218,0.0908,0.1883,0.4557,0.5075,-0.0115,12.84,193.6,0.79,123819.0,0.0,0.2442,0.0779,-0.0032,-0.0727,0.4362,-0.0117,1.06
6182,6199,0.7197,0.0914,0.1899,0.4557,0.5065,-0.0108,12.02,188.42,0.8,123179.0,0.0,0.2389,0.079,-0.0037,-0.0722,0.4416,-0.0134,1.06
6183,6199,0.717,0.0905,0.1937,0.4462,0.4917,-0.013,11.08,172.22,0.79,123927.0,0.0,0.232,0.0794,-0.0037,-0.0698,0.4962,-0.0124,1.06
6184,6199,0.7143,0.0929,0.1944,0.4153,0.5003,-0.0147,10.99,167.09,0.8,122661.0,0.0,0.2234,0.0727,-0.0037,-0.0672,0.5018,-0.0129,1.06
6185,6199,0.7193,0.0933,0.1889,0.428,0.5178,-0.0137,10.89,179.28,0.8,123471.0,0.0,0.2276,0.0762,-0.0038,-0.0676,0.5336,-0.0126,1.06
6186,6199,0.719,0.0919,0.1906,0.4699,0.4974,-0.0094,11.99,192.98,0.8,122387.0,0.0,0.2352,0.0851,-0.0041,-0.0754,0.4746,-0.0132,1.06
6187,6199,0.7199,0.0889,0.1927,0.4629,0.4929,-0.0118,11.92,182.63,0.79,124065.0,0.0,0.2299,0.0824,-0.004,-0.0763,0.512,-0.0123,1.06
6188,6199,0.719,0.0882,0.1943,0.4347,0.4881,-0.015,10.83,166.2,0.8,123369.0,0.0,0.2238,0.075,-0.0039,-0.0714,0.447,-0.0133,1.06
6189,6199,0.7152,0.0893,0.1967,0.4638,0.4664,-0.0131,10.83,178.41,0.8,123537.0,0.0,0.2339,0.0829,-0.0043,-0.0745,0.5243,-0.0089,1.06
6190,6199,0.7118,0.0907,0.1991,0.4604,0.4857,-0.0116,11.7,198.06,0.8,122617.0,0.0,0.2327,0.083,-0.0042,-0.0732,0.5453,-0.0087,1.06
6191,6199,0.7108,0.089,0.2013,0.4736,0.4865,-0.0111,11.59,170.41,0.8,123170.0,0.0,0.2418,0.0842,-0.0042,-0.076,0.4397,-0.013,1.06
6192,6199,0.7104,0.0903,0.2002,0.4497,0.5015,-0.0136,11.49,167.56,0.8,122865.0,0.0,0.2335,0.0793,-0.004,-0.0707,0.5935,-0.0129,1.06
6193,6199,0.71,0.088,0.2028,0.4725,0.5018,-0.0104,11.88,183.98,0.79,124359.0,0.0,0.2402,0.0824,-0.0044,-0.079,0.479,-0.0117,1.06
6194,6199,0.7097,0.0871,0.2038,0.461,0.5144,-0.0085,12.47,187.23,0.8,123176.0,0.0,0.2382,0.0814,-0.0041,-0.0737,0.5017,-0.0117,1.06
6195,6199,0.7107,0.0864,0.2038,0.4422,0.5154,-0.0116,12.05,184.17,0.8,123453.0,0.0,0.2387,0.0771,-0.0032,-0.0705,0.4949,-0.0113,1.06
6196,6199,0.7088,0.0839,0.2082,0.4726,0.4965,-0.0099,11.35,164.99,0.8,123414.0,0.0,0.2416,0.0844,-0.0038,-0.0723,0.5325,-0.0121,1.07
6197,6199,0.7099,0.0859,0.2049,0.4245,0.5015,-0.0137,11.45,186.39,0.8,123501.0,0.0,0.2255,0.0756,-0.0042,-0.0678,0.5077,-0.0089,1.06
6198,6199,0.705,0.0866,0.2094,0.4552,0.4929,-0.0118,10.76,173.55,0.79,123941.0,0.0,0.2309,0.082,-0.0048,-0.072,0.4942,-0.0133,1.07
