iteration,total,hold_success,dropped,time_out,r_face_alignment,r_hold_bonus,r_dropped_penalty,mean_reward,mean_ep_len,iter_time_s,steps_per_s,invalid_state,r_hold_progress,r_grasp_contact,r_excess_force,r_joint_limits,value_loss,surrogate_loss,action_std
2400,4700,0.0,0.0278,0.0358,0.0196,0.0,-0.0531,-0.81,20.75,1.77,55573.0,0.0,0.0015,0.0026,-0.0004,-0.0032,1.1415,-0.0065,0.98
2401,4700,0.0,0.057,0.101,0.0656,0.0,-0.0272,0.17,43.51,0.76,129637.0,0.0,0.0146,0.0106,-0.0009,-0.0125,0.3287,-0.0086,0.98
2402,4700,0.0529,0.0693,0.1526,0.1347,0.2698,-0.0152,6.83,66.26,0.76,129850.0,0.0,0.0878,0.017,-0.0005,-0.0186,0.5225,-0.0154,0.98
2403,4700,0.1661,0.0779,0.1897,0.1823,0.3816,-0.0159,7.57,86.47,0.76,129375.0,0.0,0.1128,0.0248,-0.0007,-0.0312,0.5908,-0.0122,0.98
2404,4700,0.2501,0.0836,0.2126,0.2282,0.4424,-0.0111,8.64,102.01,0.76,128926.0,0.0,0.1393,0.0326,-0.001,-0.0423,0.4398,-0.013,0.98
2405,4700,0.3302,0.0844,0.2283,0.2507,0.4706,-0.0108,8.25,106.73,0.77,128457.0,0.0,0.1542,0.0346,-0.0009,-0.0445,0.5488,-0.0136,0.98
2406,4700,0.3899,0.0888,0.2419,0.2741,0.4479,-0.0143,8.46,109.71,0.77,127434.0,0.0,0.1577,0.0392,-0.001,-0.0482,0.5269,-0.0134,0.98
2407,4700,0.4365,0.0951,0.2434,0.3013,0.462,-0.0152,9.63,129.07,0.76,128514.0,0.0,0.1694,0.0437,-0.0012,-0.0538,0.4678,-0.0132,0.98
2408,4700,0.4717,0.0967,0.2488,0.3212,0.4702,-0.0127,9.22,145.46,0.77,128393.0,0.0,0.1733,0.0453,-0.0009,-0.0556,0.4554,-0.013,0.98
2409,4700,0.5032,0.0995,0.251,0.3335,0.4945,-0.0137,10.11,135.88,0.76,129620.0,0.0,0.1809,0.0491,-0.0009,-0.0577,0.4502,-0.0119,0.98
2410,4700,0.531,0.1039,0.2469,0.3587,0.5154,-0.0102,11.36,158.71,0.76,129375.0,0.0,0.1932,0.053,-0.0013,-0.0598,0.5114,-0.012,0.98
2411,4700,0.5602,0.1054,0.2469,0.3925,0.4881,-0.0137,10.62,156.34,0.77,128157.0,0.0,0.1977,0.0569,-0.0011,-0.0663,0.3935,-0.0129,0.98
2412,4700,0.5845,0.1067,0.2489,0.4328,0.4675,-0.0126,10.91,186.19,0.76,129459.0,0.0,0.2033,0.0649,-0.0012,-0.0713,0.4376,-0.0137,0.98
2413,4700,0.6092,0.107,0.2518,0.4227,0.4745,-0.0141,11.18,184.31,0.76,129339.0,0.0,0.2071,0.0608,-0.001,-0.0692,0.463,-0.0112,0.98
2414,4700,0.63,0.1101,0.2518,0.4345,0.5049,-0.014,10.28,164.35,0.76,129061.0,0.0,0.2096,0.0661,-0.0012,-0.0698,0.4267,-0.0122,0.98
2415,4700,0.6448,0.1072,0.2492,0.4773,0.4256,-0.017,11.98,208.12,0.77,127977.0,0.0,0.2124,0.0725,-0.0014,-0.0768,0.4086,-0.0127,0.98
2416,4700,0.6633,0.0994,0.2385,0.4617,0.4802,-0.0131,11.77,189.66,0.77,128406.0,0.0,0.2241,0.0683,-0.0014,-0.073,0.3999,-0.0125,0.98
2417,4700,0.6643,0.0967,0.2399,0.5371,0.3991,-0.0096,11.05,216.85,0.76,128873.0,0.0,0.216,0.0839,-0.0014,-0.078,0.48,-0.0119,0.98
2418,4700,0.6497,0.0948,0.2565,0.5097,0.4148,-0.0159,11.5,200.04,0.77,128201.0,0.0,0.2157,0.0787,-0.0014,-0.0753,0.4918,-0.0119,0.98
2419,4700,0.6452,0.0941,0.2617,0.5209,0.4263,-0.0112,12.09,195.07,0.76,129599.0,0.0,0.2239,0.0796,-0.0012,-0.0825,0.4309,-0.0137,0.98
2420,4700,0.6367,0.0927,0.2714,0.5299,0.3984,-0.0116,10.8,192.97,0.76,128606.0,0.0,0.2202,0.0816,-0.0011,-0.0766,0.414,-0.0133,0.98
2421,4700,0.6308,0.0903,0.2792,0.4975,0.4185,-0.0124,10.57,203.77,0.76,130152.0,0.0,0.2011,0.079,-0.001,-0.0726,0.4033,-0.014,0.98
2422,4700,0.6286,0.0872,0.2844,0.5022,0.4327,-0.0102,11.1,207.54,0.77,127301.0,0.0,0.2091,0.0788,-0.0015,-0.0778,0.4572,-0.0127,0.98
2423,4700,0.6307,0.0858,0.2837,0.4581,0.4851,-0.011,11.78,189.53,0.76,129823.0,0.0,0.2155,0.0694,-0.001,-0.0732,0.4367,-0.0139,0.98
2424,4700,0.6381,0.0845,0.2774,0.4916,0.4464,-0.0114,11.58,202.11,0.75,130221.0,0.0,0.2196,0.0729,-0.0012,-0.0758,0.4084,-0.013,0.98
2425,4700,0.6374,0.0847,0.2779,0.4807,0.4584,-0.01,10.49,181.92,0.77,127331.0,0.0,0.2148,0.0721,-0.0011,-0.0752,0.4289,-0.0136,0.98
2426,4700,0.6333,0.0854,0.2814,0.4775,0.4533,-0.0111,11.37,192.66,0.76,129825.0,0.0,0.2111,0.0715,-0.0009,-0.0763,0.4467,-0.0126,0.98
2427,4700,0.6357,0.0848,0.2795,0.4788,0.4677,-0.0129,11.66,182.06,0.75,130371.0,0.0,0.2232,0.0697,-0.0011,-0.0758,0.3849,-0.0124,0.98
2428,4700,0.6347,0.0845,0.2809,0.4994,0.4549,-0.0093,11.22,183.6,0.75,130769.0,0.0,0.2205,0.0752,-0.001,-0.0789,0.4058,-0.0132,0.98
2429,4700,0.6345,0.0853,0.2804,0.4625,0.4636,-0.0134,12.02,197.77,0.75,130742.0,0.0,0.2108,0.0691,-0.0009,-0.0728,0.4121,-0.0137,0.98
2430,4700,0.6371,0.0826,0.281,0.4968,0.4387,-0.0119,11.57,186.81,0.76,128923.0,0.0,0.2214,0.0767,-0.001,-0.0757,0.4277,-0.0126,0.98
2431,4700,0.6385,0.0814,0.2808,0.5049,0.4386,-0.0122,10.84,184.37,0.76,129055.0,0.0,0.2202,0.0751,-0.001,-0.0807,0.4354,-0.0125,0.98
2432,4700,0.6395,0.0814,0.2799,0.5097,0.4528,-0.0105,11.39,225.88,0.77,128436.0,0.0,0.2211,0.0764,-0.0009,-0.0813,0.4707,-0.0137,0.98
2433,4700,0.6416,0.082,0.2775,0.4992,0.4552,-0.0108,11.38,183.71,0.76,129035.0,0.0,0.2206,0.0764,-0.0009,-0.0781,0.42,-0.0132,0.98
2434,4700,0.6416,0.0835,0.2759,0.5006,0.4198,-0.0154,10.81,203.28,0.76,128993.0,0.0,0.2183,0.072,-0.001,-0.0784,0.4479,-0.0133,0.99
2435,4700,0.645,0.0836,0.2722,0.5117,0.441,-0.0106,11.73,202.06,0.76,129294.0,0.0,0.227,0.0752,-0.0011,-0.078,0.4505,-0.0114,0.99
2436,4700,0.6483,0.0836,0.2688,0.4834,0.4275,-0.0158,10.92,201.7,0.77,128200.0,0.0,0.2094,0.0741,-0.001,-0.0708,0.3676,-0.0134,0.99
2437,4700,0.647,0.0841,0.2696,0.5142,0.4452,-0.0077,11.05,212.83,0.76,129321.0,0.0,0.225,0.0777,-0.0009,-0.0766,0.4014,-0.0139,0.99
2438,4700,0.6418,0.085,0.2742,0.4961,0.4275,-0.0127,10.72,204.65,0.76,129950.0,0.0,0.2151,0.0753,-0.001,-0.0741,0.4332,-0.0139,0.99
2439,4700,0.6399,0.0862,0.2752,0.4836,0.4587,-0.0136,11.8,185.05,0.76,129267.0,0.0,0.2168,0.0735,-0.0009,-0.073,0.4672,-0.0119,0.99
2440,4700,0.6354,0.0872,0.2787,0.5333,0.3906,-0.0126,11.31,205.39,0.75,130291.0,0.0,0.2169,0.083,-0.0011,-0.0801,0.4178,-0.0126,0.99
2441,4700,0.632,0.087,0.282,0.5099,0.4443,-0.0097,11.46,212.85,0.76,129092.0,0.0,0.2149,0.0799,-0.0009,-0.0773,0.4479,-0.0143,0.99
2442,4700,0.6301,0.0869,0.284,0.4862,0.4361,-0.013,11.26,185.54,0.76,129388.0,0.0,0.2155,0.0738,-0.0009,-0.0742,0.4504,-0.0138,0.99
2443,4700,0.6358,0.0856,0.2796,0.4927,0.4703,-0.0104,11.47,203.76,0.76,129429.0,0.0,0.2171,0.0754,-0.0008,-0.0778,0.4055,-0.0138,0.99
2444,4700,0.6375,0.0838,0.2798,0.495,0.4326,-0.0131,10.39,192.69,0.76,128902.0,0.0,0.2099,0.0774,-0.0009,-0.0791,0.4478,-0.0137,0.99
2445,4700,0.637,0.0852,0.2786,0.4897,0.4565,-0.0099,11.97,204.34,0.76,128949.0,0.0,0.2117,0.078,-0.0011,-0.0793,0.4629,-0.0142,0.99
2446,4700,0.6413,0.0841,0.2753,0.4822,0.4712,-0.0118,11.95,187.16,0.77,127827.0,0.0,0.2132,0.0755,-0.001,-0.0755,0.46,-0.0128,0.99
2447,4700,0.6426,0.0872,0.2709,0.4795,0.4431,-0.0126,11.44,197.86,0.76,129086.0,0.0,0.2144,0.0743,-0.0009,-0.0725,0.4562,-0.0113,0.99
2448,4700,0.6402,0.0867,0.2736,0.4825,0.4534,-0.0129,12.05,197.61,0.76,129896.0,0.0,0.2142,0.0744,-0.0009,-0.0732,0.4651,-0.0138,0.99
2449,4700,0.6439,0.085,0.2715,0.4679,0.4441,-0.0135,10.65,179.4,0.77,127852.0,0.0,0.2029,0.0742,-0.001,-0.0719,0.3673,-0.0127,0.99
2450,4700,0.6454,0.0834,0.2714,0.5073,0.4542,-0.0085,11.88,214.82,0.77,127479.0,0.0,0.2254,0.0772,-0.001,-0.0785,0.4417,-0.0141,0.99
2451,4700,0.6439,0.0848,0.2716,0.4793,0.4511,-0.0145,11.12,175.17,0.76,129024.0,0.0,0.218,0.0699,-0.0008,-0.073,0.457,-0.0123,0.99
2452,4700,0.6474,0.0856,0.2672,0.4591,0.4803,-0.0136,11.3,182.05,0.76,128553.0,0.0,0.2126,0.0701,-0.0009,-0.0719,0.4772,-0.0134,0.99
2453,4700,0.6475,0.0863,0.2663,0.4632,0.4609,-0.0113,11.31,173.44,0.76,129768.0,0.0,0.2028,0.0742,-0.0009,-0.071,0.4466,-0.0126,0.99
2454,4700,0.6483,0.0862,0.2656,0.4858,0.4444,-0.0105,12.38,185.42,0.76,128663.0,0.0,0.2086,0.0762,-0.0008,-0.0741,0.4596,-0.0136,0.99
2455,4700,0.648,0.085,0.2672,0.4621,0.4506,-0.0148,10.98,166.79,0.77,128196.0,0.0,0.2131,0.0704,-0.0009,-0.0692,0.4635,-0.0131,0.99
2456,4700,0.6483,0.0882,0.2639,0.45,0.4593,-0.0139,11.49,174.29,0.75,130297.0,0.0,0.2026,0.0711,-0.0009,-0.0661,0.4321,-0.0098,0.99
2457,4700,0.6507,0.0888,0.261,0.4657,0.4617,-0.012,12.63,188.61,0.77,127144.0,0.0,0.2028,0.0728,-0.0009,-0.0719,0.3835,-0.0117,0.99
2458,4700,0.6553,0.0879,0.2573,0.4626,0.4587,-0.0134,10.02,176.75,0.77,128457.0,0.0,0.2084,0.0716,-0.0008,-0.0691,0.4265,-0.013,0.99
2459,4700,0.6583,0.0889,0.2532,0.469,0.4613,-0.013,11.43,191.64,0.76,129481.0,0.0,0.2152,0.0709,-0.0009,-0.0716,0.3699,-0.0127,0.99
2460,4700,0.6609,0.0885,0.2509,0.4864,0.4529,-0.0111,10.85,185.89,0.76,129121.0,0.0,0.2179,0.0761,-0.001,-0.0744,0.3529,-0.0133,0.99
2461,4700,0.658,0.0878,0.2544,0.4835,0.4471,-0.0125,11.07,192.0,0.76,128846.0,0.0,0.2067,0.0753,-0.001,-0.0684,0.3846,-0.0112,0.99
2462,4700,0.6586,0.0881,0.2535,0.4614,0.4812,-0.0126,11.85,179.9,0.76,129239.0,0.0,0.2101,0.0718,-0.0011,-0.0723,0.4316,-0.0126,0.99
2463,4700,0.661,0.0886,0.2506,0.4757,0.4548,-0.0127,11.08,196.17,0.76,128882.0,0.0,0.215,0.0739,-0.001,-0.0743,0.3757,-0.0136,0.99
2464,4700,0.6657,0.0853,0.2495,0.4891,0.4801,-0.0108,10.87,196.35,0.77,127951.0,0.0,0.2317,0.0729,-0.0011,-0.0743,0.3799,-0.0122,0.99
2465,4700,0.6708,0.084,0.2457,0.4882,0.4699,-0.0093,12.0,202.48,0.75,130290.0,0.0,0.219,0.0747,-0.0009,-0.0719,0.3258,-0.0136,0.99
2466,4700,0.6745,0.0826,0.2434,0.478,0.4839,-0.0096,12.45,200.31,0.75,131338.0,0.0,0.2262,0.072,-0.001,-0.0743,0.4304,-0.0117,0.99
2467,4700,0.6736,0.0842,0.2429,0.4639,0.458,-0.0136,10.68,172.26,0.76,130128.0,0.0,0.2104,0.0737,-0.0013,-0.0718,0.3866,-0.0135,0.99
2468,4700,0.6738,0.0848,0.242,0.4933,0.4582,-0.0121,11.19,198.6,0.76,130125.0,0.0,0.2147,0.0753,-0.0012,-0.0749,0.4129,-0.012,0.99
2469,4700,0.6723,0.0856,0.2428,0.4912,0.4671,-0.0111,12.06,210.78,0.75,130896.0,0.0,0.2201,0.0756,-0.001,-0.0754,0.391,-0.0136,0.99
2470,4700,0.6729,0.0832,0.2446,0.4812,0.4799,-0.0086,11.6,181.43,0.75,131512.0,0.0,0.224,0.0732,-0.0011,-0.0732,0.4746,-0.0134,0.99
2471,4700,0.6764,0.0805,0.2441,0.4756,0.4871,-0.0121,10.77,174.08,0.75,131132.0,0.0,0.2213,0.0741,-0.001,-0.072,0.4759,-0.0131,0.99
2472,4700,0.679,0.0788,0.2433,0.4928,0.4731,-0.0108,11.76,211.62,0.75,131542.0,0.0,0.233,0.0742,-0.0011,-0.0762,0.4124,-0.0119,0.99
2473,4700,0.6784,0.0807,0.242,0.4701,0.4777,-0.0112,12.24,190.53,0.76,129615.0,0.0,0.2115,0.0743,-0.001,-0.0735,0.4425,-0.0136,0.99
2474,4700,0.6818,0.0799,0.2391,0.4753,0.481,-0.0116,11.85,186.79,0.75,131576.0,0.0,0.2197,0.0755,-0.001,-0.0739,0.4822,-0.014,0.99
2475,4700,0.6773,0.0838,0.2395,0.4739,0.434,-0.0146,10.71,199.3,0.75,131695.0,0.0,0.2013,0.0777,-0.0011,-0.0751,0.3703,-0.0136,0.99
2476,4700,0.6736,0.0839,0.2435,0.4905,0.4618,-0.0127,10.98,183.16,0.75,130221.0,0.0,0.2235,0.0795,-0.001,-0.0738,0.5278,-0.0127,0.99
2477,4700,0.672,0.0855,0.2433,0.4589,0.4794,-0.012,11.36,183.57,0.75,131170.0,0.0,0.2138,0.0707,-0.0009,-0.0749,0.4576,-0.0127,0.99
2478,4700,0.6721,0.0877,0.2409,0.4714,0.4515,-0.0148,11.77,203.32,0.76,129413.0,0.0,0.2133,0.0743,-0.001,-0.0735,0.4908,-0.0122,0.99
2479,4700,0.671,0.0913,0.2384,0.4374,0.4943,-0.0137,11.91,161.79,0.76,129853.0,0.0,0.2149,0.0666,-0.0008,-0.0726,0.4533,-0.0125,0.99
2480,4700,0.6724,0.0896,0.2385,0.4567,0.4917,-0.0093,11.93,187.09,0.76,130097.0,0.0,0.2142,0.0722,-0.001,-0.0728,0.4579,-0.0135,0.99
2481,4700,0.6742,0.0867,0.2395,0.4819,0.4841,-0.0096,11.43,182.98,0.75,130841.0,0.0,0.2267,0.0764,-0.0009,-0.0772,0.4352,-0.0133,0.99
2482,4700,0.6756,0.0834,0.2413,0.4753,0.4597,-0.0127,11.45,200.15,0.75,130795.0,0.0,0.2163,0.0736,-0.0031,-0.0759,0.4652,-0.0128,0.99
2483,4700,0.6783,0.0839,0.2381,0.4341,0.4984,-0.0131,11.29,170.12,0.76,129389.0,0.0,0.2123,0.0682,-0.0009,-0.0705,0.4532,-0.013,0.99
2484,4700,0.6814,0.0833,0.2355,0.4889,0.4493,-0.0102,11.03,215.44,0.76,130189.0,0.0,0.2119,0.0818,-0.0011,-0.0707,0.4742,-0.0133,0.99
2485,4700,0.6825,0.0832,0.2349,0.4738,0.475,-0.0131,10.78,190.86,0.75,130243.0,0.0,0.2153,0.0763,-0.001,-0.0741,0.5034,-0.0142,0.99
2486,4700,0.6825,0.0806,0.2376,0.4783,0.4749,-0.0086,11.23,206.4,0.75,130543.0,0.0,0.2081,0.0825,-0.0011,-0.0749,0.4619,-0.0126,0.99
2487,4700,0.6823,0.0795,0.239,0.46,0.4644,-0.0122,11.62,181.84,0.76,129996.0,0.0,0.2123,0.0739,-0.0011,-0.0731,0.4779,-0.0136,0.99
2488,4700,0.6838,0.0805,0.2368,0.4644,0.4645,-0.0134,11.07,209.91,0.75,130236.0,0.0,0.2196,0.0727,-0.0013,-0.0736,0.4954,-0.0132,0.99
2489,4700,0.6837,0.0827,0.2348,0.4409,0.4922,-0.0115,11.29,165.02,0.75,130971.0,0.0,0.2112,0.0703,-0.001,-0.0705,0.4683,-0.0134,0.99
2490,4700,0.6828,0.0848,0.2334,0.4296,0.4897,-0.0137,10.75,153.13,0.77,127873.0,0.0,0.2105,0.0672,-0.0012,-0.0697,0.4188,-0.0132,0.99
2491,4700,0.688,0.0838,0.2289,0.4309,0.5019,-0.011,10.78,177.06,0.75,130501.0,0.0,0.2083,0.0683,-0.001,-0.0709,0.4316,-0.013,0.99
2492,4700,0.6896,0.0804,0.2308,0.4499,0.4632,-0.0122,10.86,198.2,0.75,131395.0,0.0,0.2012,0.0741,-0.001,-0.0717,0.4378,-0.0142,0.99
2493,4700,0.6894,0.0809,0.2306,0.4683,0.4607,-0.0143,10.34,188.91,0.75,131424.0,0.0,0.2175,0.073,-0.0011,-0.0766,0.4611,-0.0131,0.99
2494,4700,0.6916,0.0821,0.2273,0.415,0.4819,-0.0156,10.29,174.58,0.75,131621.0,0.0,0.1938,0.0676,-0.001,-0.0721,0.4077,-0.0137,0.99
2495,4700,0.6889,0.0842,0.2282,0.4631,0.4674,-0.0115,11.68,191.6,0.74,132029.0,0.0,0.209,0.0746,-0.0014,-0.0756,0.373,-0.0113,0.99
2496,4700,0.6833,0.0853,0.2323,0.4671,0.4611,-0.0125,11.87,178.69,0.75,131140.0,0.0,0.207,0.0762,-0.001,-0.0753,0.4534,-0.0094,0.99
2497,4700,0.6826,0.086,0.232,0.46,0.4832,-0.0126,11.34,177.63,0.75,130905.0,0.0,0.212,0.0715,-0.0012,-0.0764,0.4734,-0.0124,0.99
2498,4700,0.681,0.0846,0.2351,0.4641,0.4667,-0.013,11.94,175.26,0.75,130573.0,0.0,0.2115,0.0746,-0.0011,-0.0746,0.442,-0.0135,0.99
2499,4700,0.6815,0.0864,0.2326,0.4589,0.4751,-0.0123,11.22,181.69,0.75,130691.0,0.0,0.2119,0.0709,-0.0012,-0.0775,0.5003,-0.0127,0.99
2500,4700,0.6794,0.089,0.2321,0.4592,0.4493,-0.0163,10.65,194.97,0.75,131105.0,0.0,0.2061,0.0737,-0.0012,-0.0753,0.566,-0.0134,0.99
2501,4700,0.6739,0.0937,0.2327,0.4644,0.4652,-0.0123,11.08,195.15,0.77,127548.0,0.0,0.2042,0.0761,-0.0012,-0.0751,0.4182,-0.0119,0.99
2502,4700,0.6747,0.0932,0.2323,0.4456,0.486,-0.0105,11.03,200.61,0.79,125117.0,0.0,0.2118,0.0696,-0.0011,-0.0736,0.5066,-0.0132,0.99
2503,4700,0.6764,0.0926,0.2311,0.4427,0.4688,-0.0151,11.6,206.13,0.76,128902.0,0.0,0.2071,0.0693,-0.0011,-0.0724,0.4636,-0.0144,0.99
2504,4700,0.677,0.0921,0.2311,0.4406,0.4615,-0.0144,10.75,161.86,0.81,121845.0,0.0,0.203,0.0721,-0.0011,-0.0738,0.4356,-0.0116,0.99
2505,4700,0.6786,0.0922,0.2294,0.4378,0.5004,-0.0106,11.37,150.55,0.78,125613.0,0.0,0.2118,0.0685,-0.0011,-0.0726,0.4739,-0.0134,0.99
2506,4700,0.6791,0.0918,0.2294,0.4685,0.4686,-0.0107,11.67,184.83,0.76,129118.0,0.0,0.2153,0.0753,-0.0011,-0.0738,0.4569,-0.0135,0.99
2507,4700,0.6804,0.0907,0.2292,0.4424,0.4746,-0.0139,10.47,154.55,0.76,130140.0,0.0,0.2078,0.0717,-0.0011,-0.0757,0.4861,-0.0124,0.99
2508,4700,0.68,0.0957,0.2245,0.4354,0.4597,-0.0172,10.78,189.71,0.77,128438.0,0.0,0.2028,0.0697,-0.0014,-0.0725,0.447,-0.0128,0.99
2509,4700,0.6828,0.0949,0.2223,0.435,0.505,-0.0112,11.8,170.92,0.76,130108.0,0.0,0.2067,0.0712,-0.0012,-0.0722,0.3907,-0.0138,0.99
2510,4700,0.6839,0.0953,0.2208,0.438,0.4846,-0.0119,11.36,175.18,0.76,129073.0,0.0,0.2064,0.0699,-0.0012,-0.0707,0.4201,-0.0134,0.99
2511,4700,0.6813,0.096,0.2227,0.4629,0.452,-0.0149,10.7,182.75,0.76,129888.0,0.0,0.2092,0.074,-0.0012,-0.077,0.4391,-0.0135,0.99
2512,4700,0.6794,0.0961,0.2245,0.4476,0.4701,-0.0132,10.58,182.52,0.76,129754.0,0.0,0.2025,0.0733,-0.0013,-0.0753,0.4003,-0.0135,0.99
2513,4700,0.6811,0.0956,0.2233,0.4424,0.4902,-0.0125,10.7,162.17,0.76,129846.0,0.0,0.2044,0.073,-0.0011,-0.0713,0.4201,-0.014,0.99
2514,4700,0.6827,0.0947,0.2229,0.4553,0.4719,-0.0114,11.47,177.51,0.76,129957.0,0.0,0.2016,0.0761,-0.0013,-0.0758,0.4063,-0.0112,0.99
2515,4700,0.6818,0.0931,0.2253,0.4519,0.463,-0.0126,10.4,162.55,0.76,129822.0,0.0,0.2019,0.0756,-0.0011,-0.0719,0.3662,-0.0102,0.99
2516,4700,0.6796,0.0905,0.2301,0.4905,0.4403,-0.0112,10.84,183.23,0.76,129214.0,0.0,0.2072,0.0825,-0.0012,-0.0765,0.4195,-0.0112,0.99
2517,4700,0.6767,0.0903,0.2334,0.4497,0.4571,-0.0156,10.68,182.29,0.77,128399.0,0.0,0.2016,0.0755,-0.0012,-0.0736,0.393,-0.0112,0.99
2518,4700,0.6782,0.0904,0.2323,0.4803,0.4606,-0.0109,11.53,196.34,0.76,130050.0,0.0,0.2109,0.0807,-0.0014,-0.0768,0.469,-0.0128,0.99
2519,4700,0.6763,0.0901,0.2343,0.4689,0.4433,-0.0129,10.86,198.11,0.76,129069.0,0.0,0.2044,0.0785,-0.0015,-0.0722,0.4722,-0.0126,0.99
2520,4700,0.6754,0.0877,0.2376,0.4602,0.4548,-0.0148,10.03,192.81,0.78,125699.0,0.0,0.2117,0.0733,-0.0014,-0.0753,0.4773,-0.0127,0.99
2521,4700,0.6742,0.0917,0.2348,0.4438,0.4757,-0.0123,11.51,188.31,0.76,128857.0,0.0,0.2043,0.0724,-0.0012,-0.0718,0.4531,-0.0138,0.99
2522,4700,0.6692,0.0922,0.2395,0.4672,0.4431,-0.0144,9.74,176.98,0.76,129055.0,0.0,0.1963,0.0812,-0.0015,-0.0785,0.4705,-0.0114,0.99
2523,4700,0.6636,0.0945,0.2426,0.4592,0.4699,-0.0146,11.16,184.6,0.76,130021.0,0.0,0.2114,0.0751,-0.0012,-0.0769,0.4271,-0.0121,0.99
2524,4700,0.6591,0.0945,0.2469,0.4721,0.4634,-0.0105,10.79,181.67,0.76,128590.0,0.0,0.2106,0.0794,-0.0012,-0.0741,0.4367,-0.0137,0.99
2525,4700,0.6595,0.0941,0.2472,0.4655,0.4768,-0.0096,12.42,190.4,0.76,129373.0,0.0,0.2116,0.0761,-0.0012,-0.0769,0.3904,-0.013,0.99
2526,4700,0.6638,0.091,0.2459,0.4455,0.4929,-0.0108,11.42,175.94,0.76,129870.0,0.0,0.2089,0.0721,-0.0011,-0.0753,0.4418,-0.0139,0.99
2527,4700,0.6698,0.0894,0.2415,0.451,0.4795,-0.012,11.14,185.86,0.77,127984.0,0.0,0.2111,0.0741,-0.0012,-0.0717,0.4288,-0.0143,0.99
2528,4700,0.672,0.0872,0.2414,0.4474,0.4861,-0.0121,10.42,151.4,0.76,130097.0,0.0,0.2129,0.0724,-0.0011,-0.0772,0.4016,-0.0119,0.99
2529,4700,0.6737,0.0894,0.2375,0.457,0.4791,-0.0129,11.37,192.04,0.77,128081.0,0.0,0.2131,0.0728,-0.001,-0.0727,0.4807,-0.0099,0.99
2530,4700,0.6787,0.0891,0.2329,0.4575,0.479,-0.0121,10.55,192.73,0.77,127848.0,0.0,0.2145,0.0768,-0.0012,-0.0746,0.4824,-0.0133,0.99
2531,4700,0.6806,0.0874,0.2328,0.464,0.4892,-0.0098,11.75,176.14,0.76,129563.0,0.0,0.2083,0.0777,-0.001,-0.0776,0.4283,-0.0105,0.99
2532,4700,0.6802,0.0866,0.2336,0.4587,0.4817,-0.0118,10.8,168.9,0.76,128771.0,0.0,0.2151,0.0746,-0.0011,-0.0784,0.4507,-0.0089,0.99
2533,4700,0.679,0.0865,0.235,0.461,0.4607,-0.0131,11.16,164.56,0.76,129271.0,0.0,0.2009,0.0778,-0.0011,-0.0749,0.4108,-0.0138,0.99
2534,4700,0.6813,0.0847,0.2345,0.4587,0.4678,-0.013,12.09,185.8,0.76,129543.0,0.0,0.2115,0.0758,-0.0011,-0.0764,0.3723,-0.0138,0.99
2535,4700,0.6853,0.0807,0.2345,0.4534,0.4872,-0.0103,11.78,184.42,0.76,129911.0,0.0,0.2043,0.0753,-0.001,-0.0727,0.3907,-0.0139,0.99
2536,4700,0.6852,0.0806,0.2347,0.4577,0.4709,-0.0143,10.42,150.47,0.76,129331.0,0.0,0.2098,0.0752,-0.0009,-0.0768,0.4173,-0.0137,0.99
2537,4700,0.6885,0.0808,0.2312,0.4469,0.4774,-0.0133,10.87,178.76,0.76,129600.0,0.0,0.207,0.0734,-0.001,-0.071,0.369,-0.014,0.99
2538,4700,0.6908,0.0794,0.2302,0.4676,0.4625,-0.0115,10.87,200.59,0.78,125231.0,0.0,0.2002,0.0802,-0.0011,-0.0756,0.4643,-0.011,0.99
2539,4700,0.6879,0.0813,0.2312,0.4871,0.439,-0.0131,11.63,207.68,0.76,129966.0,0.0,0.2102,0.08,-0.001,-0.0797,0.3798,-0.0121,0.99
2540,4700,0.6849,0.0795,0.2361,0.4887,0.4736,-0.0095,12.41,180.12,0.75,130953.0,0.0,0.2186,0.0786,-0.001,-0.0811,0.371,-0.0133,0.99
2541,4700,0.6829,0.0788,0.2391,0.4796,0.4602,-0.011,11.07,174.38,0.75,130318.0,0.0,0.217,0.0787,-0.001,-0.0768,0.4072,-0.0142,0.99
2542,4700,0.6842,0.0805,0.2361,0.4539,0.4717,-0.0129,10.65,158.29,0.75,130488.0,0.0,0.2044,0.0749,-0.0009,-0.0687,0.4807,-0.0108,0.99
2543,4700,0.6867,0.0818,0.2322,0.4645,0.4787,-0.0115,11.79,176.17,0.79,124756.0,0.0,0.2188,0.0736,-0.0011,-0.0755,0.4695,-0.0104,0.99
2544,4700,0.6899,0.0855,0.2255,0.443,0.4729,-0.0149,11.27,166.94,0.76,130198.0,0.0,0.2003,0.0724,-0.0009,-0.0703,0.4665,-0.0124,0.99
2545,4700,0.6927,0.0866,0.2216,0.464,0.464,-0.0124,10.94,189.19,0.77,127391.0,0.0,0.2063,0.0745,-0.0011,-0.0723,0.4889,-0.0091,0.99
2546,4700,0.689,0.09,0.222,0.4689,0.4704,-0.0122,11.58,180.61,0.75,131028.0,0.0,0.2074,0.0771,-0.001,-0.072,0.4374,-0.0133,0.99
2547,4700,0.6887,0.087,0.2255,0.4544,0.49,-0.0112,11.74,185.2,0.75,130478.0,0.0,0.2164,0.0696,-0.001,-0.0729,0.413,-0.0144,0.99
2548,4700,0.6898,0.0872,0.2241,0.4285,0.4904,-0.0144,11.17,176.29,0.76,129962.0,0.0,0.2084,0.0675,-0.001,-0.0678,0.4797,-0.013,0.99
2549,4700,0.6916,0.0893,0.2201,0.4437,0.4985,-0.011,11.7,183.63,0.76,129844.0,0.0,0.2071,0.0701,-0.001,-0.0673,0.4538,-0.0141,0.99
2550,4700,0.6943,0.0892,0.2174,0.4468,0.494,-0.0118,11.39,198.38,0.75,131231.0,0.0,0.2089,0.0718,-0.001,-0.0731,0.4024,-0.0129,0.99
2551,4700,0.6953,0.0882,0.2173,0.4457,0.4941,-0.0114,11.07,180.82,0.75,130817.0,0.0,0.2105,0.0702,-0.0009,-0.0703,0.462,-0.0126,0.99
2552,4700,0.6973,0.0856,0.2178,0.4618,0.499,-0.0091,11.63,185.52,0.76,129733.0,0.0,0.2165,0.0722,-0.0011,-0.0751,0.4635,-0.0086,0.99
2553,4700,0.6958,0.0857,0.2192,0.4355,0.4849,-0.013,11.86,173.54,0.75,131223.0,0.0,0.198,0.0724,-0.0011,-0.0674,0.4679,-0.0138,0.99
2554,4700,0.695,0.0849,0.2208,0.4587,0.4801,-0.0129,10.39,164.89,0.75,131166.0,0.0,0.2089,0.0732,-0.001,-0.0757,0.4181,-0.0126,0.99
2555,4700,0.7018,0.0811,0.2175,0.4412,0.5227,-0.0081,11.97,201.02,0.75,131470.0,0.0,0.2135,0.0671,-0.0009,-0.0738,0.3989,-0.0142,0.99
2556,4700,0.7049,0.0777,0.2179,0.4639,0.4905,-0.0085,11.3,209.3,0.75,130959.0,0.0,0.2086,0.0752,-0.001,-0.0738,0.4072,-0.0127,0.99
2557,4700,0.7031,0.0772,0.2201,0.4439,0.4869,-0.0119,11.25,179.3,0.76,130172.0,0.0,0.2081,0.0693,-0.0008,-0.0741,0.3988,-0.0125,0.99
2558,4700,0.7023,0.0773,0.2206,0.4623,0.4786,-0.0116,11.09,193.78,0.79,125022.0,0.0,0.2093,0.0752,-0.001,-0.0742,0.3973,-0.0125,0.99
2559,4700,0.6987,0.0783,0.223,0.4647,0.465,-0.0122,10.85,164.4,0.76,128877.0,0.0,0.2091,0.0736,-0.001,-0.0737,0.4146,-0.0133,0.99
2560,4700,0.695,0.0804,0.2247,0.4412,0.4812,-0.0129,11.17,164.21,0.77,128374.0,0.0,0.2051,0.0694,-0.0011,-0.0695,0.4203,-0.0102,0.99
2561,4700,0.6942,0.0826,0.2235,0.4631,0.4547,-0.0145,11.14,183.69,0.75,130385.0,0.0,0.2063,0.0737,-0.001,-0.0737,0.4149,-0.0112,0.99
2562,4700,0.6931,0.0853,0.2218,0.4464,0.4959,-0.0131,11.87,195.29,0.76,129733.0,0.0,0.2077,0.07,-0.0011,-0.0725,0.4341,-0.013,0.99
2563,4700,0.6969,0.083,0.2204,0.4976,0.4634,-0.0088,10.63,210.19,0.75,130589.0,0.0,0.2178,0.0799,-0.0011,-0.0797,0.4286,-0.0128,0.99
2564,4700,0.6924,0.0818,0.2263,0.478,0.4588,-0.0123,11.27,176.44,0.75,130838.0,0.0,0.2153,0.0753,-0.001,-0.0763,0.3743,-0.0128,0.99
2565,4700,0.6909,0.0819,0.2277,0.4413,0.5167,-0.0095,11.28,183.0,0.76,128990.0,0.0,0.2124,0.068,-0.0008,-0.0723,0.4433,-0.0133,0.99
2566,4700,0.6933,0.0795,0.2276,0.4708,0.4602,-0.0122,10.75,185.04,0.75,130470.0,0.0,0.2087,0.0752,-0.001,-0.0766,0.4383,-0.0124,0.99
2567,4700,0.6909,0.0828,0.2268,0.462,0.4696,-0.0139,11.06,159.12,0.75,130643.0,0.0,0.2128,0.0718,-0.001,-0.0735,0.497,-0.0129,0.99
2568,4700,0.6889,0.0859,0.2257,0.4605,0.4792,-0.011,10.5,185.59,0.75,130782.0,0.0,0.2133,0.0712,-0.001,-0.0762,0.4389,-0.0135,0.99
2569,4700,0.6844,0.0851,0.2312,0.4759,0.4664,-0.0117,11.47,185.38,0.76,128891.0,0.0,0.2115,0.0762,-0.0011,-0.0775,0.4641,-0.012,0.99
2570,4700,0.6852,0.0857,0.2298,0.4609,0.4823,-0.0135,12.34,205.36,0.75,130788.0,0.0,0.2078,0.0745,-0.001,-0.0748,0.4684,-0.0128,0.99
2571,4700,0.6856,0.0845,0.2307,0.4678,0.4699,-0.0122,9.97,177.14,0.76,130149.0,0.0,0.2087,0.0745,-0.0009,-0.0743,0.3952,-0.0107,0.99
2572,4700,0.6834,0.0862,0.2312,0.4911,0.4779,-0.0086,12.4,209.64,0.75,131074.0,0.0,0.2217,0.0758,-0.0012,-0.0779,0.394,-0.0135,0.99
2573,4700,0.6851,0.0851,0.2305,0.4487,0.484,-0.0106,11.54,174.38,0.75,131680.0,0.0,0.2083,0.0706,-0.001,-0.0711,0.4325,-0.0126,0.99
2574,4700,0.6901,0.0817,0.2291,0.4593,0.4742,-0.0113,10.59,200.88,0.75,131090.0,0.0,0.2111,0.0717,-0.0009,-0.0733,0.4014,-0.0134,0.99
2575,4700,0.6902,0.078,0.2328,0.4717,0.4717,-0.01,11.95,184.9,0.77,127464.0,0.0,0.2148,0.0738,-0.0009,-0.0734,0.4104,-0.0119,0.99
2576,4700,0.6854,0.0796,0.2363,0.4509,0.4772,-0.0133,11.38,181.89,0.75,130582.0,0.0,0.2092,0.0704,-0.0009,-0.0729,0.4617,-0.0124,0.99
2577,4700,0.6864,0.0787,0.2361,0.4797,0.4639,-0.0113,11.54,202.5,0.75,131794.0,0.0,0.2185,0.074,-0.0011,-0.0764,0.3799,-0.0108,0.99
2578,4700,0.6864,0.08,0.2351,0.4835,0.465,-0.0114,11.95,216.94,0.75,130917.0,0.0,0.2136,0.0772,-0.0011,-0.0756,0.4503,-0.0123,0.99
2579,4700,0.6857,0.0793,0.2364,0.4592,0.4879,-0.01,11.37,177.92,0.75,131365.0,0.0,0.2142,0.0689,-0.001,-0.0761,0.4402,-0.0116,0.99
2580,4700,0.6806,0.079,0.2419,0.48,0.4538,-0.0119,11.12,170.11,0.75,131092.0,0.0,0.2211,0.0756,-0.001,-0.0785,0.4863,-0.01,0.99
2581,4700,0.6732,0.0819,0.2464,0.4597,0.4571,-0.0133,11.53,183.59,0.75,131494.0,0.0,0.2041,0.0753,-0.0013,-0.0763,0.3987,-0.0126,0.99
2582,4700,0.6746,0.0809,0.2458,0.4814,0.4712,-0.0112,12.4,188.46,0.76,128654.0,0.0,0.2192,0.0758,-0.0012,-0.0764,0.4879,-0.0126,0.99
2583,4700,0.6758,0.0795,0.2458,0.4529,0.4884,-0.0109,11.69,171.67,0.75,130539.0,0.0,0.2117,0.0706,-0.0013,-0.0728,0.3979,-0.0122,0.99
2584,4700,0.6804,0.0779,0.2426,0.4686,0.4859,-0.0089,12.15,185.19,0.76,129182.0,0.0,0.2196,0.0728,-0.0012,-0.0766,0.4145,-0.0105,0.99
2585,4700,0.6837,0.075,0.2421,0.4737,0.4624,-0.0119,11.24,179.62,0.76,130030.0,0.0,0.2139,0.075,-0.0012,-0.0758,0.4326,-0.0136,0.99
2586,4700,0.6839,0.0731,0.2437,0.4848,0.4917,-0.0085,11.85,193.35,0.75,130820.0,0.0,0.2266,0.0758,-0.0011,-0.0763,0.4466,-0.013,0.99
2587,4700,0.6814,0.075,0.2444,0.4684,0.4476,-0.013,11.31,177.68,0.75,130524.0,0.0,0.2079,0.0754,-0.0012,-0.0727,0.3948,-0.0123,0.99
2588,4700,0.6774,0.0752,0.2486,0.4794,0.4568,-0.0107,11.42,207.69,0.75,130300.0,0.0,0.211,0.0787,-0.0011,-0.0747,0.3324,-0.0132,0.99
2589,4700,0.6797,0.0756,0.2458,0.4616,0.4855,-0.0105,12.1,182.73,0.78,126743.0,0.0,0.2228,0.0724,-0.0012,-0.073,0.3982,-0.0129,0.99
2590,4700,0.6804,0.0756,0.2452,0.4809,0.4469,-0.0111,10.72,201.06,0.75,131506.0,0.0,0.2097,0.0784,-0.0012,-0.0747,0.3901,-0.0125,0.99
2591,4700,0.6772,0.0774,0.2465,0.4596,0.4699,-0.0128,10.75,173.79,0.75,130735.0,0.0,0.2084,0.0732,-0.001,-0.0735,0.4381,-0.0133,0.99
2592,4700,0.6731,0.0797,0.2484,0.4743,0.4665,-0.0114,11.61,202.52,0.76,129974.0,0.0,0.2127,0.0755,-0.0011,-0.0704,0.4203,-0.0143,0.99
2593,4700,0.67,0.0809,0.2501,0.4722,0.4773,-0.0118,12.01,189.18,0.76,129167.0,0.0,0.2251,0.0734,-0.0013,-0.0739,0.4541,-0.012,0.99
2594,4700,0.6717,0.0826,0.2468,0.4646,0.4683,-0.0125,11.1,164.42,0.76,129829.0,0.0,0.2156,0.0741,-0.0012,-0.0745,0.3784,-0.0124,0.99
2595,4700,0.6688,0.0831,0.2493,0.4769,0.4811,-0.0089,11.67,182.52,0.75,130415.0,0.0,0.2127,0.0779,-0.0012,-0.0762,0.3844,-0.0089,0.99
2596,4700,0.671,0.0837,0.2462,0.4621,0.4645,-0.0116,11.24,191.92,0.76,128675.0,0.0,0.2071,0.074,-0.0012,-0.0733,0.3902,-0.0139,0.99
2597,4700,0.6681,0.0834,0.2493,0.4724,0.4528,-0.0115,11.9,189.96,0.76,129182.0,0.0,0.2021,0.0794,-0.0011,-0.0715,0.4133,-0.014,0.99
2598,4700,0.6643,0.0821,0.2542,0.4798,0.4554,-0.0106,10.75,183.88,0.75,131145.0,0.0,0.2057,0.0787,-0.0011,-0.0725,0.4593,-0.014,0.99
2599,4700,0.6591,0.0843,0.2568,0.4625,0.4497,-0.0122,11.63,187.93,0.75,130933.0,0.0,0.2082,0.0745,-0.0013,-0.0727,0.4256,-0.014,0.99
2600,4700,0.6578,0.0843,0.2583,0.4715,0.4515,-0.011,10.73,196.2,0.76,129868.0,0.0,0.205,0.0772,-0.0013,-0.0738,0.4203,-0.0138,0.99
2601,4700,0.6572,0.0864,0.2571,0.4498,0.4704,-0.012,11.47,167.17,0.77,127370.0,0.0,0.208,0.0718,-0.0013,-0.0702,0.4213,-0.0135,0.99
2602,4700,0.6571,0.0869,0.2566,0.4571,0.4492,-0.0124,10.69,182.03,0.77,127387.0,0.0,0.2,0.0772,-0.0013,-0.0696,0.4208,-0.0121,0.99
2603,4700,0.6559,0.0851,0.2597,0.4576,0.462,-0.0116,10.54,174.77,0.75,130369.0,0.0,0.2042,0.0746,-0.001,-0.0736,0.4349,-0.0098,0.99
2604,4700,0.6573,0.0856,0.2578,0.4454,0.4635,-0.0119,11.01,177.28,0.78,126235.0,0.0,0.2056,0.0705,-0.0011,-0.0701,0.3558,-0.0131,0.99
2605,4700,0.6614,0.0825,0.2569,0.4814,0.4702,-0.0089,11.01,197.42,0.75,130393.0,0.0,0.2185,0.0764,-0.0013,-0.0777,0.4089,-0.0121,0.99
2606,4700,0.664,0.0827,0.2543,0.4595,0.4469,-0.0142,10.23,197.73,0.77,127892.0,0.0,0.2047,0.0739,-0.001,-0.0739,0.435,-0.0129,0.99
2607,4700,0.661,0.0841,0.2558,0.4704,0.4357,-0.016,10.37,171.04,0.76,128615.0,0.0,0.2118,0.0751,-0.0013,-0.0754,0.4632,-0.0113,0.99
2608,4700,0.6572,0.0863,0.2572,0.4583,0.4652,-0.0113,10.83,174.2,0.75,130565.0,0.0,0.216,0.0712,-0.0012,-0.0757,0.4529,-0.0133,0.99
2609,4700,0.6561,0.0854,0.2592,0.4766,0.4565,-0.0131,10.57,176.97,0.76,130048.0,0.0,0.2187,0.0752,-0.0012,-0.077,0.5127,-0.0132,0.99
2610,4700,0.6567,0.0858,0.2581,0.4304,0.492,-0.0119,11.85,180.2,0.75,130296.0,0.0,0.2105,0.0671,-0.0011,-0.0701,0.4423,-0.0126,0.99
2611,4700,0.6587,0.0837,0.2579,0.4746,0.4403,-0.0124,11.18,191.89,0.75,130488.0,0.0,0.2161,0.0758,-0.0012,-0.0756,0.4391,-0.014,0.99
2612,4700,0.6564,0.0854,0.2585,0.469,0.4563,-0.0108,11.67,180.78,0.75,130825.0,0.0,0.2124,0.0764,-0.0013,-0.074,0.3827,-0.0102,0.99
2613,4700,0.6598,0.0835,0.2569,0.4535,0.4662,-0.0127,12.03,180.33,0.76,129882.0,0.0,0.2134,0.072,-0.0011,-0.0717,0.4193,-0.0087,0.99
2614,4700,0.6595,0.0852,0.2555,0.4266,0.4677,-0.0144,11.28,192.18,0.76,128871.0,0.0,0.2023,0.0697,-0.0012,-0.0653,0.4562,-0.0134,0.99
2615,4700,0.6619,0.0851,0.2533,0.4706,0.4771,-0.0087,12.3,190.19,0.76,129787.0,0.0,0.2231,0.0746,-0.0015,-0.0731,0.4239,-0.013,0.99
2616,4700,0.6685,0.0811,0.2507,0.4615,0.4635,-0.0125,10.82,194.39,0.75,130712.0,0.0,0.2164,0.0733,-0.0014,-0.0729,0.4539,-0.0136,0.99
2617,4700,0.6707,0.0825,0.247,0.4467,0.4779,-0.0122,10.98,166.6,0.76,129540.0,0.0,0.2166,0.0696,-0.0015,-0.0717,0.4935,-0.0121,0.99
2618,4700,0.6736,0.0848,0.2419,0.4632,0.4594,-0.0119,11.55,206.91,0.75,131225.0,0.0,0.2111,0.0755,-0.0012,-0.0712,0.44,-0.0111,0.99
2619,4700,0.6731,0.0873,0.24,0.4196,0.4915,-0.0137,11.86,156.83,0.75,130268.0,0.0,0.2057,0.0664,-0.0013,-0.067,0.4563,-0.0133,0.99
2620,4700,0.6756,0.0873,0.2377,0.4496,0.456,-0.0142,10.55,178.7,0.75,130461.0,0.0,0.2114,0.0716,-0.0011,-0.0695,0.4233,-0.0132,0.99
2621,4700,0.6729,0.0892,0.2381,0.4637,0.4788,-0.01,10.64,186.91,0.75,130838.0,0.0,0.2155,0.0747,-0.0013,-0.0711,0.4039,-0.0124,0.99
2622,4700,0.6764,0.0887,0.2349,0.4171,0.516,-0.0112,11.75,177.21,0.76,129862.0,0.0,0.2114,0.0644,-0.0011,-0.0665,0.4384,-0.0131,0.99
2623,4700,0.683,0.0877,0.2295,0.455,0.4817,-0.0116,11.94,220.03,0.76,129725.0,0.0,0.2155,0.0724,-0.0015,-0.0723,0.4029,-0.0101,0.99
2624,4700,0.6852,0.0853,0.2297,0.4661,0.4668,-0.0105,10.22,178.16,0.76,129874.0,0.0,0.2181,0.075,-0.0015,-0.0708,0.4123,-0.0128,0.99
2625,4700,0.6803,0.0842,0.2357,0.4679,0.4628,-0.011,11.44,152.11,0.76,129632.0,0.0,0.2131,0.0761,-0.0012,-0.0731,0.3969,-0.0131,0.99
2626,4700,0.6763,0.085,0.2389,0.4651,0.4704,-0.0105,11.02,178.75,0.76,129180.0,0.0,0.2127,0.0756,-0.0013,-0.0716,0.4015,-0.0129,0.99
2627,4700,0.6797,0.0851,0.2354,0.4434,0.4682,-0.0125,11.51,188.59,0.76,129840.0,0.0,0.212,0.0706,-0.0012,-0.066,0.4192,-0.0134,0.99
2628,4700,0.6789,0.0864,0.235,0.4378,0.4819,-0.0128,11.68,182.94,0.75,130287.0,0.0,0.2008,0.0715,-0.0012,-0.0687,0.4576,-0.0108,0.99
2629,4700,0.6753,0.0867,0.2384,0.4642,0.4357,-0.0135,11.58,206.73,0.76,129607.0,0.0,0.2025,0.0764,-0.0014,-0.0713,0.4348,-0.0122,0.99
2630,4700,0.669,0.0886,0.2432,0.4555,0.4695,-0.0142,11.4,172.15,0.76,130179.0,0.0,0.2171,0.0707,-0.0014,-0.0703,0.4476,-0.0119,0.99
2631,4700,0.6658,0.0902,0.2448,0.4625,0.4567,-0.0136,11.23,186.75,0.75,130397.0,0.0,0.2107,0.0751,-0.0016,-0.0701,0.4237,-0.0142,0.99
2632,4700,0.6666,0.0906,0.2433,0.4705,0.4878,-0.0097,11.43,188.0,0.75,130355.0,0.0,0.2192,0.0756,-0.0014,-0.0728,0.4894,-0.0121,0.99
2633,4700,0.6672,0.0868,0.2465,0.4827,0.474,-0.0094,11.23,203.44,0.75,130393.0,0.0,0.2158,0.0798,-0.0013,-0.0737,0.4929,-0.0134,0.99
2634,4700,0.6681,0.084,0.2487,0.4683,0.4526,-0.0146,11.1,188.75,0.75,130636.0,0.0,0.2135,0.0745,-0.0014,-0.0713,0.3986,-0.0145,0.99
2635,4700,0.6715,0.0849,0.2446,0.462,0.4911,-0.0106,11.34,172.7,0.75,130940.0,0.0,0.2231,0.0743,-0.0014,-0.0707,0.5296,-0.0121,0.99
2636,4700,0.6736,0.085,0.2421,0.4456,0.4815,-0.0118,11.12,174.86,0.76,128876.0,0.0,0.2075,0.0729,-0.0013,-0.067,0.5338,-0.0125,0.99
2637,4700,0.6744,0.0865,0.2396,0.4659,0.4796,-0.0117,12.37,181.04,0.76,129542.0,0.0,0.2219,0.0739,-0.0017,-0.0682,0.4333,-0.0142,0.99
2638,4700,0.6754,0.0875,0.2376,0.468,0.466,-0.0128,10.91,191.88,0.76,129757.0,0.0,0.2138,0.0782,-0.0013,-0.067,0.503,-0.0106,0.99
2639,4700,0.6722,0.0918,0.2364,0.4363,0.4729,-0.0145,10.8,174.94,0.76,130068.0,0.0,0.2043,0.0714,-0.0014,-0.0636,0.5638,-0.0105,0.99
2640,4700,0.6747,0.0939,0.2316,0.4183,0.5017,-0.014,11.01,158.4,0.76,130137.0,0.0,0.204,0.0677,-0.0011,-0.0622,0.5531,-0.0137,0.99
2641,4700,0.6794,0.0935,0.2274,0.4437,0.4878,-0.0106,11.58,173.95,0.75,130627.0,0.0,0.2074,0.0734,-0.0013,-0.0633,0.4792,-0.014,1.0
2642,4700,0.6844,0.0922,0.2237,0.4404,0.498,-0.0113,12.23,169.28,0.76,129755.0,0.0,0.2113,0.072,-0.0016,-0.0661,0.4528,-0.0143,1.0
2643,4700,0.6885,0.0909,0.2209,0.4532,0.4626,-0.0142,10.87,170.15,0.75,131355.0,0.0,0.2148,0.0739,-0.0016,-0.0684,0.3857,-0.0137,1.0
2644,4700,0.6911,0.0921,0.2173,0.4459,0.4895,-0.0127,11.51,167.94,0.76,129959.0,0.0,0.2167,0.0707,-0.0011,-0.0692,0.4502,-0.0144,1.0
2645,4700,0.6936,0.0905,0.2164,0.4472,0.5029,-0.0109,12.6,185.75,0.76,129352.0,0.0,0.2089,0.0732,-0.0011,-0.0718,0.3617,-0.0133,1.0
2646,4700,0.7019,0.0861,0.2125,0.4525,0.4947,-0.0091,11.32,187.57,0.75,131260.0,0.0,0.2082,0.0738,-0.0011,-0.0707,0.4018,-0.0136,1.0
2647,4700,0.7009,0.0863,0.2132,0.44,0.4814,-0.0126,11.87,200.37,0.75,130967.0,0.0,0.2063,0.0715,-0.0012,-0.0652,0.452,-0.0136,1.0
2648,4700,0.6995,0.0886,0.2125,0.4493,0.4806,-0.0128,10.55,163.26,0.75,131229.0,0.0,0.2133,0.0712,-0.0014,-0.068,0.4445,-0.0135,1.0
2649,4700,0.6964,0.0913,0.2126,0.4509,0.4758,-0.0119,11.54,177.98,0.75,131382.0,0.0,0.2125,0.0734,-0.0015,-0.0687,0.3826,-0.0104,1.0
2650,4700,0.695,0.0894,0.2157,0.4335,0.4941,-0.0106,11.34,172.34,0.75,130453.0,0.0,0.2073,0.07,-0.0014,-0.0637,0.4275,-0.0133,1.0
2651,4700,0.6946,0.0865,0.2189,0.463,0.4732,-0.0101,11.12,200.41,0.75,130750.0,0.0,0.2175,0.0727,-0.0013,-0.0666,0.5061,-0.0126,1.0
2652,4700,0.6908,0.0862,0.223,0.4729,0.4632,-0.0138,10.27,171.14,0.75,131202.0,0.0,0.2152,0.0763,-0.0012,-0.0713,0.415,-0.0141,1.0
2653,4700,0.6871,0.0879,0.225,0.4533,0.4727,-0.013,11.34,183.32,0.76,129727.0,0.0,0.2084,0.0741,-0.0013,-0.0676,0.452,-0.0138,1.0
2654,4700,0.6898,0.086,0.2242,0.4431,0.4906,-0.011,11.18,181.37,0.76,129361.0,0.0,0.2155,0.0694,-0.0011,-0.0679,0.4707,-0.0134,1.0
2655,4700,0.6883,0.0866,0.2253,0.4415,0.4961,-0.0109,12.08,184.83,0.75,130798.0,0.0,0.2087,0.0722,-0.0012,-0.0667,0.4607,-0.0129,1.0
2656,4700,0.6854,0.0863,0.2285,0.4644,0.4682,-0.0111,11.69,192.91,0.75,130343.0,0.0,0.2169,0.0751,-0.0014,-0.0656,0.4822,-0.0138,1.0
2657,4700,0.687,0.087,0.2262,0.4184,0.5121,-0.0123,11.03,174.25,0.76,129902.0,0.0,0.2061,0.0656,-0.0011,-0.0653,0.4593,-0.0114,1.0
2658,4700,0.6883,0.0873,0.2245,0.4398,0.4788,-0.0123,12.24,187.3,0.75,130550.0,0.0,0.2094,0.0712,-0.0012,-0.0654,0.3987,-0.0089,1.0
2659,4700,0.6972,0.0835,0.2196,0.4391,0.5157,-0.0089,11.84,184.21,0.75,131028.0,0.0,0.2152,0.0701,-0.0012,-0.0682,0.4579,-0.0134,1.0
2660,4700,0.7043,0.0821,0.2139,0.419,0.5244,-0.0119,11.55,161.93,0.75,130904.0,0.0,0.2147,0.065,-0.0011,-0.0651,0.4522,-0.0134,1.0
2661,4700,0.7058,0.0816,0.2128,0.4463,0.4966,-0.0113,11.63,191.43,0.76,129782.0,0.0,0.2148,0.0717,-0.0015,-0.0687,0.5447,-0.0139,1.0
2662,4700,0.7039,0.0869,0.2093,0.4432,0.4687,-0.0143,11.4,188.8,0.75,130451.0,0.0,0.2037,0.073,-0.0012,-0.0693,0.4061,-0.014,1.0
2663,4700,0.7032,0.0883,0.2085,0.4196,0.4872,-0.015,10.97,165.24,0.75,130380.0,0.0,0.208,0.0671,-0.0013,-0.0615,0.4859,-0.0141,1.0
2664,4700,0.7055,0.0883,0.2062,0.4533,0.5028,-0.0107,11.55,183.11,0.75,130412.0,0.0,0.2244,0.071,-0.0012,-0.0707,0.4528,-0.013,1.0
2665,4700,0.7072,0.0901,0.2027,0.4386,0.4906,-0.0146,11.62,189.5,0.75,130843.0,0.0,0.2155,0.0694,-0.0014,-0.0677,0.4533,-0.0095,1.0
2666,4700,0.7034,0.0929,0.2039,0.4461,0.4832,-0.0111,11.69,197.22,0.76,128891.0,0.0,0.2108,0.0732,-0.0012,-0.0709,0.3731,-0.0134,1.0
2667,4700,0.7057,0.0922,0.2026,0.4464,0.5057,-0.0105,13.02,182.4,0.77,128325.0,0.0,0.2116,0.0731,-0.001,-0.0706,0.4282,-0.014,1.0
2668,4700,0.7079,0.0881,0.2044,0.4738,0.4814,-0.0107,11.97,197.04,0.75,130827.0,0.0,0.2272,0.075,-0.0013,-0.0726,0.4146,-0.0144,1.0
2669,4700,0.7095,0.0856,0.2052,0.4387,0.5016,-0.01,11.67,179.86,0.75,130765.0,0.0,0.2087,0.0716,-0.0012,-0.0696,0.4305,-0.0134,1.0
2670,4700,0.7084,0.0849,0.2069,0.4355,0.4725,-0.0139,10.84,178.94,0.75,130424.0,0.0,0.2009,0.0721,-0.0011,-0.0661,0.4364,-0.0118,1.0
2671,4700,0.7046,0.0863,0.2094,0.4636,0.4736,-0.0119,11.0,182.34,0.75,130754.0,0.0,0.2089,0.0775,-0.0014,-0.072,0.4259,-0.0141,1.0
2672,4700,0.7018,0.0851,0.2136,0.4431,0.484,-0.0114,11.53,190.38,0.76,129903.0,0.0,0.2045,0.0728,-0.0011,-0.0694,0.4078,-0.0134,1.0
2673,4700,0.7004,0.0857,0.2144,0.439,0.487,-0.0115,10.99,167.34,0.75,130612.0,0.0,0.2068,0.0708,-0.0012,-0.0695,0.4274,-0.0132,1.0
2674,4700,0.6954,0.0875,0.2175,0.4596,0.4611,-0.0114,10.53,186.98,0.76,129927.0,0.0,0.2008,0.0793,-0.0012,-0.0685,0.3803,-0.0137,1.0
2675,4700,0.6907,0.0863,0.2232,0.4509,0.4979,-0.0104,11.51,183.86,0.75,130422.0,0.0,0.21,0.075,-0.0012,-0.074,0.4559,-0.0088,1.0
2676,4700,0.6884,0.0856,0.2263,0.4646,0.4678,-0.0113,11.44,194.46,0.76,129173.0,0.0,0.2083,0.0767,-0.0012,-0.0715,0.4133,-0.0112,1.0
2677,4700,0.6871,0.0828,0.2303,0.454,0.4932,-0.0099,11.92,194.47,0.76,128974.0,0.0,0.2159,0.0732,-0.0011,-0.0698,0.4665,-0.0114,1.0
2678,4700,0.6813,0.086,0.233,0.4468,0.4622,-0.0155,11.74,181.56,0.76,129491.0,0.0,0.2031,0.0738,-0.0012,-0.0681,0.4092,-0.0133,1.0
2679,4700,0.6784,0.0858,0.2363,0.4683,0.4717,-0.0101,10.59,176.22,0.75,130326.0,0.0,0.2128,0.0764,-0.0012,-0.0712,0.3796,-0.0143,1.0
2680,4700,0.6786,0.0845,0.2374,0.4605,0.4704,-0.0127,12.3,187.4,0.77,126904.0,0.0,0.2168,0.0759,-0.0012,-0.0701,0.4679,-0.0141,1.0
2681,4700,0.6761,0.0845,0.24,0.4854,0.4673,-0.0108,12.08,197.95,0.76,128973.0,0.0,0.2162,0.082,-0.0015,-0.0723,0.4233,-0.0141,1.0
2682,4700,0.6739,0.0857,0.2409,0.4626,0.4982,-0.0091,11.69,181.84,0.75,130504.0,0.0,0.2132,0.0759,-0.0011,-0.0735,0.4194,-0.0146,1.0
2683,4700,0.6739,0.0834,0.243,0.4671,0.4522,-0.0127,10.89,203.39,0.75,130926.0,0.0,0.2081,0.0783,-0.0012,-0.0718,0.3627,-0.0138,1.0
2684,4700,0.6699,0.0804,0.2499,0.4695,0.4653,-0.0121,11.0,184.95,0.76,130050.0,0.0,0.2032,0.0792,-0.0011,-0.0745,0.4409,-0.0127,1.0
2685,4700,0.6703,0.0813,0.2486,0.4564,0.4756,-0.0129,11.17,172.7,0.78,126629.0,0.0,0.2131,0.0751,-0.0011,-0.0686,0.4595,-0.0124,1.0
2686,4700,0.6745,0.0802,0.2455,0.4536,0.4788,-0.0104,10.59,174.07,0.75,131153.0,0.0,0.2028,0.0752,-0.0011,-0.0698,0.4369,-0.0126,1.0
2687,4700,0.6728,0.0801,0.2473,0.4698,0.4704,-0.0106,12.14,195.47,0.76,129883.0,0.0,0.2189,0.078,-0.0012,-0.0727,0.4474,-0.0138,1.0
2688,4700,0.6732,0.0812,0.2458,0.4584,0.4788,-0.0133,11.64,176.62,0.77,127491.0,0.0,0.2049,0.0763,-0.0011,-0.0731,0.3807,-0.0131,1.0
2689,4700,0.6761,0.082,0.2422,0.4786,0.4723,-0.0094,11.41,182.53,0.76,129148.0,0.0,0.2186,0.079,-0.0011,-0.0722,0.4209,-0.0111,1.0
2690,4700,0.6795,0.0804,0.2402,0.4748,0.4932,-0.0099,12.34,212.09,0.79,124362.0,0.0,0.2177,0.0809,-0.0016,-0.0734,0.4109,-0.013,1.0
2691,4700,0.6828,0.0795,0.238,0.4537,0.4828,-0.0128,11.36,186.26,0.76,129761.0,0.0,0.2134,0.0741,-0.0012,-0.0711,0.4304,-0.0123,1.0
2692,4700,0.6815,0.0813,0.2375,0.4784,0.4796,-0.0113,10.93,186.83,0.76,128512.0,0.0,0.2217,0.0788,-0.0011,-0.0735,0.4445,-0.0134,1.0
2693,4700,0.6824,0.0822,0.2356,0.4703,0.4681,-0.0116,11.56,175.66,0.77,128013.0,0.0,0.2202,0.0752,-0.0013,-0.0733,0.4457,-0.0108,1.0
2694,4700,0.6814,0.0835,0.2352,0.4691,0.4482,-0.0147,10.05,185.13,0.77,127803.0,0.0,0.2014,0.0806,-0.0013,-0.0702,0.4368,-0.0089,1.0
2695,4700,0.6736,0.0861,0.2404,0.4958,0.4305,-0.0122,11.49,210.45,0.79,124987.0,0.0,0.2104,0.086,-0.0013,-0.0744,0.4265,-0.0132,1.0
2696,4700,0.6692,0.0876,0.2435,0.4549,0.4806,-0.0115,11.64,174.69,0.76,129241.0,0.0,0.212,0.0765,-0.0009,-0.0679,0.4079,-0.0135,1.0
2697,4700,0.669,0.0871,0.2444,0.483,0.4549,-0.0118,10.31,194.06,0.76,130117.0,0.0,0.2082,0.0846,-0.0012,-0.0691,0.3877,-0.0142,1.0
2698,4700,0.6671,0.0879,0.2455,0.4543,0.4752,-0.0119,11.64,178.58,0.78,126656.0,0.0,0.2083,0.0752,-0.0011,-0.0704,0.378,-0.0138,1.0
2699,4700,0.6714,0.0863,0.2427,0.4694,0.4732,-0.0101,11.63,198.31,0.8,123296.0,0.0,0.2102,0.0805,-0.0012,-0.0689,0.4473,-0.0111,1.0
2700,4700,0.67,0.0861,0.2444,0.4774,0.4715,-0.0106,11.39,167.7,0.8,123351.0,0.0,0.2124,0.0827,-0.0012,-0.0682,0.5082,-0.0125,1.0
2701,4700,0.6699,0.0885,0.2423,0.4734,0.4499,-0.015,11.26,187.07,0.78,125266.0,0.0,0.2094,0.0819,-0.001,-0.0702,0.4445,-0.0137,1.0
2702,4700,0.6735,0.0879,0.2394,0.4574,0.4832,-0.0094,11.55,176.01,0.77,128425.0,0.0,0.2039,0.0785,-0.0011,-0.0683,0.4306,-0.0099,1.0
2703,4700,0.674,0.0849,0.2419,0.4854,0.4634,-0.0101,11.01,190.15,0.76,129451.0,0.0,0.2057,0.0861,-0.0011,-0.0731,0.4303,-0.0091,1.0
2704,4700,0.6747,0.0817,0.2445,0.4581,0.4839,-0.0091,10.27,164.78,0.77,127895.0,0.0,0.2025,0.0814,-0.0011,-0.069,0.4239,-0.0128,1.0
2705,4700,0.6754,0.0824,0.2432,0.457,0.4774,-0.0121,10.79,189.8,0.77,127200.0,0.0,0.2112,0.0769,-0.0012,-0.0679,0.4665,-0.014,1.0
2706,4700,0.6758,0.0812,0.2439,0.4545,0.4738,-0.0117,11.07,187.06,0.77,128211.0,0.0,0.2095,0.077,-0.001,-0.0685,0.4175,-0.0143,1.0
2707,4700,0.6787,0.0799,0.2425,0.4491,0.4775,-0.0099,12.22,176.85,0.77,127845.0,0.0,0.2009,0.0782,-0.001,-0.0662,0.4073,-0.0127,1.0
2708,4700,0.6803,0.0756,0.2453,0.459,0.4763,-0.0121,10.84,170.76,0.76,130076.0,0.0,0.2162,0.078,-0.0012,-0.0693,0.5046,-0.013,1.0
2709,4700,0.6765,0.0767,0.248,0.4494,0.454,-0.0143,9.62,169.48,0.76,130124.0,0.0,0.1969,0.0796,-0.0011,-0.0688,0.5112,-0.0133,0.99
2710,4700,0.6816,0.0783,0.2415,0.4457,0.4962,-0.0098,11.24,172.91,0.76,129865.0,0.0,0.2154,0.0741,-0.0013,-0.0663,0.425,-0.0142,0.99
2711,4700,0.6876,0.0782,0.2354,0.4307,0.4947,-0.0109,11.33,177.92,0.76,130042.0,0.0,0.198,0.0745,-0.0011,-0.0667,0.4448,-0.0147,0.99
2712,4700,0.6914,0.0803,0.2291,0.423,0.4937,-0.0121,11.72,169.88,0.75,130626.0,0.0,0.2042,0.0705,-0.0012,-0.066,0.4653,-0.0144,1.0
2713,4700,0.6948,0.0788,0.2269,0.452,0.483,-0.0131,10.98,178.26,0.76,129798.0,0.0,0.2034,0.0792,-0.0013,-0.0704,0.5049,-0.0134,1.0
2714,4700,0.6932,0.0812,0.226,0.4313,0.4784,-0.0144,11.07,172.7,0.76,129566.0,0.0,0.1961,0.0758,-0.001,-0.0658,0.4945,-0.0116,1.0
2715,4700,0.6932,0.0818,0.2257,0.4671,0.472,-0.0105,11.68,181.9,0.76,129531.0,0.0,0.2126,0.0815,-0.0011,-0.0702,0.4098,-0.0087,1.0
2716,4700,0.6963,0.0801,0.2245,0.4353,0.5005,-0.0116,11.1,170.35,0.76,129028.0,0.0,0.2107,0.0745,-0.001,-0.0676,0.4608,-0.0135,1.0
2717,4700,0.7008,0.0778,0.2224,0.4304,0.4898,-0.0108,11.2,168.9,0.75,130594.0,0.0,0.1995,0.0745,-0.0012,-0.0652,0.3701,-0.0139,1.0
2718,4700,0.7054,0.0766,0.2193,0.4478,0.4785,-0.0091,11.74,187.51,0.76,129925.0,0.0,0.2037,0.0779,-0.001,-0.0702,0.3936,-0.0137,1.0
2719,4700,0.7,0.0777,0.2237,0.457,0.4639,-0.0106,11.22,183.5,0.76,128881.0,0.0,0.208,0.0789,-0.0013,-0.07,0.373,-0.0139,1.0
2720,4700,0.6961,0.0774,0.228,0.443,0.4929,-0.0102,11.26,166.3,0.76,128819.0,0.0,0.2107,0.0752,-0.0012,-0.0688,0.4446,-0.0128,1.0
2721,4700,0.6962,0.0784,0.2269,0.442,0.4823,-0.013,12.06,174.83,0.76,129607.0,0.0,0.209,0.0764,-0.0012,-0.0672,0.4665,-0.0123,1.0
2722,4700,0.6935,0.0798,0.2285,0.4592,0.4623,-0.0112,11.12,184.43,0.76,130059.0,0.0,0.2086,0.0815,-0.0014,-0.0734,0.3761,-0.0131,1.0
2723,4700,0.6902,0.0803,0.2315,0.4552,0.4679,-0.0116,11.06,187.9,0.75,130703.0,0.0,0.204,0.0807,-0.0013,-0.0688,0.4843,-0.0096,1.0
2724,4700,0.6893,0.0818,0.2308,0.4604,0.4687,-0.0116,11.63,200.33,0.75,130548.0,0.0,0.2065,0.0808,-0.0014,-0.072,0.4087,-0.0146,1.0
2725,4700,0.6862,0.0799,0.2354,0.4715,0.4637,-0.0092,11.18,166.32,0.76,129983.0,0.0,0.2067,0.0842,-0.0014,-0.073,0.4262,-0.0128,1.0
2726,4700,0.6822,0.0791,0.2402,0.443,0.4678,-0.0116,11.11,171.93,0.75,130711.0,0.0,0.1959,0.0778,-0.0013,-0.0677,0.4611,-0.0105,1.0
2727,4700,0.6741,0.0819,0.2457,0.4565,0.4497,-0.0135,11.57,176.68,0.75,130547.0,0.0,0.1952,0.0821,-0.0014,-0.0681,0.5127,-0.0113,1.0
2728,4700,0.6732,0.0826,0.2458,0.4582,0.4758,-0.0119,11.33,171.65,0.76,129500.0,0.0,0.2084,0.0802,-0.0015,-0.0708,0.4627,-0.013,1.0
2729,4700,0.6678,0.0841,0.2498,0.4598,0.4505,-0.0128,11.69,183.48,0.76,130137.0,0.0,0.2025,0.0825,-0.0016,-0.0681,0.3924,-0.0139,1.0
2730,4700,0.6635,0.0826,0.2552,0.4456,0.4627,-0.0125,11.11,189.16,0.76,129681.0,0.0,0.1977,0.077,-0.0014,-0.0714,0.3915,-0.0131,1.0
2731,4700,0.6648,0.0814,0.2551,0.4676,0.4642,-0.0095,11.74,200.99,0.77,128380.0,0.0,0.2064,0.085,-0.0014,-0.0697,0.46,-0.0136,1.0
2732,4700,0.6662,0.0818,0.253,0.4555,0.4905,-0.0099,11.9,179.85,0.76,129516.0,0.0,0.2118,0.0781,-0.0014,-0.0725,0.3558,-0.0125,1.0
2733,4700,0.6755,0.0798,0.2455,0.465,0.4848,-0.0105,12.08,189.92,0.75,130379.0,0.0,0.2079,0.0825,-0.0013,-0.0723,0.3415,-0.012,1.0
2734,4700,0.6838,0.0782,0.2387,0.4624,0.4925,-0.0091,11.89,191.53,0.76,130008.0,0.0,0.2131,0.0812,-0.0015,-0.0719,0.3914,-0.0117,1.0
2735,4700,0.6817,0.0786,0.2401,0.4724,0.4582,-0.0126,11.58,195.79,0.77,128201.0,0.0,0.2127,0.0824,-0.0014,-0.0712,0.4326,-0.0124,0.99
2736,4700,0.68,0.0788,0.2417,0.4648,0.4783,-0.0098,12.18,196.32,0.76,128649.0,0.0,0.2137,0.0821,-0.0014,-0.0705,0.4231,-0.0105,0.99
2737,4700,0.6826,0.0772,0.2407,0.4253,0.4962,-0.012,10.99,155.72,0.76,129167.0,0.0,0.1993,0.0741,-0.0013,-0.0658,0.4316,-0.011,0.99
2738,4700,0.6815,0.0765,0.2426,0.4743,0.461,-0.0086,11.84,182.48,0.77,127842.0,0.0,0.2074,0.0857,-0.0016,-0.0746,0.367,-0.0137,1.0
2739,4700,0.6812,0.0731,0.2463,0.4683,0.4761,-0.0085,12.5,187.06,0.76,129594.0,0.0,0.2088,0.0842,-0.0013,-0.0682,0.4514,-0.0127,1.0
2740,4700,0.6833,0.0734,0.2437,0.4773,0.4705,-0.0102,12.0,210.17,0.76,128758.0,0.0,0.2113,0.0862,-0.0014,-0.0722,0.4337,-0.0129,0.99
2741,4700,0.6815,0.0739,0.2451,0.4516,0.4694,-0.0116,10.78,172.34,0.76,129344.0,0.0,0.1989,0.0815,-0.0013,-0.0692,0.3962,-0.0115,0.99
2742,4700,0.6804,0.0729,0.2472,0.4781,0.4559,-0.0086,10.9,201.65,0.76,129023.0,0.0,0.2099,0.0858,-0.0014,-0.0739,0.3776,-0.0129,0.99
2743,4700,0.6752,0.0703,0.2548,0.4433,0.4665,-0.0114,11.13,168.5,0.76,128792.0,0.0,0.1957,0.079,-0.0015,-0.0703,0.4382,-0.0128,0.99
2744,4700,0.6763,0.0704,0.2533,0.4365,0.5024,-0.0101,11.01,171.63,0.76,128618.0,0.0,0.208,0.0767,-0.0015,-0.0643,0.4135,-0.0124,0.99
2745,4700,0.6774,0.0697,0.2529,0.4706,0.475,-0.0087,11.28,185.31,0.76,129839.0,0.0,0.2052,0.0859,-0.0013,-0.071,0.3664,-0.0127,0.99
2746,4700,0.6747,0.069,0.2564,0.4722,0.4526,-0.01,10.77,189.66,0.76,129103.0,0.0,0.2023,0.0857,-0.0013,-0.0711,0.3769,-0.0134,1.0
2747,4700,0.6759,0.0687,0.2555,0.4344,0.4876,-0.0132,11.94,171.73,0.77,128448.0,0.0,0.2036,0.0765,-0.0013,-0.066,0.4504,-0.0134,1.0
2748,4700,0.6788,0.0694,0.2521,0.4733,0.4326,-0.0135,11.17,211.54,0.76,129666.0,0.0,0.2029,0.0873,-0.0014,-0.0678,0.384,-0.0125,1.0
2749,4700,0.6802,0.0692,0.2509,0.4457,0.4909,-0.0097,11.52,179.15,0.77,127695.0,0.0,0.2066,0.0773,-0.0011,-0.0707,0.4087,-0.0115,1.0
2750,4700,0.683,0.0701,0.2472,0.4562,0.444,-0.0142,10.78,194.64,0.76,128843.0,0.0,0.1932,0.084,-0.0014,-0.0663,0.4247,-0.0128,1.0
2751,4700,0.6847,0.0719,0.244,0.4744,0.4585,-0.0114,10.92,179.08,0.76,129172.0,0.0,0.2089,0.0834,-0.0013,-0.0714,0.385,-0.0111,1.0
2752,4700,0.6899,0.0705,0.2404,0.482,0.4754,-0.0094,11.72,186.02,0.76,128990.0,0.0,0.2115,0.0867,-0.0012,-0.0699,0.429,-0.0128,1.0
2753,4700,0.6945,0.0688,0.2375,0.4505,0.4869,-0.0099,11.8,182.78,0.76,129828.0,0.0,0.2118,0.0777,-0.0013,-0.0688,0.4503,-0.012,1.0
2754,4700,0.6927,0.0693,0.2388,0.4627,0.4505,-0.0121,10.13,161.17,0.76,129586.0,0.0,0.2055,0.0838,-0.0012,-0.0674,0.4088,-0.0132,1.0
2755,4700,0.6853,0.0727,0.2426,0.4665,0.4555,-0.0115,11.95,201.61,0.77,127920.0,0.0,0.2036,0.0837,-0.0012,-0.0697,0.4404,-0.0138,1.0
2756,4700,0.6842,0.0732,0.2431,0.4544,0.472,-0.0099,10.95,167.45,0.77,128083.0,0.0,0.1993,0.0818,-0.0013,-0.0644,0.4639,-0.014,1.0
2757,4700,0.6835,0.0753,0.2417,0.4441,0.4705,-0.0138,10.91,176.4,0.77,127826.0,0.0,0.204,0.0788,-0.0014,-0.0635,0.5196,-0.013,1.0
2758,4700,0.6831,0.0785,0.2389,0.4609,0.4492,-0.0134,10.59,197.9,0.77,127675.0,0.0,0.1983,0.0833,-0.0015,-0.068,0.469,-0.0132,1.0
2759,4700,0.6761,0.0809,0.2435,0.4574,0.4431,-0.0132,11.54,183.58,0.76,128569.0,0.0,0.2002,0.0817,-0.0014,-0.067,0.406,-0.0122,1.0
2760,4700,0.6686,0.0816,0.2503,0.4644,0.4465,-0.0111,10.65,200.17,0.76,129180.0,0.0,0.1947,0.0851,-0.0015,-0.0695,0.4013,-0.0123,1.0
2761,4700,0.6654,0.0829,0.2521,0.4348,0.4598,-0.0139,11.31,153.54,0.76,128754.0,0.0,0.1982,0.0752,-0.0014,-0.0685,0.3716,-0.0133,1.0
2762,4700,0.6647,0.0801,0.2557,0.4826,0.4443,-0.0096,10.99,190.21,0.76,129516.0,0.0,0.2038,0.0851,-0.0015,-0.0739,0.4034,-0.0113,1.0
2763,4700,0.6598,0.08,0.2608,0.4768,0.4561,-0.0112,10.47,189.32,0.76,128744.0,0.0,0.2007,0.0865,-0.0016,-0.0735,0.4675,-0.0125,1.0
2764,4700,0.658,0.0802,0.2625,0.4781,0.4432,-0.0139,11.14,180.38,0.77,126998.0,0.0,0.2066,0.0847,-0.0012,-0.0712,0.4409,-0.0117,1.0
2765,4700,0.6568,0.081,0.2629,0.4806,0.4716,-0.0103,11.7,183.48,0.76,129330.0,0.0,0.2083,0.0866,-0.0016,-0.0712,0.5434,-0.0121,1.0
2766,4700,0.6577,0.0821,0.2605,0.4514,0.4418,-0.0173,10.47,183.69,0.76,129355.0,0.0,0.1865,0.0828,-0.0013,-0.0663,0.5258,-0.0124,1.0
2767,4700,0.6529,0.0849,0.2625,0.4655,0.4284,-0.015,10.8,181.7,0.76,128563.0,0.0,0.1843,0.0859,-0.0014,-0.0711,0.4442,-0.0138,1.0
2768,4700,0.6506,0.0865,0.2632,0.4765,0.4648,-0.0121,12.84,207.69,0.77,128448.0,0.0,0.2087,0.0858,-0.0013,-0.069,0.4542,-0.0131,1.0
2769,4700,0.6536,0.0856,0.261,0.4626,0.4635,-0.0123,10.95,169.42,0.78,126412.0,0.0,0.2002,0.0834,-0.0015,-0.0671,0.4507,-0.0135,1.0
2770,4700,0.655,0.0851,0.2601,0.4497,0.454,-0.0137,10.58,185.14,0.76,128765.0,0.0,0.1916,0.0811,-0.0015,-0.0675,0.4559,-0.0136,1.0
2771,4700,0.6515,0.0862,0.2625,0.4617,0.4765,-0.0105,11.75,201.53,0.77,127088.0,0.0,0.2072,0.0804,-0.0013,-0.0701,0.4341,-0.0125,1.0
2772,4700,0.6514,0.0855,0.2633,0.4809,0.4469,-0.0125,11.24,178.74,0.78,126773.0,0.0,0.21,0.0851,-0.0012,-0.0689,0.4525,-0.0121,1.0
2773,4700,0.6492,0.0868,0.2642,0.4769,0.4418,-0.0112,10.7,195.93,0.77,127170.0,0.0,0.2037,0.0853,-0.0015,-0.0698,0.4325,-0.0131,1.0
2774,4700,0.6496,0.086,0.2647,0.4603,0.4781,-0.0102,10.4,172.95,0.77,127510.0,0.0,0.1976,0.0805,-0.0013,-0.0682,0.4232,-0.0138,1.0
2775,4700,0.6492,0.0871,0.264,0.4493,0.4745,-0.0134,11.23,170.44,0.77,127943.0,0.0,0.203,0.0765,-0.0015,-0.0699,0.3925,-0.0125,1.0
2776,4700,0.652,0.0879,0.2604,0.4714,0.4598,-0.0105,11.44,170.76,0.77,128194.0,0.0,0.2021,0.0819,-0.0015,-0.0752,0.368,-0.0132,1.0
2777,4700,0.6513,0.0865,0.2623,0.4889,0.4239,-0.0122,10.37,194.0,0.77,127809.0,0.0,0.1968,0.087,-0.0014,-0.0732,0.3519,-0.0113,1.0
2778,4700,0.6495,0.0843,0.2663,0.4819,0.4576,-0.01,10.69,185.94,0.77,127557.0,0.0,0.2038,0.0847,-0.0017,-0.0736,0.4126,-0.0118,1.0
2779,4700,0.6486,0.0851,0.2665,0.4879,0.4335,-0.012,11.58,201.86,0.77,127725.0,0.0,0.1992,0.087,-0.0014,-0.0726,0.3877,-0.0128,1.0
2780,4700,0.6504,0.0849,0.2651,0.4753,0.4313,-0.0143,11.17,205.27,0.78,126364.0,0.0,0.2062,0.0837,-0.0019,-0.0708,0.4485,-0.0123,1.0
2781,4700,0.6473,0.0831,0.2704,0.461,0.4559,-0.0134,11.41,197.68,0.77,128189.0,0.0,0.1991,0.0797,-0.0013,-0.0708,0.4164,-0.013,1.0
2782,4700,0.6523,0.0813,0.2674,0.4705,0.4711,-0.0133,11.11,192.97,0.78,126518.0,0.0,0.2085,0.081,-0.0016,-0.0715,0.4609,-0.0134,1.0
2783,4700,0.6446,0.0852,0.2714,0.4776,0.3943,-0.0172,10.06,186.22,0.77,126992.0,0.0,0.1788,0.0905,-0.0013,-0.0669,0.4491,-0.0115,1.0
2784,4700,0.6382,0.0849,0.278,0.4892,0.4452,-0.0121,11.81,201.58,0.77,127052.0,0.0,0.1949,0.0887,-0.0013,-0.0688,0.4979,-0.0108,1.0
2785,4700,0.6433,0.0854,0.2723,0.4907,0.4719,-0.0101,11.25,216.79,0.77,128154.0,0.0,0.2063,0.0891,-0.0016,-0.0707,0.4627,-0.0123,1.0
2786,4700,0.6414,0.0853,0.2745,0.4712,0.4624,-0.011,10.81,174.4,0.77,128190.0,0.0,0.1985,0.0848,-0.0013,-0.0644,0.4914,-0.0117,1.0
2787,4700,0.6423,0.0855,0.2733,0.4745,0.461,-0.0123,11.83,183.66,0.76,128699.0,0.0,0.201,0.0853,-0.0012,-0.0681,0.4711,-0.0118,1.0
2788,4700,0.6439,0.0863,0.2709,0.4852,0.4298,-0.0126,11.58,205.28,0.77,128038.0,0.0,0.2018,0.0897,-0.0014,-0.0656,0.4192,-0.0135,1.0
2789,4700,0.6439,0.0844,0.273,0.4661,0.4629,-0.0115,9.79,163.91,0.77,126851.0,0.0,0.1941,0.0836,-0.0014,-0.0662,0.4695,-0.0131,1.0
2790,4700,0.6488,0.0857,0.2669,0.4486,0.4823,-0.0124,11.27,184.6,0.77,127767.0,0.0,0.1984,0.0796,-0.0012,-0.0662,0.3944,-0.0122,1.0
2791,4700,0.6543,0.0843,0.2629,0.4552,0.4806,-0.0101,10.72,175.22,0.77,128267.0,0.0,0.2023,0.0807,-0.0012,-0.0654,0.3859,-0.013,1.0
2792,4700,0.6602,0.0852,0.256,0.4719,0.461,-0.013,10.82,170.9,0.78,125551.0,0.0,0.2015,0.0852,-0.0016,-0.0681,0.4425,-0.0139,1.0
2793,4700,0.6648,0.0876,0.2487,0.4403,0.4887,-0.011,10.92,174.18,0.77,126994.0,0.0,0.1981,0.0786,-0.0012,-0.0641,0.4407,-0.0126,1.0
2794,4700,0.6689,0.0887,0.2437,0.4302,0.4883,-0.0122,11.11,162.84,0.78,126833.0,0.0,0.1988,0.0728,-0.0015,-0.0696,0.3735,-0.0134,1.0
2795,4700,0.6677,0.0909,0.2428,0.4584,0.4545,-0.0127,10.64,168.05,0.77,127561.0,0.0,0.1895,0.0833,-0.0013,-0.0654,0.4246,-0.0137,1.0
2796,4700,0.6598,0.0915,0.2501,0.4793,0.4325,-0.0119,11.2,187.49,0.78,126326.0,0.0,0.1911,0.0879,-0.0014,-0.0686,0.4007,-0.0127,1.0
2797,4700,0.6555,0.0893,0.2563,0.485,0.4408,-0.0113,11.01,192.33,0.77,127712.0,0.0,0.1919,0.0884,-0.0015,-0.0674,0.3739,-0.0128,1.0
2798,4700,0.6553,0.0848,0.2609,0.4805,0.4502,-0.011,10.33,174.8,0.76,128987.0,0.0,0.1905,0.0879,-0.0015,-0.0694,0.4317,-0.0128,1.0
2799,4700,0.6537,0.0859,0.2614,0.4928,0.4223,-0.0141,12.43,220.48,0.78,125427.0,0.0,0.1967,0.0925,-0.0013,-0.0667,0.4351,-0.0133,1.0
2800,4700,0.6463,0.087,0.2677,0.4875,0.446,-0.0116,12.1,200.23,0.77,127235.0,0.0,0.1937,0.088,-0.0015,-0.0704,0.3853,-0.012,1.0
2801,4700,0.6499,0.0863,0.2648,0.462,0.4707,-0.0113,11.56,175.02,0.79,124445.0,0.0,0.2013,0.0819,-0.0012,-0.0678,0.3617,-0.0118,1.0
2802,4700,0.6511,0.0864,0.2634,0.4835,0.4474,-0.0116,10.96,192.79,0.78,125680.0,0.0,0.1898,0.0896,-0.0014,-0.0653,0.4184,-0.0122,1.0
2803,4700,0.6521,0.0858,0.2628,0.4955,0.4454,-0.0121,11.68,189.85,0.8,122624.0,0.0,0.1997,0.0924,-0.0014,-0.066,0.4088,-0.0131,1.0
2804,4700,0.6514,0.0832,0.2659,0.4741,0.4363,-0.0128,10.35,176.1,0.79,124567.0,0.0,0.1917,0.0905,-0.0016,-0.0604,0.4478,-0.0115,1.0
2805,4700,0.6455,0.0838,0.2711,0.4689,0.4504,-0.0124,10.79,182.29,0.78,126763.0,0.0,0.1981,0.0854,-0.0013,-0.0665,0.4371,-0.0124,1.0
2806,4700,0.6454,0.085,0.2701,0.467,0.4699,-0.0106,10.86,174.4,0.78,125715.0,0.0,0.1979,0.0859,-0.0014,-0.0623,0.4343,-0.0122,1.0
2807,4700,0.6415,0.0867,0.2722,0.4658,0.4361,-0.0135,10.42,174.49,0.78,125406.0,0.0,0.1864,0.0847,-0.0012,-0.0637,0.4726,-0.0126,1.0
2808,4700,0.6343,0.0896,0.2766,0.4539,0.4375,-0.0155,11.1,159.67,0.78,125711.0,0.0,0.1846,0.0825,-0.0011,-0.063,0.4007,-0.0127,1.0
2809,4700,0.6326,0.0922,0.2756,0.4431,0.4554,-0.0149,10.56,179.47,0.78,126740.0,0.0,0.1856,0.0783,-0.0011,-0.0657,0.4407,-0.0138,1.0
2810,4700,0.6338,0.0941,0.2726,0.4891,0.4421,-0.0132,9.99,183.82,0.77,127848.0,0.0,0.197,0.0891,-0.0012,-0.0682,0.4329,-0.0121,1.0
2811,4700,0.6339,0.0927,0.2739,0.4766,0.4429,-0.0115,11.16,187.86,0.78,125873.0,0.0,0.1945,0.0852,-0.0012,-0.0652,0.4495,-0.0122,1.0
2812,4700,0.6321,0.0938,0.2746,0.4391,0.4603,-0.0152,10.03,174.6,0.77,126850.0,0.0,0.1853,0.0789,-0.0014,-0.0617,0.4217,-0.0118,1.0
2813,4700,0.6313,0.0943,0.2749,0.4663,0.4502,-0.0115,11.84,206.49,0.78,125873.0,0.0,0.1921,0.0852,-0.0012,-0.0628,0.4443,-0.0126,1.0
2814,4700,0.636,0.0933,0.2711,0.4612,0.4458,-0.0136,11.14,192.12,0.79,124978.0,0.0,0.1913,0.0834,-0.0018,-0.0644,0.4668,-0.0112,1.0
2815,4700,0.636,0.0947,0.2697,0.4846,0.4531,-0.0104,11.62,193.1,0.78,125568.0,0.0,0.194,0.0891,-0.0014,-0.0638,0.3913,-0.0093,1.0
2816,4700,0.6391,0.093,0.2684,0.4465,0.4577,-0.0135,9.51,171.27,0.77,128450.0,0.0,0.1855,0.0819,-0.0013,-0.063,0.4579,-0.0105,1.0
2817,4700,0.6355,0.0924,0.2724,0.4765,0.4369,-0.0131,10.75,176.61,0.77,126966.0,0.0,0.192,0.0861,-0.0012,-0.0681,0.4062,-0.0107,1.0
2818,4700,0.6399,0.0916,0.2687,0.4458,0.4582,-0.0135,10.85,179.38,0.77,127466.0,0.0,0.1853,0.0808,-0.0011,-0.0616,0.4166,-0.0108,1.0
2819,4700,0.6386,0.0922,0.2692,0.4783,0.4327,-0.0128,10.31,189.52,0.78,126056.0,0.0,0.1901,0.0888,-0.0014,-0.0659,0.3659,-0.0132,1.0
2820,4700,0.6325,0.091,0.2764,0.5066,0.4233,-0.0102,10.17,192.53,0.77,128185.0,0.0,0.1853,0.0948,-0.0013,-0.0678,0.4035,-0.0135,1.0
2821,4700,0.6263,0.0899,0.2838,0.473,0.4376,-0.0129,11.14,181.61,0.77,127666.0,0.0,0.1842,0.0865,-0.0014,-0.0679,0.3729,-0.0103,1.0
2822,4700,0.6255,0.0892,0.2853,0.4764,0.4304,-0.0148,10.23,176.77,0.77,127399.0,0.0,0.186,0.087,-0.0013,-0.0667,0.3968,-0.0132,1.0
2823,4700,0.6231,0.0885,0.2884,0.4795,0.4172,-0.013,9.99,181.13,0.77,128302.0,0.0,0.1817,0.0901,-0.0013,-0.0616,0.4188,-0.0104,1.0
2824,4700,0.6265,0.0876,0.2862,0.4767,0.4451,-0.012,11.08,197.93,0.78,126700.0,0.0,0.1937,0.0881,-0.0016,-0.0669,0.3963,-0.0125,1.0
2825,4700,0.6271,0.0864,0.287,0.4737,0.4455,-0.0123,10.43,177.82,0.76,128819.0,0.0,0.1895,0.0867,-0.0014,-0.0637,0.3757,-0.0113,1.0
2826,4700,0.6263,0.0874,0.2867,0.4826,0.4435,-0.0116,11.04,196.96,0.77,128218.0,0.0,0.1878,0.0906,-0.0017,-0.0636,0.439,-0.0107,1.0
2827,4700,0.6259,0.0881,0.2866,0.4685,0.4483,-0.0127,11.93,188.11,0.77,127190.0,0.0,0.1882,0.0867,-0.0013,-0.0594,0.4549,-0.0123,1.0
2828,4700,0.6252,0.0886,0.2867,0.4769,0.4283,-0.0133,10.32,203.62,0.78,126723.0,0.0,0.1871,0.0891,-0.0014,-0.066,0.4669,-0.0112,1.0
2829,4700,0.6177,0.0896,0.2932,0.4946,0.4055,-0.0142,10.93,172.86,0.77,126878.0,0.0,0.1911,0.0935,-0.0015,-0.0633,0.4171,-0.0121,1.0
2830,4700,0.6156,0.0909,0.294,0.4757,0.4497,-0.012,11.31,191.31,0.78,126604.0,0.0,0.1947,0.0867,-0.0012,-0.0646,0.3764,-0.0127,1.0
2831,4700,0.6188,0.0887,0.2929,0.4535,0.4519,-0.0131,10.57,186.24,0.77,127035.0,0.0,0.1866,0.083,-0.0018,-0.0634,0.4902,-0.0118,1.0
2832,4700,0.6219,0.0878,0.2905,0.4801,0.4176,-0.014,10.95,215.09,0.81,120645.0,0.0,0.1816,0.091,-0.0013,-0.0623,0.3974,-0.0124,1.0
2833,4700,0.6191,0.0867,0.2945,0.4679,0.4502,-0.0106,11.37,191.74,0.78,126358.0,0.0,0.1829,0.0863,-0.0013,-0.0591,0.4544,-0.0129,1.0
2834,4700,0.6165,0.086,0.2978,0.463,0.4381,-0.013,10.81,196.36,0.78,126575.0,0.0,0.1837,0.0853,-0.0017,-0.0625,0.4572,-0.013,1.0
2835,4700,0.619,0.0844,0.2969,0.4921,0.4373,-0.0114,10.54,182.8,0.77,127186.0,0.0,0.1916,0.0921,-0.0015,-0.065,0.4704,-0.0101,1.0
2836,4700,0.6188,0.0846,0.2968,0.4546,0.4666,-0.0109,11.64,164.4,0.77,127994.0,0.0,0.2015,0.0817,-0.0012,-0.0632,0.4178,-0.0128,1.0
2837,4700,0.6216,0.0844,0.2943,0.4775,0.4339,-0.0137,11.66,202.44,0.78,126623.0,0.0,0.1888,0.0878,-0.0014,-0.0658,0.4804,-0.0116,1.0
2838,4700,0.6243,0.0863,0.2897,0.4514,0.4488,-0.0156,10.81,178.73,0.78,126837.0,0.0,0.1871,0.083,-0.0016,-0.0626,0.5053,-0.0131,1.0
2839,4700,0.6274,0.0892,0.2834,0.4748,0.4458,-0.0127,11.56,199.43,0.78,126616.0,0.0,0.1959,0.0875,-0.0014,-0.0631,0.5362,-0.0136,1.0
2840,4700,0.6297,0.0893,0.2811,0.4544,0.4753,-0.0124,10.79,166.18,0.78,126711.0,0.0,0.1962,0.0833,-0.0016,-0.0622,0.5205,-0.0124,1.0
2841,4700,0.635,0.0885,0.2768,0.4388,0.474,-0.013,11.11,173.79,0.79,124824.0,0.0,0.1866,0.0807,-0.0012,-0.058,0.5017,-0.012,1.0
2842,4700,0.6364,0.0888,0.2751,0.484,0.4388,-0.0115,12.0,192.52,0.78,126435.0,0.0,0.1972,0.0883,-0.0014,-0.0651,0.4903,-0.0116,1.0
2843,4700,0.6422,0.0885,0.2695,0.4569,0.4477,-0.0142,10.85,190.84,0.78,126629.0,0.0,0.1865,0.0838,-0.0014,-0.0608,0.523,-0.013,1.0
2844,4700,0.6428,0.0914,0.2662,0.4795,0.4321,-0.014,10.66,193.94,0.77,127342.0,0.0,0.1879,0.0889,-0.0017,-0.0655,0.4402,-0.0139,1.0
2845,4700,0.6459,0.0924,0.2623,0.4686,0.4561,-0.0131,11.75,198.35,0.78,125900.0,0.0,0.1987,0.0855,-0.0014,-0.0618,0.4605,-0.0125,1.0
2846,4700,0.65,0.0903,0.2605,0.4712,0.4485,-0.0132,11.03,188.32,0.78,126728.0,0.0,0.1938,0.0867,-0.0015,-0.0626,0.435,-0.009,1.0
2847,4700,0.6491,0.0908,0.2608,0.4615,0.4456,-0.0149,11.23,191.74,0.79,124755.0,0.0,0.1939,0.084,-0.0013,-0.0617,0.3924,-0.013,1.0
2848,4700,0.6528,0.0909,0.257,0.4369,0.4907,-0.0099,10.71,179.43,0.77,127623.0,0.0,0.1889,0.0768,-0.0013,-0.0649,0.4411,-0.0126,1.0
2849,4700,0.6581,0.0867,0.256,0.4609,0.4585,-0.0117,11.13,191.79,0.78,126387.0,0.0,0.1927,0.0828,-0.0021,-0.0658,0.3823,-0.0134,1.0
2850,4700,0.6603,0.0876,0.2532,0.4589,0.4534,-0.0134,10.74,162.19,0.77,126925.0,0.0,0.1913,0.0833,-0.002,-0.062,0.3744,-0.0134,1.0
2851,4700,0.6635,0.0874,0.2501,0.4691,0.4751,-0.0108,12.32,181.54,0.79,125031.0,0.0,0.1967,0.0832,-0.0012,-0.0686,0.3676,-0.0127,1.0
2852,4700,0.6655,0.0872,0.2482,0.4762,0.4584,-0.012,10.59,192.7,0.79,124958.0,0.0,0.1948,0.0874,-0.0012,-0.0622,0.4074,-0.0135,1.0
2853,4700,0.6631,0.0876,0.25,0.4891,0.4483,-0.0096,11.23,195.28,0.78,126659.0,0.0,0.1982,0.0902,-0.0015,-0.0635,0.3748,-0.0115,1.0
2854,4700,0.659,0.0879,0.2539,0.4789,0.4501,-0.0109,11.69,189.37,0.78,126261.0,0.0,0.1909,0.0898,-0.0013,-0.0637,0.4398,-0.0125,1.0
2855,4700,0.6538,0.0898,0.2574,0.4691,0.4321,-0.0151,10.51,183.48,0.77,126908.0,0.0,0.1887,0.0857,-0.0014,-0.0662,0.49,-0.0106,1.0
2856,4700,0.6437,0.0927,0.2644,0.4873,0.4141,-0.0133,10.8,200.1,0.78,126502.0,0.0,0.18,0.0915,-0.0014,-0.0614,0.3926,-0.0114,1.0
2857,4700,0.6403,0.0923,0.2681,0.5072,0.4345,-0.0108,10.89,183.74,0.79,123720.0,0.0,0.1949,0.0944,-0.0013,-0.0676,0.3814,-0.0123,1.0
2858,4700,0.6373,0.0902,0.2733,0.5043,0.4333,-0.0102,10.98,201.37,0.77,126980.0,0.0,0.1953,0.094,-0.0017,-0.0666,0.3661,-0.0123,1.0
2859,4700,0.6416,0.0871,0.272,0.4882,0.4364,-0.0115,10.77,194.02,0.79,124936.0,0.0,0.1869,0.0923,-0.0017,-0.0667,0.4532,-0.0126,1.0
2860,4700,0.642,0.0853,0.273,0.4818,0.4464,-0.01,10.71,183.43,0.77,127244.0,0.0,0.1869,0.0903,-0.0016,-0.0636,0.4224,-0.0114,1.0
2861,4700,0.642,0.0838,0.2744,0.4826,0.4464,-0.012,11.49,185.05,0.78,125980.0,0.0,0.1975,0.0895,-0.0014,-0.0617,0.3949,-0.0129,1.0
2862,4700,0.6411,0.082,0.2771,0.4861,0.4613,-0.0089,10.99,177.3,0.77,127165.0,0.0,0.193,0.0908,-0.0013,-0.0622,0.43,-0.0119,1.0
2863,4700,0.641,0.083,0.2761,0.4873,0.4301,-0.014,11.0,198.79,0.77,127595.0,0.0,0.1957,0.0919,-0.0015,-0.0643,0.4117,-0.0084,1.0
2864,4700,0.6375,0.0856,0.2771,0.4729,0.4445,-0.012,11.03,192.56,0.78,125868.0,0.0,0.1895,0.0877,-0.0018,-0.0616,0.3983,-0.0125,1.0
2865,4700,0.6382,0.0845,0.2775,0.4841,0.4596,-0.0101,11.8,195.06,0.78,125439.0,0.0,0.1979,0.0896,-0.0014,-0.0639,0.475,-0.0126,1.0
2866,4700,0.6409,0.0823,0.2771,0.4811,0.4558,-0.0116,11.48,197.26,0.78,125720.0,0.0,0.1974,0.0894,-0.0016,-0.0622,0.4778,-0.0126,1.0
2867,4700,0.6393,0.0825,0.2786,0.4847,0.429,-0.0139,11.09,187.15,0.78,125720.0,0.0,0.1918,0.0921,-0.0018,-0.0656,0.457,-0.0137,1.0
2868,4700,0.6375,0.0847,0.2781,0.4696,0.4584,-0.0129,11.19,190.77,0.77,127088.0,0.0,0.1897,0.0884,-0.0013,-0.0608,0.5137,-0.0116,1.0
2869,4700,0.6403,0.0857,0.2742,0.4753,0.4662,-0.0123,9.96,178.77,0.78,126493.0,0.0,0.1942,0.0873,-0.0016,-0.0635,0.5776,-0.0121,1.0
2870,4700,0.6485,0.0876,0.2641,0.4425,0.4659,-0.0163,10.02,174.02,0.77,126876.0,0.0,0.1894,0.0802,-0.0017,-0.0635,0.565,-0.0108,1.0
2871,4700,0.6505,0.0906,0.2591,0.473,0.4574,-0.0119,11.15,196.98,0.77,128231.0,0.0,0.1989,0.0893,-0.0014,-0.0579,0.496,-0.0083,1.0
2872,4700,0.6483,0.0941,0.258,0.4463,0.438,-0.0172,10.25,191.65,0.78,126818.0,0.0,0.1799,0.0809,-0.0018,-0.0634,0.4859,-0.0122,1.0
2873,4700,0.649,0.0963,0.2555,0.47,0.4626,-0.0115,10.73,190.94,0.78,125337.0,0.0,0.1914,0.0854,-0.0015,-0.0675,0.4626,-0.0119,1.0
2874,4700,0.6475,0.096,0.2575,0.4957,0.4374,-0.0118,11.41,187.69,0.77,127106.0,0.0,0.194,0.0922,-0.0017,-0.0651,0.4404,-0.0126,1.0
2875,4700,0.6446,0.0962,0.26,0.4785,0.4584,-0.0118,12.0,200.89,0.78,126347.0,0.0,0.1974,0.0863,-0.0015,-0.0678,0.3812,-0.0125,1.01
2876,4700,0.6433,0.0934,0.264,0.4886,0.4511,-0.0106,11.9,213.52,0.78,126712.0,0.0,0.1971,0.0904,-0.0016,-0.065,0.4351,-0.0126,1.01
2877,4700,0.6445,0.0936,0.263,0.4641,0.4565,-0.0135,11.15,201.25,0.77,127186.0,0.0,0.1955,0.0846,-0.0013,-0.0659,0.4304,-0.0125,1.01
2878,4700,0.6415,0.095,0.2645,0.4989,0.4348,-0.0116,11.7,190.55,0.78,126379.0,0.0,0.1916,0.0932,-0.0015,-0.066,0.4422,-0.0102,1.01
2879,4700,0.643,0.0928,0.2651,0.466,0.4442,-0.0147,11.86,198.92,0.79,124139.0,0.0,0.1914,0.0854,-0.0013,-0.0658,0.4774,-0.0132,1.0
2880,4700,0.6411,0.092,0.2677,0.5057,0.4342,-0.0115,11.3,201.38,0.78,126436.0,0.0,0.2023,0.0932,-0.0019,-0.0683,0.4467,-0.0141,1.0
2881,4700,0.6402,0.0914,0.2691,0.4833,0.4345,-0.0144,10.14,184.8,0.77,127226.0,0.0,0.1905,0.0913,-0.0017,-0.0657,0.4555,-0.0122,1.0
2882,4700,0.6385,0.0923,0.2701,0.5005,0.4449,-0.0111,11.86,206.25,0.78,126683.0,0.0,0.1972,0.0938,-0.0018,-0.0664,0.4813,-0.0129,1.0
2883,4700,0.6382,0.0907,0.2722,0.4875,0.4291,-0.0124,11.02,183.74,0.77,127005.0,0.0,0.1955,0.0923,-0.0014,-0.0612,0.451,-0.0134,1.0
2884,4700,0.6371,0.089,0.2751,0.486,0.431,-0.0127,10.65,194.11,0.78,126814.0,0.0,0.1944,0.0898,-0.0014,-0.0665,0.432,-0.0125,1.0
2885,4700,0.6347,0.0884,0.2782,0.5093,0.4243,-0.0118,11.35,215.17,0.78,125756.0,0.0,0.2008,0.096,-0.0045,-0.0668,0.5031,-0.0113,1.0
2886,4700,0.6331,0.0878,0.28,0.4913,0.4291,-0.0129,10.87,187.72,0.78,126596.0,0.0,0.1989,0.0925,-0.0015,-0.0644,0.456,-0.0118,1.0
2887,4700,0.6334,0.087,0.2807,0.5202,0.4315,-0.0108,11.95,202.93,0.78,126297.0,0.0,0.2044,0.0981,-0.0015,-0.0686,0.4832,-0.0103,1.0
2888,4700,0.6285,0.0873,0.285,0.4994,0.4342,-0.0122,11.15,205.81,0.78,125536.0,0.0,0.1962,0.0922,-0.0024,-0.0716,0.4099,-0.0111,1.0
2889,4700,0.627,0.0871,0.2865,0.4838,0.4733,-0.0096,11.99,188.06,0.78,126496.0,0.0,0.202,0.0872,-0.0015,-0.069,0.4254,-0.0129,1.0
2890,4700,0.6313,0.0845,0.285,0.4719,0.4587,-0.0133,10.28,185.02,0.77,126903.0,0.0,0.1965,0.0878,-0.0016,-0.0639,0.4582,-0.0135,1.0
2891,4700,0.6307,0.0874,0.2826,0.4888,0.442,-0.0122,11.43,191.77,0.78,125634.0,0.0,0.2002,0.0886,-0.0016,-0.0688,0.4203,-0.0135,1.0
2892,4700,0.6336,0.0866,0.2803,0.481,0.4564,-0.0119,11.3,201.89,0.8,122443.0,0.0,0.1971,0.0872,-0.0012,-0.0682,0.516,-0.0132,1.0
2893,4700,0.6338,0.085,0.2817,0.4895,0.4543,-0.0113,11.22,181.32,0.79,125212.0,0.0,0.1992,0.0907,-0.0015,-0.067,0.4738,-0.013,1.0
2894,4700,0.6374,0.0824,0.2809,0.4879,0.4497,-0.0112,10.88,190.16,0.81,121297.0,0.0,0.1978,0.0894,-0.0014,-0.0664,0.4579,-0.013,1.0
2895,4700,0.6415,0.0821,0.2771,0.4545,0.4721,-0.0127,10.1,186.18,0.78,126622.0,0.0,0.1924,0.0806,-0.0013,-0.0667,0.5037,-0.0128,1.0
2896,4700,0.6401,0.0843,0.2764,0.508,0.4265,-0.0119,10.86,201.03,0.78,126138.0,0.0,0.1955,0.0956,-0.0018,-0.0698,0.4015,-0.0131,1.0
2897,4700,0.6397,0.083,0.2782,0.4871,0.4549,-0.0097,11.3,192.86,0.78,125484.0,0.0,0.196,0.0885,-0.0017,-0.0689,0.3783,-0.0136,1.0
2898,4700,0.6396,0.0827,0.2787,0.4889,0.4604,-0.0091,12.1,188.16,0.77,126852.0,0.0,0.1933,0.0909,-0.0015,-0.0637,0.4251,-0.0121,1.0
2899,4700,0.6391,0.0818,0.2799,0.4999,0.435,-0.0119,11.83,197.14,0.79,124613.0,0.0,0.192,0.0955,-0.0016,-0.0669,0.4239,-0.0128,1.0
2900,4700,0.6382,0.0838,0.2791,0.4849,0.4449,-0.0122,11.68,197.13,0.78,126116.0,0.0,0.1985,0.0881,-0.0014,-0.0695,0.3918,-0.012,1.0
2901,4700,0.6394,0.0846,0.2772,0.501,0.4177,-0.0108,10.84,205.68,0.78,125759.0,0.0,0.1911,0.0957,-0.0011,-0.0664,0.3275,-0.0135,1.0
2902,4700,0.6393,0.0839,0.278,0.4925,0.4452,-0.0107,11.35,181.97,0.78,126740.0,0.0,0.1922,0.0907,-0.0015,-0.0693,0.4276,-0.0105,1.0
2903,4700,0.6374,0.0842,0.2798,0.4906,0.4266,-0.0116,11.52,202.54,0.8,123510.0,0.0,0.1868,0.0938,-0.0017,-0.0646,0.4008,-0.013,1.0
2904,4700,0.6358,0.0846,0.2808,0.4732,0.4676,-0.0093,11.52,190.91,0.78,126373.0,0.0,0.1939,0.087,-0.0017,-0.0639,0.4189,-0.0126,1.0
2905,4700,0.6393,0.0845,0.2772,0.4663,0.4634,-0.0133,10.54,189.33,0.78,126211.0,0.0,0.19,0.0857,-0.0012,-0.0641,0.4142,-0.0118,1.0
2906,4700,0.6449,0.0826,0.2734,0.4806,0.4369,-0.0122,10.96,183.84,0.77,126850.0,0.0,0.1873,0.0901,-0.0012,-0.0634,0.4521,-0.0127,1.0
2907,4700,0.645,0.081,0.2749,0.4705,0.4474,-0.0113,11.37,193.14,0.78,125250.0,0.0,0.1834,0.0883,-0.0013,-0.0627,0.4504,-0.0123,1.0
2908,4700,0.645,0.081,0.2751,0.4846,0.4534,-0.0101,11.35,195.15,0.78,126144.0,0.0,0.1932,0.089,-0.0012,-0.0659,0.4343,-0.0132,1.0
2909,4700,0.6389,0.0822,0.2799,0.5088,0.4176,-0.0134,11.35,189.9,0.77,127358.0,0.0,0.192,0.0955,-0.0018,-0.0689,0.5977,-0.0128,1.0
2910,4700,0.6349,0.0856,0.2803,0.4844,0.4437,-0.0145,11.46,181.9,0.78,125444.0,0.0,0.1901,0.0916,-0.0016,-0.0636,0.4618,-0.0134,1.0
2911,4700,0.636,0.087,0.2777,0.4716,0.4622,-0.0116,11.11,186.45,0.78,125344.0,0.0,0.191,0.0864,-0.0013,-0.0635,0.3897,-0.0137,1.0
2912,4700,0.634,0.087,0.2798,0.506,0.4325,-0.0101,11.38,212.98,0.79,125154.0,0.0,0.1979,0.0958,-0.0014,-0.0639,0.4392,-0.0114,1.0
2913,4700,0.6321,0.087,0.2813,0.4858,0.4495,-0.012,10.99,188.06,0.78,125907.0,0.0,0.1935,0.089,-0.0014,-0.0664,0.4519,-0.0133,1.0
2914,4700,0.6328,0.0904,0.277,0.4664,0.4446,-0.013,10.9,189.14,0.79,124476.0,0.0,0.1788,0.0851,-0.0014,-0.0652,0.4205,-0.0132,1.0
2915,4700,0.638,0.0887,0.2737,0.472,0.4308,-0.0141,9.9,184.29,0.77,126888.0,0.0,0.1924,0.0849,-0.0015,-0.0635,0.402,-0.0104,1.0
2916,4700,0.6395,0.0894,0.2719,0.5186,0.4479,-0.0088,12.31,219.59,0.78,126610.0,0.0,0.1994,0.0954,-0.0015,-0.0701,0.3931,-0.0086,1.0
2917,4700,0.6372,0.0899,0.2736,0.4804,0.427,-0.0146,10.23,175.53,0.78,125557.0,0.0,0.1875,0.0868,-0.0012,-0.0639,0.3797,-0.0118,1.0
2918,4700,0.6375,0.0909,0.2723,0.4791,0.4484,-0.0115,11.62,184.57,0.78,126149.0,0.0,0.201,0.086,-0.0011,-0.0692,0.3874,-0.0124,1.0
2919,4700,0.6389,0.0888,0.2728,0.5114,0.4508,-0.0089,11.05,197.4,0.78,125554.0,0.0,0.1997,0.0949,-0.0015,-0.0671,0.431,-0.0132,1.0
2920,4700,0.6392,0.0893,0.272,0.4871,0.4485,-0.0132,12.03,200.95,0.78,126431.0,0.0,0.1984,0.087,-0.0015,-0.0663,0.4159,-0.0133,1.0
2921,4700,0.6323,0.0906,0.2773,0.517,0.4266,-0.0123,11.31,202.28,0.77,127048.0,0.0,0.2027,0.0965,-0.0014,-0.0688,0.5044,-0.0112,1.0
2922,4700,0.6276,0.0918,0.281,0.502,0.4135,-0.0133,11.37,209.74,0.78,126369.0,0.0,0.1918,0.094,-0.0013,-0.0632,0.4074,-0.0096,1.0
2923,4700,0.6206,0.0916,0.2886,0.5359,0.3931,-0.0122,11.55,192.93,0.79,125172.0,0.0,0.1946,0.1018,-0.0015,-0.0637,0.4088,-0.0127,1.0
2924,4700,0.6175,0.0916,0.2917,0.5229,0.399,-0.0123,10.85,200.64,0.77,127050.0,0.0,0.1912,0.0999,-0.0016,-0.0594,0.3897,-0.0133,1.0
2925,4700,0.6139,0.0895,0.2975,0.5048,0.431,-0.0111,11.26,197.08,0.78,126171.0,0.0,0.202,0.0925,-0.0014,-0.0663,0.512,-0.0119,1.0
2926,4700,0.6085,0.0904,0.3021,0.4958,0.4193,-0.0138,11.42,211.53,0.78,126373.0,0.0,0.1925,0.0934,-0.0015,-0.0616,0.4695,-0.0131,1.0
2927,4700,0.6099,0.0892,0.302,0.4886,0.4353,-0.0127,12.22,215.07,0.77,126950.0,0.0,0.202,0.0887,-0.0015,-0.0644,0.4722,-0.0138,1.0
2928,4700,0.6122,0.0911,0.2977,0.4724,0.4492,-0.0153,11.27,185.46,0.78,126017.0,0.0,0.1989,0.0867,-0.0014,-0.0629,0.4742,-0.0127,1.0
2929,4700,0.6193,0.0923,0.2894,0.4741,0.4691,-0.0113,10.74,193.54,0.78,126739.0,0.0,0.2003,0.0865,-0.0014,-0.0619,0.4605,-0.012,1.0
2930,4700,0.6257,0.0901,0.2849,0.4904,0.4544,-0.0122,11.68,201.29,0.78,126595.0,0.0,0.2044,0.0896,-0.0012,-0.0646,0.426,-0.0084,1.0
2931,4700,0.6289,0.0882,0.2836,0.4941,0.471,-0.0099,12.01,204.15,0.78,125877.0,0.0,0.1978,0.0925,-0.0015,-0.0645,0.4724,-0.0125,1.0
2932,4700,0.6294,0.0876,0.2837,0.4927,0.4533,-0.0123,11.71,192.28,0.77,126869.0,0.0,0.2041,0.0924,-0.0015,-0.0623,0.4584,-0.0131,1.0
2933,4700,0.6287,0.0877,0.2845,0.4668,0.4635,-0.0129,11.53,188.26,0.77,127288.0,0.0,0.2004,0.0874,-0.0013,-0.0593,0.5048,-0.0124,1.0
2934,4700,0.6284,0.0913,0.2813,0.4586,0.4474,-0.0172,10.45,174.88,0.78,126159.0,0.0,0.1895,0.0838,-0.0015,-0.0642,0.5165,-0.0124,1.0
2935,4700,0.6271,0.0954,0.2785,0.4855,0.4336,-0.0141,10.85,198.98,0.78,126198.0,0.0,0.1942,0.0907,-0.0016,-0.0632,0.4605,-0.0126,1.0
2936,4700,0.6262,0.0958,0.279,0.4831,0.4428,-0.0122,10.7,201.54,0.78,126816.0,0.0,0.1914,0.0932,-0.0015,-0.0626,0.4353,-0.012,1.0
2937,4700,0.6275,0.096,0.2773,0.4776,0.4738,-0.0108,11.3,173.73,0.79,124924.0,0.0,0.1997,0.0864,-0.0014,-0.066,0.426,-0.013,1.0
2938,4700,0.6355,0.0934,0.2717,0.4984,0.467,-0.0073,12.29,188.62,0.78,125977.0,0.0,0.2096,0.0931,-0.0014,-0.0655,0.4743,-0.0116,1.0
2939,4700,0.6424,0.0917,0.2665,0.4488,0.4729,-0.0134,11.44,169.11,0.78,126610.0,0.0,0.1973,0.0813,-0.0013,-0.0604,0.4312,-0.0124,1.0
2940,4700,0.6475,0.0903,0.2631,0.489,0.4482,-0.0128,11.19,192.84,0.79,125108.0,0.0,0.2017,0.0912,-0.0015,-0.066,0.5028,-0.0135,1.0
2941,4700,0.6492,0.0891,0.2624,0.5025,0.4383,-0.011,11.66,219.2,0.77,126948.0,0.0,0.194,0.094,-0.0019,-0.0677,0.4163,-0.0136,1.0
2942,4700,0.6482,0.0898,0.2626,0.4619,0.4538,-0.0143,11.09,203.77,0.78,125507.0,0.0,0.1944,0.0855,-0.0016,-0.0651,0.4578,-0.01,1.0
2943,4700,0.648,0.0898,0.2627,0.505,0.4303,-0.0102,12.34,203.58,0.78,126704.0,0.0,0.1979,0.092,-0.0012,-0.0658,0.3171,-0.0127,1.0
2944,4700,0.6513,0.0864,0.2629,0.4937,0.4529,-0.0085,11.62,219.0,0.77,127268.0,0.0,0.2005,0.0907,-0.0016,-0.0692,0.4056,-0.0137,1.0
2945,4700,0.6474,0.0848,0.2688,0.4997,0.4338,-0.0124,11.16,194.9,0.78,126746.0,0.0,0.2042,0.0915,-0.0013,-0.0661,0.498,-0.0111,1.0
2946,4700,0.6433,0.0864,0.2713,0.4664,0.4667,-0.0123,11.71,191.65,0.78,126029.0,0.0,0.1989,0.0844,-0.0015,-0.0621,0.4302,-0.0125,1.0
2947,4700,0.6468,0.0871,0.2673,0.4863,0.4592,-0.0117,11.5,193.98,0.77,126885.0,0.0,0.2009,0.0911,-0.0014,-0.0658,0.4802,-0.0116,1.0
2948,4700,0.6479,0.0863,0.2668,0.4952,0.449,-0.0116,12.25,191.47,0.79,124554.0,0.0,0.1941,0.0934,-0.0016,-0.0671,0.4555,-0.0124,1.0
2949,4700,0.651,0.0819,0.2681,0.4941,0.4436,-0.0094,11.32,188.57,0.77,127243.0,0.0,0.1947,0.094,-0.0018,-0.0629,0.5275,-0.0133,1.0
2950,4700,0.6513,0.0793,0.2701,0.4584,0.4487,-0.0139,10.16,177.93,0.78,126267.0,0.0,0.1909,0.0849,-0.0016,-0.0593,0.4495,-0.0112,1.0
2951,4700,0.6548,0.0829,0.2633,0.4445,0.473,-0.0155,11.35,162.08,0.77,127503.0,0.0,0.2005,0.0784,-0.0015,-0.0635,0.4762,-0.0122,1.0
2952,4700,0.655,0.088,0.2577,0.4648,0.4596,-0.0125,11.67,218.34,0.78,126010.0,0.0,0.2016,0.0824,-0.0014,-0.0626,0.4694,-0.0127,1.0
2953,4700,0.6548,0.0893,0.2567,0.4593,0.4551,-0.014,11.56,188.94,0.79,124760.0,0.0,0.1959,0.0821,-0.0016,-0.0639,0.4943,-0.0128,1.0
2954,4700,0.6598,0.0884,0.2526,0.4473,0.4916,-0.0119,10.97,184.2,0.78,126742.0,0.0,0.1981,0.0797,-0.0017,-0.0637,0.5124,-0.0132,1.0
2955,4700,0.6612,0.0867,0.2526,0.4497,0.4694,-0.013,10.62,196.05,0.78,125847.0,0.0,0.1954,0.0818,-0.0016,-0.0619,0.4599,-0.0135,1.0
2956,4700,0.6609,0.0846,0.255,0.4719,0.4588,-0.0107,11.71,187.48,0.77,127384.0,0.0,0.2001,0.0864,-0.0015,-0.0607,0.4368,-0.0131,1.0
2957,4700,0.6587,0.0849,0.2571,0.4695,0.4516,-0.0114,11.11,207.01,0.77,127324.0,0.0,0.1994,0.0855,-0.0013,-0.0618,0.4689,-0.0135,1.0
2958,4700,0.6599,0.0855,0.2556,0.467,0.4794,-0.0096,12.47,186.88,0.77,127097.0,0.0,0.2038,0.0854,-0.0015,-0.0617,0.461,-0.0136,1.0
2959,4700,0.6596,0.0863,0.255,0.4834,0.4321,-0.0146,11.01,194.53,0.78,126376.0,0.0,0.1906,0.0886,-0.0013,-0.0635,0.5063,-0.0125,1.0
2960,4700,0.6608,0.0888,0.2512,0.4663,0.4519,-0.0125,11.41,188.91,0.77,127336.0,0.0,0.1968,0.0871,-0.0018,-0.0614,0.5079,-0.0125,1.0
2961,4700,0.6568,0.092,0.2519,0.4569,0.4193,-0.018,10.41,179.8,0.78,126789.0,0.0,0.1807,0.0854,-0.0016,-0.0579,0.4321,-0.0131,1.0
2962,4700,0.6518,0.0925,0.2564,0.4772,0.4283,-0.0123,11.33,191.07,0.77,126848.0,0.0,0.1891,0.0871,-0.0013,-0.0653,0.3585,-0.0124,1.0
2963,4700,0.6487,0.0903,0.2617,0.4958,0.4442,-0.0105,10.92,200.11,0.78,126059.0,0.0,0.1926,0.0918,-0.0019,-0.062,0.4083,-0.012,1.0
2964,4700,0.6439,0.0903,0.2663,0.4928,0.4258,-0.0122,10.81,193.57,0.78,126615.0,0.0,0.1879,0.093,-0.0016,-0.0654,0.3832,-0.0111,1.0
2965,4700,0.6382,0.0919,0.2704,0.4781,0.4544,-0.0126,10.96,184.03,0.78,126291.0,0.0,0.199,0.0883,-0.0017,-0.0633,0.4202,-0.0087,1.0
2966,4700,0.6371,0.0925,0.2707,0.4587,0.4381,-0.014,11.07,169.22,0.78,126094.0,0.0,0.1879,0.0852,-0.0015,-0.06,0.3815,-0.0126,1.0
2967,4700,0.6383,0.0931,0.2688,0.4888,0.44,-0.0111,11.43,208.61,0.78,126686.0,0.0,0.1929,0.091,-0.002,-0.0675,0.3462,-0.0124,1.0
2968,4700,0.642,0.0901,0.2681,0.4994,0.4512,-0.011,10.99,191.39,0.78,126599.0,0.0,0.2011,0.0927,-0.0014,-0.0653,0.4402,-0.0114,1.0
2969,4700,0.6377,0.0898,0.2728,0.5147,0.4082,-0.0125,10.67,203.88,0.78,126164.0,0.0,0.1899,0.0965,-0.0017,-0.0662,0.3766,-0.013,1.0
2970,4700,0.6288,0.0883,0.2834,0.4824,0.429,-0.0122,11.25,203.36,0.77,127534.0,0.0,0.1924,0.0917,-0.0015,-0.0603,0.4935,-0.0132,1.0
2971,4700,0.6244,0.0889,0.2871,0.4853,0.4148,-0.0147,9.97,214.01,0.79,124694.0,0.0,0.1888,0.091,-0.0015,-0.0653,0.44,-0.0119,1.0
2972,4700,0.621,0.0897,0.2897,0.4938,0.4313,-0.0116,10.26,193.48,0.78,126637.0,0.0,0.1906,0.0955,-0.0016,-0.0629,0.5197,-0.0094,1.01
2973,4700,0.6205,0.0911,0.2886,0.465,0.4465,-0.0137,10.47,181.44,0.77,127123.0,0.0,0.1906,0.0867,-0.0015,-0.06,0.3769,-0.0132,1.0
2974,4700,0.6201,0.0911,0.2891,0.4915,0.4602,-0.0088,11.91,223.56,0.77,126860.0,0.0,0.2081,0.0905,-0.0015,-0.0683,0.4298,-0.0136,1.0
2975,4700,0.6225,0.089,0.2888,0.4778,0.4526,-0.0121,12.16,171.97,0.79,124699.0,0.0,0.2004,0.087,-0.0014,-0.0641,0.446,-0.0128,1.0
2976,4700,0.6302,0.0887,0.2813,0.4733,0.4519,-0.0123,11.01,179.2,0.78,125852.0,0.0,0.1969,0.0881,-0.0024,-0.0637,0.4571,-0.0088,1.01
2977,4700,0.6313,0.0909,0.278,0.4718,0.4328,-0.0132,11.85,197.38,0.78,126049.0,0.0,0.1945,0.0884,-0.002,-0.0638,0.448,-0.0123,1.01
2978,4700,0.6259,0.0925,0.2818,0.4914,0.4049,-0.0147,10.3,173.98,0.78,125995.0,0.0,0.1895,0.0932,-0.0013,-0.0623,0.4112,-0.0129,1.0
2979,4700,0.6259,0.0915,0.2828,0.4619,0.4668,-0.0114,11.11,189.92,0.78,125700.0,0.0,0.1918,0.086,-0.0017,-0.0633,0.4893,-0.0126,1.0
2980,4700,0.6303,0.0921,0.2777,0.4484,0.4847,-0.0117,12.17,195.91,0.77,127021.0,0.0,0.195,0.0819,-0.0016,-0.0605,0.4647,-0.0127,1.01
2981,4700,0.6391,0.0908,0.2701,0.4768,0.458,-0.0121,11.58,181.84,0.78,125916.0,0.0,0.2055,0.0892,-0.0015,-0.0627,0.5287,-0.0122,1.01
2982,4700,0.6427,0.0894,0.268,0.4622,0.4427,-0.015,11.3,196.64,0.78,126420.0,0.0,0.1898,0.088,-0.0015,-0.0604,0.5416,-0.0132,1.01
2983,4700,0.6397,0.0904,0.2699,0.462,0.4368,-0.0166,11.77,190.34,0.78,126087.0,0.0,0.1868,0.0886,-0.0014,-0.0581,0.5447,-0.0133,1.01
2984,4700,0.6387,0.093,0.2684,0.4627,0.4517,-0.0133,10.93,176.45,0.8,123476.0,0.0,0.1885,0.0843,-0.0014,-0.0665,0.4326,-0.0131,1.01
2985,4700,0.6344,0.0959,0.2697,0.4898,0.4393,-0.0131,10.93,199.3,0.79,124938.0,0.0,0.1965,0.0925,-0.0017,-0.0651,0.4819,-0.0099,1.01
2986,4700,0.6347,0.0969,0.2684,0.468,0.4506,-0.0124,11.22,176.24,0.78,126641.0,0.0,0.1957,0.0912,-0.0016,-0.0619,0.5549,-0.0113,1.01
2987,4700,0.6343,0.0975,0.2682,0.4703,0.427,-0.0165,11.38,186.83,0.78,126842.0,0.0,0.1872,0.0901,-0.0019,-0.0616,0.4308,-0.0122,1.01
2988,4700,0.6347,0.0968,0.2685,0.4565,0.4542,-0.0144,11.53,170.2,0.8,123644.0,0.0,0.1926,0.0849,-0.0016,-0.0628,0.4805,-0.0127,1.01
2989,4700,0.6375,0.0981,0.2645,0.4895,0.4483,-0.0133,10.71,196.85,0.77,126966.0,0.0,0.2036,0.0907,-0.0017,-0.0679,0.4753,-0.0107,1.01
2990,4700,0.6394,0.0981,0.2624,0.4807,0.4511,-0.0119,10.91,195.12,0.79,123704.0,0.0,0.2049,0.0908,-0.0014,-0.0635,0.4967,-0.0086,1.01
2991,4700,0.6393,0.0985,0.2623,0.4809,0.4454,-0.0127,10.39,168.16,0.79,124806.0,0.0,0.1925,0.0926,-0.0014,-0.0651,0.4678,-0.0129,1.01
2992,4700,0.6408,0.0976,0.2619,0.4539,0.4645,-0.0143,10.84,157.88,0.78,126153.0,0.0,0.1974,0.0856,-0.0014,-0.0621,0.4447,-0.0117,1.01
2993,4700,0.6434,0.0947,0.2621,0.4907,0.4642,-0.0105,11.17,170.82,0.8,123538.0,0.0,0.2106,0.0939,-0.0014,-0.066,0.4815,-0.0122,1.01
2994,4700,0.6495,0.0936,0.2575,0.4804,0.4599,-0.012,11.48,192.83,0.78,126323.0,0.0,0.1979,0.0931,-0.0015,-0.0638,0.5148,-0.0123,1.01
2995,4700,0.6523,0.0919,0.2565,0.4992,0.4591,-0.0115,12.89,203.35,0.78,126123.0,0.0,0.2055,0.0956,-0.0016,-0.0675,0.4645,-0.0125,1.01
2996,4700,0.6519,0.0896,0.2591,0.4838,0.4493,-0.0133,11.35,183.05,0.78,125666.0,0.0,0.2112,0.0914,-0.0016,-0.0679,0.4837,-0.0122,1.01
2997,4700,0.651,0.0895,0.2601,0.4668,0.4589,-0.0126,11.43,188.3,0.78,125437.0,0.0,0.1974,0.0901,-0.0022,-0.065,0.4481,-0.0124,1.01
2998,4700,0.6579,0.0871,0.2555,0.4842,0.4616,-0.0131,10.75,189.12,0.78,125846.0,0.0,0.2051,0.091,-0.0019,-0.0683,0.4239,-0.0119,1.01
2999,4700,0.6598,0.086,0.2546,0.4653,0.4734,-0.0115,12.33,184.23,0.79,124771.0,0.0,0.2015,0.0888,-0.0015,-0.0635,0.4716,-0.0117,1.01
3000,4700,0.6574,0.0869,0.256,0.4616,0.4623,-0.013,11.25,182.67,0.78,126173.0,0.0,0.1994,0.0858,-0.0017,-0.067,0.425,-0.0116,1.01
3001,4700,0.658,0.0863,0.2562,0.4829,0.4568,-0.0127,11.11,197.84,0.78,125506.0,0.0,0.2068,0.0904,-0.0019,-0.069,0.4052,-0.012,1.01
3002,4700,0.6574,0.0846,0.2585,0.4945,0.4676,-0.0105,11.85,204.38,0.78,126489.0,0.0,0.2127,0.0922,-0.0017,-0.0707,0.3822,-0.0121,1.01
3003,4700,0.657,0.0839,0.2596,0.4967,0.4435,-0.0115,11.76,202.27,0.79,124862.0,0.0,0.2134,0.0954,-0.0019,-0.0698,0.3678,-0.0111,1.01
3004,4700,0.6545,0.0833,0.2627,0.4916,0.456,-0.0106,11.45,199.51,0.79,124974.0,0.0,0.2007,0.0944,-0.0023,-0.0665,0.473,-0.0114,1.01
3005,4700,0.656,0.0845,0.26,0.4502,0.4846,-0.0129,11.41,200.15,0.78,125809.0,0.0,0.2009,0.0814,-0.0015,-0.0685,0.5006,-0.011,1.01
3006,4700,0.6533,0.0867,0.2607,0.4815,0.4378,-0.0141,11.84,177.63,0.78,126079.0,0.0,0.2013,0.0918,-0.0017,-0.0685,0.4116,-0.0123,1.01
3007,4700,0.6506,0.0869,0.2632,0.4847,0.4509,-0.0111,12.21,205.6,0.78,125736.0,0.0,0.2066,0.0914,-0.0017,-0.067,0.4241,-0.012,1.01
3008,4700,0.6515,0.0845,0.2648,0.5233,0.4431,-0.0103,11.48,206.71,0.77,127004.0,0.0,0.2124,0.1022,-0.0021,-0.0726,0.3748,-0.0126,1.01
3009,4700,0.6488,0.0832,0.2685,0.5049,0.4317,-0.0128,11.07,214.34,0.79,124693.0,0.0,0.2017,0.0969,-0.0019,-0.072,0.4245,-0.0128,1.01
3010,4700,0.6484,0.0835,0.2684,0.4944,0.4442,-0.0104,12.5,209.99,0.79,124493.0,0.0,0.2041,0.0954,-0.002,-0.0699,0.3974,-0.0092,1.01
3011,4700,0.6433,0.0844,0.2728,0.5252,0.4164,-0.0111,11.14,196.32,0.78,125773.0,0.0,0.2021,0.1037,-0.0019,-0.0711,0.3885,-0.0086,1.01
3012,4700,0.6465,0.0814,0.2726,0.5086,0.4533,-0.0095,10.76,203.7,0.77,126999.0,0.0,0.2078,0.0966,-0.0018,-0.0706,0.4349,-0.013,1.01
3013,4700,0.6425,0.0825,0.2755,0.501,0.4329,-0.0109,12.12,194.54,0.78,126301.0,0.0,0.1956,0.0972,-0.0019,-0.0707,0.425,-0.0126,1.01
3014,4700,0.6407,0.0813,0.2787,0.4951,0.4316,-0.0138,10.78,189.74,0.78,125885.0,0.0,0.1981,0.0969,-0.0021,-0.066,0.4487,-0.0116,1.01
3015,4700,0.6344,0.0826,0.2837,0.5074,0.4104,-0.0134,10.93,192.34,0.77,126943.0,0.0,0.2032,0.0982,-0.0018,-0.0697,0.39,-0.0131,1.01
3016,4700,0.6297,0.0837,0.2874,0.4796,0.4406,-0.0124,11.25,204.32,0.77,127020.0,0.0,0.1953,0.0937,-0.0018,-0.0656,0.4101,-0.013,1.01
3017,4700,0.6295,0.0832,0.288,0.4853,0.457,-0.0114,11.37,197.21,0.78,126511.0,0.0,0.1987,0.09,-0.0015,-0.0696,0.3911,-0.0125,1.01
3018,4700,0.6307,0.0834,0.2866,0.5054,0.4271,-0.0105,11.56,203.62,0.78,126379.0,0.0,0.1969,0.1007,-0.0021,-0.0669,0.457,-0.0113,1.01
3019,4700,0.6289,0.0832,0.2886,0.51,0.4145,-0.012,10.52,188.47,0.78,125739.0,0.0,0.2023,0.1005,-0.0021,-0.0706,0.4374,-0.0117,1.01
3020,4700,0.6218,0.0862,0.2929,0.4986,0.4296,-0.0117,11.4,192.28,0.78,126792.0,0.0,0.1986,0.0966,-0.0017,-0.0687,0.4863,-0.0101,1.01
3021,4700,0.6227,0.0841,0.2942,0.4741,0.4564,-0.0114,11.54,164.39,0.79,125179.0,0.0,0.2025,0.0911,-0.0018,-0.065,0.5348,-0.0081,1.01
3022,4700,0.6249,0.0835,0.2925,0.5011,0.4312,-0.0139,10.78,188.24,0.78,126137.0,0.0,0.1965,0.0981,-0.0021,-0.0689,0.5527,-0.0117,1.01
3023,4700,0.6259,0.086,0.2891,0.4573,0.4428,-0.0148,9.9,177.16,0.78,125830.0,0.0,0.1861,0.0892,-0.0017,-0.0647,0.4626,-0.0119,1.01
3024,4700,0.6254,0.0866,0.289,0.5065,0.4421,-0.0104,11.32,211.67,0.78,125447.0,0.0,0.2024,0.1,-0.0018,-0.0677,0.5152,-0.0115,1.01
3025,4700,0.6303,0.0867,0.2839,0.44,0.4907,-0.0128,11.37,171.47,0.78,125524.0,0.0,0.2022,0.0817,-0.0017,-0.0649,0.5476,-0.0121,1.01
3026,4700,0.6348,0.0886,0.2773,0.4818,0.4461,-0.0129,11.11,171.27,0.79,124491.0,0.0,0.1976,0.0955,-0.002,-0.0678,0.5224,-0.0119,1.01
3027,4700,0.6362,0.0883,0.2762,0.4589,0.471,-0.0123,10.86,164.14,0.78,125390.0,0.0,0.2,0.0895,-0.0021,-0.0637,0.5555,-0.0119,1.01
3028,4700,0.6377,0.0916,0.2712,0.4577,0.4576,-0.0122,11.36,165.55,0.77,127128.0,0.0,0.1966,0.087,-0.0019,-0.0653,0.4512,-0.0133,1.01
3029,4700,0.6435,0.0895,0.2672,0.4748,0.46,-0.011,10.79,210.68,0.78,125594.0,0.0,0.1978,0.0925,-0.0019,-0.0677,0.4778,-0.0126,1.01
3030,4700,0.6431,0.0893,0.268,0.4605,0.4474,-0.0124,10.55,186.06,0.78,125626.0,0.0,0.1971,0.088,-0.0018,-0.0678,0.4741,-0.0121,1.01
3031,4700,0.6434,0.0886,0.2684,0.4729,0.4662,-0.01,11.33,198.77,0.78,126811.0,0.0,0.2018,0.091,-0.0021,-0.0696,0.4103,-0.0129,1.01
3032,4700,0.6432,0.087,0.2702,0.4626,0.4775,-0.0104,12.4,195.52,0.78,126565.0,0.0,0.2073,0.0878,-0.0016,-0.0641,0.4415,-0.0104,1.01
3033,4700,0.6463,0.0869,0.2673,0.4595,0.4701,-0.0128,11.19,178.54,0.78,125944.0,0.0,0.2062,0.0888,-0.0019,-0.067,0.433,-0.012,1.01
3034,4700,0.6542,0.0856,0.2607,0.4803,0.4742,-0.0096,11.86,184.37,0.78,126288.0,0.0,0.2125,0.09,-0.0015,-0.0716,0.4758,-0.012,1.01
3035,4700,0.6621,0.084,0.2544,0.4761,0.4472,-0.0128,11.89,203.75,0.78,126406.0,0.0,0.2021,0.0903,-0.002,-0.0729,0.4205,-0.0089,1.01
3036,4700,0.6623,0.0842,0.2539,0.4887,0.4415,-0.0107,12.06,203.37,0.78,126579.0,0.0,0.2008,0.0936,-0.0022,-0.0693,0.4439,-0.0092,1.01
3037,4700,0.661,0.0838,0.2558,0.4728,0.4617,-0.0122,11.17,178.76,0.79,124947.0,0.0,0.2062,0.0918,-0.0019,-0.0646,0.4987,-0.0123,1.01
3038,4700,0.6583,0.0841,0.2582,0.5043,0.4309,-0.0124,12.06,207.61,0.79,124703.0,0.0,0.2048,0.0987,-0.0021,-0.0692,0.5135,-0.0114,1.01
3039,4700,0.6545,0.085,0.2612,0.458,0.4452,-0.0154,9.72,194.34,0.78,126138.0,0.0,0.1859,0.0878,-0.0019,-0.0643,0.5284,-0.0129,1.01
3040,4700,0.6513,0.0868,0.2627,0.4874,0.4533,-0.0117,10.82,193.85,0.78,125320.0,0.0,0.2117,0.0941,-0.0021,-0.0711,0.4873,-0.0128,1.01
3041,4700,0.6508,0.0861,0.2638,0.478,0.4476,-0.0125,11.88,212.24,0.8,123651.0,0.0,0.1875,0.0931,-0.0017,-0.0676,0.4651,-0.0137,1.01
3042,4700,0.6455,0.087,0.2682,0.4772,0.4362,-0.0139,10.93,177.77,0.78,126467.0,0.0,0.1994,0.0946,-0.002,-0.0635,0.4733,-0.0122,1.01
3043,4700,0.6479,0.0859,0.267,0.4879,0.4482,-0.0111,11.43,200.14,0.78,125464.0,0.0,0.2061,0.0954,-0.0017,-0.0657,0.4819,-0.0134,1.01
3044,4700,0.6457,0.0839,0.2709,0.4793,0.4541,-0.0105,11.58,197.31,0.78,125529.0,0.0,0.1956,0.095,-0.0023,-0.0682,0.4304,-0.013,1.01
3045,4700,0.6451,0.0819,0.2736,0.4939,0.438,-0.0107,11.17,172.55,0.79,123750.0,0.0,0.2,0.0996,-0.0021,-0.0675,0.5038,-0.0113,1.01
3046,4700,0.6426,0.0827,0.2755,0.4634,0.4419,-0.0142,11.02,186.8,0.78,125885.0,0.0,0.1974,0.0926,-0.0025,-0.0661,0.473,-0.0124,1.01
3047,4700,0.646,0.0861,0.2682,0.4595,0.4614,-0.0137,11.15,195.61,0.79,124978.0,0.0,0.194,0.0908,-0.0021,-0.0593,0.5563,-0.0095,1.01
3048,4700,0.6424,0.0879,0.2699,0.4796,0.4456,-0.0115,10.93,196.71,0.79,125042.0,0.0,0.1979,0.0993,-0.0023,-0.0632,0.5122,-0.0076,1.01
3049,4700,0.6442,0.0858,0.2701,0.4791,0.4731,-0.0097,12.49,171.46,0.79,124442.0,0.0,0.2064,0.0957,-0.0024,-0.0654,0.5886,-0.0122,1.01
3050,4700,0.6432,0.086,0.2708,0.4646,0.4486,-0.0142,11.88,181.46,0.83,118658.0,0.0,0.1979,0.0914,-0.0023,-0.0626,0.5814,-0.0119,1.01
3051,4700,0.6461,0.0853,0.2686,0.4482,0.4961,-0.0106,11.53,179.41,0.83,117845.0,0.0,0.2091,0.0864,-0.002,-0.0654,0.4941,-0.0124,1.01
3052,4700,0.6534,0.0862,0.2604,0.4539,0.4667,-0.0138,12.09,189.86,0.78,125288.0,0.0,0.1964,0.0906,-0.0023,-0.0619,0.4997,-0.0116,1.01
3053,4700,0.6497,0.0879,0.2626,0.479,0.4587,-0.0107,12.37,205.65,0.79,124649.0,0.0,0.2018,0.0952,-0.0019,-0.063,0.4988,-0.012,1.01
3054,4700,0.6505,0.087,0.2627,0.4582,0.4651,-0.0116,10.53,182.2,0.78,126068.0,0.0,0.1918,0.0888,-0.002,-0.0644,0.5111,-0.0109,1.01
3055,4700,0.6532,0.0859,0.2613,0.4612,0.4729,-0.0107,11.97,183.7,0.79,123929.0,0.0,0.1975,0.0909,-0.0022,-0.0643,0.5034,-0.0119,1.01
3056,4700,0.6573,0.0835,0.2597,0.4797,0.4325,-0.0126,11.31,196.55,0.79,124578.0,0.0,0.1895,0.095,-0.0019,-0.066,0.5047,-0.0129,1.01
3057,4700,0.6581,0.0819,0.2605,0.4744,0.4478,-0.0123,11.24,178.96,0.78,125644.0,0.0,0.2003,0.0907,-0.0018,-0.0718,0.4558,-0.0124,1.01
3058,4700,0.6545,0.0824,0.2634,0.4744,0.4128,-0.0154,11.15,209.44,0.79,124668.0,0.0,0.1893,0.0929,-0.0021,-0.0682,0.4435,-0.012,1.01
3059,4700,0.6514,0.0847,0.264,0.4672,0.4472,-0.0122,10.22,165.16,0.78,125991.0,0.0,0.1914,0.0902,-0.002,-0.0664,0.4197,-0.0131,1.01
3060,4700,0.6505,0.0863,0.2632,0.4762,0.4632,-0.0103,11.9,200.11,0.78,125680.0,0.0,0.1969,0.0938,-0.0021,-0.0682,0.4308,-0.0122,1.01
3061,4700,0.6533,0.0818,0.2649,0.4971,0.4568,-0.0081,11.97,217.76,0.78,125550.0,0.0,0.2041,0.0984,-0.0022,-0.0722,0.4377,-0.0125,1.01
3062,4700,0.6527,0.0805,0.2669,0.4772,0.4324,-0.0143,11.41,214.07,0.8,123511.0,0.0,0.1922,0.0966,-0.0023,-0.0686,0.4899,-0.0132,1.01
3063,4700,0.6499,0.0821,0.2682,0.4776,0.4541,-0.0115,12.08,197.13,0.78,125862.0,0.0,0.2031,0.0943,-0.0019,-0.0685,0.4191,-0.0138,1.01
3064,4700,0.6489,0.0855,0.266,0.4592,0.4192,-0.0179,10.2,193.26,0.78,126434.0,0.0,0.1825,0.0919,-0.0022,-0.0642,0.5693,-0.0094,1.01
3065,4700,0.6463,0.0877,0.2665,0.4767,0.4499,-0.0112,11.33,187.27,0.78,126553.0,0.0,0.1965,0.0935,-0.0023,-0.0693,0.4381,-0.0082,1.01
3066,4700,0.6453,0.0874,0.2678,0.477,0.4515,-0.0119,11.15,210.82,0.79,123811.0,0.0,0.207,0.0925,-0.0019,-0.0662,0.5175,-0.0128,1.01
3067,4700,0.6391,0.089,0.2726,0.4585,0.4364,-0.0142,11.01,202.43,0.79,124172.0,0.0,0.19,0.0891,-0.0022,-0.0669,0.4018,-0.0129,1.01
3068,4700,0.6407,0.0869,0.2732,0.4809,0.4497,-0.0101,11.51,190.76,0.78,126213.0,0.0,0.195,0.0971,-0.0021,-0.0664,0.4509,0.0061,1.01
3069,4700,0.6354,0.0864,0.279,0.4836,0.4408,-0.0124,12.14,191.02,0.78,125295.0,0.0,0.1935,0.0955,-0.002,-0.0676,0.4501,-0.0084,1.01
3070,4700,0.6326,0.0875,0.2803,0.4709,0.4355,-0.014,11.42,191.46,0.79,124400.0,0.0,0.1951,0.0925,-0.0019,-0.0668,0.3754,-0.0126,1.01
3071,4700,0.6326,0.0874,0.2805,0.4726,0.4717,-0.0093,11.39,205.98,0.78,125435.0,0.0,0.2014,0.0954,-0.0021,-0.0653,0.461,-0.0125,1.01
3072,4700,0.6353,0.0855,0.2797,0.493,0.4412,-0.011,11.88,182.07,0.79,124346.0,0.0,0.2004,0.0954,-0.0023,-0.0749,0.4012,-0.0131,1.01
3073,4700,0.6388,0.0815,0.2803,0.4951,0.4514,-0.0075,11.91,186.66,0.78,126156.0,0.0,0.1966,0.0979,-0.0024,-0.0724,0.4375,-0.0123,1.01
3074,4700,0.6397,0.0806,0.2804,0.4711,0.4595,-0.0121,12.36,191.57,0.78,125517.0,0.0,0.1978,0.0912,-0.0025,-0.0712,0.4406,-0.0122,1.01
3075,4700,0.6435,0.0781,0.2791,0.4818,0.4672,-0.0087,11.62,201.67,0.78,126646.0,0.0,0.2025,0.095,-0.0017,-0.0661,0.5362,-0.0084,1.01
3076,4700,0.6442,0.0789,0.2776,0.4789,0.464,-0.0113,11.73,174.66,0.78,126312.0,0.0,0.2007,0.0949,-0.0021,-0.0693,0.4277,-0.0127,1.02
3077,4700,0.6442,0.0779,0.2784,0.4885,0.4443,-0.0097,11.26,207.53,0.78,126375.0,0.0,0.1969,0.1001,-0.0026,-0.0668,0.4489,-0.0105,1.02
3078,4700,0.6454,0.0767,0.2781,0.4845,0.4552,-0.0095,11.5,202.32,0.78,125896.0,0.0,0.198,0.0979,-0.0021,-0.0673,0.5199,-0.0086,1.01
3079,4700,0.645,0.0779,0.2774,0.4559,0.462,-0.0129,12.0,191.14,0.78,126524.0,0.0,0.1926,0.0921,-0.0024,-0.0644,0.4493,-0.0117,1.01
3080,4700,0.6449,0.0797,0.2757,0.4612,0.4665,-0.0114,11.58,173.74,0.8,122415.0,0.0,0.1938,0.0919,-0.0025,-0.0637,0.5205,-0.0128,1.02
3081,4700,0.6483,0.0807,0.2712,0.4518,0.4497,-0.0123,10.87,192.5,0.79,124717.0,0.0,0.1774,0.0904,-0.0021,-0.0644,0.5017,-0.0126,1.02
3082,4700,0.6533,0.0788,0.2679,0.4626,0.4607,-0.0121,10.64,187.28,0.78,126323.0,0.0,0.2024,0.0884,-0.0021,-0.0694,0.4535,-0.0131,1.02
3083,4700,0.6562,0.0796,0.2641,0.4598,0.4781,-0.0127,11.47,186.39,0.78,126436.0,0.0,0.1986,0.0895,-0.002,-0.0687,0.4937,-0.0134,1.02
3084,4700,0.6628,0.0794,0.2579,0.4672,0.4764,-0.011,11.57,191.42,0.78,126175.0,0.0,0.2017,0.0933,-0.0022,-0.067,0.5548,-0.0132,1.02
3085,4700,0.6643,0.081,0.2549,0.4382,0.4419,-0.0165,11.36,171.15,0.79,124758.0,0.0,0.1827,0.087,-0.0021,-0.0613,0.4859,-0.0122,1.02
3086,4700,0.6638,0.0855,0.2512,0.446,0.4653,-0.0148,10.74,162.82,0.78,125900.0,0.0,0.1983,0.0853,-0.002,-0.067,0.4945,-0.0118,1.02
3087,4700,0.6642,0.0867,0.2499,0.451,0.4721,-0.0113,11.7,171.2,0.78,126792.0,0.0,0.1976,0.0889,-0.0023,-0.0658,0.3938,-0.0128,1.02
3088,4700,0.664,0.0878,0.2487,0.4613,0.4529,-0.0146,10.8,186.16,0.79,124644.0,0.0,0.1928,0.0932,-0.0024,-0.0673,0.4719,-0.0127,1.02
3089,4700,0.6603,0.0912,0.249,0.4691,0.447,-0.0136,11.19,188.21,0.78,126006.0,0.0,0.1949,0.093,-0.0021,-0.0693,0.4587,-0.0112,1.01
3090,4700,0.6555,0.0933,0.2516,0.4548,0.4719,-0.0116,11.38,196.97,0.78,125709.0,0.0,0.1944,0.0889,-0.0017,-0.0674,0.4041,-0.0128,1.01
3091,4700,0.6554,0.0913,0.2537,0.488,0.4375,-0.0111,10.82,178.63,0.78,125956.0,0.0,0.195,0.0986,-0.0021,-0.0696,0.4648,-0.012,1.02
3092,4700,0.6538,0.0938,0.2528,0.4562,0.4571,-0.0124,10.81,178.28,0.79,125044.0,0.0,0.1908,0.09,-0.0024,-0.0644,0.4842,-0.0132,1.02
3093,4700,0.6512,0.0951,0.2541,0.4733,0.4701,-0.0102,11.78,192.46,0.79,125225.0,0.0,0.2048,0.094,-0.0023,-0.0678,0.4792,-0.0107,1.02
3094,4700,0.6535,0.0941,0.2529,0.4559,0.4499,-0.0136,11.45,203.12,0.78,125518.0,0.0,0.1913,0.0864,-0.0022,-0.0688,0.445,-0.0124,1.02
3095,4700,0.6493,0.0973,0.254,0.4919,0.4104,-0.0145,12.29,211.42,0.78,125796.0,0.0,0.1856,0.1036,-0.0022,-0.0656,0.457,-0.013,1.01
3096,4700,0.6454,0.0981,0.257,0.4599,0.446,-0.0116,10.99,167.62,0.77,127067.0,0.0,0.1878,0.0914,-0.0025,-0.064,0.3878,-0.0136,1.01
3097,4700,0.6457,0.0936,0.2611,0.4984,0.443,-0.0092,10.87,183.6,0.79,125063.0,0.0,0.1924,0.0992,-0.0023,-0.0709,0.4273,-0.011,1.01
3098,4700,0.6497,0.0885,0.2621,0.4519,0.4596,-0.0124,10.76,189.16,0.78,126398.0,0.0,0.1853,0.0886,-0.0024,-0.0662,0.4727,-0.0095,1.01
3099,4700,0.6467,0.0881,0.2657,0.472,0.4555,-0.0103,11.31,178.02,0.78,126691.0,0.0,0.196,0.0952,-0.0026,-0.0669,0.4398,-0.0115,1.01
3100,4700,0.6486,0.0868,0.2649,0.4794,0.4528,-0.011,11.33,209.67,0.77,127130.0,0.0,0.199,0.0966,-0.0024,-0.0713,0.464,-0.011,1.01
3101,4700,0.6493,0.0864,0.2645,0.4514,0.4601,-0.0119,11.33,172.35,0.79,125188.0,0.0,0.1913,0.0898,-0.0022,-0.0642,0.4357,-0.0136,1.01
3102,4700,0.6494,0.0865,0.2641,0.4576,0.4707,-0.0111,10.91,179.21,0.78,126250.0,0.0,0.1915,0.0905,-0.0022,-0.0672,0.4121,-0.0116,1.01
3103,4700,0.6501,0.0841,0.2658,0.4687,0.4508,-0.0106,11.2,194.41,0.78,125453.0,0.0,0.1865,0.0917,-0.0021,-0.0701,0.4191,-0.0128,1.01
3104,4700,0.6464,0.0849,0.2687,0.4686,0.4486,-0.0124,10.8,188.49,0.78,126555.0,0.0,0.1954,0.0908,-0.0019,-0.0689,0.4419,-0.0092,1.01
3105,4700,0.6444,0.0847,0.2709,0.4633,0.4684,-0.0091,11.57,181.64,0.78,126544.0,0.0,0.1912,0.0905,-0.0019,-0.0657,0.4171,-0.0122,1.01
3106,4700,0.6454,0.0867,0.268,0.4556,0.4345,-0.0141,11.04,190.14,0.78,126191.0,0.0,0.1798,0.0912,-0.0021,-0.0643,0.377,-0.0119,1.01
3107,4700,0.6425,0.0855,0.272,0.4978,0.43,-0.0092,11.32,222.4,0.79,124580.0,0.0,0.1926,0.1011,-0.0024,-0.0703,0.3513,-0.012,1.01
3108,4700,0.6419,0.0848,0.2733,0.4713,0.4597,-0.0114,11.92,199.42,0.77,126881.0,0.0,0.1997,0.0913,-0.0021,-0.0705,0.3627,-0.013,1.01
3109,4700,0.643,0.0824,0.2747,0.4419,0.4668,-0.0118,10.56,165.08,0.78,125664.0,0.0,0.1884,0.0864,-0.0018,-0.0642,0.4212,-0.0119,1.01
3110,4700,0.6442,0.0807,0.2753,0.465,0.4325,-0.0137,11.48,190.56,0.78,126555.0,0.0,0.1809,0.0903,-0.0019,-0.0705,0.3609,-0.013,1.01
3111,4700,0.6489,0.0795,0.2718,0.4822,0.4693,-0.0096,10.89,206.75,0.78,126383.0,0.0,0.199,0.0932,-0.0019,-0.0734,0.4958,-0.0104,1.01
3112,4700,0.6469,0.0807,0.2727,0.4969,0.4246,-0.0135,10.46,196.19,0.79,124542.0,0.0,0.1918,0.098,-0.0022,-0.0743,0.4137,-0.0084,1.01
3113,4700,0.6425,0.0829,0.2748,0.5011,0.4359,-0.0106,11.08,196.52,0.78,125898.0,0.0,0.1933,0.1026,-0.002,-0.0709,0.4161,-0.0126,1.01
3114,4700,0.643,0.083,0.2745,0.4727,0.4614,-0.0115,11.43,180.07,0.78,126058.0,0.0,0.1913,0.0928,-0.0017,-0.0675,0.432,-0.0124,1.01
3115,4700,0.6406,0.0838,0.2761,0.4741,0.415,-0.014,11.58,211.37,0.78,126281.0,0.0,0.1814,0.095,-0.0023,-0.0665,0.4563,-0.0106,1.01
3116,4700,0.6422,0.0836,0.2747,0.4709,0.4432,-0.0119,11.11,175.27,0.78,126192.0,0.0,0.1883,0.0934,-0.0027,-0.0679,0.4185,-0.0116,1.01
3117,4700,0.6403,0.0844,0.2759,0.4842,0.4315,-0.0118,11.6,199.43,0.78,126599.0,0.0,0.1861,0.0964,-0.0024,-0.0685,0.4095,-0.0116,1.01
3118,4700,0.6372,0.0858,0.2777,0.4861,0.4236,-0.0133,11.27,198.2,0.78,126075.0,0.0,0.1907,0.0985,-0.002,-0.0655,0.3892,-0.0119,1.01
3119,4700,0.6305,0.0867,0.2837,0.5047,0.3898,-0.0135,10.67,200.2,0.78,125597.0,0.0,0.1824,0.1036,-0.0021,-0.0682,0.3745,-0.0119,1.01
3120,4700,0.6272,0.0891,0.2848,0.4879,0.4182,-0.0126,10.51,221.76,0.79,124477.0,0.0,0.189,0.0993,-0.0022,-0.0666,0.358,-0.0132,1.01
3121,4700,0.6218,0.09,0.2893,0.4693,0.45,-0.0115,11.23,180.43,0.78,125820.0,0.0,0.1888,0.0944,-0.0019,-0.0648,0.3605,-0.0121,1.01
3122,4700,0.6229,0.0918,0.2862,0.4871,0.4331,-0.0124,10.69,175.96,0.78,125627.0,0.0,0.1908,0.0993,-0.002,-0.0664,0.4208,-0.0113,1.01
3123,4700,0.623,0.0917,0.2863,0.4731,0.4375,-0.0129,10.26,176.66,0.78,126187.0,0.0,0.1894,0.0937,-0.0028,-0.069,0.4631,-0.0126,1.01
3124,4700,0.6212,0.0927,0.2871,0.488,0.4363,-0.0107,11.41,184.05,0.78,125514.0,0.0,0.1878,0.0987,-0.0019,-0.0651,0.3889,-0.0121,1.0
3125,4700,0.6206,0.0927,0.2877,0.5085,0.4357,-0.0106,11.55,204.87,0.78,125835.0,0.0,0.1994,0.1017,-0.0021,-0.0707,0.4586,-0.0118,1.01
3126,4700,0.6173,0.0945,0.2894,0.4756,0.4332,-0.0139,10.88,198.28,0.78,126087.0,0.0,0.1849,0.0969,-0.0021,-0.0637,0.419,-0.0128,1.01
3127,4700,0.6143,0.0958,0.2911,0.4952,0.4423,-0.0094,11.81,198.94,0.78,125583.0,0.0,0.1897,0.1015,-0.0022,-0.0639,0.4548,-0.0134,1.01
3128,4700,0.6168,0.096,0.2884,0.4543,0.4518,-0.0143,10.88,187.17,0.78,125445.0,0.0,0.1922,0.0894,-0.0024,-0.0616,0.4132,-0.0137,1.0
3129,4700,0.6204,0.0927,0.2879,0.4997,0.4413,-0.0085,11.75,196.83,0.78,125803.0,0.0,0.1897,0.1029,-0.0023,-0.0655,0.4906,-0.013,1.01
3130,4700,0.6229,0.0932,0.2846,0.4585,0.4444,-0.0136,10.19,185.53,0.78,126333.0,0.0,0.1808,0.0899,-0.0019,-0.0652,0.4274,-0.0106,1.01
3131,4700,0.6287,0.0877,0.2843,0.4634,0.4557,-0.0104,10.87,174.64,0.78,126585.0,0.0,0.1934,0.0924,-0.0024,-0.0619,0.5117,-0.0124,1.01
3132,4700,0.6327,0.0854,0.2827,0.471,0.4519,-0.0122,10.83,189.47,0.78,125662.0,0.0,0.1871,0.0962,-0.002,-0.0612,0.4812,-0.011,1.01
3133,4700,0.6314,0.0859,0.2837,0.465,0.4441,-0.0138,11.32,201.87,0.78,125847.0,0.0,0.1884,0.0918,-0.0018,-0.0651,0.5262,-0.0125,1.01
3134,4700,0.6303,0.0877,0.2831,0.4551,0.4407,-0.0137,11.12,169.44,0.78,125854.0,0.0,0.1854,0.0919,-0.0024,-0.0616,0.4984,-0.0127,1.01
3135,4700,0.6324,0.0891,0.2797,0.4815,0.447,-0.0126,11.92,203.62,0.78,125658.0,0.0,0.1902,0.0982,-0.0022,-0.0637,0.4901,-0.0087,1.01
3136,4700,0.6351,0.0884,0.2775,0.4506,0.4619,-0.0128,10.99,171.78,0.79,124843.0,0.0,0.1799,0.0878,-0.0021,-0.0607,0.428,-0.0116,1.01
3137,4700,0.6381,0.0897,0.2732,0.4514,0.4792,-0.0112,11.21,182.75,0.78,126203.0,0.0,0.1889,0.0874,-0.002,-0.0618,0.4131,-0.0128,1.01
3138,4700,0.6435,0.0862,0.2713,0.4624,0.4584,-0.0097,11.24,203.12,0.78,126171.0,0.0,0.1899,0.089,-0.0023,-0.0623,0.4458,-0.0117,1.01
3139,4700,0.6453,0.0834,0.2722,0.4828,0.4434,-0.012,10.6,173.73,0.78,125701.0,0.0,0.1948,0.0962,-0.0022,-0.0657,0.474,-0.0125,1.01
3140,4700,0.6501,0.0834,0.2675,0.4497,0.4607,-0.0124,10.46,187.09,0.79,125076.0,0.0,0.1846,0.088,-0.0024,-0.0648,0.4024,-0.0132,1.01
3141,4700,0.6532,0.0832,0.2647,0.4754,0.4593,-0.0091,11.47,181.28,0.78,126171.0,0.0,0.1918,0.0947,-0.0024,-0.0661,0.3945,-0.0134,1.01
3142,4700,0.6497,0.0841,0.2674,0.4897,0.4403,-0.0121,12.38,208.29,0.78,126112.0,0.0,0.192,0.098,-0.0023,-0.0692,0.4307,-0.012,1.01
3143,4700,0.6531,0.0835,0.2645,0.4555,0.4725,-0.0121,10.66,173.92,0.79,124599.0,0.0,0.1935,0.0888,-0.002,-0.0663,0.5011,-0.0119,1.01
3144,4700,0.6516,0.0852,0.2643,0.478,0.4532,-0.0106,11.21,192.75,0.78,126306.0,0.0,0.1938,0.0953,-0.0023,-0.0673,0.4279,-0.0116,1.01
3145,4700,0.6468,0.0851,0.2693,0.4702,0.4653,-0.0108,11.76,191.39,0.8,123503.0,0.0,0.1882,0.096,-0.0027,-0.064,0.4376,-0.0116,1.01
3146,4700,0.6502,0.0857,0.2653,0.4489,0.4638,-0.0116,10.61,164.13,0.78,125818.0,0.0,0.1863,0.0893,-0.0025,-0.0638,0.3944,-0.0124,1.01
3147,4700,0.652,0.0857,0.2635,0.4674,0.4497,-0.0106,10.4,191.82,0.78,125786.0,0.0,0.1902,0.0936,-0.0028,-0.0658,0.381,-0.0125,1.01
3148,4700,0.6531,0.0847,0.263,0.4716,0.4743,-0.0083,10.85,172.51,0.78,126483.0,0.0,0.1955,0.0952,-0.0023,-0.0672,0.3915,-0.0122,1.01
3149,4700,0.6578,0.0801,0.2628,0.4959,0.4527,-0.0078,11.94,213.68,0.78,125732.0,0.0,0.199,0.1025,-0.0033,-0.0699,0.3966,-0.0115,1.01
3150,4700,0.6562,0.0783,0.2662,0.471,0.4295,-0.0135,11.18,179.41,0.78,125528.0,0.0,0.1791,0.0974,-0.0023,-0.0643,0.3934,-0.0116,1.01
3151,4700,0.6566,0.0787,0.2658,0.4767,0.4569,-0.0089,11.95,187.38,0.78,125948.0,0.0,0.1971,0.0991,-0.0023,-0.0626,0.3772,-0.0126,1.01
3152,4700,0.6576,0.0778,0.2658,0.483,0.4617,-0.0086,11.82,191.16,0.78,126345.0,0.0,0.2023,0.0995,-0.003,-0.068,0.3969,-0.0118,1.01
3153,4700,0.657,0.0757,0.2688,0.492,0.4457,-0.0095,12.41,193.11,0.78,125634.0,0.0,0.1935,0.105,-0.0023,-0.0653,0.4819,-0.0125,1.01
3154,4700,0.6536,0.0755,0.2725,0.5033,0.4364,-0.0099,12.61,208.91,0.78,126114.0,0.0,0.1998,0.1046,-0.0023,-0.0676,0.4357,-0.0107,1.01
3155,4700,0.6566,0.0738,0.2711,0.4664,0.4751,-0.0098,11.74,190.49,0.78,126126.0,0.0,0.2004,0.0927,-0.0023,-0.0669,0.4111,-0.0116,1.01
3156,4700,0.6559,0.0735,0.2717,0.4719,0.4423,-0.0133,11.15,184.54,0.78,126105.0,0.0,0.193,0.0965,-0.0024,-0.065,0.4334,-0.0122,1.01
3157,4700,0.6614,0.0734,0.2661,0.4669,0.4617,-0.011,10.98,181.17,0.78,126570.0,0.0,0.1863,0.0961,-0.0024,-0.0647,0.4888,-0.0096,1.01
3158,4700,0.6633,0.0757,0.2622,0.4735,0.4441,-0.0139,11.15,186.27,0.79,124419.0,0.0,0.197,0.0936,-0.0021,-0.0687,0.4078,-0.0103,1.01
3159,4700,0.6615,0.0756,0.2642,0.4707,0.4527,-0.0095,11.15,197.1,0.78,125415.0,0.0,0.1955,0.0987,-0.0022,-0.0649,0.4392,-0.0129,1.01
3160,4700,0.6572,0.0754,0.2685,0.5027,0.4322,-0.0111,11.14,203.06,0.79,123687.0,0.0,0.1974,0.1042,-0.0024,-0.0694,0.374,-0.0118,1.01
3161,4700,0.6516,0.0751,0.2745,0.4838,0.4501,-0.0097,10.49,187.53,0.78,125747.0,0.0,0.1915,0.0983,-0.002,-0.0654,0.4517,-0.0134,1.01
3162,4700,0.6464,0.0769,0.2778,0.4488,0.4408,-0.0129,11.44,175.79,0.79,124806.0,0.0,0.181,0.092,-0.0024,-0.064,0.3958,-0.0113,1.01
3163,4700,0.648,0.0773,0.2757,0.4577,0.4429,-0.0137,10.35,198.51,0.78,126020.0,0.0,0.1833,0.0916,-0.0023,-0.0619,0.4324,-0.012,1.01
3164,4700,0.6467,0.0805,0.2741,0.4638,0.4582,-0.0121,10.74,166.01,0.79,124409.0,0.0,0.191,0.0916,-0.0022,-0.0658,0.4104,-0.0124,1.01
3165,4700,0.6482,0.0815,0.2713,0.4529,0.4527,-0.0116,11.02,184.17,0.8,123318.0,0.0,0.1831,0.0917,-0.0025,-0.0663,0.3282,-0.0122,1.01
3166,4700,0.647,0.0804,0.2734,0.4762,0.4431,-0.0103,10.95,181.61,0.78,125608.0,0.0,0.1918,0.0967,-0.0022,-0.0671,0.4365,-0.0123,1.01
3167,4700,0.6419,0.0801,0.2791,0.4823,0.4162,-0.0139,10.78,173.02,0.79,124975.0,0.0,0.1803,0.1034,-0.0027,-0.0628,0.5019,-0.013,1.01
3168,4700,0.6384,0.0831,0.2798,0.4775,0.4446,-0.0116,11.63,187.76,0.79,124944.0,0.0,0.1922,0.098,-0.0026,-0.0661,0.4258,-0.0131,1.01
3169,4700,0.6385,0.0849,0.2781,0.4941,0.4353,-0.0119,11.43,200.17,0.78,125638.0,0.0,0.1929,0.104,-0.0022,-0.064,0.5129,-0.0129,1.01
3170,4700,0.6415,0.0837,0.2761,0.4978,0.4601,-0.009,11.5,181.44,0.78,125645.0,0.0,0.1986,0.1026,-0.0022,-0.0678,0.5071,-0.0107,1.01
3171,4700,0.6445,0.079,0.2779,0.4816,0.4498,-0.0114,11.19,196.43,0.79,124761.0,0.0,0.1921,0.0981,-0.0018,-0.0644,0.4978,-0.0128,1.01
3172,4700,0.6477,0.0782,0.2755,0.463,0.4467,-0.0123,9.43,179.12,0.79,124845.0,0.0,0.1822,0.0963,-0.0023,-0.0599,0.4932,-0.0112,1.01
3173,4700,0.6456,0.0792,0.2765,0.4758,0.45,-0.0126,11.12,187.27,0.78,125250.0,0.0,0.1918,0.0957,-0.0019,-0.0636,0.5368,-0.0129,1.01
3174,4700,0.6481,0.0795,0.2737,0.4511,0.486,-0.0103,11.36,169.38,0.78,125786.0,0.0,0.1987,0.0869,-0.0016,-0.062,0.449,-0.0122,1.01
3175,4700,0.6523,0.0789,0.27,0.4533,0.4625,-0.0127,11.69,186.17,0.78,126050.0,0.0,0.1827,0.0935,-0.0018,-0.062,0.462,-0.0114,1.01
3176,4700,0.6536,0.0795,0.2679,0.4613,0.466,-0.0107,11.23,180.06,0.79,124747.0,0.0,0.1902,0.0921,-0.0022,-0.0612,0.5124,-0.0131,1.01
3177,4700,0.6546,0.0815,0.2647,0.4102,0.4669,-0.0173,9.83,146.04,0.78,126728.0,0.0,0.1822,0.0792,-0.0018,-0.0567,0.4889,-0.0131,1.01
3178,4700,0.6563,0.0859,0.2585,0.4577,0.4632,-0.0144,10.64,189.43,0.78,126353.0,0.0,0.1975,0.0882,-0.0016,-0.0657,0.4786,-0.013,1.01
3179,4700,0.658,0.087,0.2557,0.4367,0.4778,-0.0138,11.12,175.53,0.78,126199.0,0.0,0.1889,0.0853,-0.0018,-0.0629,0.4176,-0.013,1.01
3180,4700,0.6583,0.0865,0.256,0.5096,0.4421,-0.0091,11.82,173.47,0.78,126268.0,0.0,0.199,0.101,-0.0018,-0.0709,0.4077,-0.0124,1.01
3181,4700,0.659,0.0862,0.2556,0.475,0.447,-0.0117,11.58,205.51,0.78,126648.0,0.0,0.1969,0.0934,-0.0021,-0.0649,0.3907,-0.0132,1.01
3182,4700,0.6587,0.0843,0.2576,0.4852,0.4183,-0.0138,10.94,177.75,0.77,126882.0,0.0,0.1911,0.0984,-0.0021,-0.0654,0.4232,-0.0113,1.01
3183,4700,0.6555,0.0853,0.2595,0.4859,0.4216,-0.014,11.16,195.16,0.78,126142.0,0.0,0.1878,0.0975,-0.0017,-0.0659,0.409,-0.0125,1.01
3184,4700,0.6519,0.0872,0.2611,0.4766,0.4599,-0.0134,11.82,209.36,0.79,124575.0,0.0,0.1928,0.0962,-0.0016,-0.0632,0.5604,-0.0126,1.01
3185,4700,0.6449,0.0904,0.2647,0.4836,0.4035,-0.0157,11.79,213.19,0.78,126790.0,0.0,0.18,0.0979,-0.0019,-0.061,0.4158,-0.0118,1.01
3186,4700,0.6361,0.0934,0.2705,0.4964,0.4041,-0.0144,10.39,189.46,0.8,122780.0,0.0,0.1886,0.1041,-0.0018,-0.0604,0.4685,-0.0117,1.01
3187,4700,0.6306,0.0951,0.2742,0.4784,0.4429,-0.0121,11.02,206.17,0.78,125783.0,0.0,0.1899,0.096,-0.0022,-0.066,0.4815,-0.0128,1.01
3188,4700,0.6255,0.0936,0.2811,0.5116,0.4161,-0.0111,11.41,195.05,0.79,124004.0,0.0,0.1859,0.1047,-0.0019,-0.0672,0.3811,-0.0106,1.01
3189,4700,0.6246,0.0908,0.2848,0.516,0.444,-0.0101,12.0,204.7,0.78,126522.0,0.0,0.1985,0.1066,-0.0018,-0.0625,0.447,-0.0114,1.01
3190,4700,0.6257,0.0873,0.2872,0.4984,0.4566,-0.0098,11.48,193.36,0.78,126325.0,0.0,0.1959,0.0991,-0.0018,-0.0656,0.4291,-0.012,1.01
3191,4700,0.6241,0.0848,0.2914,0.4755,0.4599,-0.0091,10.89,181.56,0.78,126102.0,0.0,0.1916,0.0955,-0.0018,-0.0629,0.4002,-0.0132,1.01
3192,4700,0.6241,0.083,0.2933,0.4713,0.4435,-0.0098,10.89,163.5,0.78,126224.0,0.0,0.1875,0.0951,-0.0019,-0.0609,0.4157,-0.0099,1.01
3193,4700,0.6236,0.0808,0.2961,0.4821,0.4242,-0.0142,10.33,189.17,0.78,125419.0,0.0,0.1832,0.0956,-0.0018,-0.0647,0.4461,-0.0076,1.01
3194,4700,0.6184,0.0813,0.301,0.4931,0.4151,-0.0131,11.1,191.04,0.79,125050.0,0.0,0.1863,0.0991,-0.0017,-0.0642,0.499,-0.0117,1.01
3195,4700,0.6114,0.085,0.3044,0.4828,0.4357,-0.0139,11.33,207.5,0.78,125423.0,0.0,0.1921,0.0966,-0.0019,-0.0635,0.4444,-0.0119,1.01
3196,4700,0.6142,0.0847,0.3019,0.4869,0.4392,-0.0127,10.97,190.04,0.79,124307.0,0.0,0.1885,0.0993,-0.002,-0.0646,0.5965,-0.01,1.01
3197,4700,0.6197,0.0852,0.2957,0.4666,0.4533,-0.0142,10.6,179.12,0.78,126419.0,0.0,0.1895,0.091,-0.0022,-0.062,0.4591,-0.0095,1.01
3198,4700,0.6212,0.0868,0.2923,0.4814,0.4384,-0.0134,12.09,212.18,0.8,122121.0,0.0,0.1817,0.0954,-0.0016,-0.063,0.4304,-0.0109,1.01
3199,4700,0.6215,0.0844,0.2943,0.5082,0.427,-0.0087,11.11,201.98,0.79,125002.0,0.0,0.1904,0.101,-0.0015,-0.0673,0.3958,-0.0125,1.01
3200,4700,0.6202,0.0839,0.2962,0.4703,0.4524,-0.0115,11.78,176.31,0.79,125050.0,0.0,0.1921,0.0913,-0.0015,-0.0656,0.4274,-0.0114,1.01
3201,4700,0.6254,0.0829,0.2922,0.4925,0.4521,-0.0106,11.37,204.91,0.78,125859.0,0.0,0.1979,0.0957,-0.0021,-0.0676,0.3772,-0.0116,1.01
3202,4700,0.6311,0.0835,0.2859,0.4762,0.4627,-0.01,11.68,206.44,0.77,127716.0,0.0,0.1908,0.0918,-0.0017,-0.0643,0.4208,-0.0107,1.01
3203,4700,0.6299,0.084,0.2866,0.4864,0.414,-0.0133,10.58,199.79,0.78,126759.0,0.0,0.1838,0.0984,-0.0017,-0.0618,0.3947,-0.011,1.01
3204,4700,0.6268,0.0836,0.2901,0.5036,0.4241,-0.0103,11.13,196.51,0.78,126514.0,0.0,0.1909,0.1036,-0.0019,-0.0613,0.4859,-0.0112,1.01
3205,4700,0.6231,0.0867,0.2909,0.4792,0.4354,-0.0142,11.37,213.0,0.77,127070.0,0.0,0.1903,0.0926,-0.0015,-0.0634,0.4943,-0.0123,1.01
3206,4700,0.6212,0.0884,0.291,0.4971,0.4188,-0.0132,11.07,188.28,0.78,125611.0,0.0,0.1978,0.0964,-0.0017,-0.0653,0.5143,-0.0087,1.01
3207,4700,0.6223,0.0877,0.2904,0.4888,0.4256,-0.0141,10.92,172.19,0.79,123817.0,0.0,0.1874,0.0966,-0.0018,-0.062,0.4256,-0.0124,1.01
3208,4700,0.6232,0.089,0.2884,0.4765,0.4426,-0.013,11.14,185.69,0.77,127026.0,0.0,0.1914,0.0919,-0.0024,-0.0612,0.4777,-0.0127,1.01
3209,4700,0.6271,0.0879,0.286,0.5068,0.4415,-0.0091,10.79,196.37,0.78,125559.0,0.0,0.1974,0.0989,-0.0016,-0.0668,0.4656,-0.0126,1.01
3210,4700,0.6288,0.0848,0.2874,0.4898,0.4586,-0.0106,11.37,193.77,0.79,124750.0,0.0,0.2033,0.0951,-0.0017,-0.0605,0.5432,-0.0129,1.01
3211,4700,0.6307,0.0848,0.2852,0.4715,0.4615,-0.0107,12.01,193.69,0.79,124359.0,0.0,0.1993,0.0895,-0.0016,-0.0608,0.4991,-0.0133,1.01
3212,4700,0.6337,0.0844,0.2826,0.4712,0.4414,-0.0137,11.06,194.11,0.78,126693.0,0.0,0.1946,0.0907,-0.0016,-0.0636,0.4446,-0.0114,1.01
3213,4700,0.6382,0.0842,0.2784,0.4758,0.4668,-0.01,12.37,186.15,0.78,125935.0,0.0,0.1978,0.0929,-0.0027,-0.0624,0.4224,-0.0126,1.02
3214,4700,0.642,0.0853,0.2734,0.4618,0.4471,-0.0135,9.93,178.94,0.78,125867.0,0.0,0.189,0.0881,-0.0019,-0.0623,0.4195,-0.0122,1.02
3215,4700,0.6486,0.0848,0.2675,0.4757,0.464,-0.0089,10.88,182.33,0.78,126613.0,0.0,0.2008,0.0888,-0.0015,-0.0649,0.3448,-0.0132,1.02
3216,4700,0.6497,0.0811,0.27,0.4677,0.4668,-0.0094,11.72,191.45,0.78,125774.0,0.0,0.1959,0.0882,-0.0018,-0.0637,0.4639,-0.0109,1.02
3217,4700,0.6498,0.081,0.2701,0.4845,0.4442,-0.0102,12.07,209.97,0.79,124958.0,0.0,0.198,0.0927,-0.002,-0.0651,0.4093,-0.0125,1.02
3218,4700,0.6497,0.0816,0.2697,0.4501,0.4602,-0.0124,11.08,188.49,0.78,126769.0,0.0,0.1918,0.0854,-0.0017,-0.0626,0.4172,-0.0122,1.02
3219,4700,0.6516,0.0815,0.2679,0.4503,0.4636,-0.0138,11.52,169.25,0.78,126841.0,0.0,0.1944,0.0846,-0.0025,-0.0644,0.4989,-0.0104,1.02
3220,4700,0.6544,0.0835,0.263,0.4711,0.4638,-0.0155,11.24,197.01,0.78,125543.0,0.0,0.2054,0.0882,-0.0017,-0.0688,0.4781,-0.0102,1.02
3221,4700,0.6589,0.0824,0.2598,0.4982,0.4472,-0.0096,11.89,197.31,0.78,125393.0,0.0,0.2002,0.0985,-0.0017,-0.0669,0.5187,-0.0114,1.02
3222,4700,0.6614,0.0815,0.2588,0.4905,0.4501,-0.0121,11.75,199.87,0.78,125798.0,0.0,0.2051,0.0972,-0.0022,-0.0664,0.503,-0.0118,1.02
3223,4700,0.6605,0.0803,0.2606,0.4841,0.4711,-0.01,11.22,197.34,0.78,126434.0,0.0,0.2096,0.0909,-0.0018,-0.0686,0.4636,-0.0096,1.02
3224,4700,0.6567,0.0801,0.2641,0.4856,0.4559,-0.0112,12.17,190.56,0.78,126537.0,0.0,0.2113,0.0935,-0.0019,-0.0654,0.5972,-0.0127,1.02
3225,4700,0.6574,0.0822,0.2614,0.482,0.431,-0.0156,11.53,208.31,0.78,126048.0,0.0,0.1998,0.092,-0.002,-0.0678,0.4459,-0.0129,1.02
3226,4700,0.6549,0.0825,0.2633,0.4908,0.4324,-0.0128,11.61,190.79,0.78,125792.0,0.0,0.1929,0.0964,-0.0017,-0.0646,0.5274,-0.0122,1.02
3227,4700,0.6562,0.0832,0.2616,0.458,0.4786,-0.0104,11.51,178.69,0.78,126246.0,0.0,0.2,0.0872,-0.0018,-0.0635,0.4833,-0.0124,1.02
3228,4700,0.6617,0.082,0.2573,0.4668,0.4743,-0.0102,12.54,189.98,0.78,126619.0,0.0,0.1985,0.0906,-0.0019,-0.0628,0.4361,-0.0129,1.02
3229,4700,0.664,0.0788,0.2582,0.4776,0.4623,-0.0098,11.72,188.71,0.78,125827.0,0.0,0.208,0.0922,-0.0022,-0.0662,0.4797,-0.0113,1.02
3230,4700,0.6657,0.0768,0.2585,0.4543,0.4783,-0.011,11.68,172.09,0.78,126714.0,0.0,0.2015,0.085,-0.0021,-0.068,0.448,-0.0109,1.02
3231,4700,0.6604,0.0787,0.2619,0.4796,0.4147,-0.0126,10.07,199.14,0.78,125364.0,0.0,0.1896,0.0938,-0.0019,-0.0659,0.3116,-0.0127,1.02
3232,4700,0.6545,0.082,0.2645,0.4772,0.4521,-0.0133,11.83,199.62,0.78,125565.0,0.0,0.1984,0.0924,-0.002,-0.0665,0.4149,-0.0112,1.02
3233,4700,0.6513,0.0832,0.2665,0.4973,0.422,-0.011,11.15,197.73,0.78,125962.0,0.0,0.1961,0.1,-0.0018,-0.067,0.3743,-0.0123,1.02
3234,4700,0.6445,0.0854,0.2711,0.4993,0.4077,-0.0142,10.67,202.46,0.78,126207.0,0.0,0.1915,0.1008,-0.0018,-0.0671,0.4038,-0.012,1.02
3235,4700,0.6379,0.0854,0.2776,0.5117,0.427,-0.0093,11.43,201.68,0.78,126199.0,0.0,0.1921,0.1018,-0.0023,-0.067,0.33,-0.0127,1.02
3236,4700,0.6387,0.0811,0.281,0.5072,0.4122,-0.0117,10.34,162.4,0.78,125311.0,0.0,0.1859,0.0998,-0.0019,-0.0662,0.3477,-0.0126,1.02
3237,4700,0.6315,0.083,0.286,0.5105,0.4009,-0.014,10.01,197.13,0.78,125600.0,0.0,0.1901,0.1025,-0.0022,-0.0682,0.4966,-0.0112,1.02
3238,4700,0.62,0.0876,0.2931,0.5181,0.4082,-0.0134,11.79,223.65,0.78,125333.0,0.0,0.1884,0.1015,-0.0019,-0.0709,0.3202,-0.0107,1.02
3239,4700,0.6164,0.0853,0.2989,0.5248,0.4063,-0.0108,10.15,185.67,0.78,125293.0,0.0,0.192,0.1069,-0.0022,-0.0665,0.3439,-0.0127,1.02
3240,4700,0.6123,0.0851,0.3031,0.5195,0.4113,-0.0119,11.01,203.56,0.78,125976.0,0.0,0.1897,0.1045,-0.0023,-0.0689,0.4863,-0.0114,1.02
3241,4700,0.6122,0.0856,0.3028,0.5081,0.4494,-0.0107,11.7,195.26,0.78,126076.0,0.0,0.2027,0.1017,-0.0019,-0.0672,0.4944,-0.0082,1.02
3242,4700,0.6168,0.084,0.3,0.5142,0.4123,-0.013,11.16,203.47,0.78,125378.0,0.0,0.1989,0.1026,-0.0019,-0.0651,0.3786,-0.0124,1.02
3243,4700,0.6173,0.0822,0.3017,0.5156,0.4406,-0.0092,11.43,202.4,0.79,124952.0,0.0,0.2013,0.1026,-0.0023,-0.0684,0.4103,-0.012,1.02
3244,4700,0.6162,0.0823,0.3025,0.501,0.4342,-0.0113,10.75,188.42,0.78,125775.0,0.0,0.1972,0.0987,-0.0021,-0.0637,0.4533,-0.0113,1.02
3245,4700,0.617,0.0834,0.3005,0.487,0.4502,-0.0102,10.83,206.72,0.78,126391.0,0.0,0.1972,0.0959,-0.0022,-0.0622,0.4534,-0.0125,1.02
3246,4700,0.6235,0.0821,0.2951,0.4806,0.4717,-0.0114,10.93,192.48,0.78,126257.0,0.0,0.198,0.0942,-0.002,-0.0637,0.506,-0.0127,1.02
3247,4700,0.6284,0.0836,0.2888,0.4925,0.4591,-0.0139,11.33,186.78,0.78,126586.0,0.0,0.208,0.0943,-0.002,-0.0683,0.5277,-0.0109,1.02
3248,4700,0.6287,0.0858,0.2865,0.4779,0.477,-0.0116,11.34,174.87,0.78,126383.0,0.0,0.199,0.093,-0.0018,-0.0655,0.5436,-0.0122,1.02
3249,4700,0.6319,0.0863,0.2828,0.4786,0.4436,-0.013,10.86,194.98,0.78,126409.0,0.0,0.1928,0.0955,-0.0019,-0.062,0.4859,-0.0123,1.02
3250,4700,0.6376,0.0833,0.2806,0.4653,0.4769,-0.0124,11.63,178.68,0.79,125008.0,0.0,0.2054,0.0889,-0.002,-0.0661,0.4145,-0.0113,1.02
3251,4700,0.6447,0.0822,0.2748,0.4837,0.4886,-0.0088,11.95,203.15,0.78,125987.0,0.0,0.2095,0.0911,-0.0021,-0.0661,0.5374,-0.0122,1.02
3252,4700,0.6501,0.0819,0.2697,0.4799,0.4729,-0.0109,11.59,200.45,0.77,127103.0,0.0,0.207,0.0892,-0.002,-0.0688,0.4525,-0.013,1.02
3253,4700,0.6519,0.0809,0.2687,0.5019,0.4756,-0.0094,12.56,205.46,0.78,126767.0,0.0,0.2142,0.0962,-0.0023,-0.0701,0.4605,-0.0117,1.02
3254,4700,0.6558,0.0811,0.2645,0.487,0.471,-0.0122,11.29,183.26,0.78,126050.0,0.0,0.2141,0.0924,-0.0019,-0.0674,0.4588,-0.009,1.02
3255,4700,0.6579,0.0819,0.2614,0.4749,0.461,-0.0123,12.36,199.22,0.78,126607.0,0.0,0.2064,0.0883,-0.0019,-0.0659,0.4858,-0.0121,1.02
3256,4700,0.6567,0.0842,0.2601,0.4687,0.4666,-0.0132,11.38,178.37,0.77,127317.0,0.0,0.2121,0.0883,-0.0022,-0.0646,0.521,-0.012,1.02
3257,4700,0.6585,0.0865,0.2557,0.4579,0.4663,-0.0131,11.04,178.18,0.77,127066.0,0.0,0.2076,0.0871,-0.0023,-0.0635,0.5101,-0.0114,1.02
3258,4700,0.6615,0.0862,0.2528,0.4806,0.4502,-0.0119,10.41,189.78,0.77,127205.0,0.0,0.2079,0.0912,-0.0019,-0.066,0.5466,-0.0116,1.02
3259,4700,0.6616,0.0879,0.251,0.4418,0.4997,-0.011,11.16,188.52,0.78,126689.0,0.0,0.2032,0.0825,-0.0021,-0.0624,0.5357,-0.0115,1.02
3260,4700,0.6674,0.0868,0.2462,0.447,0.4957,-0.0118,11.88,181.54,0.79,124704.0,0.0,0.2047,0.0829,-0.0019,-0.066,0.4704,-0.012,1.02
3261,4700,0.6689,0.0869,0.2447,0.4754,0.4663,-0.0094,11.99,196.6,0.78,126670.0,0.0,0.2132,0.091,-0.0019,-0.0664,0.4273,-0.0125,1.02
3262,4700,0.6694,0.0861,0.2449,0.472,0.4708,-0.0107,11.69,187.7,0.77,127847.0,0.0,0.211,0.091,-0.0022,-0.0637,0.591,-0.011,1.02
3263,4700,0.6729,0.0856,0.2417,0.4644,0.477,-0.0116,11.54,182.5,0.78,125582.0,0.0,0.2089,0.0875,-0.002,-0.0656,0.5473,-0.0109,1.02
3264,4700,0.6745,0.086,0.2398,0.4824,0.4629,-0.0111,11.7,197.06,0.78,126743.0,0.0,0.2098,0.0897,-0.0023,-0.0706,0.4189,-0.0114,1.02
3265,4700,0.672,0.0856,0.2425,0.4761,0.4608,-0.0122,11.44,184.51,0.78,126098.0,0.0,0.2102,0.0875,-0.0018,-0.0681,0.4575,-0.0121,1.02
3266,4700,0.6674,0.0844,0.2484,0.5058,0.4384,-0.0103,11.84,201.5,0.78,125560.0,0.0,0.2113,0.0983,-0.002,-0.0709,0.4041,-0.0122,1.02
3267,4700,0.6663,0.0835,0.2506,0.4757,0.4566,-0.0105,11.66,186.94,0.79,123739.0,0.0,0.2114,0.0891,-0.0024,-0.0678,0.4647,-0.0119,1.02
3268,4700,0.6726,0.0804,0.2479,0.4688,0.4818,-0.0104,11.3,187.46,0.78,126172.0,0.0,0.2024,0.0879,-0.002,-0.0688,0.4894,-0.0121,1.02
3269,4700,0.6708,0.0813,0.249,0.5075,0.4392,-0.0121,11.39,185.35,0.78,125827.0,0.0,0.2139,0.0978,-0.002,-0.0711,0.4774,-0.0122,1.02
3270,4700,0.6672,0.0822,0.2516,0.4831,0.457,-0.0108,10.58,189.5,0.78,126498.0,0.0,0.208,0.0929,-0.0021,-0.0684,0.4674,-0.012,1.02
3271,4700,0.6608,0.0821,0.2581,0.4703,0.453,-0.0126,10.58,157.15,0.78,126256.0,0.0,0.2013,0.0898,-0.002,-0.0688,0.4263,-0.0118,1.02
3272,4700,0.6576,0.084,0.2595,0.4706,0.4805,-0.01,11.8,187.38,0.78,126559.0,0.0,0.2092,0.0894,-0.0019,-0.0654,0.4289,-0.0126,1.02
3273,4700,0.6553,0.0825,0.2631,0.4726,0.4528,-0.0116,10.92,167.09,0.78,125708.0,0.0,0.2018,0.0919,-0.0021,-0.0617,0.5172,-0.0125,1.02
3274,4700,0.6568,0.0835,0.2603,0.4789,0.4451,-0.013,11.78,198.92,0.78,126498.0,0.0,0.2081,0.0904,-0.0019,-0.0684,0.4918,-0.0125,1.03
3275,4700,0.6578,0.0826,0.2601,0.4919,0.4672,-0.0103,11.73,196.37,0.77,127056.0,0.0,0.2233,0.0943,-0.0021,-0.0674,0.4369,-0.0119,1.03
3276,4700,0.6591,0.0805,0.2609,0.4554,0.4868,-0.0095,11.53,177.51,0.77,127468.0,0.0,0.2035,0.0854,-0.0019,-0.0671,0.4205,-0.0107,1.03
3277,4700,0.6597,0.0807,0.2601,0.4948,0.4444,-0.0105,11.62,185.44,0.77,127238.0,0.0,0.2077,0.096,-0.0022,-0.067,0.5025,-0.0112,1.03
3278,4700,0.6599,0.0826,0.2583,0.4796,0.4693,-0.011,12.07,183.39,0.78,126130.0,0.0,0.2087,0.0926,-0.0019,-0.0685,0.4402,-0.0123,1.03
3279,4700,0.6632,0.0812,0.2562,0.5066,0.4541,-0.0104,11.95,200.02,0.78,126652.0,0.0,0.2162,0.0997,-0.0024,-0.069,0.4898,-0.0123,1.03
3280,4700,0.6625,0.0814,0.2566,0.4719,0.4657,-0.0121,11.09,184.17,0.78,126818.0,0.0,0.2087,0.0902,-0.0018,-0.0644,0.489,-0.0129,1.03
3281,4700,0.6666,0.0824,0.2513,0.4836,0.4746,-0.0117,10.55,191.02,0.77,127147.0,0.0,0.2117,0.0954,-0.0021,-0.0645,0.4129,-0.0116,1.03
3282,4700,0.665,0.0838,0.2514,0.4703,0.479,-0.0127,11.73,208.75,0.78,126643.0,0.0,0.2132,0.0884,-0.0018,-0.0654,0.5121,-0.0118,1.03
3283,4700,0.6642,0.0839,0.2519,0.454,0.4837,-0.011,11.01,169.75,0.78,126223.0,0.0,0.2046,0.085,-0.0016,-0.0685,0.4179,-0.0128,1.03
3284,4700,0.6677,0.0828,0.2496,0.4702,0.5057,-0.0082,12.26,181.01,0.78,126014.0,0.0,0.2195,0.0841,-0.0019,-0.0703,0.3473,-0.0127,1.03
3285,4700,0.6704,0.0797,0.2499,0.5199,0.4505,-0.0084,11.38,192.62,0.78,125354.0,0.0,0.2218,0.0992,-0.002,-0.0724,0.4935,-0.0091,1.03
3286,4700,0.6711,0.0781,0.2508,0.4705,0.4684,-0.0117,11.74,188.61,0.79,124594.0,0.0,0.2091,0.0876,-0.0018,-0.0669,0.4376,-0.0076,1.03
3287,4700,0.6725,0.0762,0.2516,0.4814,0.4671,-0.0093,11.26,202.29,0.78,126668.0,0.0,0.2034,0.0911,-0.002,-0.0706,0.3941,-0.0115,1.02
3288,4700,0.6709,0.0769,0.2527,0.4925,0.4646,-0.0095,12.1,207.23,0.81,120732.0,0.0,0.2109,0.0946,-0.0024,-0.0685,0.4216,-0.0126,1.02
3289,4700,0.6697,0.0746,0.2561,0.4929,0.4676,-0.0098,11.62,191.88,0.78,125917.0,0.0,0.2153,0.0936,-0.0023,-0.0691,0.4887,-0.0136,1.02
3290,4700,0.6649,0.0763,0.2593,0.4872,0.4415,-0.014,11.87,184.67,0.79,124032.0,0.0,0.2091,0.0954,-0.0025,-0.0671,0.5239,-0.0109,1.02
3291,4700,0.664,0.0793,0.2572,0.4881,0.4454,-0.0149,11.57,192.57,0.78,126151.0,0.0,0.2109,0.0947,-0.002,-0.0713,0.505,-0.0122,1.02
3292,4700,0.6631,0.082,0.2557,0.4872,0.4409,-0.0129,11.74,206.96,0.78,126501.0,0.0,0.2034,0.0979,-0.0025,-0.0667,0.4133,-0.0125,1.02
3293,4700,0.6654,0.0791,0.2562,0.4892,0.4722,-0.011,11.41,216.76,0.77,127067.0,0.0,0.2135,0.0947,-0.0026,-0.0696,0.4986,-0.0125,1.02
3294,4700,0.6649,0.0805,0.2551,0.4966,0.4448,-0.0125,11.1,187.62,0.78,125574.0,0.0,0.2151,0.0973,-0.0024,-0.07,0.5723,-0.0127,1.02
3295,4700,0.6618,0.0839,0.2548,0.4781,0.4463,-0.0143,12.42,186.58,0.78,126536.0,0.0,0.2034,0.0928,-0.0019,-0.0662,0.4523,-0.0122,1.02
3296,4700,0.6578,0.0835,0.2592,0.4666,0.45,-0.0134,9.85,156.01,0.78,125589.0,0.0,0.2021,0.0905,-0.0023,-0.0649,0.512,-0.0108,1.02
3297,4700,0.6567,0.0854,0.2584,0.4773,0.4683,-0.0131,11.64,193.28,0.78,126184.0,0.0,0.2066,0.0931,-0.0021,-0.0662,0.4553,-0.0117,1.02
3298,4700,0.6584,0.0836,0.2587,0.4728,0.4576,-0.0098,11.63,184.39,0.77,127055.0,0.0,0.2073,0.0914,-0.002,-0.0681,0.4744,-0.0125,1.02
3299,4700,0.6548,0.0824,0.2638,0.4729,0.4548,-0.0133,12.05,177.01,0.78,126804.0,0.0,0.2062,0.0901,-0.0024,-0.0685,0.4959,-0.013,1.02
3300,4700,0.6574,0.0829,0.2607,0.4624,0.4688,-0.0128,11.77,181.08,0.78,125266.0,0.0,0.2057,0.0882,-0.0022,-0.0666,0.4519,-0.013,1.02
3301,4700,0.6595,0.081,0.2608,0.4934,0.4527,-0.0109,11.64,180.69,0.79,124716.0,0.0,0.2082,0.0982,-0.0025,-0.0665,0.4942,-0.0122,1.02
3302,4700,0.6605,0.08,0.261,0.4835,0.4471,-0.0133,11.67,203.08,0.78,125984.0,0.0,0.2042,0.0927,-0.0019,-0.0677,0.4443,-0.0127,1.02
3303,4700,0.661,0.08,0.2603,0.468,0.4624,-0.0119,11.05,196.58,0.79,124572.0,0.0,0.2035,0.0871,-0.0022,-0.0673,0.5405,-0.0126,1.02
3304,4700,0.6592,0.0839,0.258,0.4904,0.444,-0.0125,11.08,208.36,0.78,126836.0,0.0,0.2113,0.095,-0.0024,-0.0653,0.4769,-0.0129,1.03
3305,4700,0.6584,0.0849,0.2576,0.4792,0.457,-0.0133,12.37,188.14,0.78,125854.0,0.0,0.2074,0.091,-0.0023,-0.0679,0.4623,-0.0127,1.02
3306,4700,0.6601,0.0858,0.2554,0.4792,0.4824,-0.011,12.81,200.2,0.78,126590.0,0.0,0.2151,0.0909,-0.0022,-0.0646,0.4852,-0.0129,1.02
3307,4700,0.6645,0.0851,0.2513,0.4677,0.4785,-0.0115,10.46,181.44,0.78,126777.0,0.0,0.2108,0.0895,-0.0024,-0.066,0.5131,-0.0132,1.03
3308,4700,0.6652,0.086,0.2493,0.4549,0.4859,-0.0125,11.89,183.49,0.78,126479.0,0.0,0.2074,0.0875,-0.0022,-0.0635,0.5983,-0.0122,1.03
3309,4700,0.6727,0.0878,0.2398,0.4697,0.4886,-0.0118,11.83,188.52,0.77,127207.0,0.0,0.2127,0.0909,-0.0023,-0.0653,0.5277,-0.0131,1.03
3310,4700,0.6813,0.0875,0.2317,0.4527,0.4956,-0.0112,11.98,177.95,0.78,126603.0,0.0,0.2078,0.0846,-0.0021,-0.0637,0.5309,-0.0116,1.02
3311,4700,0.6866,0.0849,0.229,0.4603,0.4902,-0.0115,12.14,184.89,0.79,124090.0,0.0,0.2105,0.0859,-0.0024,-0.066,0.4988,-0.0118,1.02
3312,4700,0.6871,0.0851,0.2283,0.4451,0.4845,-0.0136,9.95,150.35,0.78,126421.0,0.0,0.2011,0.0818,-0.002,-0.0625,0.5162,-0.0078,1.02
3313,4700,0.6864,0.0871,0.2269,0.4674,0.49,-0.0105,11.28,182.81,0.78,126203.0,0.0,0.2136,0.0871,-0.0019,-0.066,0.4901,-0.0125,1.02
3314,4700,0.6913,0.0861,0.2228,0.4683,0.4873,-0.0117,12.06,194.2,0.78,125817.0,0.0,0.2158,0.0882,-0.0022,-0.067,0.5826,-0.0127,1.02
3315,4700,0.6906,0.0853,0.2243,0.4755,0.4643,-0.0125,11.74,185.03,0.78,126799.0,0.0,0.2174,0.0907,-0.0021,-0.0658,0.5493,-0.0127,1.02
3316,4700,0.6873,0.0854,0.2276,0.461,0.4595,-0.0142,12.26,177.15,0.79,124756.0,0.0,0.2005,0.0883,-0.0023,-0.0623,0.4728,-0.012,1.02
3317,4700,0.689,0.0856,0.2259,0.4784,0.4941,-0.0088,12.82,185.33,0.78,125333.0,0.0,0.2199,0.0879,-0.0019,-0.0686,0.5,-0.0131,1.02
3318,4700,0.6912,0.0831,0.2261,0.4959,0.4802,-0.0096,11.22,182.98,0.78,125432.0,0.0,0.2129,0.0948,-0.0022,-0.0697,0.4211,-0.0129,1.02
3319,4700,0.6918,0.0817,0.2272,0.4625,0.4866,-0.0123,11.41,174.34,0.77,126923.0,0.0,0.2175,0.0873,-0.0025,-0.0663,0.4627,-0.0126,1.02
3320,4700,0.7001,0.0803,0.2203,0.4497,0.5162,-0.0116,11.54,187.36,0.79,125101.0,0.0,0.2157,0.0837,-0.0021,-0.0659,0.4775,-0.0117,1.03
3321,4700,0.6987,0.0828,0.2192,0.4743,0.4794,-0.0104,12.24,189.95,0.78,126340.0,0.0,0.2135,0.0895,-0.0018,-0.0693,0.4041,-0.0126,1.03
3322,4700,0.6949,0.0831,0.2225,0.4849,0.4395,-0.014,10.91,205.51,0.78,126832.0,0.0,0.2074,0.0897,-0.0019,-0.0708,0.4626,-0.0119,1.03
3323,4700,0.6868,0.0842,0.2295,0.4791,0.4493,-0.0133,11.48,172.95,0.77,126891.0,0.0,0.2058,0.0911,-0.0024,-0.0685,0.7447,-0.0092,1.03
3324,4700,0.6818,0.087,0.2319,0.477,0.464,-0.0127,11.91,210.73,0.78,126823.0,0.0,0.2069,0.0918,-0.0022,-0.0667,0.4903,-0.0113,1.03
3325,4700,0.6798,0.0869,0.234,0.4755,0.4704,-0.0114,11.79,188.61,0.78,126446.0,0.0,0.2073,0.092,-0.0023,-0.0653,0.4001,-0.012,1.03
3326,4700,0.6798,0.0868,0.2341,0.4662,0.477,-0.0096,11.21,170.14,0.78,126744.0,0.0,0.2099,0.0872,-0.0022,-0.0686,0.4933,-0.0126,1.03
3327,4700,0.6777,0.0874,0.2354,0.4744,0.4489,-0.0139,10.84,175.02,0.78,125734.0,0.0,0.1993,0.092,-0.002,-0.0655,0.4349,-0.0132,1.03
3328,4700,0.6761,0.086,0.2384,0.4729,0.4835,-0.0099,12.18,193.1,0.78,126414.0,0.0,0.2108,0.0869,-0.0021,-0.0706,0.4293,-0.013,1.03
3329,4700,0.6757,0.0845,0.2403,0.475,0.476,-0.0104,11.44,192.84,0.78,126437.0,0.0,0.2146,0.0895,-0.0025,-0.0702,0.5314,-0.012,1.02
3330,4700,0.6755,0.0811,0.2438,0.4916,0.4439,-0.0127,11.65,204.27,0.78,126051.0,0.0,0.211,0.0959,-0.0022,-0.0676,0.4343,-0.0127,1.03
3331,4700,0.6713,0.0808,0.2485,0.4678,0.4584,-0.0111,11.84,201.99,0.77,127196.0,0.0,0.1989,0.0873,-0.002,-0.0676,0.408,-0.0137,1.03
3332,4700,0.6737,0.0806,0.2464,0.4725,0.4833,-0.01,11.62,180.5,0.79,124518.0,0.0,0.2126,0.0901,-0.0023,-0.0672,0.4761,-0.0116,1.03
3333,4700,0.6719,0.081,0.2478,0.4819,0.4594,-0.0117,10.85,186.28,0.77,127038.0,0.0,0.2112,0.0912,-0.0025,-0.0708,0.402,-0.0116,1.03
3334,4700,0.6743,0.0815,0.2449,0.4652,0.4979,-0.0098,10.99,189.67,0.78,126059.0,0.0,0.2148,0.0839,-0.0021,-0.0687,0.4144,-0.0121,1.03
3335,4700,0.674,0.0839,0.2425,0.4669,0.469,-0.0124,10.91,178.77,0.78,126748.0,0.0,0.2084,0.089,-0.0025,-0.0682,0.4544,-0.0103,1.03
3336,4700,0.671,0.0848,0.2446,0.4905,0.4577,-0.0102,11.6,192.87,0.78,126032.0,0.0,0.2127,0.094,-0.002,-0.069,0.4599,-0.012,1.03
3337,4700,0.6694,0.0828,0.2482,0.4834,0.4819,-0.0093,11.23,197.9,0.79,124969.0,0.0,0.2119,0.0905,-0.0023,-0.0726,0.404,-0.0124,1.02
3338,4700,0.6706,0.0803,0.2496,0.4872,0.4726,-0.0103,12.15,210.77,0.78,125941.0,0.0,0.2135,0.0906,-0.0025,-0.0722,0.4395,-0.0131,1.02
3339,4700,0.6727,0.0783,0.2495,0.4798,0.4691,-0.0089,11.89,193.8,0.78,126178.0,0.0,0.2012,0.0913,-0.0023,-0.0695,0.4416,-0.0096,1.03
3340,4700,0.6732,0.0774,0.2496,0.4769,0.4786,-0.0097,11.57,190.58,0.78,126072.0,0.0,0.2168,0.0882,-0.0019,-0.068,0.4359,-0.0098,1.03
3341,4700,0.6717,0.0769,0.2517,0.4929,0.4877,-0.01,11.72,182.76,0.78,125926.0,0.0,0.2204,0.0936,-0.0023,-0.0707,0.4585,-0.0123,1.02
3342,4700,0.6739,0.0741,0.2524,0.4777,0.4846,-0.0087,12.1,188.54,0.78,126364.0,0.0,0.2134,0.0881,-0.0021,-0.0718,0.4346,-0.0133,1.03
3343,4700,0.6775,0.0729,0.2499,0.4691,0.4793,-0.012,11.33,192.06,0.78,125933.0,0.0,0.2127,0.0866,-0.0021,-0.0699,0.5128,-0.0136,1.02
3344,4700,0.6785,0.0751,0.2466,0.4903,0.4882,-0.0085,11.95,169.32,0.78,126052.0,0.0,0.2254,0.0925,-0.0023,-0.0714,0.4436,-0.0125,1.02
3345,4700,0.6818,0.0753,0.2432,0.4538,0.4692,-0.0139,11.36,188.65,0.78,126328.0,0.0,0.2033,0.0861,-0.0026,-0.0639,0.4788,-0.013,1.02
3346,4700,0.6851,0.0778,0.2374,0.441,0.4807,-0.0149,9.88,162.01,0.8,123587.0,0.0,0.2093,0.0809,-0.0021,-0.0681,0.4946,-0.0125,1.02
3347,4700,0.6878,0.0794,0.2331,0.4682,0.4991,-0.0102,11.67,184.65,0.78,126820.0,0.0,0.2177,0.0871,-0.0022,-0.0692,0.4927,-0.0101,1.03
3348,4700,0.6924,0.0796,0.2282,0.4644,0.4723,-0.0118,11.33,189.33,0.79,125108.0,0.0,0.2118,0.0856,-0.0021,-0.0721,0.4386,-0.0124,1.03
3349,4700,0.694,0.0801,0.2261,0.4569,0.5091,-0.01,11.49,171.77,0.78,125419.0,0.0,0.2163,0.0831,-0.0023,-0.0699,0.3686,-0.0135,1.03
3350,4700,0.6946,0.0801,0.2255,0.4564,0.4779,-0.0104,11.66,166.42,0.79,124875.0,0.0,0.21,0.0878,-0.0024,-0.0668,0.4871,-0.0128,1.03
3351,4700,0.6953,0.0749,0.2303,0.4728,0.4683,-0.0104,11.32,210.87,0.78,125629.0,0.0,0.2028,0.0884,-0.0021,-0.0705,0.4925,-0.013,1.03
3352,4700,0.6915,0.0741,0.2349,0.4626,0.4904,-0.0108,12.81,193.25,0.78,125403.0,0.0,0.2139,0.0859,-0.002,-0.0684,0.4308,-0.0121,1.03
3353,4700,0.6881,0.0755,0.2371,0.4803,0.4425,-0.0131,11.51,201.01,0.78,125856.0,0.0,0.2077,0.0909,-0.0026,-0.0711,0.496,-0.013,1.03
3354,4700,0.684,0.0783,0.2387,0.4753,0.4858,-0.0109,11.42,200.31,0.79,124580.0,0.0,0.2141,0.0892,-0.0026,-0.074,0.3899,-0.0115,1.03
3355,4700,0.685,0.0794,0.2366,0.4654,0.4877,-0.0112,10.78,179.52,0.79,125116.0,0.0,0.2147,0.0874,-0.0022,-0.0695,0.4185,-0.0118,1.03
3356,4700,0.6882,0.08,0.2328,0.4662,0.4757,-0.012,11.53,198.45,0.79,123784.0,0.0,0.2072,0.0868,-0.0021,-0.0736,0.379,-0.0122,1.03
3357,4700,0.6902,0.0773,0.2334,0.4842,0.4652,-0.0084,11.52,177.87,0.78,125654.0,0.0,0.2159,0.091,-0.0025,-0.0739,0.3828,-0.0124,1.03
3358,4700,0.6895,0.0772,0.2341,0.4708,0.4686,-0.0103,12.34,194.57,0.78,126378.0,0.0,0.2108,0.0893,-0.0024,-0.0709,0.4034,-0.0138,1.03
3359,4700,0.6872,0.0773,0.2363,0.4584,0.4594,-0.0137,10.54,180.45,0.78,126260.0,0.0,0.2035,0.0856,-0.0023,-0.0704,0.4325,-0.0113,1.02
3360,4700,0.6829,0.0782,0.2396,0.4786,0.4708,-0.0102,11.28,193.66,0.79,124864.0,0.0,0.2086,0.0922,-0.0023,-0.0676,0.4639,-0.0112,1.03
3361,4700,0.6818,0.0782,0.2405,0.485,0.4729,-0.0107,11.7,185.37,0.78,126250.0,0.0,0.2174,0.0934,-0.0031,-0.0704,0.441,-0.012,1.03
3362,4700,0.6786,0.0765,0.2454,0.5078,0.4443,-0.0114,11.36,199.62,0.78,125470.0,0.0,0.2154,0.0984,-0.0025,-0.071,0.4319,-0.0124,1.03
3363,4700,0.6753,0.0787,0.247,0.4856,0.4641,-0.0122,11.23,179.88,0.79,125155.0,0.0,0.2068,0.092,-0.0026,-0.0728,0.4598,-0.0122,1.03
3364,4700,0.674,0.0817,0.2451,0.4344,0.491,-0.0128,9.98,159.35,0.8,123182.0,0.0,0.2012,0.0797,-0.0021,-0.0652,0.5483,-0.0117,1.03
3365,4700,0.6726,0.0836,0.2445,0.4825,0.478,-0.0122,11.7,190.07,0.78,125464.0,0.0,0.2167,0.091,-0.0021,-0.0705,0.5062,-0.0126,1.03
3366,4700,0.6718,0.0843,0.2449,0.4846,0.4634,-0.0118,9.88,187.74,0.78,125554.0,0.0,0.2183,0.095,-0.0022,-0.0701,0.4883,-0.0126,1.02
3367,4700,0.6749,0.0838,0.2428,0.472,0.4846,-0.0107,12.53,188.59,0.78,125272.0,0.0,0.2185,0.0906,-0.0024,-0.066,0.4531,-0.0129,1.03
3368,4700,0.678,0.083,0.2404,0.4768,0.4656,-0.0101,11.62,194.59,0.79,124714.0,0.0,0.2091,0.0932,-0.0028,-0.0632,0.4354,-0.0107,1.03
3369,4700,0.6755,0.0815,0.2442,0.4685,0.4867,-0.0101,11.77,187.34,0.78,126501.0,0.0,0.2138,0.0877,-0.0024,-0.0682,0.5182,-0.0085,1.03
3370,4700,0.677,0.0826,0.2416,0.4651,0.4798,-0.0115,11.76,182.69,0.78,126337.0,0.0,0.213,0.0864,-0.0021,-0.0681,0.4267,-0.0127,1.03
3371,4700,0.6793,0.0827,0.2392,0.4581,0.4845,-0.0106,11.8,172.62,0.78,126368.0,0.0,0.2155,0.0831,-0.002,-0.0682,0.3771,-0.0124,1.03
3372,4700,0.6811,0.0823,0.2376,0.483,0.4785,-0.0108,11.46,176.52,0.78,125506.0,0.0,0.2174,0.0919,-0.0027,-0.0691,0.4207,-0.0112,1.03
3373,4700,0.6815,0.0801,0.2396,0.4856,0.4833,-0.0081,12.59,200.35,0.78,125769.0,0.0,0.2134,0.0905,-0.0025,-0.0705,0.3563,-0.0126,1.03
3374,4700,0.6879,0.078,0.2353,0.4561,0.4865,-0.0128,9.96,188.49,0.78,125715.0,0.0,0.2084,0.085,-0.0022,-0.0681,0.3922,-0.0125,1.03
3375,4700,0.6886,0.0795,0.233,0.4672,0.4776,-0.0114,10.68,190.17,0.78,126181.0,0.0,0.2072,0.0881,-0.0025,-0.0687,0.4606,-0.0128,1.03
3376,4700,0.6808,0.0841,0.2364,0.4806,0.4628,-0.0127,11.13,178.36,0.78,125463.0,0.0,0.2105,0.0878,-0.0024,-0.0734,0.442,-0.0114,1.03
3377,4700,0.6793,0.0859,0.2357,0.4826,0.4681,-0.0123,10.92,193.34,0.78,126077.0,0.0,0.2082,0.0911,-0.0021,-0.0747,0.4879,-0.0119,1.03
3378,4700,0.6785,0.0888,0.2336,0.4502,0.4712,-0.015,10.84,180.02,0.79,124887.0,0.0,0.2006,0.0835,-0.0022,-0.0697,0.4576,-0.0127,1.03
3379,4700,0.6751,0.0901,0.2355,0.4737,0.4515,-0.0136,10.48,170.32,0.78,126196.0,0.0,0.2042,0.088,-0.0023,-0.0719,0.3911,-0.0129,1.03
3380,4700,0.6706,0.0872,0.2429,0.5038,0.4304,-0.0104,11.32,194.39,0.78,125687.0,0.0,0.2025,0.094,-0.0028,-0.0727,0.4169,-0.0107,1.03
3381,4700,0.6673,0.0861,0.2473,0.4993,0.4433,-0.0117,10.87,197.13,0.78,126810.0,0.0,0.205,0.0933,-0.0026,-0.0781,0.3866,-0.011,1.03
3382,4700,0.6625,0.0827,0.2553,0.4908,0.4409,-0.0119,11.55,186.02,0.78,125667.0,0.0,0.2027,0.0957,-0.0025,-0.0683,0.4394,-0.012,1.03
3383,4700,0.6618,0.0816,0.2574,0.4703,0.4575,-0.0125,11.34,188.33,0.79,124704.0,0.0,0.201,0.0912,-0.0025,-0.0655,0.4418,-0.0127,1.02
3384,4700,0.6578,0.0825,0.2604,0.4971,0.4389,-0.0115,10.84,199.81,0.79,124629.0,0.0,0.2038,0.0978,-0.0027,-0.0678,0.4615,-0.0131,1.02
3385,4700,0.6545,0.0826,0.2633,0.4801,0.4524,-0.0132,11.59,201.97,0.78,126220.0,0.0,0.2019,0.0946,-0.0024,-0.0603,0.4295,-0.0119,1.02
3386,4700,0.6551,0.0826,0.2625,0.4845,0.4706,-0.0089,11.34,183.74,0.78,126045.0,0.0,0.2101,0.0907,-0.0023,-0.0688,0.4174,-0.0135,1.03
3387,4700,0.6542,0.0813,0.2649,0.4862,0.4684,-0.0106,10.82,170.67,0.78,126492.0,0.0,0.2147,0.092,-0.0026,-0.0695,0.4333,-0.0114,1.03
3388,4700,0.6555,0.0827,0.2623,0.4699,0.4653,-0.0118,11.36,162.1,0.79,124980.0,0.0,0.2048,0.0898,-0.0022,-0.0656,0.4221,-0.0138,1.03
3389,4700,0.6584,0.0818,0.2603,0.453,0.5019,-0.0098,11.62,158.02,0.79,124587.0,0.0,0.21,0.0818,-0.0019,-0.069,0.4692,-0.0134,1.03
3390,4700,0.6641,0.0799,0.2564,0.4719,0.469,-0.0119,11.55,184.0,0.79,124747.0,0.0,0.2042,0.0901,-0.0025,-0.0668,0.513,-0.0096,1.03
3391,4700,0.6643,0.0813,0.2546,0.4657,0.4798,-0.0106,11.22,158.44,0.79,124633.0,0.0,0.2093,0.086,-0.0025,-0.0702,0.5081,-0.0122,1.03
3392,4700,0.664,0.0808,0.2555,0.4988,0.4492,-0.0111,11.47,185.17,0.78,125877.0,0.0,0.2108,0.0969,-0.0027,-0.0718,0.453,-0.0139,1.03
3393,4700,0.6624,0.0775,0.2603,0.4696,0.4734,-0.0111,10.72,168.17,0.78,126715.0,0.0,0.211,0.0897,-0.0025,-0.0681,0.4507,-0.0134,1.03
3394,4700,0.6669,0.0776,0.2557,0.4902,0.4629,-0.0117,11.8,195.34,0.79,124927.0,0.0,0.214,0.0907,-0.0021,-0.074,0.4829,-0.0139,1.03
3395,4700,0.6707,0.0776,0.2519,0.4843,0.4508,-0.0128,11.43,205.44,0.77,126972.0,0.0,0.2115,0.0909,-0.0023,-0.0703,0.4652,-0.0124,1.03
3396,4700,0.6763,0.078,0.2462,0.4859,0.4799,-0.0097,11.5,190.94,0.78,125589.0,0.0,0.2177,0.0905,-0.0025,-0.0706,0.4774,-0.0124,1.03
3397,4700,0.6783,0.0775,0.2447,0.4847,0.4425,-0.0117,11.42,191.83,0.78,125787.0,0.0,0.2131,0.0889,-0.0022,-0.0762,0.4041,-0.0121,1.03
3398,4700,0.6835,0.078,0.239,0.4557,0.4889,-0.0103,11.81,194.5,0.78,126430.0,0.0,0.2118,0.0852,-0.002,-0.0671,0.4796,-0.013,1.03
3399,4700,0.6875,0.0757,0.2374,0.4901,0.4725,-0.0092,11.59,174.79,0.78,125600.0,0.0,0.2125,0.094,-0.002,-0.0676,0.4312,-0.0103,1.03
3400,4700,0.6901,0.0747,0.236,0.4602,0.4773,-0.0126,11.02,185.53,0.78,126058.0,0.0,0.2093,0.0862,-0.0026,-0.0667,0.4342,-0.012,1.03
3401,4700,0.6925,0.0756,0.2326,0.461,0.4904,-0.0098,11.18,192.55,0.78,126215.0,0.0,0.2096,0.0885,-0.0024,-0.0638,0.5117,-0.0127,1.03
3402,4700,0.6934,0.0768,0.2303,0.4671,0.4735,-0.0097,11.05,200.93,0.78,125722.0,0.0,0.2088,0.0855,-0.0019,-0.0696,0.3561,-0.0114,1.03
3403,4700,0.6944,0.0744,0.2321,0.4943,0.4831,-0.0073,11.87,207.29,0.79,124339.0,0.0,0.2195,0.0924,-0.002,-0.0722,0.4035,-0.0129,1.03
3404,4700,0.695,0.0729,0.2332,0.4778,0.4709,-0.011,12.14,198.91,0.86,114249.0,0.0,0.2096,0.0888,-0.0023,-0.0708,0.3988,-0.0128,1.03
3405,4700,0.6933,0.073,0.2346,0.4771,0.4732,-0.0096,11.59,208.63,0.79,124719.0,0.0,0.2011,0.0913,-0.0023,-0.0681,0.473,-0.0116,1.03
3406,4700,0.6906,0.0746,0.2359,0.4672,0.4769,-0.0099,11.22,171.84,0.78,125759.0,0.0,0.2051,0.0891,-0.0023,-0.0668,0.4227,-0.0092,1.03
3407,4700,0.6945,0.0744,0.232,0.4942,0.4816,-0.0106,11.83,203.39,0.79,124305.0,0.0,0.2216,0.0929,-0.0021,-0.0719,0.4224,-0.0126,1.03
3408,4700,0.6917,0.0745,0.2343,0.4819,0.4573,-0.0121,10.92,196.31,0.83,117991.0,0.0,0.2063,0.091,-0.0022,-0.0707,0.4678,-0.0136,1.03
3409,4700,0.6881,0.0763,0.2364,0.4689,0.4565,-0.0125,10.78,194.85,0.83,118903.0,0.0,0.2048,0.0882,-0.0024,-0.0689,0.3694,-0.0145,1.03
3410,4700,0.6808,0.0794,0.2407,0.4607,0.455,-0.0126,11.24,176.83,0.84,117001.0,0.0,0.1945,0.087,-0.0024,-0.0685,0.3718,-0.0122,1.03
3411,4700,0.6749,0.0804,0.2455,0.4832,0.4767,-0.0097,11.29,177.9,0.8,123488.0,0.0,0.2062,0.089,-0.0027,-0.0732,0.3997,-0.0129,1.03
3412,4700,0.6734,0.0791,0.248,0.465,0.4601,-0.0109,11.48,181.13,0.79,124647.0,0.0,0.2004,0.0872,-0.0025,-0.0682,0.3913,-0.012,1.03
3413,4700,0.6665,0.0814,0.2526,0.4835,0.4334,-0.0143,9.53,191.2,0.78,125366.0,0.0,0.1983,0.0924,-0.0027,-0.0717,0.4842,-0.0125,1.03
3414,4700,0.6589,0.0846,0.257,0.4941,0.438,-0.0129,11.2,170.19,0.79,124269.0,0.0,0.199,0.0941,-0.0029,-0.0732,0.4373,-0.013,1.03
3415,4700,0.6576,0.0848,0.2582,0.5047,0.4467,-0.0108,11.83,207.46,0.78,125907.0,0.0,0.2067,0.0988,-0.0028,-0.0694,0.4684,-0.0117,1.03
3416,4700,0.6535,0.084,0.263,0.4912,0.45,-0.0131,11.31,181.72,0.78,125811.0,0.0,0.2133,0.0918,-0.003,-0.0705,0.4317,-0.0119,1.03
3417,4700,0.6534,0.0855,0.2615,0.4698,0.465,-0.0136,11.29,202.98,0.78,125550.0,0.0,0.2011,0.0904,-0.0022,-0.0686,0.4566,-0.0115,1.03
3418,4700,0.6551,0.0872,0.2585,0.4787,0.4578,-0.0112,11.86,191.69,0.79,124964.0,0.0,0.2021,0.0904,-0.0029,-0.0715,0.4397,-0.0108,1.03
3419,4700,0.6548,0.0878,0.2584,0.4932,0.4632,-0.0112,12.36,196.29,0.81,121054.0,0.0,0.2096,0.095,-0.0024,-0.071,0.4385,-0.0092,1.03
3420,4700,0.6538,0.088,0.2592,0.4853,0.4452,-0.0136,11.63,187.97,0.81,121391.0,0.0,0.2036,0.0941,-0.0027,-0.067,0.5354,-0.0103,1.03
3421,4700,0.6508,0.0882,0.262,0.5121,0.4326,-0.0105,11.25,205.93,0.79,124696.0,0.0,0.2097,0.1026,-0.0031,-0.0705,0.4657,-0.0115,1.03
3422,4700,0.647,0.0888,0.2652,0.5049,0.4442,-0.0102,11.17,197.76,0.78,125260.0,0.0,0.2073,0.0992,-0.003,-0.0691,0.4835,-0.0116,1.03
3423,4700,0.6457,0.086,0.2695,0.4857,0.4283,-0.0143,10.82,193.68,0.8,123633.0,0.0,0.2068,0.0945,-0.0032,-0.0672,0.3957,-0.0128,1.03
3424,4700,0.6415,0.0844,0.2754,0.4795,0.4499,-0.0123,10.89,173.3,0.81,121572.0,0.0,0.1976,0.0919,-0.0026,-0.0708,0.447,-0.0094,1.03
3425,4700,0.6454,0.0845,0.2709,0.4683,0.4736,-0.0115,11.83,181.04,0.8,122622.0,0.0,0.2162,0.0868,-0.0024,-0.0689,0.4256,-0.0082,1.03
3426,4700,0.6486,0.086,0.2661,0.4576,0.47,-0.0144,11.19,195.99,0.82,119717.0,0.0,0.2038,0.0855,-0.0027,-0.0689,0.4895,-0.0128,1.03
3427,4700,0.6493,0.0877,0.2637,0.4642,0.4448,-0.014,10.82,173.88,0.8,122955.0,0.0,0.2009,0.0895,-0.0023,-0.0639,0.378,-0.0121,1.03
3428,4700,0.6513,0.0891,0.2602,0.4645,0.4654,-0.0126,11.77,179.55,0.79,124091.0,0.0,0.2025,0.088,-0.0039,-0.0667,0.4365,-0.0124,1.03
3429,4700,0.6576,0.0886,0.2543,0.5138,0.4357,-0.0107,11.72,190.51,0.8,122565.0,0.0,0.2089,0.1005,-0.0031,-0.072,0.4318,-0.013,1.03
3430,4700,0.6567,0.0867,0.2571,0.5006,0.4547,-0.0125,11.76,193.14,0.78,125660.0,0.0,0.212,0.0979,-0.0027,-0.0696,0.4723,-0.0129,1.03
3431,4700,0.655,0.0869,0.2587,0.4734,0.4765,-0.0131,11.89,181.81,0.78,126037.0,0.0,0.2118,0.0917,-0.0029,-0.066,0.5208,-0.0125,1.03
3432,4700,0.659,0.0885,0.253,0.4639,0.4945,-0.0116,11.79,194.0,0.78,126309.0,0.0,0.2099,0.0884,-0.0027,-0.0687,0.4443,-0.0142,1.03
3433,4700,0.6621,0.0883,0.2502,0.4962,0.4666,-0.011,12.25,198.29,0.77,126857.0,0.0,0.2132,0.0965,-0.003,-0.0692,0.4533,-0.0128,1.03
3434,4700,0.6616,0.0854,0.2534,0.4998,0.4436,-0.0105,11.41,195.47,0.79,125150.0,0.0,0.2082,0.0988,-0.003,-0.0676,0.5317,-0.0122,1.03
3435,4700,0.6613,0.0838,0.2551,0.489,0.4634,-0.0099,11.91,193.55,0.78,126028.0,0.0,0.2116,0.0963,-0.0033,-0.065,0.4491,-0.0123,1.03
3436,4700,0.6617,0.0837,0.2548,0.4656,0.4651,-0.0135,11.75,182.1,0.79,125225.0,0.0,0.2033,0.089,-0.0027,-0.0633,0.4712,-0.0123,1.03
3437,4700,0.6663,0.0832,0.2507,0.4887,0.4706,-0.0106,11.39,197.16,0.77,127286.0,0.0,0.2106,0.0944,-0.0029,-0.0709,0.4657,-0.0113,1.03
3438,4700,0.6706,0.0849,0.2445,0.4508,0.4893,-0.0108,12.32,183.59,0.77,126864.0,0.0,0.2083,0.0829,-0.0031,-0.0661,0.4379,-0.0129,1.03
3439,4700,0.6782,0.0844,0.2374,0.4339,0.4881,-0.0131,10.16,176.22,0.77,126958.0,0.0,0.2044,0.0769,-0.0022,-0.066,0.4891,-0.012,1.03
3440,4700,0.6779,0.0884,0.2338,0.4576,0.4918,-0.0126,11.54,169.43,0.78,125918.0,0.0,0.2112,0.0812,-0.0021,-0.0693,0.4541,-0.0121,1.03
3441,4700,0.6788,0.0893,0.2319,0.4621,0.4716,-0.0118,12.1,187.04,0.78,126347.0,0.0,0.2045,0.0856,-0.0031,-0.0671,0.4869,-0.0124,1.03
3442,4700,0.6773,0.0872,0.2354,0.4562,0.4588,-0.0122,11.35,191.83,0.78,126690.0,0.0,0.1992,0.0845,-0.0031,-0.0639,0.3781,-0.0129,1.03
3443,4700,0.6739,0.0842,0.2418,0.4819,0.4762,-0.009,12.11,185.23,0.78,126098.0,0.0,0.2102,0.0908,-0.0029,-0.0684,0.4262,-0.0113,1.03
3444,4700,0.6736,0.0818,0.2449,0.4607,0.4637,-0.012,11.42,166.98,0.78,126446.0,0.0,0.204,0.0838,-0.0025,-0.0665,0.3903,-0.0129,1.03
3445,4700,0.6712,0.0811,0.2482,0.4975,0.4525,-0.0093,12.02,195.32,0.78,126449.0,0.0,0.2133,0.094,-0.003,-0.0687,0.4526,-0.0107,1.03
3446,4700,0.6696,0.0811,0.2498,0.4616,0.4558,-0.0131,10.7,165.31,0.78,126763.0,0.0,0.2059,0.0854,-0.003,-0.0662,0.3946,-0.0128,1.03
3447,4700,0.6653,0.0811,0.2538,0.4793,0.4659,-0.0111,11.17,179.07,0.78,126542.0,0.0,0.2039,0.0886,-0.0027,-0.0697,0.3953,-0.0113,1.03
3448,4700,0.6658,0.0839,0.2506,0.4684,0.4725,-0.0117,11.42,184.37,0.79,125139.0,0.0,0.2033,0.085,-0.0024,-0.0687,0.4006,-0.0127,1.03
3449,4700,0.6655,0.0834,0.2512,0.4834,0.4675,-0.01,10.96,177.46,0.78,125694.0,0.0,0.2101,0.088,-0.0027,-0.0725,0.4368,-0.0119,1.03
3450,4700,0.6673,0.0817,0.251,0.4825,0.4536,-0.0111,11.04,171.92,0.79,124891.0,0.0,0.2039,0.0924,-0.0027,-0.0656,0.4332,-0.0124,1.03
3451,4700,0.6677,0.0799,0.2524,0.4559,0.4673,-0.014,11.6,178.76,0.78,125985.0,0.0,0.2063,0.0846,-0.0027,-0.0633,0.4098,-0.0103,1.03
3452,4700,0.6668,0.081,0.2522,0.4936,0.4694,-0.01,10.99,195.65,0.78,125721.0,0.0,0.2076,0.0927,-0.0027,-0.067,0.4453,-0.0085,1.03
3453,4700,0.6647,0.0824,0.2529,0.4923,0.4674,-0.0101,11.84,211.63,0.77,127000.0,0.0,0.2036,0.0936,-0.0029,-0.0705,0.4165,-0.0128,1.03
3454,4700,0.6639,0.0824,0.2537,0.4812,0.4473,-0.014,11.09,195.16,0.77,126846.0,0.0,0.2049,0.0914,-0.003,-0.069,0.432,-0.0123,1.03
3455,4700,0.6611,0.0832,0.2557,0.4765,0.4482,-0.013,11.39,206.28,0.78,126081.0,0.0,0.2,0.0924,-0.0024,-0.065,0.4524,-0.0092,1.03
3456,4700,0.6586,0.083,0.2584,0.4935,0.4652,-0.0116,12.18,216.27,0.78,125519.0,0.0,0.213,0.0933,-0.0029,-0.0673,0.4503,-0.0106,1.03
3457,4700,0.6575,0.0798,0.2627,0.4838,0.4646,-0.0106,11.72,190.39,0.78,126339.0,0.0,0.2027,0.0883,-0.0025,-0.0714,0.333,-0.0116,1.03
3458,4700,0.6585,0.0769,0.2646,0.5083,0.4471,-0.0089,11.54,205.59,0.79,125101.0,0.0,0.2095,0.0977,-0.0028,-0.0672,0.3346,-0.012,1.03
3459,4700,0.6576,0.0744,0.268,0.5167,0.4509,-0.0062,12.34,198.71,0.79,125179.0,0.0,0.2131,0.0984,-0.0026,-0.0687,0.3671,-0.0123,1.03
3460,4700,0.6579,0.0724,0.2697,0.5032,0.4509,-0.0092,11.91,182.94,0.78,126756.0,0.0,0.209,0.0994,-0.0032,-0.0651,0.4439,-0.0119,1.03
3461,4700,0.6597,0.0736,0.267,0.4615,0.4478,-0.0139,11.27,198.91,0.78,126002.0,0.0,0.1944,0.0899,-0.0027,-0.0609,0.4756,-0.012,1.03
3462,4700,0.6563,0.0776,0.2663,0.4801,0.4624,-0.0119,11.44,196.12,0.79,124897.0,0.0,0.2109,0.0896,-0.0032,-0.0684,0.486,-0.0121,1.03
3463,4700,0.6581,0.079,0.2631,0.4766,0.4719,-0.0115,12.2,211.11,0.78,125743.0,0.0,0.2116,0.0905,-0.0031,-0.0685,0.4641,-0.0121,1.03
3464,4700,0.6543,0.0782,0.2677,0.516,0.4224,-0.009,11.16,193.56,0.79,124675.0,0.0,0.2018,0.1002,-0.003,-0.0679,0.3903,-0.0129,1.03
3465,4700,0.654,0.0774,0.269,0.4858,0.4579,-0.0116,10.8,189.2,0.78,126706.0,0.0,0.2129,0.092,-0.0031,-0.0682,0.4399,-0.0129,1.03
3466,4700,0.6567,0.077,0.2667,0.4678,0.4798,-0.0104,11.84,190.15,0.79,124939.0,0.0,0.2094,0.0856,-0.0023,-0.0678,0.4627,-0.0126,1.03
3467,4700,0.6583,0.0789,0.2632,0.474,0.461,-0.0141,11.55,194.62,0.78,125872.0,0.0,0.2126,0.0896,-0.0031,-0.0643,0.4418,-0.0125,1.03
3468,4700,0.6592,0.0818,0.2592,0.4673,0.4563,-0.0124,12.14,203.47,0.78,126403.0,0.0,0.2072,0.0867,-0.0029,-0.0651,0.46,-0.012,1.03
3469,4700,0.6565,0.0818,0.262,0.4786,0.4212,-0.0155,11.36,189.68,0.79,124860.0,0.0,0.2027,0.0916,-0.0028,-0.0655,0.4653,-0.0122,1.03
3470,4700,0.6525,0.0824,0.2653,0.4927,0.4559,-0.0124,10.41,183.29,0.78,125455.0,0.0,0.205,0.0955,-0.0032,-0.067,0.4768,-0.0113,1.03
3471,4700,0.6559,0.0838,0.2606,0.4944,0.4483,-0.0117,11.26,210.46,0.8,122891.0,0.0,0.2143,0.0931,-0.0029,-0.0675,0.5198,-0.0112,1.03
3472,4700,0.6543,0.0879,0.2581,0.4627,0.4565,-0.0151,11.67,189.19,0.79,124117.0,0.0,0.209,0.0863,-0.0028,-0.0645,0.4902,-0.0115,1.03
3473,4700,0.6525,0.0906,0.2572,0.484,0.4565,-0.0115,11.74,191.28,0.79,123802.0,0.0,0.211,0.0883,-0.0027,-0.0695,0.4118,-0.012,1.03
3474,4700,0.6525,0.0904,0.2576,0.5015,0.4617,-0.0096,12.5,194.62,0.79,123881.0,0.0,0.2101,0.0947,-0.0033,-0.0679,0.4456,-0.0122,1.03
3475,4700,0.6515,0.0898,0.2591,0.4723,0.4365,-0.0151,10.32,186.03,0.79,124982.0,0.0,0.2023,0.0869,-0.003,-0.0664,0.391,-0.0131,1.03
3476,4700,0.6505,0.0893,0.2607,0.4707,0.4581,-0.0144,10.8,179.46,0.78,125656.0,0.0,0.2119,0.0875,-0.0026,-0.0675,0.408,-0.0124,1.03
3477,4700,0.6484,0.0912,0.2608,0.4772,0.4528,-0.0122,11.33,192.45,0.79,124755.0,0.0,0.2019,0.0899,-0.003,-0.067,0.4925,-0.0116,1.03
3478,4700,0.651,0.0924,0.257,0.4622,0.4815,-0.0127,11.29,196.45,0.78,125266.0,0.0,0.2091,0.0831,-0.0027,-0.0686,0.4752,-0.0103,1.03
3479,4700,0.6506,0.0959,0.2538,0.4804,0.4492,-0.0139,11.23,189.17,0.8,123372.0,0.0,0.2105,0.0888,-0.0028,-0.0688,0.4137,-0.0124,1.03
3480,4700,0.6487,0.0941,0.2575,0.4968,0.4385,-0.0131,11.19,200.8,0.79,124590.0,0.0,0.2121,0.0943,-0.0033,-0.0715,0.4178,-0.0108,1.03
3481,4700,0.647,0.0918,0.2615,0.4997,0.4588,-0.0088,11.48,195.69,0.79,125168.0,0.0,0.2134,0.0933,-0.0029,-0.0709,0.4349,-0.0119,1.03
3482,4700,0.6458,0.09,0.2645,0.5,0.4432,-0.0124,11.51,187.54,0.78,125358.0,0.0,0.2157,0.0957,-0.0032,-0.0726,0.4522,-0.0115,1.03
3483,4700,0.6484,0.084,0.268,0.5072,0.4475,-0.0094,12.08,195.96,0.79,124214.0,0.0,0.223,0.0956,-0.0029,-0.0688,0.4353,-0.0137,1.03
3484,4700,0.6504,0.0816,0.2687,0.4954,0.4516,-0.0107,11.43,187.65,0.78,125614.0,0.0,0.2144,0.0931,-0.0033,-0.0721,0.4224,-0.0135,1.02
3485,4700,0.6545,0.0797,0.2667,0.4912,0.4444,-0.0111,11.62,200.32,0.78,126213.0,0.0,0.2145,0.0917,-0.0035,-0.0715,0.4715,-0.0119,1.02
3486,4700,0.6503,0.0818,0.2689,0.4669,0.439,-0.0145,11.04,175.18,0.79,124588.0,0.0,0.2031,0.0898,-0.0031,-0.0658,0.5305,-0.0117,1.02
3487,4700,0.6458,0.085,0.2699,0.4747,0.4434,-0.0133,11.52,188.9,0.78,125383.0,0.0,0.204,0.0894,-0.003,-0.0694,0.3823,-0.0124,1.02
3488,4700,0.6436,0.0848,0.2724,0.4889,0.4595,-0.0109,12.02,184.8,0.78,126109.0,0.0,0.2179,0.0937,-0.0033,-0.0685,0.4643,-0.0129,1.02
3489,4700,0.6446,0.0834,0.2728,0.4763,0.453,-0.0115,10.84,196.11,0.78,125302.0,0.0,0.2072,0.0926,-0.0039,-0.0695,0.5075,-0.0115,1.02
3490,4700,0.6455,0.0849,0.2704,0.4786,0.4555,-0.0124,11.81,189.09,0.79,124525.0,0.0,0.2167,0.0928,-0.0032,-0.0657,0.4597,-0.0121,1.02
3491,4700,0.651,0.0844,0.2653,0.4455,0.4812,-0.0122,10.62,168.29,0.78,125497.0,0.0,0.2026,0.0834,-0.0035,-0.0634,0.5109,-0.011,1.02
3492,4700,0.6557,0.0831,0.2619,0.4751,0.4627,-0.0116,11.81,202.27,0.79,125101.0,0.0,0.2084,0.0905,-0.0035,-0.0666,0.4531,-0.012,1.02
3493,4700,0.6602,0.0813,0.2592,0.4757,0.4774,-0.0112,11.71,174.76,0.78,125538.0,0.0,0.2141,0.0908,-0.0032,-0.0699,0.501,-0.0109,1.02
3494,4700,0.6597,0.0819,0.2593,0.4699,0.4489,-0.014,11.17,157.86,0.78,125286.0,0.0,0.2044,0.0893,-0.0035,-0.0683,0.4591,-0.0128,1.02
3495,4700,0.6616,0.081,0.2582,0.4669,0.4851,-0.009,11.31,171.44,0.78,125679.0,0.0,0.2111,0.0868,-0.003,-0.0694,0.5005,-0.0127,1.02
3496,4700,0.6678,0.0797,0.2532,0.4687,0.4914,-0.0104,11.6,183.79,0.78,125415.0,0.0,0.2171,0.0897,-0.0036,-0.0707,0.56,-0.0126,1.02
3497,4700,0.6686,0.0803,0.2518,0.4671,0.4705,-0.0136,12.26,192.49,0.77,126988.0,0.0,0.2137,0.0885,-0.0037,-0.0692,0.523,-0.0112,1.02
3498,4700,0.672,0.0812,0.2475,0.4768,0.458,-0.0138,11.52,180.56,0.77,127170.0,0.0,0.2108,0.0914,-0.0034,-0.0673,0.5116,-0.0127,1.02
3499,4700,0.6748,0.0799,0.2457,0.4936,0.4737,-0.0094,11.21,169.77,0.78,125662.0,0.0,0.2194,0.0956,-0.0037,-0.0694,0.4843,-0.0114,1.02
3500,4700,0.6758,0.0786,0.2462,0.4804,0.4661,-0.0108,12.27,203.71,0.77,126883.0,0.0,0.2145,0.0937,-0.0033,-0.0666,0.4993,-0.0125,1.02
3501,4700,0.6798,0.0787,0.2418,0.4434,0.509,-0.0107,11.96,184.78,0.79,124633.0,0.0,0.211,0.0827,-0.0031,-0.0636,0.5341,-0.011,1.02
3502,4700,0.6819,0.0796,0.2387,0.4427,0.479,-0.0163,11.17,168.86,0.78,125938.0,0.0,0.206,0.0832,-0.0033,-0.0647,0.5325,-0.0125,1.03
3503,4700,0.685,0.0837,0.2315,0.446,0.5,-0.012,11.92,162.36,0.77,126995.0,0.0,0.2125,0.0861,-0.0036,-0.0633,0.5621,-0.0129,1.03
3504,4700,0.6924,0.0851,0.2228,0.4445,0.4862,-0.0128,11.75,183.45,0.78,126211.0,0.0,0.2091,0.0843,-0.0035,-0.0649,0.5364,-0.0124,1.03
3505,4700,0.6939,0.0852,0.2214,0.475,0.4747,-0.0107,12.07,193.01,0.77,127661.0,0.0,0.2242,0.0882,-0.0035,-0.0719,0.4543,-0.0108,1.03
3506,4700,0.691,0.0846,0.2249,0.4667,0.4699,-0.0122,11.51,189.06,0.78,125586.0,0.0,0.214,0.0839,-0.0033,-0.0703,0.38,-0.0125,1.03
3507,4700,0.6916,0.0841,0.2248,0.4676,0.474,-0.0115,11.91,209.08,0.77,127045.0,0.0,0.2234,0.0847,-0.0033,-0.0691,0.4039,-0.0122,1.02
3508,4700,0.6891,0.0833,0.2281,0.4676,0.4797,-0.0108,11.39,197.85,0.78,126512.0,0.0,0.2168,0.0814,-0.0033,-0.072,0.3505,-0.012,1.03
3509,4700,0.6865,0.0811,0.2328,0.4989,0.4304,-0.0113,11.74,204.5,0.77,127503.0,0.0,0.2088,0.0927,-0.0038,-0.0771,0.3344,-0.0116,1.03
3510,4700,0.6813,0.08,0.2392,0.5008,0.4498,-0.0096,12.3,195.51,0.77,127020.0,0.0,0.216,0.0965,-0.0044,-0.07,0.3432,-0.0119,1.02
3511,4700,0.6733,0.0796,0.2477,0.4975,0.4318,-0.0129,10.76,184.37,0.78,126062.0,0.0,0.2205,0.0919,-0.003,-0.0734,0.457,-0.0109,1.02
3512,4700,0.6675,0.0811,0.2521,0.4912,0.4422,-0.0136,10.75,199.38,0.77,128012.0,0.0,0.2122,0.0905,-0.0036,-0.0747,0.4812,-0.012,1.02
3513,4700,0.6599,0.081,0.2599,0.5148,0.4278,-0.011,11.15,200.72,0.78,126826.0,0.0,0.2218,0.0983,-0.0039,-0.0729,0.4658,-0.0113,1.02
3514,4700,0.6553,0.0833,0.2621,0.5135,0.4525,-0.0107,11.66,213.56,0.77,127726.0,0.0,0.2254,0.0928,-0.004,-0.0762,0.4286,-0.0095,1.02
3515,4700,0.6511,0.0859,0.2637,0.5038,0.4375,-0.0118,11.41,198.13,0.77,127403.0,0.0,0.2157,0.0962,-0.004,-0.0724,0.4271,-0.0118,1.03
3516,4700,0.6463,0.0859,0.2685,0.5102,0.4365,-0.01,11.95,195.99,0.77,127459.0,0.0,0.217,0.098,-0.0044,-0.0715,0.4014,-0.0117,1.03
3517,4700,0.6416,0.0843,0.2748,0.5051,0.4107,-0.013,10.96,196.36,0.77,127309.0,0.0,0.2125,0.0949,-0.0036,-0.0713,0.3969,-0.0109,1.03
3518,4700,0.6381,0.0833,0.2793,0.5179,0.4257,-0.0099,11.59,208.7,0.77,127623.0,0.0,0.2135,0.0995,-0.0039,-0.0707,0.4711,-0.0123,1.03
3519,4700,0.6333,0.0812,0.2866,0.5009,0.4173,-0.0141,11.49,204.97,0.78,125963.0,0.0,0.2036,0.0973,-0.0042,-0.0697,0.5072,-0.0125,1.03
3520,4700,0.6316,0.082,0.2874,0.4603,0.4668,-0.0118,11.2,177.04,0.77,128201.0,0.0,0.2113,0.0848,-0.0033,-0.0666,0.4003,-0.0123,1.03
3521,4700,0.6355,0.0838,0.2821,0.4876,0.4718,-0.0094,11.17,182.8,0.77,127626.0,0.0,0.2263,0.0886,-0.0034,-0.0731,0.4983,-0.0134,1.03
3522,4700,0.6335,0.0887,0.2791,0.469,0.4602,-0.0157,11.86,210.78,0.77,127764.0,0.0,0.214,0.0863,-0.0032,-0.0692,0.5089,-0.0131,1.03
3523,4700,0.6331,0.0918,0.2767,0.4825,0.4477,-0.0141,12.45,185.87,0.77,127027.0,0.0,0.2212,0.0906,-0.0039,-0.0688,0.5102,-0.013,1.03
3524,4700,0.6359,0.0917,0.2738,0.4666,0.4634,-0.0117,11.51,183.29,0.77,127435.0,0.0,0.2072,0.0876,-0.0037,-0.0674,0.4294,-0.0123,1.03
3525,4700,0.6443,0.0925,0.2645,0.4465,0.4876,-0.0123,11.28,200.47,0.77,127818.0,0.0,0.2129,0.0801,-0.0033,-0.0662,0.4411,-0.0127,1.03
3526,4700,0.6543,0.0903,0.2565,0.4787,0.4768,-0.0098,11.45,194.85,0.77,127886.0,0.0,0.2162,0.0872,-0.0032,-0.068,0.4735,-0.0115,1.03
3527,4700,0.6553,0.089,0.2568,0.4998,0.462,-0.012,12.1,177.88,0.77,127733.0,0.0,0.2296,0.0921,-0.0035,-0.073,0.4953,-0.0114,1.03
3528,4700,0.6575,0.0872,0.2562,0.4902,0.4336,-0.0135,11.45,187.39,0.77,127462.0,0.0,0.2127,0.0903,-0.003,-0.0693,0.4092,-0.0123,1.03
3529,4700,0.6537,0.0882,0.2593,0.5004,0.4558,-0.0106,11.8,192.25,0.78,125582.0,0.0,0.2235,0.0937,-0.0035,-0.0723,0.5285,-0.0115,1.03
3530,4700,0.6536,0.0873,0.2603,0.5124,0.4559,-0.01,11.42,205.1,0.78,126431.0,0.0,0.2328,0.095,-0.0036,-0.0748,0.534,-0.0123,1.03
3531,4700,0.6542,0.0865,0.2606,0.4597,0.4633,-0.014,11.77,187.61,0.77,127495.0,0.0,0.2131,0.0849,-0.0037,-0.0673,0.5229,-0.0118,1.03
3532,4700,0.6585,0.0852,0.2573,0.4705,0.4777,-0.011,11.9,198.82,0.78,125647.0,0.0,0.2175,0.0851,-0.0034,-0.0694,0.4896,-0.0131,1.03
3533,4700,0.6578,0.085,0.258,0.4808,0.4677,-0.0106,11.44,191.59,0.77,127136.0,0.0,0.2208,0.0878,-0.0034,-0.0721,0.4966,-0.0131,1.03
3534,4700,0.6584,0.0854,0.2569,0.4883,0.4528,-0.0109,11.77,175.25,0.78,126794.0,0.0,0.2209,0.0898,-0.0038,-0.0755,0.4464,-0.0123,1.03
3535,4700,0.6588,0.0822,0.2595,0.4622,0.5013,-0.0085,11.08,161.14,0.77,127922.0,0.0,0.2272,0.0799,-0.0032,-0.0724,0.4738,-0.0102,1.03
3536,4700,0.6626,0.0807,0.2573,0.4585,0.4639,-0.013,10.92,196.78,0.77,127137.0,0.0,0.2158,0.0833,-0.0033,-0.067,0.3934,-0.0136,1.03
3537,4700,0.6641,0.0806,0.2558,0.4682,0.4592,-0.0105,11.09,196.58,0.77,127425.0,0.0,0.2129,0.0863,-0.0035,-0.0682,0.4047,-0.0132,1.03
3538,4700,0.6611,0.0811,0.2583,0.4827,0.4292,-0.0147,11.03,197.07,0.78,126144.0,0.0,0.2163,0.0879,-0.0034,-0.0682,0.4686,-0.0097,1.03
3539,4700,0.6598,0.0827,0.258,0.4812,0.4677,-0.0119,11.27,190.65,0.78,126097.0,0.0,0.2204,0.0883,-0.0033,-0.0708,0.4209,-0.012,1.03
3540,4700,0.6586,0.0813,0.2607,0.5142,0.4533,-0.0086,12.35,199.04,0.77,127716.0,0.0,0.2353,0.0941,-0.0039,-0.075,0.4635,-0.012,1.03
3541,4700,0.6571,0.0828,0.2609,0.482,0.4423,-0.0127,12.28,199.52,0.77,127246.0,0.0,0.2231,0.0878,-0.0037,-0.0725,0.4508,-0.0125,1.03
3542,4700,0.6585,0.0806,0.2616,0.5124,0.4668,-0.0098,12.08,205.35,0.79,123759.0,0.0,0.2362,0.0933,-0.0039,-0.0758,0.4705,-0.0131,1.03
3543,4700,0.6594,0.0799,0.2612,0.5072,0.4519,-0.0122,10.97,188.54,0.77,127175.0,0.0,0.2336,0.0925,-0.0034,-0.0748,0.5219,-0.0121,1.03
3544,4700,0.6569,0.0817,0.2618,0.4891,0.4464,-0.012,10.51,191.8,0.78,126386.0,0.0,0.2119,0.092,-0.0037,-0.0676,0.5474,-0.0127,1.03
3545,4700,0.6541,0.0834,0.2627,0.492,0.4507,-0.0123,11.53,187.58,0.78,126688.0,0.0,0.2225,0.0919,-0.0036,-0.07,0.5157,-0.0123,1.03
3546,4700,0.652,0.0849,0.2633,0.4809,0.4388,-0.0151,11.16,192.63,0.78,126706.0,0.0,0.2097,0.0887,-0.0041,-0.0691,0.4215,-0.012,1.03
3547,4700,0.6545,0.084,0.2617,0.4856,0.467,-0.012,11.45,189.91,0.77,127079.0,0.0,0.2257,0.0894,-0.0033,-0.0712,0.4608,-0.0122,1.03
3548,4700,0.6559,0.0838,0.2606,0.4826,0.4618,-0.0114,11.94,212.67,0.77,127637.0,0.0,0.2211,0.0895,-0.0032,-0.0712,0.5244,-0.012,1.03
3549,4700,0.658,0.0831,0.2592,0.4676,0.4499,-0.0132,11.45,192.82,0.78,126328.0,0.0,0.2173,0.088,-0.0036,-0.0667,0.4007,-0.0129,1.03
3550,4700,0.6569,0.084,0.2596,0.486,0.4872,-0.0097,12.1,194.92,0.78,126124.0,0.0,0.2275,0.0877,-0.0029,-0.0683,0.5028,-0.0114,1.03
3551,4700,0.6589,0.0833,0.2584,0.4786,0.4693,-0.0108,11.97,185.12,0.77,127470.0,0.0,0.2244,0.0892,-0.0034,-0.0677,0.4189,-0.0123,1.03
3552,4700,0.6584,0.0847,0.2574,0.4634,0.4684,-0.0145,12.1,188.74,0.77,127607.0,0.0,0.2159,0.0851,-0.0031,-0.0695,0.4471,-0.0121,1.03
3553,4700,0.6607,0.0835,0.2562,0.498,0.4682,-0.0106,11.2,187.59,0.77,127618.0,0.0,0.2306,0.0934,-0.0034,-0.0709,0.486,-0.0126,1.03
3554,4700,0.6615,0.0839,0.2551,0.4587,0.4779,-0.0143,11.0,170.01,0.77,127173.0,0.0,0.2179,0.0844,-0.0025,-0.0659,0.5522,-0.0126,1.03
3555,4700,0.6638,0.0853,0.251,0.4906,0.4774,-0.0102,12.1,214.18,0.77,127565.0,0.0,0.2281,0.0897,-0.0029,-0.0725,0.4376,-0.0121,1.03
3556,4700,0.6648,0.0875,0.248,0.491,0.4565,-0.0135,10.66,187.24,0.77,127549.0,0.0,0.2189,0.0898,-0.0034,-0.0737,0.4117,-0.0128,1.03
3557,4700,0.6664,0.0869,0.2474,0.4788,0.468,-0.0125,11.24,197.67,0.77,127474.0,0.0,0.2108,0.0893,-0.0035,-0.0678,0.4849,-0.0136,1.03
3558,4700,0.6666,0.0868,0.2474,0.4832,0.4582,-0.0115,11.41,183.77,0.77,127881.0,0.0,0.2193,0.088,-0.0031,-0.0705,0.4174,-0.0119,1.03
3559,4700,0.6618,0.0843,0.2547,0.4769,0.4644,-0.0105,11.58,196.98,0.78,126326.0,0.0,0.2153,0.0886,-0.0031,-0.0682,0.3864,-0.0123,1.03
3560,4700,0.6616,0.0815,0.2577,0.4834,0.4682,-0.0106,11.93,179.25,0.77,127650.0,0.0,0.2206,0.0881,-0.0036,-0.0726,0.3951,-0.0128,1.03
3561,4700,0.6635,0.0809,0.2563,0.4764,0.4572,-0.0125,10.83,178.9,0.77,127530.0,0.0,0.2151,0.0875,-0.0031,-0.0715,0.4467,-0.0128,1.03
3562,4700,0.6628,0.0801,0.2577,0.5196,0.4238,-0.0118,11.64,204.21,0.78,126800.0,0.0,0.2206,0.098,-0.0037,-0.0726,0.475,-0.0126,1.03
3563,4700,0.6565,0.0817,0.2621,0.5057,0.4291,-0.0124,10.85,210.89,0.79,124765.0,0.0,0.2148,0.0964,-0.0034,-0.0699,0.4579,-0.0121,1.03
3564,4700,0.652,0.0816,0.2669,0.4983,0.4415,-0.0125,11.68,193.26,0.77,127253.0,0.0,0.2191,0.0917,-0.0035,-0.07,0.4237,-0.012,1.03
3565,4700,0.6469,0.0826,0.2711,0.505,0.4222,-0.0123,11.54,197.15,0.78,126786.0,0.0,0.2133,0.0939,-0.0036,-0.0695,0.4009,-0.0126,1.03
3566,4700,0.647,0.0809,0.2725,0.5023,0.443,-0.0116,11.67,199.88,0.77,127259.0,0.0,0.2172,0.0922,-0.0033,-0.0695,0.415,-0.0123,1.03
3567,4700,0.646,0.0804,0.2738,0.4946,0.4642,-0.0104,12.03,215.32,0.77,127538.0,0.0,0.2149,0.0927,-0.0037,-0.0698,0.499,-0.0124,1.03
3568,4700,0.6422,0.0806,0.2776,0.5027,0.4496,-0.0105,12.09,205.21,0.77,126925.0,0.0,0.2174,0.0949,-0.0031,-0.0682,0.4699,-0.012,1.03
3569,4700,0.6427,0.0806,0.2772,0.4709,0.4552,-0.0145,10.65,156.69,0.79,125173.0,0.0,0.2087,0.0885,-0.004,-0.0656,0.4979,-0.0123,1.03
3570,4700,0.6387,0.0854,0.2764,0.4981,0.4594,-0.0109,12.11,194.2,0.77,126851.0,0.0,0.2203,0.0937,-0.0037,-0.0674,0.4735,-0.0131,1.03
3571,4700,0.6406,0.0854,0.2744,0.4928,0.4507,-0.0131,11.33,187.79,0.78,125917.0,0.0,0.2154,0.0948,-0.0038,-0.0651,0.4858,-0.0088,1.03
3572,4700,0.6381,0.086,0.2764,0.5206,0.4301,-0.0119,11.24,202.23,0.78,126728.0,0.0,0.2282,0.0997,-0.0036,-0.0708,0.4683,-0.0085,1.03
3573,4700,0.6382,0.0857,0.2766,0.4885,0.4487,-0.0129,11.59,207.17,0.77,127140.0,0.0,0.2189,0.0908,-0.0031,-0.07,0.3631,-0.0126,1.03
3574,4700,0.64,0.0861,0.2744,0.5017,0.455,-0.0111,10.82,191.7,0.77,127727.0,0.0,0.2205,0.0933,-0.0027,-0.0694,0.428,-0.0129,1.03
3575,4700,0.6407,0.0872,0.2728,0.4721,0.4678,-0.0122,10.39,185.52,0.77,127900.0,0.0,0.2185,0.0884,-0.003,-0.0647,0.4657,-0.0125,1.03
3576,4700,0.6427,0.0853,0.2728,0.4922,0.4564,-0.0111,11.72,174.21,0.78,126450.0,0.0,0.2266,0.0932,-0.0028,-0.0663,0.5523,-0.0129,1.03
3577,4700,0.6452,0.0846,0.2709,0.4899,0.4685,-0.0126,12.56,202.11,0.77,127306.0,0.0,0.2291,0.0923,-0.0036,-0.0688,0.4588,-0.0117,1.03
3578,4700,0.6517,0.0817,0.2669,0.486,0.5021,-0.009,12.07,177.22,0.77,127460.0,0.0,0.2366,0.0889,-0.0033,-0.0712,0.4886,-0.0127,1.03
3579,4700,0.6593,0.0814,0.2596,0.4564,0.4924,-0.0127,11.15,172.75,0.77,127953.0,0.0,0.2196,0.0828,-0.0029,-0.0649,0.4459,-0.0119,1.03
3580,4700,0.662,0.0832,0.2551,0.4878,0.4427,-0.0132,10.73,180.77,0.77,127328.0,0.0,0.2174,0.0923,-0.0035,-0.0681,0.4611,-0.0124,1.03
3581,4700,0.6644,0.0846,0.2513,0.4562,0.4797,-0.0105,12.43,180.73,0.78,126719.0,0.0,0.2115,0.0845,-0.0028,-0.0619,0.3933,-0.0133,1.03
3582,4700,0.668,0.0833,0.249,0.4808,0.4613,-0.0099,11.35,189.29,0.77,128283.0,0.0,0.212,0.0898,-0.0029,-0.065,0.4307,-0.0116,1.03
3583,4700,0.6704,0.0827,0.2473,0.4578,0.4763,-0.0116,12.04,199.49,0.78,126817.0,0.0,0.2158,0.0874,-0.0033,-0.0617,0.5448,-0.0123,1.03
3584,4700,0.6746,0.0819,0.244,0.4755,0.4996,-0.0105,13.39,213.08,0.77,128289.0,0.0,0.2292,0.0879,-0.0033,-0.0688,0.4805,-0.0129,1.03
3585,4700,0.676,0.0807,0.2438,0.4855,0.4696,-0.0102,12.71,191.51,0.77,127382.0,0.0,0.2217,0.0906,-0.0033,-0.0671,0.4004,-0.0119,1.03
3586,4700,0.6764,0.0798,0.2446,0.4578,0.485,-0.011,10.93,173.22,0.77,127006.0,0.0,0.2156,0.0851,-0.003,-0.0643,0.519,-0.0114,1.03
3587,4700,0.6851,0.0801,0.2355,0.448,0.4853,-0.0124,11.98,193.29,0.79,124490.0,0.0,0.2131,0.0839,-0.0027,-0.0619,0.4928,-0.0119,1.03
3588,4700,0.6874,0.0826,0.2308,0.4879,0.4817,-0.009,11.79,183.51,0.77,126971.0,0.0,0.2202,0.0943,-0.0039,-0.0666,0.4835,-0.0121,1.03
3589,4700,0.6887,0.0818,0.2307,0.474,0.4631,-0.0127,11.68,188.18,0.77,127459.0,0.0,0.2231,0.0887,-0.0031,-0.0659,0.4801,-0.012,1.03
3590,4700,0.6863,0.083,0.2319,0.47,0.4676,-0.0117,11.43,180.47,0.77,127976.0,0.0,0.2163,0.0877,-0.0036,-0.067,0.5204,-0.0132,1.03
3591,4700,0.6853,0.0849,0.2304,0.4349,0.4706,-0.0147,11.74,185.5,0.77,127295.0,0.0,0.2063,0.0792,-0.003,-0.0629,0.4591,-0.0136,1.03
3592,4700,0.6863,0.0831,0.2312,0.4844,0.4894,-0.0091,11.39,195.09,0.78,125588.0,0.0,0.2294,0.0896,-0.0033,-0.0691,0.4244,-0.0124,1.03
3593,4700,0.6875,0.0804,0.233,0.4537,0.4878,-0.0104,11.79,180.39,0.77,127524.0,0.0,0.2152,0.0825,-0.0028,-0.0674,0.391,-0.0137,1.03
3594,4700,0.6894,0.0792,0.2326,0.4494,0.501,-0.0102,12.69,163.29,0.77,127696.0,0.0,0.2176,0.0829,-0.0031,-0.0664,0.5174,-0.0117,1.03
3595,4700,0.6951,0.0775,0.2285,0.4461,0.4639,-0.0164,11.27,176.18,0.77,127751.0,0.0,0.204,0.0805,-0.0029,-0.0649,0.4305,-0.0087,1.03
3596,4700,0.6979,0.0787,0.2248,0.4672,0.4722,-0.0116,11.48,183.3,0.77,127038.0,0.0,0.2215,0.0867,-0.0032,-0.0681,0.4555,-0.0126,1.03
3597,4700,0.6946,0.08,0.2266,0.4446,0.4648,-0.0131,11.85,199.32,0.77,127783.0,0.0,0.203,0.0829,-0.0036,-0.0631,0.4967,-0.0122,1.03
3598,4700,0.692,0.0794,0.2296,0.4676,0.477,-0.0109,11.89,199.52,0.77,127767.0,0.0,0.2213,0.0883,-0.0036,-0.0661,0.5123,-0.0132,1.03
3599,4700,0.6918,0.0783,0.2309,0.4605,0.4887,-0.0108,12.34,200.77,0.77,128017.0,0.0,0.2171,0.0857,-0.0034,-0.0661,0.4759,-0.0128,1.03
3600,4700,0.6939,0.0778,0.2294,0.4712,0.482,-0.01,11.96,184.01,0.77,128102.0,0.0,0.2182,0.0891,-0.0036,-0.0668,0.5663,-0.013,1.03
3601,4700,0.6936,0.0782,0.2296,0.4532,0.5144,-0.0086,12.14,188.29,0.79,124831.0,0.0,0.2254,0.0841,-0.0032,-0.0664,0.5706,-0.0124,1.03
3602,4700,0.6948,0.0783,0.2283,0.4757,0.4775,-0.0109,12.49,191.07,0.78,125729.0,0.0,0.2225,0.0894,-0.0033,-0.0674,0.4745,-0.012,1.03
3603,4700,0.6955,0.0777,0.228,0.4643,0.4933,-0.0105,11.77,191.74,0.78,126727.0,0.0,0.2217,0.0879,-0.0033,-0.0651,0.5566,-0.0126,1.03
3604,4700,0.6947,0.0796,0.2264,0.4536,0.4705,-0.0127,11.12,162.57,0.78,126201.0,0.0,0.212,0.0855,-0.0032,-0.0634,0.5254,-0.012,1.03
3605,4700,0.6909,0.0812,0.2285,0.455,0.4674,-0.0127,11.02,177.67,0.77,127626.0,0.0,0.2123,0.0852,-0.0031,-0.0643,0.5256,-0.0119,1.03
3606,4700,0.6891,0.0815,0.2299,0.4396,0.4886,-0.0119,11.77,186.38,0.78,125873.0,0.0,0.2155,0.0795,-0.0026,-0.0625,0.4418,-0.0124,1.03
3607,4700,0.6855,0.0839,0.2312,0.4499,0.4829,-0.013,10.94,147.34,0.77,127990.0,0.0,0.212,0.0824,-0.0034,-0.0667,0.3714,-0.013,1.03
3608,4700,0.6876,0.0829,0.2301,0.4696,0.4782,-0.0099,11.47,202.64,0.79,124832.0,0.0,0.2206,0.0867,-0.0035,-0.0675,0.4194,-0.0123,1.03
3609,4700,0.6841,0.0819,0.2343,0.4499,0.4717,-0.0106,11.6,173.54,0.77,128295.0,0.0,0.2063,0.0827,-0.0026,-0.0654,0.4014,-0.0132,1.03
3610,4700,0.6791,0.0838,0.2373,0.4684,0.4455,-0.0138,11.66,177.74,0.77,126876.0,0.0,0.2045,0.087,-0.0035,-0.0665,0.3856,-0.0102,1.03
3611,4700,0.6753,0.0829,0.2421,0.4806,0.4566,-0.0103,11.53,187.56,0.77,127457.0,0.0,0.2183,0.091,-0.0038,-0.0682,0.4053,-0.0111,1.03
3612,4700,0.6752,0.0789,0.2461,0.4853,0.4777,-0.0102,12.1,184.98,0.77,127502.0,0.0,0.2243,0.0902,-0.0032,-0.0675,0.4843,-0.0104,1.03
3613,4700,0.6839,0.0754,0.2409,0.4781,0.4916,-0.0109,11.42,175.0,0.77,127754.0,0.0,0.2257,0.0882,-0.0036,-0.0705,0.5119,-0.0085,1.03
3614,4700,0.6851,0.0768,0.2383,0.5097,0.4753,-0.01,11.78,207.0,0.77,127835.0,0.0,0.2324,0.0974,-0.004,-0.0734,0.5719,-0.0119,1.03
3615,4700,0.6815,0.0788,0.24,0.5077,0.4578,-0.0106,12.44,220.67,0.77,127194.0,0.0,0.2322,0.0987,-0.0041,-0.0702,0.5109,-0.0121,1.03
3616,4700,0.6754,0.0793,0.246,0.4924,0.4561,-0.0122,11.65,186.22,0.77,127817.0,0.0,0.2284,0.0954,-0.0038,-0.0685,0.5902,-0.0093,1.03
3617,4700,0.6684,0.08,0.2523,0.4974,0.4683,-0.0104,12.51,188.33,0.77,127775.0,0.0,0.2251,0.0962,-0.0039,-0.0695,0.5001,-0.0072,1.03
3618,4700,0.6699,0.0776,0.2534,0.4867,0.48,-0.0098,12.1,184.39,0.77,127342.0,0.0,0.2287,0.093,-0.0035,-0.0693,0.5202,-0.0123,1.03
3619,4700,0.6683,0.0768,0.2558,0.493,0.4778,-0.0089,12.33,177.98,0.79,124168.0,0.0,0.2302,0.0928,-0.0036,-0.0719,0.4936,-0.012,1.03
3620,4700,0.6709,0.0734,0.2564,0.4495,0.4765,-0.0129,11.65,184.4,0.77,127470.0,0.0,0.214,0.0834,-0.003,-0.0653,0.4906,-0.0107,1.03
3621,4700,0.672,0.0741,0.2543,0.4694,0.4807,-0.0109,12.37,184.2,0.77,128221.0,0.0,0.2188,0.0854,-0.0034,-0.0702,0.42,-0.0124,1.04
3622,4700,0.6746,0.0767,0.249,0.4471,0.4785,-0.013,11.72,179.8,0.77,127553.0,0.0,0.2093,0.0808,-0.003,-0.0672,0.4442,-0.0125,1.04
3623,4700,0.6786,0.0778,0.2438,0.4712,0.4832,-0.0129,10.62,183.22,0.77,128297.0,0.0,0.2173,0.0881,-0.0034,-0.0701,0.5434,-0.0125,1.04
3624,4700,0.6819,0.078,0.2404,0.4555,0.495,-0.0128,11.07,175.72,0.77,127187.0,0.0,0.2211,0.0844,-0.0031,-0.0681,0.5247,-0.0129,1.04
3625,4700,0.6845,0.0782,0.2378,0.4613,0.4815,-0.0113,12.6,185.66,0.78,126497.0,0.0,0.2225,0.084,-0.0031,-0.0695,0.4674,-0.0134,1.04
3626,4700,0.6882,0.0783,0.2342,0.4801,0.4826,-0.0117,12.18,183.61,0.77,127577.0,0.0,0.2257,0.0894,-0.0031,-0.0739,0.4586,-0.0123,1.04
3627,4700,0.6912,0.0767,0.233,0.4882,0.4753,-0.0121,11.77,190.01,0.77,127579.0,0.0,0.2268,0.0929,-0.0034,-0.0696,0.5303,-0.0118,1.04
3628,4700,0.6882,0.0811,0.2315,0.4769,0.4816,-0.0124,12.3,199.19,0.77,127939.0,0.0,0.2297,0.0893,-0.0033,-0.0719,0.5289,-0.0131,1.04
3629,4700,0.6854,0.083,0.2325,0.4761,0.4888,-0.0104,11.8,175.14,0.77,127849.0,0.0,0.2266,0.0879,-0.0037,-0.0724,0.5007,-0.0128,1.04
3630,4700,0.6823,0.084,0.2348,0.4792,0.4377,-0.0148,10.72,175.67,0.77,127126.0,0.0,0.2102,0.0916,-0.0038,-0.0688,0.5234,-0.0127,1.04
3631,4700,0.6762,0.0858,0.2392,0.4957,0.4536,-0.01,11.14,179.45,0.77,127349.0,0.0,0.2307,0.0978,-0.0043,-0.0675,0.5992,-0.0137,1.04
3632,4700,0.6795,0.0864,0.2352,0.4674,0.4947,-0.0123,12.02,192.54,0.77,127591.0,0.0,0.2243,0.0872,-0.0035,-0.0706,0.5474,-0.0124,1.04
3633,4700,0.6799,0.087,0.2339,0.4694,0.4515,-0.0133,10.43,174.65,0.77,128045.0,0.0,0.2162,0.0901,-0.0036,-0.0672,0.4877,-0.0114,1.04
3634,4700,0.678,0.0896,0.2331,0.4655,0.4876,-0.0126,11.32,196.81,0.77,127918.0,0.0,0.2195,0.086,-0.0035,-0.0711,0.4662,-0.0121,1.04
3635,4700,0.6761,0.0918,0.2326,0.4388,0.4754,-0.0151,11.07,186.86,0.77,127645.0,0.0,0.2126,0.0822,-0.0037,-0.0655,0.529,-0.0124,1.04
3636,4700,0.679,0.0948,0.2267,0.4552,0.4961,-0.0133,11.95,194.0,0.77,127661.0,0.0,0.2211,0.0855,-0.0041,-0.0669,0.4937,-0.0125,1.04
3637,4700,0.6826,0.0942,0.2237,0.4334,0.4987,-0.0134,11.76,184.56,0.77,127692.0,0.0,0.2072,0.0804,-0.0032,-0.0633,0.4853,-0.0127,1.04
3638,4700,0.6821,0.0941,0.2243,0.4766,0.4783,-0.0099,10.26,159.94,0.77,128022.0,0.0,0.2264,0.0903,-0.0039,-0.0706,0.5035,-0.0133,1.04
3639,4700,0.6819,0.0936,0.2249,0.4517,0.4975,-0.0113,11.67,177.77,0.77,128204.0,0.0,0.2173,0.0855,-0.0036,-0.0647,0.4778,-0.0114,1.04
3640,4700,0.6839,0.088,0.2286,0.4602,0.5011,-0.0097,12.78,188.81,0.78,126390.0,0.0,0.222,0.085,-0.0032,-0.0668,0.501,-0.0111,1.04
3641,4700,0.6877,0.0872,0.2255,0.4648,0.4694,-0.013,11.32,169.32,0.78,126293.0,0.0,0.215,0.0865,-0.0036,-0.0674,0.4377,-0.0102,1.04
3642,4700,0.6862,0.0848,0.2296,0.47,0.4928,-0.0116,11.91,194.68,0.77,127729.0,0.0,0.2274,0.0865,-0.0035,-0.0706,0.4529,-0.0117,1.04
3643,4700,0.6837,0.0854,0.2315,0.463,0.4701,-0.0131,11.32,169.58,0.78,126332.0,0.0,0.2199,0.0891,-0.0041,-0.0644,0.5137,-0.0119,1.04
3644,4700,0.6777,0.0847,0.238,0.4645,0.4727,-0.0129,9.92,179.04,0.77,128223.0,0.0,0.2112,0.0863,-0.0034,-0.0677,0.4594,-0.0132,1.04
3645,4700,0.6751,0.0847,0.2406,0.4655,0.4714,-0.0106,12.29,186.73,0.77,127438.0,0.0,0.2198,0.0886,-0.0039,-0.0659,0.5051,-0.0129,1.04
3646,4700,0.6732,0.0883,0.2387,0.4682,0.4496,-0.016,10.02,163.05,0.77,128204.0,0.0,0.2195,0.0879,-0.0036,-0.0693,0.5485,-0.0087,1.04
3647,4700,0.6755,0.0882,0.2366,0.473,0.49,-0.0097,11.56,189.37,0.77,128463.0,0.0,0.2236,0.0883,-0.004,-0.0695,0.5058,-0.0133,1.04
3648,4700,0.6817,0.0863,0.2322,0.4524,0.489,-0.012,11.79,168.41,0.77,128185.0,0.0,0.2169,0.0833,-0.0031,-0.0663,0.5156,-0.0122,1.04
3649,4700,0.6885,0.0866,0.2253,0.4503,0.4942,-0.0122,11.56,185.04,0.76,128693.0,0.0,0.2171,0.0826,-0.0033,-0.068,0.4692,-0.0128,1.04
3650,4700,0.6911,0.0851,0.2245,0.4706,0.4824,-0.0111,11.87,178.88,0.77,128315.0,0.0,0.228,0.089,-0.0038,-0.0694,0.5497,-0.0123,1.04
3651,4700,0.6935,0.0842,0.2228,0.4747,0.4876,-0.0115,11.34,173.64,0.77,128307.0,0.0,0.2287,0.0886,-0.0038,-0.0704,0.5604,-0.0124,1.04
3652,4700,0.6937,0.0851,0.2217,0.4597,0.4689,-0.0127,11.7,171.85,0.77,127240.0,0.0,0.2136,0.0888,-0.0031,-0.066,0.5391,-0.0122,1.04
3653,4700,0.6927,0.0844,0.2235,0.467,0.4738,-0.0109,11.11,182.87,0.77,128192.0,0.0,0.2138,0.0871,-0.0032,-0.0699,0.4615,-0.0118,1.04
3654,4700,0.6929,0.0834,0.2244,0.4429,0.4801,-0.0126,11.18,162.96,0.77,127718.0,0.0,0.2132,0.0821,-0.0036,-0.0652,0.4796,-0.0129,1.04
3655,4700,0.6974,0.0815,0.2221,0.4651,0.4988,-0.0104,10.63,167.69,0.76,128858.0,0.0,0.2258,0.087,-0.0036,-0.0716,0.5245,-0.0128,1.04
3656,4700,0.7041,0.0823,0.2145,0.4394,0.5189,-0.0112,12.23,177.0,0.77,128218.0,0.0,0.224,0.0781,-0.0031,-0.0679,0.4725,-0.0124,1.04
3657,4700,0.7069,0.0814,0.2128,0.445,0.4971,-0.0132,10.99,152.33,0.77,127477.0,0.0,0.2178,0.0813,-0.003,-0.0668,0.4903,-0.014,1.04
3658,4700,0.708,0.0823,0.2109,0.4382,0.4714,-0.0136,10.75,183.16,0.77,127899.0,0.0,0.2064,0.0793,-0.0038,-0.0708,0.4698,-0.0105,1.04
3659,4700,0.7051,0.0836,0.2125,0.4489,0.4945,-0.0104,11.47,180.4,0.76,128602.0,0.0,0.2181,0.0797,-0.0033,-0.0683,0.3865,-0.0105,1.04
3660,4700,0.7026,0.0851,0.2134,0.4711,0.4735,-0.0126,12.52,205.53,0.77,128366.0,0.0,0.2274,0.0853,-0.0033,-0.0728,0.4235,-0.0126,1.04
3661,4700,0.699,0.0834,0.2186,0.4769,0.4882,-0.0096,11.34,177.0,0.78,125265.0,0.0,0.2262,0.0875,-0.0032,-0.072,0.4529,-0.0131,1.04
3662,4700,0.6982,0.0809,0.2219,0.495,0.482,-0.0092,12.29,216.12,0.77,127675.0,0.0,0.2281,0.0924,-0.004,-0.0769,0.4381,-0.0101,1.04
3663,4700,0.6977,0.0801,0.223,0.4539,0.4846,-0.0099,11.16,172.29,0.77,128059.0,0.0,0.2165,0.0845,-0.0036,-0.066,0.4019,-0.0116,1.04
3664,4700,0.6958,0.08,0.2248,0.4726,0.4887,-0.0105,12.2,187.36,0.77,128472.0,0.0,0.2287,0.0865,-0.0032,-0.0712,0.4695,-0.0127,1.04
3665,4700,0.6952,0.0794,0.2259,0.478,0.4792,-0.0111,11.39,188.64,0.77,128322.0,0.0,0.2235,0.0902,-0.004,-0.0689,0.4736,-0.0125,1.04
3666,4700,0.6918,0.0822,0.2269,0.4809,0.4684,-0.0114,11.59,201.92,0.77,128131.0,0.0,0.2254,0.092,-0.0036,-0.0713,0.4732,-0.0132,1.04
3667,4700,0.6892,0.0826,0.2294,0.4945,0.4707,-0.011,11.9,187.76,0.77,127777.0,0.0,0.2212,0.0956,-0.0044,-0.0722,0.4646,-0.0112,1.04
3668,4700,0.6907,0.0819,0.2288,0.4656,0.4747,-0.013,11.42,178.23,0.78,126666.0,0.0,0.2153,0.0889,-0.0037,-0.0669,0.4411,-0.0128,1.04
3669,4700,0.6881,0.0805,0.2326,0.4907,0.4874,-0.0085,11.96,191.94,0.77,128275.0,0.0,0.2299,0.0926,-0.0042,-0.0714,0.5266,-0.013,1.04
3670,4700,0.6841,0.0799,0.2369,0.4621,0.4871,-0.0101,11.34,188.8,0.77,126960.0,0.0,0.2155,0.0865,-0.0035,-0.0688,0.467,-0.01,1.04
3671,4700,0.6867,0.0778,0.236,0.4648,0.4987,-0.0102,11.68,200.03,0.77,126997.0,0.0,0.2251,0.0852,-0.0032,-0.0696,0.448,-0.0083,1.04
3672,4700,0.6886,0.0754,0.2363,0.4954,0.4655,-0.0101,12.46,193.57,0.77,127351.0,0.0,0.2317,0.0935,-0.004,-0.0741,0.4375,-0.013,1.04
3673,4700,0.6921,0.0738,0.2346,0.4475,0.4996,-0.0116,10.76,160.2,0.78,126841.0,0.0,0.2136,0.0827,-0.004,-0.0668,0.4602,-0.0124,1.04
3674,4700,0.694,0.0748,0.2317,0.4563,0.5034,-0.0108,12.37,192.85,0.77,127420.0,0.0,0.2212,0.0844,-0.0036,-0.0696,0.5026,-0.0121,1.04
3675,4700,0.6981,0.0759,0.2262,0.4381,0.4883,-0.0151,10.11,175.06,0.78,125781.0,0.0,0.2107,0.0811,-0.0036,-0.0673,0.4623,-0.0129,1.04
3676,4700,0.7021,0.0774,0.2206,0.4774,0.4938,-0.0092,12.09,204.1,0.77,126999.0,0.0,0.23,0.0894,-0.0036,-0.0714,0.5322,-0.0124,1.04
3677,4700,0.7003,0.0798,0.2202,0.4742,0.4716,-0.0129,12.62,200.4,0.77,127459.0,0.0,0.2211,0.0885,-0.0036,-0.0715,0.4901,-0.0136,1.04
3678,4700,0.7011,0.0798,0.2195,0.4623,0.5029,-0.0107,11.91,172.58,0.77,127898.0,0.0,0.2295,0.0863,-0.0034,-0.0689,0.4174,-0.0104,1.04
3679,4700,0.7028,0.0795,0.2184,0.4668,0.499,-0.0085,11.87,178.87,0.77,128152.0,0.0,0.2236,0.0888,-0.0047,-0.0681,0.4696,-0.0126,1.04
3680,4700,0.7074,0.0787,0.2145,0.483,0.5106,-0.01,12.44,172.85,0.76,128839.0,0.0,0.2379,0.0923,-0.004,-0.0736,0.5525,-0.0125,1.04
3681,4700,0.7113,0.0757,0.2135,0.4711,0.4783,-0.014,11.34,163.0,0.77,128020.0,0.0,0.2288,0.09,-0.0043,-0.0698,0.5813,-0.0129,1.04
3682,4700,0.7132,0.0768,0.2105,0.4475,0.5055,-0.0105,12.09,175.96,0.77,127703.0,0.0,0.2193,0.0837,-0.0033,-0.0661,0.5727,-0.0115,1.04
3683,4700,0.7162,0.0774,0.2069,0.4483,0.4981,-0.0138,11.56,169.79,0.77,127660.0,0.0,0.2233,0.0826,-0.0042,-0.0679,0.5112,-0.0121,1.04
3684,4700,0.719,0.0791,0.2026,0.4627,0.5054,-0.0102,11.39,185.12,0.77,127890.0,0.0,0.2269,0.0881,-0.0044,-0.068,0.5052,-0.0131,1.04
3685,4700,0.721,0.0792,0.2005,0.4396,0.53,-0.0085,12.35,174.58,0.77,127179.0,0.0,0.2232,0.0807,-0.0033,-0.0672,0.5404,-0.0127,1.04
3686,4700,0.724,0.078,0.1989,0.4413,0.518,-0.0103,12.26,184.58,0.77,128301.0,0.0,0.2255,0.0814,-0.004,-0.0682,0.5165,-0.0128,1.04
3687,4700,0.725,0.0793,0.1967,0.449,0.4978,-0.0111,11.76,156.38,0.77,127775.0,0.0,0.2165,0.0836,-0.0037,-0.0689,0.5005,-0.0121,1.04
3688,4700,0.7276,0.0811,0.1923,0.4502,0.5244,-0.0106,12.29,176.47,0.77,128142.0,0.0,0.2296,0.0834,-0.004,-0.0673,0.503,-0.0137,1.04
3689,4700,0.7312,0.0822,0.1874,0.4173,0.5252,-0.0123,11.95,169.82,0.77,127486.0,0.0,0.2135,0.0745,-0.0034,-0.0632,0.4917,-0.0114,1.04
3690,4700,0.7293,0.0842,0.1872,0.4408,0.4935,-0.0127,12.04,167.43,0.77,128358.0,0.0,0.2149,0.0823,-0.0037,-0.0665,0.3906,-0.0118,1.04
3691,4700,0.7301,0.0826,0.1884,0.4461,0.5135,-0.0108,12.01,159.2,0.76,128839.0,0.0,0.2291,0.0782,-0.0035,-0.0697,0.4379,-0.0128,1.04
3692,4700,0.7299,0.0814,0.1895,0.4486,0.5128,-0.0101,12.11,159.5,0.77,128253.0,0.0,0.2243,0.0791,-0.0032,-0.0707,0.4709,-0.0137,1.04
3693,4700,0.7302,0.0806,0.1903,0.4353,0.4982,-0.0134,11.57,185.29,0.77,128314.0,0.0,0.212,0.0778,-0.0031,-0.0688,0.4946,-0.0124,1.04
3694,4700,0.7324,0.0812,0.1872,0.4485,0.5109,-0.0095,11.96,176.49,0.77,127869.0,0.0,0.2266,0.0811,-0.0033,-0.069,0.4466,-0.0135,1.03
3695,4700,0.7291,0.0838,0.1878,0.4474,0.4877,-0.0134,11.42,168.88,0.76,128580.0,0.0,0.2173,0.0821,-0.0039,-0.0687,0.4114,-0.014,1.03
3696,4700,0.7252,0.085,0.1903,0.4723,0.4754,-0.0098,11.53,201.19,0.78,126590.0,0.0,0.2139,0.0894,-0.0048,-0.0708,0.4973,-0.013,1.04
3697,4700,0.7196,0.0844,0.1965,0.4466,0.494,-0.0123,10.71,188.09,0.77,127272.0,0.0,0.2158,0.0838,-0.0038,-0.067,0.4809,-0.0129,1.04
3698,4700,0.7156,0.0839,0.201,0.4539,0.4792,-0.0126,11.2,187.29,0.77,127512.0,0.0,0.2142,0.082,-0.0033,-0.068,0.406,-0.0135,1.04
3699,4700,0.718,0.084,0.1989,0.4467,0.4992,-0.012,11.21,186.77,0.77,128164.0,0.0,0.2153,0.0825,-0.0042,-0.0684,0.4607,-0.0131,1.04
3700,4700,0.7179,0.0851,0.1978,0.4482,0.4766,-0.0136,10.98,168.4,0.77,127313.0,0.0,0.2121,0.0844,-0.0038,-0.0677,0.4582,-0.0114,1.04
3701,4700,0.7146,0.0851,0.2011,0.4586,0.4934,-0.009,11.4,172.63,0.79,124002.0,0.0,0.2215,0.0876,-0.004,-0.0662,0.4224,-0.0109,1.04
3702,4700,0.7101,0.0843,0.2061,0.4634,0.4799,-0.0099,11.64,171.95,0.77,126915.0,0.0,0.217,0.0878,-0.0033,-0.0667,0.4143,-0.0121,1.04
3703,4700,0.7074,0.0834,0.2097,0.4752,0.4956,-0.0081,11.43,183.48,0.78,126693.0,0.0,0.2213,0.0897,-0.0041,-0.0686,0.5262,-0.0131,1.04
3704,4700,0.7084,0.0847,0.2075,0.4359,0.515,-0.0108,12.03,155.78,0.79,124097.0,0.0,0.2155,0.0799,-0.0035,-0.0643,0.4429,-0.0137,1.04
3705,4700,0.7142,0.0792,0.2073,0.4616,0.5134,-0.0093,12.3,162.02,0.76,128676.0,0.0,0.2201,0.0835,-0.0039,-0.0693,0.4233,-0.0133,1.04
3706,4700,0.713,0.0767,0.2112,0.4656,0.4726,-0.0106,11.33,164.39,0.78,125780.0,0.0,0.2249,0.0859,-0.0038,-0.0658,0.4888,-0.0138,1.04
3707,4700,0.706,0.0796,0.2155,0.4592,0.4909,-0.0113,12.69,178.22,0.77,127345.0,0.0,0.2149,0.0837,-0.0042,-0.066,0.4425,-0.0135,1.04
3708,4700,0.7042,0.083,0.2138,0.4379,0.4803,-0.0145,11.26,185.79,0.77,127238.0,0.0,0.2073,0.0793,-0.0035,-0.0639,0.4411,-0.0131,1.04
3709,4700,0.7022,0.0833,0.2153,0.4543,0.4971,-0.0104,10.95,165.72,0.77,127213.0,0.0,0.2198,0.0819,-0.0035,-0.0684,0.4349,-0.0128,1.04
3710,4700,0.7041,0.0822,0.2142,0.4536,0.5043,-0.012,11.5,166.1,0.77,127764.0,0.0,0.2241,0.0801,-0.0032,-0.0692,0.4652,-0.0129,1.04
3711,4700,0.7045,0.0824,0.2131,0.4485,0.5001,-0.0104,12.23,171.5,0.76,128736.0,0.0,0.2201,0.08,-0.0031,-0.0674,0.4194,-0.0135,1.05
3712,4700,0.7036,0.0804,0.216,0.4669,0.4601,-0.0124,11.41,182.04,0.77,128258.0,0.0,0.2147,0.0861,-0.0037,-0.0708,0.3713,-0.0123,1.05
3713,4700,0.7014,0.0797,0.2188,0.4437,0.5041,-0.0112,12.24,172.79,0.76,128682.0,0.0,0.2234,0.0795,-0.0039,-0.0685,0.4608,-0.0126,1.05
3714,4700,0.7001,0.0799,0.2201,0.4628,0.491,-0.0117,11.99,177.85,0.77,127627.0,0.0,0.2268,0.0816,-0.0032,-0.0714,0.4847,-0.0124,1.05
3715,4700,0.6974,0.0815,0.221,0.4578,0.4767,-0.014,12.07,193.85,0.77,128218.0,0.0,0.2181,0.0831,-0.0036,-0.069,0.4455,-0.0122,1.05
3716,4700,0.6959,0.0828,0.2214,0.4618,0.4941,-0.01,11.98,185.65,0.77,127693.0,0.0,0.2293,0.0823,-0.0036,-0.0703,0.4615,-0.013,1.05
3717,4700,0.695,0.0836,0.2214,0.471,0.4805,-0.0131,11.17,173.96,0.76,128844.0,0.0,0.2296,0.0852,-0.0031,-0.0722,0.5135,-0.0122,1.05
3718,4700,0.6945,0.0833,0.2222,0.4764,0.4832,-0.011,11.91,185.02,0.76,128743.0,0.0,0.2306,0.0864,-0.0035,-0.0711,0.5203,-0.0132,1.05
3719,4700,0.6939,0.0823,0.2238,0.4639,0.494,-0.0101,12.14,190.61,0.77,127659.0,0.0,0.2227,0.0844,-0.0033,-0.0665,0.515,-0.0116,1.05
3720,4700,0.6951,0.0816,0.2235,0.4613,0.4947,-0.0121,12.39,197.73,0.77,128161.0,0.0,0.2231,0.0819,-0.003,-0.0712,0.4499,-0.0133,1.05
3721,4700,0.6987,0.0826,0.2192,0.4382,0.5006,-0.0113,11.66,169.4,0.77,128140.0,0.0,0.2142,0.0794,-0.0031,-0.0669,0.5447,-0.0136,1.05
3722,4700,0.7014,0.0836,0.2158,0.4733,0.4876,-0.0116,12.31,188.54,0.76,128671.0,0.0,0.219,0.0868,-0.0036,-0.0717,0.5426,-0.0129,1.05
3723,4700,0.7016,0.0842,0.2149,0.4591,0.4809,-0.015,11.06,173.21,0.78,126481.0,0.0,0.2271,0.0819,-0.0029,-0.0709,0.445,-0.0116,1.05
3724,4700,0.7028,0.0839,0.2142,0.4661,0.4888,-0.0097,11.47,179.19,0.78,125484.0,0.0,0.2136,0.0842,-0.0035,-0.0732,0.409,-0.0133,1.05
3725,4700,0.703,0.0834,0.2146,0.4426,0.5135,-0.0103,12.16,189.94,0.77,128143.0,0.0,0.2195,0.0792,-0.0036,-0.0708,0.4895,-0.0135,1.05
3726,4700,0.7038,0.082,0.2152,0.4672,0.4882,-0.0114,11.13,170.61,0.78,126594.0,0.0,0.2279,0.0855,-0.0036,-0.071,0.4937,-0.0112,1.05
3727,4700,0.7091,0.0818,0.2099,0.4446,0.5143,-0.0123,11.08,174.51,0.76,128625.0,0.0,0.2203,0.0784,-0.003,-0.0703,0.4676,-0.0129,1.05
3728,4700,0.7119,0.0819,0.207,0.4801,0.4995,-0.0082,12.89,197.9,0.77,127914.0,0.0,0.2332,0.0888,-0.0036,-0.0712,0.4682,-0.0133,1.05
3729,4700,0.7109,0.0836,0.207,0.4318,0.5046,-0.0153,11.74,169.57,0.77,128015.0,0.0,0.2214,0.0749,-0.0029,-0.068,0.4996,-0.013,1.05
3730,4700,0.7128,0.0851,0.2034,0.4592,0.5068,-0.0104,12.12,172.05,0.78,126827.0,0.0,0.2203,0.082,-0.0035,-0.0715,0.4714,-0.009,1.05
3731,4700,0.7128,0.0871,0.2017,0.4708,0.4907,-0.0116,12.6,194.63,0.76,128638.0,0.0,0.2282,0.0848,-0.0035,-0.0725,0.4323,-0.0134,1.05
3732,4700,0.7113,0.0892,0.2011,0.4429,0.4862,-0.013,11.42,178.68,0.78,126793.0,0.0,0.2129,0.0793,-0.0033,-0.0689,0.4512,-0.0134,1.05
3733,4700,0.71,0.0911,0.2006,0.4646,0.477,-0.0121,11.98,186.97,0.77,128358.0,0.0,0.2193,0.0839,-0.0033,-0.0725,0.3939,-0.0134,1.05
3734,4700,0.7107,0.0902,0.2002,0.48,0.4844,-0.0102,11.94,213.21,0.77,127190.0,0.0,0.2267,0.0884,-0.0034,-0.0744,0.4883,-0.0124,1.05
3735,4700,0.709,0.0877,0.2037,0.4531,0.4999,-0.0099,12.36,175.57,0.77,127263.0,0.0,0.2196,0.0819,-0.0035,-0.0698,0.4194,-0.011,1.05
3736,4700,0.7079,0.0812,0.2114,0.4888,0.4906,-0.007,12.22,192.09,0.76,128603.0,0.0,0.2322,0.0883,-0.0031,-0.0742,0.4342,-0.012,1.05
3737,4700,0.7094,0.0778,0.2133,0.4654,0.4886,-0.0096,10.97,180.0,0.77,128235.0,0.0,0.2256,0.0836,-0.0035,-0.0707,0.4412,-0.0133,1.05
3738,4700,0.7147,0.076,0.2098,0.4632,0.5337,-0.008,11.93,171.35,0.77,127418.0,0.0,0.2364,0.0824,-0.0029,-0.071,0.4506,-0.0121,1.05
3739,4700,0.7154,0.0756,0.2095,0.4592,0.48,-0.0122,11.03,180.18,0.76,128673.0,0.0,0.2155,0.0828,-0.0032,-0.0697,0.4499,-0.0131,1.05
3740,4700,0.7138,0.078,0.2087,0.4344,0.4895,-0.0124,10.95,196.87,0.77,127860.0,0.0,0.2114,0.0779,-0.0029,-0.0695,0.4097,-0.0128,1.05
3741,4700,0.7167,0.0767,0.2068,0.4623,0.506,-0.0106,12.04,198.99,0.77,127717.0,0.0,0.2236,0.0825,-0.003,-0.0702,0.4352,-0.0145,1.05
3742,4700,0.7139,0.0762,0.2101,0.4783,0.4838,-0.0102,10.98,197.87,0.77,128396.0,0.0,0.2217,0.0863,-0.0032,-0.0728,0.4901,-0.0142,1.05
3743,4700,0.7079,0.0767,0.2155,0.4657,0.486,-0.0115,12.37,197.07,0.77,128452.0,0.0,0.2222,0.0833,-0.0028,-0.0723,0.4256,-0.0138,1.05
3744,4700,0.706,0.0805,0.2134,0.4329,0.4775,-0.0128,11.33,176.07,0.78,126482.0,0.0,0.2129,0.0792,-0.0032,-0.0645,0.4766,-0.0122,1.05
3745,4700,0.7029,0.083,0.2141,0.4532,0.483,-0.0124,11.97,197.86,0.77,128296.0,0.0,0.219,0.0816,-0.0031,-0.0688,0.4896,-0.0088,1.05
3746,4700,0.7016,0.0823,0.2161,0.4423,0.5053,-0.0097,11.51,168.17,0.76,128504.0,0.0,0.2157,0.0789,-0.0028,-0.0685,0.4313,-0.0133,1.05
3747,4700,0.7004,0.0807,0.2189,0.4465,0.4887,-0.0137,11.12,180.28,0.76,128812.0,0.0,0.2166,0.0799,-0.0031,-0.07,0.5175,-0.0124,1.05
3748,4700,0.6991,0.0804,0.2205,0.4471,0.5043,-0.0108,11.2,181.2,0.77,128220.0,0.0,0.2172,0.0801,-0.0031,-0.0676,0.5124,-0.0133,1.05
3749,4700,0.699,0.0775,0.2235,0.453,0.4986,-0.011,12.31,151.11,0.77,128132.0,0.0,0.2152,0.0808,-0.0032,-0.0694,0.4866,-0.0121,1.05
3750,4700,0.705,0.0755,0.2195,0.4754,0.4979,-0.0109,12.56,204.51,0.76,128642.0,0.0,0.2332,0.085,-0.0032,-0.0753,0.528,-0.0121,1.05
3751,4700,0.7046,0.0769,0.2185,0.4254,0.5111,-0.0119,11.4,164.31,0.77,127204.0,0.0,0.2123,0.0749,-0.0025,-0.0671,0.4964,-0.0122,1.04
3752,4700,0.7065,0.0778,0.2157,0.4569,0.4901,-0.0116,12.45,190.7,0.77,128475.0,0.0,0.2211,0.0817,-0.0031,-0.0713,0.4539,-0.0118,1.04
3753,4700,0.708,0.0776,0.2147,0.484,0.489,-0.0097,12.64,200.28,0.78,126468.0,0.0,0.224,0.087,-0.0033,-0.0759,0.4443,-0.0117,1.04
3754,4700,0.7053,0.0774,0.2175,0.4588,0.4768,-0.0124,10.84,191.86,0.77,127930.0,0.0,0.217,0.0817,-0.003,-0.0719,0.437,-0.0122,1.04
3755,4700,0.7036,0.0769,0.2198,0.458,0.5045,-0.0096,12.39,183.4,0.77,127332.0,0.0,0.2176,0.0802,-0.0031,-0.0743,0.4587,-0.0116,1.04
3756,4700,0.7057,0.078,0.2166,0.4524,0.4713,-0.0156,12.0,184.53,0.77,127786.0,0.0,0.2181,0.0812,-0.0028,-0.0714,0.3987,-0.0131,1.04
3757,4700,0.7035,0.0819,0.2148,0.4704,0.5005,-0.0083,12.18,198.07,0.77,127900.0,0.0,0.2252,0.0837,-0.0036,-0.0745,0.4068,-0.0129,1.04
3758,4700,0.7046,0.0803,0.2154,0.4657,0.4809,-0.0129,11.46,184.58,0.77,127699.0,0.0,0.2224,0.0869,-0.0029,-0.0688,0.5044,-0.013,1.04
3759,4700,0.7028,0.0824,0.2154,0.4341,0.478,-0.0177,10.96,158.4,0.77,127205.0,0.0,0.2109,0.075,-0.0025,-0.0714,0.4415,-0.0131,1.04
3760,4700,0.7005,0.0836,0.2167,0.484,0.4861,-0.0098,12.17,190.23,0.77,128146.0,0.0,0.2292,0.0882,-0.0029,-0.0749,0.4874,-0.0133,1.04
3761,4700,0.6983,0.0822,0.2204,0.4552,0.4915,-0.0111,10.67,173.47,0.77,128158.0,0.0,0.2178,0.0811,-0.0028,-0.0721,0.4522,-0.012,1.04
3762,4700,0.6965,0.0823,0.2221,0.4577,0.4943,-0.0106,12.31,169.08,0.77,128427.0,0.0,0.2184,0.0817,-0.0032,-0.0708,0.4253,-0.0131,1.04
3763,4700,0.6963,0.08,0.2244,0.4803,0.4712,-0.0098,11.73,179.82,0.77,128344.0,0.0,0.2285,0.0858,-0.0033,-0.0768,0.3918,-0.0138,1.04
3764,4700,0.6972,0.0762,0.2273,0.4787,0.4915,-0.0077,12.4,184.2,0.77,127557.0,0.0,0.2238,0.0856,-0.0027,-0.0737,0.4202,-0.0133,1.04
3765,4700,0.6991,0.0762,0.2254,0.4657,0.4919,-0.0123,11.56,175.09,0.77,127686.0,0.0,0.2191,0.0838,-0.0029,-0.0738,0.4753,-0.0126,1.04
3766,4700,0.6998,0.0758,0.2251,0.4648,0.4975,-0.011,12.42,187.77,0.77,128005.0,0.0,0.2231,0.0851,-0.0029,-0.0692,0.4564,-0.0129,1.04
3767,4700,0.7011,0.0776,0.2222,0.4603,0.4771,-0.0109,11.59,197.83,0.77,128159.0,0.0,0.2143,0.0832,-0.0026,-0.0713,0.4476,-0.0131,1.04
3768,4700,0.6957,0.0807,0.2244,0.4751,0.494,-0.0105,11.38,180.83,0.77,127960.0,0.0,0.2221,0.0875,-0.0032,-0.0746,0.4808,-0.0105,1.04
3769,4700,0.6965,0.0789,0.2253,0.4776,0.486,-0.0111,11.6,197.92,0.77,127984.0,0.0,0.222,0.0866,-0.0026,-0.0752,0.4841,-0.0114,1.04
3770,4700,0.6967,0.0787,0.2251,0.4431,0.5243,-0.0117,11.95,174.32,0.77,127313.0,0.0,0.2217,0.0775,-0.0031,-0.0744,0.4242,-0.0118,1.04
3771,4700,0.7065,0.0777,0.2163,0.4522,0.5067,-0.0108,11.38,176.79,0.78,126470.0,0.0,0.2195,0.0808,-0.0028,-0.0721,0.5083,-0.0129,1.04
3772,4700,0.7112,0.0799,0.2094,0.4243,0.4953,-0.0161,11.19,175.34,0.77,127790.0,0.0,0.2062,0.0751,-0.0027,-0.0688,0.4727,-0.0135,1.04
3773,4700,0.711,0.0824,0.2068,0.4447,0.4988,-0.0104,11.47,166.97,0.77,127998.0,0.0,0.2182,0.0786,-0.0027,-0.0704,0.4133,-0.013,1.04
3774,4700,0.7127,0.0817,0.2059,0.4488,0.5059,-0.0107,11.38,179.32,0.79,125181.0,0.0,0.2184,0.0797,-0.0025,-0.0706,0.3792,-0.0133,1.04
3775,4700,0.7125,0.0812,0.2067,0.4745,0.5132,-0.0077,12.75,189.78,0.77,127874.0,0.0,0.2343,0.0831,-0.0028,-0.0758,0.4526,-0.0105,1.04
3776,4700,0.7155,0.0787,0.2063,0.4432,0.4978,-0.0118,11.05,157.05,0.77,127610.0,0.0,0.2187,0.0795,-0.0031,-0.0685,0.4271,-0.0128,1.04
3777,4700,0.7125,0.0801,0.2079,0.481,0.4534,-0.0134,11.25,185.88,0.77,126985.0,0.0,0.2166,0.0874,-0.0028,-0.0738,0.4386,-0.0123,1.04
3778,4700,0.712,0.0809,0.2074,0.4341,0.5099,-0.0118,11.54,179.91,0.78,126261.0,0.0,0.2129,0.0765,-0.0025,-0.0695,0.4653,-0.0126,1.04
3779,4700,0.7119,0.0817,0.2067,0.457,0.4954,-0.0126,12.12,186.77,0.77,127150.0,0.0,0.2168,0.082,-0.0033,-0.0725,0.5098,-0.0083,1.04
3780,4700,0.7055,0.085,0.2097,0.4495,0.4836,-0.0138,11.54,161.63,0.77,127414.0,0.0,0.22,0.0818,-0.0032,-0.0679,0.4729,-0.012,1.04
3781,4700,0.7067,0.0847,0.2092,0.4717,0.4751,-0.013,11.91,183.97,0.77,127684.0,0.0,0.2139,0.0876,-0.0032,-0.0709,0.4554,-0.0125,1.04
3782,4700,0.7039,0.0863,0.2103,0.4671,0.4817,-0.0116,11.58,179.72,0.77,127862.0,0.0,0.222,0.0848,-0.0034,-0.0728,0.5225,-0.0128,1.04
3783,4700,0.7021,0.0876,0.2108,0.4648,0.4695,-0.0146,11.24,182.8,0.77,126895.0,0.0,0.2175,0.0852,-0.0033,-0.071,0.4516,-0.0118,1.04
3784,4700,0.6958,0.0897,0.2148,0.4601,0.4802,-0.0135,11.41,174.16,0.78,125906.0,0.0,0.22,0.0837,-0.0029,-0.0721,0.5163,-0.012,1.04
3785,4700,0.6931,0.0898,0.2175,0.4681,0.5026,-0.0109,12.48,175.12,0.77,127017.0,0.0,0.2237,0.0848,-0.0033,-0.0733,0.479,-0.0122,1.04
3786,4700,0.6943,0.0895,0.2167,0.4639,0.499,-0.0105,12.08,191.62,0.77,127100.0,0.0,0.2225,0.0843,-0.0028,-0.0718,0.4843,-0.0119,1.04
3787,4700,0.6951,0.0888,0.2165,0.4567,0.4972,-0.0125,12.51,186.83,0.77,127301.0,0.0,0.2245,0.0817,-0.0032,-0.0731,0.4078,-0.0115,1.04
3788,4700,0.6957,0.0874,0.2174,0.477,0.496,-0.0116,11.57,180.85,0.78,126780.0,0.0,0.2303,0.0871,-0.0028,-0.0735,0.4419,-0.0122,1.04
3789,4700,0.6965,0.0859,0.2185,0.4788,0.4962,-0.0087,12.44,177.94,0.77,127582.0,0.0,0.229,0.0865,-0.0033,-0.0737,0.4543,-0.0126,1.04
3790,4700,0.6997,0.0842,0.2171,0.4645,0.4862,-0.0103,11.5,169.47,0.77,127798.0,0.0,0.2195,0.0851,-0.003,-0.0735,0.4376,-0.0133,1.04
3791,4700,0.6995,0.0868,0.2146,0.4382,0.4973,-0.0147,11.07,167.26,0.77,127903.0,0.0,0.2197,0.0779,-0.0024,-0.0704,0.5344,-0.0123,1.04
3792,4700,0.6954,0.0915,0.2138,0.4676,0.4755,-0.014,11.64,171.51,0.77,127821.0,0.0,0.2229,0.0858,-0.003,-0.0733,0.5788,-0.011,1.04
3793,4700,0.6992,0.0931,0.2085,0.4443,0.4968,-0.0141,12.58,190.65,0.78,126324.0,0.0,0.2201,0.0796,-0.0028,-0.0717,0.5139,-0.0123,1.04
3794,4700,0.699,0.0936,0.2081,0.4714,0.4795,-0.0138,12.44,182.44,0.77,128009.0,0.0,0.2316,0.0875,-0.003,-0.07,0.5491,-0.013,1.04
3795,4700,0.6981,0.0949,0.2075,0.4706,0.4806,-0.012,11.75,199.16,0.78,126331.0,0.0,0.2264,0.0843,-0.0031,-0.0745,0.4168,-0.0118,1.04
3796,4700,0.6991,0.094,0.2073,0.4388,0.5152,-0.0105,11.74,166.99,0.77,127807.0,0.0,0.2208,0.0772,-0.0028,-0.0695,0.486,-0.014,1.04
3797,4700,0.7065,0.0917,0.2022,0.4531,0.5128,-0.0093,11.63,178.34,0.77,127222.0,0.0,0.2272,0.0807,-0.0029,-0.0694,0.4921,-0.0135,1.04
3798,4700,0.712,0.089,0.1992,0.4489,0.5027,-0.0115,12.01,189.29,0.78,126083.0,0.0,0.2222,0.0783,-0.0025,-0.0689,0.471,-0.0107,1.04
3799,4700,0.7097,0.0889,0.2015,0.4576,0.5002,-0.0103,12.16,179.49,0.77,128372.0,0.0,0.2215,0.0818,-0.0028,-0.0686,0.4955,-0.0131,1.04
3800,4700,0.7098,0.0888,0.2018,0.4483,0.4833,-0.0142,10.38,160.66,0.78,126417.0,0.0,0.2153,0.0799,-0.0029,-0.069,0.4961,-0.0123,1.04
3801,4700,0.71,0.0906,0.1999,0.4376,0.5188,-0.0117,11.5,166.99,0.78,125803.0,0.0,0.2206,0.0774,-0.0027,-0.0669,0.4924,-0.0091,1.04
3802,4700,0.7141,0.0901,0.1963,0.4264,0.5142,-0.012,11.18,160.32,0.78,125531.0,0.0,0.217,0.0753,-0.0027,-0.0665,0.4439,-0.0136,1.04
3803,4700,0.716,0.0898,0.1945,0.4497,0.499,-0.013,10.96,158.31,0.78,126144.0,0.0,0.2237,0.0804,-0.0032,-0.0685,0.569,-0.0137,1.04
3804,4700,0.7181,0.0905,0.192,0.436,0.4904,-0.0157,11.34,172.61,0.78,126523.0,0.0,0.2231,0.0755,-0.0026,-0.0693,0.5236,-0.0109,1.04
3805,4700,0.7162,0.0901,0.1943,0.4625,0.4993,-0.011,11.12,193.45,0.77,128345.0,0.0,0.2267,0.0807,-0.0025,-0.0754,0.4978,-0.0107,1.04
3806,4700,0.7139,0.0896,0.1974,0.4642,0.4928,-0.0107,11.93,174.71,0.77,127902.0,0.0,0.2255,0.0831,-0.0026,-0.0721,0.4008,-0.014,1.04
3807,4700,0.7141,0.0871,0.1998,0.4658,0.481,-0.0132,11.29,175.69,0.77,127922.0,0.0,0.2243,0.0818,-0.0032,-0.0773,0.5086,-0.0124,1.04
3808,4700,0.7113,0.0867,0.2031,0.4349,0.4785,-0.0164,10.87,172.76,0.77,128070.0,0.0,0.2143,0.0791,-0.0028,-0.066,0.4815,-0.0133,1.04
3809,4700,0.709,0.0872,0.2052,0.4518,0.489,-0.0118,11.28,173.63,0.77,128337.0,0.0,0.2159,0.0818,-0.0026,-0.0689,0.4609,-0.0131,1.04
3810,4700,0.706,0.0864,0.209,0.4747,0.4768,-0.011,11.93,174.65,0.77,127672.0,0.0,0.2228,0.0862,-0.0031,-0.0739,0.5123,-0.0124,1.04
3811,4700,0.7036,0.0854,0.2122,0.4798,0.4837,-0.0109,10.78,191.24,0.78,126406.0,0.0,0.2277,0.0846,-0.003,-0.0773,0.466,-0.0119,1.04
3812,4700,0.7028,0.0834,0.2148,0.4541,0.4861,-0.0131,12.12,197.23,0.77,128308.0,0.0,0.2191,0.0818,-0.003,-0.0752,0.5105,-0.0129,1.04
3813,4700,0.7036,0.084,0.2135,0.4198,0.5027,-0.0145,11.09,159.19,0.77,127725.0,0.0,0.208,0.0748,-0.0025,-0.068,0.4372,-0.0135,1.04
3814,4700,0.7041,0.0846,0.2125,0.4582,0.4909,-0.0115,11.68,173.87,0.79,124692.0,0.0,0.2154,0.0814,-0.0027,-0.074,0.4075,-0.014,1.04
3815,4700,0.7017,0.0859,0.2137,0.471,0.4876,-0.0104,11.55,181.07,0.77,126992.0,0.0,0.2203,0.086,-0.0032,-0.0757,0.491,-0.0127,1.04
3816,4700,0.6976,0.0918,0.2119,0.4561,0.4893,-0.0148,11.53,182.0,0.78,126182.0,0.0,0.2183,0.0827,-0.0028,-0.0723,0.5286,-0.013,1.04
3817,4700,0.6977,0.093,0.211,0.4516,0.4856,-0.013,12.23,161.27,0.77,128012.0,0.0,0.2092,0.0836,-0.0033,-0.0679,0.4011,-0.0127,1.04
3818,4700,0.6963,0.0908,0.2146,0.477,0.4797,-0.0094,12.26,189.72,0.78,126720.0,0.0,0.2187,0.0885,-0.0036,-0.0727,0.4319,-0.0132,1.04
3819,4700,0.6959,0.0888,0.2167,0.4705,0.48,-0.0124,12.67,200.72,0.77,127166.0,0.0,0.2214,0.0857,-0.0028,-0.0749,0.4248,-0.0131,1.04
3820,4700,0.6942,0.0863,0.2204,0.4361,0.4913,-0.0119,11.12,164.28,0.77,126895.0,0.0,0.2091,0.0787,-0.0029,-0.0688,0.4681,-0.0125,1.04
3821,4700,0.6982,0.0858,0.2166,0.4446,0.5195,-0.0108,12.83,174.77,0.77,128201.0,0.0,0.2258,0.0773,-0.0029,-0.0742,0.4803,-0.0118,1.04
3822,4700,0.704,0.0851,0.2116,0.4818,0.4754,-0.0129,11.9,178.46,0.77,128260.0,0.0,0.2259,0.0884,-0.0033,-0.0746,0.5314,-0.0126,1.04
3823,4700,0.7098,0.0846,0.2063,0.4345,0.513,-0.0127,11.44,163.68,0.77,127070.0,0.0,0.219,0.0782,-0.0032,-0.0683,0.481,-0.0142,1.04
3824,4700,0.7136,0.0844,0.2027,0.4343,0.5047,-0.012,11.44,156.41,0.79,124807.0,0.0,0.2154,0.077,-0.0027,-0.0686,0.4958,-0.0129,1.04
3825,4700,0.7139,0.0834,0.2034,0.455,0.5069,-0.011,11.87,179.54,0.77,127753.0,0.0,0.227,0.0805,-0.003,-0.0724,0.5229,-0.0136,1.05
3826,4700,0.7121,0.0861,0.2022,0.4595,0.4786,-0.0136,11.5,182.02,0.78,126309.0,0.0,0.2164,0.0832,-0.0032,-0.0715,0.4742,-0.0127,1.05
3827,4700,0.7091,0.0858,0.2055,0.4749,0.4831,-0.0126,11.15,176.05,0.76,128773.0,0.0,0.2263,0.0861,-0.0035,-0.0728,0.5361,-0.0123,1.05
3828,4700,0.7073,0.086,0.2069,0.4649,0.4882,-0.0121,12.08,167.27,0.77,127375.0,0.0,0.2279,0.0812,-0.0028,-0.0768,0.4412,-0.0114,1.04
3829,4700,0.7073,0.084,0.2087,0.4766,0.4783,-0.0104,11.66,190.56,0.77,128394.0,0.0,0.2225,0.0867,-0.0032,-0.069,0.3802,-0.0128,1.04
3830,4700,0.7071,0.0822,0.2106,0.4597,0.5069,-0.0086,11.72,173.95,0.77,127066.0,0.0,0.2257,0.0807,-0.0029,-0.0715,0.3899,-0.0119,1.04
3831,4700,0.7106,0.0794,0.2101,0.4363,0.5064,-0.011,10.57,161.26,0.77,128269.0,0.0,0.2188,0.0771,-0.0031,-0.071,0.418,-0.0124,1.04
3832,4700,0.7133,0.0778,0.2089,0.4784,0.496,-0.0098,12.44,188.02,0.77,128116.0,0.0,0.2319,0.0847,-0.0038,-0.0764,0.4019,-0.0123,1.04
3833,4700,0.7162,0.0752,0.2086,0.4853,0.4836,-0.0112,11.62,195.23,0.77,127370.0,0.0,0.2298,0.0875,-0.0036,-0.0771,0.4253,-0.0122,1.04
3834,4700,0.7135,0.0779,0.2087,0.4458,0.51,-0.0118,12.43,193.33,0.77,128435.0,0.0,0.2235,0.077,-0.0028,-0.0698,0.4269,-0.0127,1.04
3835,4700,0.7145,0.0784,0.2073,0.4639,0.4921,-0.0102,11.75,181.53,0.77,127721.0,0.0,0.2244,0.0827,-0.0029,-0.0698,0.4326,-0.0133,1.04
3836,4700,0.712,0.0807,0.2074,0.4715,0.4956,-0.0113,12.31,174.86,0.77,127230.0,0.0,0.2282,0.0816,-0.0031,-0.0773,0.4598,-0.0115,1.04
3837,4700,0.7138,0.0785,0.2079,0.467,0.4903,-0.0111,11.61,195.5,0.77,127602.0,0.0,0.2188,0.0822,-0.003,-0.0703,0.5552,-0.0097,1.04
3838,4700,0.7088,0.0792,0.2122,0.4749,0.4798,-0.0121,11.05,196.64,0.77,127036.0,0.0,0.2249,0.0843,-0.0032,-0.0735,0.476,-0.0131,1.04
3839,4700,0.703,0.0831,0.2143,0.4576,0.4735,-0.0137,11.99,198.61,0.77,127225.0,0.0,0.2153,0.0818,-0.0031,-0.0691,0.5325,-0.0131,1.04
3840,4700,0.7,0.0845,0.216,0.4713,0.4692,-0.0137,11.24,200.5,0.78,125447.0,0.0,0.2199,0.0837,-0.0029,-0.0726,0.4691,-0.0127,1.04
3841,4700,0.6946,0.0863,0.2198,0.4502,0.462,-0.0153,10.59,173.32,0.77,127141.0,0.0,0.2079,0.0811,-0.0042,-0.0717,0.3725,-0.0122,1.04
3842,4700,0.6908,0.0872,0.2228,0.4802,0.4802,-0.0107,12.48,215.2,0.77,128265.0,0.0,0.2294,0.0836,-0.0026,-0.077,0.4106,-0.0128,1.05
3843,4700,0.6913,0.0849,0.2244,0.4706,0.482,-0.0105,11.71,194.26,0.77,127451.0,0.0,0.2141,0.0849,-0.003,-0.0719,0.4114,-0.0136,1.04
3844,4700,0.6961,0.0822,0.2225,0.4505,0.4918,-0.0105,11.56,173.74,0.77,128402.0,0.0,0.2177,0.0797,-0.0029,-0.0679,0.4416,-0.0134,1.04
3845,4700,0.7004,0.0792,0.2212,0.4502,0.5,-0.0111,10.91,171.1,0.78,126761.0,0.0,0.2176,0.0785,-0.0037,-0.0718,0.369,-0.0108,1.05
3846,4700,0.6995,0.0804,0.221,0.4556,0.4931,-0.0113,11.05,188.3,0.77,128243.0,0.0,0.2163,0.081,-0.0026,-0.0737,0.4203,-0.0133,1.05
3847,4700,0.6976,0.0813,0.2222,0.4695,0.4712,-0.0116,11.52,198.42,0.77,128166.0,0.0,0.2196,0.0829,-0.0025,-0.073,0.4248,-0.0129,1.04
3848,4700,0.6989,0.0801,0.2221,0.4774,0.4962,-0.009,11.78,192.95,0.78,125954.0,0.0,0.2275,0.0854,-0.0031,-0.0733,0.4797,-0.0131,1.04
3849,4700,0.695,0.0799,0.2259,0.4935,0.4722,-0.0114,11.17,180.19,0.77,127381.0,0.0,0.2259,0.0895,-0.0035,-0.073,0.4471,-0.0118,1.04
3850,4700,0.695,0.0793,0.2264,0.4851,0.482,-0.0088,11.67,167.49,0.77,127886.0,0.0,0.2228,0.087,-0.0031,-0.072,0.4341,-0.0131,1.04
3851,4700,0.6969,0.0801,0.2238,0.4446,0.4917,-0.015,11.11,169.63,0.78,126308.0,0.0,0.2141,0.078,-0.0027,-0.068,0.4356,-0.0136,1.04
3852,4700,0.6983,0.0809,0.2218,0.476,0.4966,-0.0113,12.04,186.91,0.78,126825.0,0.0,0.2254,0.0855,-0.0028,-0.0729,0.5539,-0.0127,1.05
3853,4700,0.6996,0.0805,0.221,0.4542,0.4788,-0.0142,11.24,178.37,0.77,127062.0,0.0,0.2182,0.0816,-0.0026,-0.0672,0.4746,-0.0121,1.05
3854,4700,0.6982,0.0816,0.2211,0.4748,0.4837,-0.0101,10.61,196.24,0.77,127862.0,0.0,0.2224,0.087,-0.0032,-0.072,0.444,-0.0137,1.05
3855,4700,0.7,0.0829,0.2176,0.4408,0.5227,-0.0103,12.0,167.85,0.77,128264.0,0.0,0.2188,0.077,-0.0027,-0.0676,0.5052,-0.0134,1.05
3856,4700,0.705,0.08,0.2154,0.4531,0.4915,-0.0133,12.11,182.78,0.78,126776.0,0.0,0.2204,0.0818,-0.0029,-0.0697,0.4692,-0.0138,1.05
3857,4700,0.708,0.0785,0.2142,0.4723,0.4924,-0.01,13.04,199.15,0.77,128027.0,0.0,0.227,0.0856,-0.0032,-0.0724,0.4207,-0.0123,1.05
3858,4700,0.7105,0.0778,0.2126,0.4562,0.5007,-0.0099,11.88,183.52,0.79,124033.0,0.0,0.2251,0.0834,-0.0031,-0.0684,0.5251,-0.0128,1.05
3859,4700,0.7078,0.0781,0.2153,0.4716,0.4722,-0.0139,11.7,190.65,0.77,127496.0,0.0,0.2192,0.0837,-0.003,-0.0746,0.438,-0.0088,1.05
3860,4700,0.7034,0.0799,0.218,0.4525,0.5191,-0.0108,11.87,173.44,0.77,127615.0,0.0,0.2199,0.08,-0.0027,-0.0705,0.4033,-0.0125,1.05
3861,4700,0.7059,0.0797,0.2158,0.4798,0.4987,-0.009,12.26,196.67,0.77,128192.0,0.0,0.2321,0.0834,-0.0039,-0.078,0.4178,-0.0118,1.05
3862,4700,0.7061,0.0799,0.2155,0.4574,0.4913,-0.0112,11.07,184.68,0.77,127091.0,0.0,0.2205,0.0801,-0.0028,-0.071,0.4663,-0.0118,1.05
3863,4700,0.703,0.0826,0.2161,0.4638,0.4789,-0.0135,10.82,191.08,0.77,127971.0,0.0,0.2209,0.0842,-0.0031,-0.0713,0.4157,-0.0122,1.05
3864,4700,0.7022,0.081,0.2182,0.4835,0.5058,-0.0089,11.68,176.2,0.77,127316.0,0.0,0.2327,0.0867,-0.0031,-0.0747,0.4994,-0.0106,1.05
3865,4700,0.7054,0.0807,0.2154,0.4497,0.479,-0.014,11.61,171.85,0.77,127529.0,0.0,0.2179,0.084,-0.0035,-0.0676,0.4136,-0.0112,1.05
3866,4700,0.703,0.0809,0.2174,0.4919,0.4777,-0.0106,12.73,198.09,0.78,125690.0,0.0,0.2319,0.0898,-0.0032,-0.0736,0.4319,-0.0113,1.05
3867,4700,0.7022,0.0809,0.2182,0.47,0.4872,-0.0115,11.11,190.97,0.77,127567.0,0.0,0.2226,0.0875,-0.0033,-0.0703,0.4212,-0.013,1.04
3868,4700,0.6982,0.0812,0.2215,0.4606,0.4612,-0.0142,11.25,169.74,0.77,127806.0,0.0,0.2183,0.082,-0.0029,-0.0703,0.391,-0.0117,1.04
3869,4700,0.7011,0.0795,0.2203,0.4963,0.4823,-0.0084,12.84,217.17,0.78,126809.0,0.0,0.2316,0.0911,-0.0034,-0.0754,0.4335,-0.0129,1.05
3870,4700,0.6995,0.0764,0.2251,0.4672,0.483,-0.0124,11.8,185.85,0.77,128429.0,0.0,0.2282,0.0849,-0.0034,-0.0706,0.4528,-0.0129,1.05
3871,4700,0.6984,0.0775,0.225,0.4807,0.5009,-0.0091,11.9,187.35,0.77,127341.0,0.0,0.2334,0.0856,-0.0033,-0.077,0.4673,-0.012,1.05
3872,4700,0.702,0.0761,0.2224,0.4807,0.493,-0.0107,11.6,172.69,0.77,128308.0,0.0,0.2254,0.0869,-0.0029,-0.0732,0.4878,-0.0115,1.05
3873,4700,0.7035,0.0777,0.2194,0.4622,0.4737,-0.0139,11.46,184.47,0.76,128534.0,0.0,0.217,0.0843,-0.003,-0.0702,0.4538,-0.0127,1.05
3874,4700,0.7001,0.0787,0.222,0.4969,0.4822,-0.0092,11.59,206.66,0.77,128150.0,0.0,0.2338,0.0909,-0.0033,-0.0757,0.5307,-0.0128,1.05
3875,4700,0.7,0.0793,0.2214,0.4597,0.4903,-0.0124,12.01,186.4,0.77,127014.0,0.0,0.2258,0.0808,-0.003,-0.0709,0.4899,-0.0114,1.05
3876,4700,0.7042,0.0776,0.2186,0.4632,0.4894,-0.0123,11.49,187.52,0.76,128633.0,0.0,0.2257,0.0836,-0.0036,-0.0715,0.4848,-0.013,1.05
3877,4700,0.7032,0.0789,0.2184,0.4427,0.5228,-0.0101,12.33,181.34,0.77,128085.0,0.0,0.2244,0.0776,-0.003,-0.0713,0.4927,-0.0126,1.05
3878,4700,0.7071,0.0778,0.2156,0.4522,0.485,-0.011,10.9,146.86,0.77,127224.0,0.0,0.223,0.0812,-0.0029,-0.069,0.4785,-0.0135,1.05
3879,4700,0.7069,0.0787,0.2148,0.4581,0.4905,-0.0129,11.29,175.33,0.77,127736.0,0.0,0.2261,0.0816,-0.0029,-0.076,0.4613,-0.0141,1.05
3880,4700,0.7047,0.0806,0.2152,0.4518,0.4981,-0.0126,11.85,189.79,0.77,128264.0,0.0,0.2155,0.0802,-0.0029,-0.0724,0.4176,-0.0132,1.05
3881,4700,0.7047,0.0812,0.2146,0.4493,0.508,-0.0096,11.9,184.76,0.77,127569.0,0.0,0.2228,0.0796,-0.0031,-0.0707,0.4243,-0.0105,1.05
3882,4700,0.7038,0.0806,0.2161,0.4293,0.4855,-0.0152,10.63,173.32,0.77,127454.0,0.0,0.2129,0.0743,-0.0026,-0.0696,0.4647,-0.0119,1.04
3883,4700,0.7,0.0836,0.2169,0.4622,0.4983,-0.0131,11.29,168.14,0.77,128225.0,0.0,0.2245,0.0813,-0.0031,-0.0768,0.4233,-0.0102,1.04
3884,4700,0.6986,0.0856,0.2162,0.4735,0.4833,-0.0104,12.34,201.21,0.77,127139.0,0.0,0.2275,0.0868,-0.0032,-0.0729,0.4479,-0.0115,1.04
3885,4700,0.7011,0.0847,0.2144,0.4638,0.5057,-0.0102,11.55,191.76,0.77,128084.0,0.0,0.2219,0.0818,-0.0033,-0.0738,0.4334,-0.0138,1.04
3886,4700,0.7045,0.0821,0.2137,0.4689,0.49,-0.01,11.99,202.53,0.77,127119.0,0.0,0.2189,0.0845,-0.0039,-0.0759,0.445,-0.0126,1.04
3887,4700,0.7041,0.0828,0.2135,0.4419,0.4929,-0.0122,11.43,166.07,0.77,128182.0,0.0,0.2205,0.0781,-0.003,-0.0715,0.4565,-0.0127,1.04
3888,4700,0.7076,0.0808,0.2119,0.4665,0.498,-0.0094,11.62,185.57,0.77,126985.0,0.0,0.2336,0.0812,-0.0032,-0.0782,0.3967,-0.012,1.04
3889,4700,0.706,0.081,0.2134,0.4553,0.4702,-0.0126,10.47,162.59,0.77,126906.0,0.0,0.22,0.0816,-0.0029,-0.0734,0.4035,-0.0113,1.04
3890,4700,0.7073,0.081,0.212,0.4623,0.5018,-0.0104,12.57,197.75,0.8,123609.0,0.0,0.2269,0.0832,-0.0031,-0.0719,0.4672,-0.0129,1.05
3891,4700,0.7048,0.0815,0.2138,0.4704,0.473,-0.0116,11.76,195.66,0.78,125727.0,0.0,0.2208,0.0861,-0.0035,-0.075,0.4323,-0.0118,1.05
3892,4700,0.6971,0.079,0.224,0.4957,0.4728,-0.0084,12.04,183.44,0.77,127203.0,0.0,0.2373,0.0899,-0.0033,-0.0783,0.4938,-0.0124,1.05
3893,4700,0.6954,0.0797,0.2251,0.4742,0.4489,-0.0147,11.69,198.61,0.79,124086.0,0.0,0.2218,0.0868,-0.0033,-0.0733,0.429,-0.0116,1.04
3894,4700,0.6922,0.0803,0.2278,0.4816,0.479,-0.0103,11.8,184.82,0.76,128605.0,0.0,0.2337,0.0885,-0.0036,-0.0743,0.4644,-0.0126,1.04
3895,4700,0.6927,0.0804,0.2269,0.4608,0.5001,-0.0105,12.52,202.11,0.77,127893.0,0.0,0.2278,0.0853,-0.0033,-0.07,0.445,-0.0138,1.04
3896,4700,0.6978,0.078,0.2242,0.4761,0.5089,-0.0093,11.66,175.26,0.77,127586.0,0.0,0.2328,0.0856,-0.0031,-0.0752,0.5281,-0.0131,1.05
3897,4700,0.7025,0.0756,0.222,0.4548,0.5146,-0.0113,11.68,158.05,0.77,127091.0,0.0,0.2311,0.0819,-0.0033,-0.073,0.5567,-0.0115,1.05
3898,4700,0.7013,0.0781,0.2208,0.4636,0.4845,-0.0131,11.55,173.42,0.77,127568.0,0.0,0.2253,0.0869,-0.0035,-0.0723,0.4586,-0.0123,1.05
3899,4700,0.7039,0.0759,0.2205,0.4819,0.4736,-0.0102,12.43,200.51,0.77,127475.0,0.0,0.2286,0.0872,-0.0035,-0.0778,0.4923,-0.0087,1.05
3900,4700,0.7011,0.0772,0.222,0.4586,0.4808,-0.0122,11.93,183.33,0.79,125170.0,0.0,0.2223,0.0836,-0.0035,-0.0751,0.4182,-0.0077,1.05
3901,4700,0.7017,0.0762,0.2223,0.4709,0.5008,-0.0091,11.82,195.83,0.78,125460.0,0.0,0.2293,0.0839,-0.0036,-0.0768,0.4973,-0.0121,1.05
3902,4700,0.7015,0.0769,0.222,0.4595,0.4959,-0.0111,11.68,187.64,0.78,125571.0,0.0,0.2256,0.0821,-0.0035,-0.0715,0.4235,-0.0117,1.05
3903,4700,0.7083,0.075,0.2172,0.4427,0.5116,-0.0127,11.25,147.13,0.78,125622.0,0.0,0.2241,0.0791,-0.0033,-0.0744,0.4419,-0.0121,1.05
3904,4700,0.7152,0.0747,0.2106,0.482,0.5092,-0.0097,12.42,191.58,0.79,125118.0,0.0,0.2341,0.0869,-0.0037,-0.0801,0.4223,-0.0135,1.05
3905,4700,0.7176,0.0736,0.2093,0.4673,0.4834,-0.0115,11.49,179.88,0.77,126993.0,0.0,0.2298,0.0835,-0.0033,-0.0748,0.4974,-0.0126,1.05
3906,4700,0.7104,0.0756,0.2148,0.5166,0.4286,-0.0127,11.26,201.47,0.77,127440.0,0.0,0.2279,0.097,-0.0041,-0.0774,0.4579,-0.0124,1.05
3907,4700,0.7016,0.0806,0.2185,0.4588,0.4578,-0.0158,11.2,186.12,0.78,126770.0,0.0,0.2139,0.0845,-0.0038,-0.0742,0.4477,-0.0123,1.05
3908,4700,0.703,0.0813,0.2163,0.4918,0.4902,-0.0104,12.2,183.34,0.77,127533.0,0.0,0.2342,0.0902,-0.004,-0.0767,0.4386,-0.013,1.05
3909,4700,0.703,0.0813,0.2163,0.4596,0.5074,-0.0103,11.73,187.63,0.77,127838.0,0.0,0.2288,0.0835,-0.0037,-0.0723,0.4908,-0.0127,1.05
3910,4700,0.6993,0.0825,0.2187,0.4844,0.4623,-0.0128,11.17,186.94,0.77,127970.0,0.0,0.2313,0.0887,-0.0039,-0.0775,0.3582,-0.0128,1.05
3911,4700,0.6937,0.0842,0.2229,0.4652,0.4844,-0.0113,11.68,169.93,0.78,126815.0,0.0,0.2271,0.0859,-0.0036,-0.0718,0.5267,-0.0123,1.05
3912,4700,0.69,0.0851,0.2259,0.472,0.4997,-0.0108,12.41,179.4,0.77,127712.0,0.0,0.233,0.0851,-0.0034,-0.0762,0.4083,-0.0128,1.05
3913,4700,0.6946,0.0813,0.2252,0.4857,0.4833,-0.0095,12.36,203.26,0.77,127567.0,0.0,0.2319,0.0905,-0.0041,-0.0759,0.4135,-0.0138,1.05
3914,4700,0.6916,0.0817,0.2277,0.4921,0.4591,-0.0122,12.01,180.05,0.77,127425.0,0.0,0.2293,0.0892,-0.0037,-0.0766,0.4352,-0.014,1.05
3915,4700,0.6896,0.0806,0.2311,0.4661,0.4752,-0.0117,12.01,172.16,0.77,127199.0,0.0,0.2272,0.0854,-0.0034,-0.0752,0.4632,-0.0119,1.05
3916,4700,0.6865,0.08,0.2347,0.4835,0.4556,-0.0135,11.21,182.72,0.77,127756.0,0.0,0.2202,0.0898,-0.0044,-0.074,0.4464,-0.0125,1.05
3917,4700,0.6828,0.0824,0.236,0.4684,0.4942,-0.0115,11.56,185.03,0.77,126968.0,0.0,0.2263,0.0856,-0.0034,-0.0732,0.5122,-0.012,1.05
3918,4700,0.6808,0.0837,0.2368,0.4918,0.4743,-0.0092,11.14,194.56,0.77,127412.0,0.0,0.2256,0.0887,-0.0039,-0.0779,0.4793,-0.0137,1.05
3919,4700,0.6791,0.0831,0.2396,0.4695,0.4754,-0.0125,11.66,173.69,0.78,126650.0,0.0,0.2229,0.0853,-0.0035,-0.0707,0.4643,-0.0127,1.05
3920,4700,0.6806,0.081,0.2401,0.4696,0.5038,-0.0103,12.62,180.66,0.77,127403.0,0.0,0.2295,0.0846,-0.0034,-0.0715,0.471,-0.0119,1.05
3921,4700,0.6804,0.0828,0.2383,0.4623,0.4626,-0.0148,11.11,193.74,0.77,127435.0,0.0,0.2221,0.0838,-0.0036,-0.0715,0.4479,-0.0127,1.05
3922,4700,0.6841,0.0847,0.2327,0.4619,0.4921,-0.0118,11.75,173.42,0.77,127782.0,0.0,0.2244,0.0852,-0.0035,-0.0713,0.427,-0.0135,1.05
3923,4700,0.6899,0.0831,0.2282,0.4639,0.501,-0.0103,12.04,185.35,0.78,126455.0,0.0,0.2341,0.0822,-0.0041,-0.0761,0.449,-0.0118,1.05
3924,4700,0.6893,0.083,0.2286,0.4715,0.4863,-0.0107,11.32,184.84,0.77,128020.0,0.0,0.2324,0.0848,-0.0035,-0.0724,0.4205,-0.0111,1.06
3925,4700,0.6902,0.0845,0.2259,0.4449,0.4999,-0.0132,11.27,171.6,0.79,125001.0,0.0,0.2239,0.0798,-0.0037,-0.0734,0.5185,-0.0118,1.06
3926,4700,0.6938,0.0822,0.2246,0.449,0.4902,-0.0125,9.33,158.43,0.78,126279.0,0.0,0.2208,0.0825,-0.0037,-0.0723,0.5936,-0.0132,1.06
3927,4700,0.6924,0.0845,0.2236,0.4517,0.4861,-0.013,10.37,181.7,0.77,127495.0,0.0,0.2167,0.0824,-0.0039,-0.0715,0.5152,-0.0128,1.05
3928,4700,0.6929,0.0848,0.2227,0.4503,0.4966,-0.0138,11.21,183.72,0.78,126292.0,0.0,0.2291,0.0812,-0.0039,-0.0721,0.6061,-0.0116,1.06
3929,4700,0.6945,0.0846,0.2214,0.4876,0.4741,-0.01,12.25,199.96,0.79,124832.0,0.0,0.236,0.09,-0.004,-0.0763,0.4479,-0.013,1.06
3930,4700,0.6948,0.0823,0.2232,0.4514,0.5089,-0.0082,12.01,182.2,0.77,127781.0,0.0,0.2325,0.0789,-0.0035,-0.0712,0.556,-0.0137,1.06
3931,4700,0.6968,0.0811,0.2224,0.4668,0.4953,-0.0117,12.6,191.42,0.77,127767.0,0.0,0.2319,0.0819,-0.0037,-0.0748,0.4634,-0.0121,1.06
3932,4700,0.6991,0.0815,0.2197,0.4533,0.4981,-0.0124,11.52,187.75,0.78,126709.0,0.0,0.2337,0.0786,-0.0034,-0.0769,0.4898,-0.0081,1.06
3933,4700,0.7001,0.0846,0.2155,0.4429,0.5039,-0.0127,11.82,197.36,0.79,125080.0,0.0,0.2238,0.0813,-0.0038,-0.0697,0.4994,-0.0124,1.05
3934,4700,0.6987,0.0856,0.2157,0.4738,0.4839,-0.0118,10.8,180.43,0.78,126793.0,0.0,0.2239,0.0871,-0.0038,-0.0736,0.6111,-0.0131,1.05
3935,4700,0.6998,0.0883,0.2119,0.4354,0.4987,-0.0151,11.14,178.96,0.77,127577.0,0.0,0.2224,0.0794,-0.0039,-0.0681,0.4855,-0.0142,1.05
3936,4700,0.7002,0.0867,0.2131,0.4634,0.482,-0.0119,11.25,167.46,0.77,126881.0,0.0,0.2223,0.0856,-0.004,-0.0727,0.487,-0.0124,1.05
3937,4700,0.7009,0.0875,0.2116,0.4519,0.4962,-0.0118,12.07,182.07,0.79,124071.0,0.0,0.224,0.0814,-0.0037,-0.0703,0.5207,-0.0124,1.05
3938,4700,0.6996,0.0887,0.2119,0.4546,0.4701,-0.0136,10.89,193.44,0.78,126120.0,0.0,0.2131,0.0826,-0.0041,-0.0703,0.4644,-0.0133,1.05
3939,4700,0.6963,0.0921,0.2118,0.4502,0.4866,-0.0114,11.62,189.14,0.77,127289.0,0.0,0.2278,0.0789,-0.0041,-0.0712,0.4142,-0.0128,1.05
3940,4700,0.6956,0.0916,0.213,0.4591,0.4949,-0.0094,12.01,173.0,0.79,124057.0,0.0,0.2252,0.0849,-0.0039,-0.0736,0.4148,-0.0113,1.06
3941,4700,0.6957,0.0897,0.2148,0.4859,0.4798,-0.0105,11.68,186.29,0.77,127222.0,0.0,0.2276,0.0902,-0.0046,-0.0741,0.5029,-0.0125,1.06
3942,4700,0.6968,0.0901,0.2131,0.4465,0.4941,-0.0125,11.43,174.34,0.77,127924.0,0.0,0.2234,0.0793,-0.0032,-0.07,0.4548,-0.0131,1.06
3943,4700,0.6995,0.0887,0.2118,0.4838,0.4843,-0.0103,11.68,199.82,0.78,126268.0,0.0,0.2336,0.0876,-0.0038,-0.0773,0.4375,-0.0133,1.06
3944,4700,0.6986,0.0874,0.2141,0.4685,0.4766,-0.0103,11.81,188.49,0.77,126924.0,0.0,0.2251,0.0836,-0.0039,-0.0739,0.436,-0.0088,1.06
3945,4700,0.6987,0.0862,0.2151,0.4691,0.4547,-0.014,11.13,190.01,0.77,126856.0,0.0,0.2211,0.0888,-0.0045,-0.0719,0.4849,-0.0125,1.06
3946,4700,0.6913,0.0903,0.2184,0.4635,0.4885,-0.0122,11.92,178.59,0.77,127326.0,0.0,0.2244,0.0833,-0.0043,-0.0718,0.4802,-0.0128,1.06
3947,4700,0.6905,0.09,0.2195,0.4767,0.4767,-0.0111,12.01,180.15,0.78,126588.0,0.0,0.2261,0.0898,-0.0042,-0.0741,0.4892,-0.0121,1.06
3948,4700,0.6878,0.0883,0.2239,0.481,0.4738,-0.0116,11.5,185.52,0.77,126932.0,0.0,0.2263,0.091,-0.0053,-0.0732,0.4809,-0.0116,1.06
3949,4700,0.6929,0.0858,0.2213,0.483,0.4896,-0.0107,12.05,191.87,0.77,126927.0,0.0,0.2286,0.0881,-0.0045,-0.0753,0.4683,-0.012,1.06
3950,4700,0.6935,0.0836,0.2228,0.4719,0.4708,-0.0125,11.95,193.26,0.78,126641.0,0.0,0.2262,0.0874,-0.0037,-0.0738,0.5282,-0.0129,1.06
3951,4700,0.6918,0.0835,0.2247,0.4866,0.4955,-0.009,12.19,191.35,0.77,127395.0,0.0,0.2301,0.0915,-0.0046,-0.0737,0.4893,-0.0134,1.06
3952,4700,0.6953,0.0799,0.2249,0.456,0.5035,-0.011,11.99,194.17,0.77,127331.0,0.0,0.2271,0.084,-0.0041,-0.0714,0.5132,-0.0122,1.06
3953,4700,0.6955,0.0799,0.2248,0.4797,0.4845,-0.011,11.94,197.23,0.77,127147.0,0.0,0.232,0.0857,-0.0034,-0.0728,0.4717,-0.0118,1.06
3954,4700,0.6936,0.0797,0.2269,0.4754,0.4887,-0.0084,12.77,175.32,0.8,122242.0,0.0,0.235,0.0868,-0.0038,-0.0721,0.4068,-0.0107,1.06
3955,4700,0.7011,0.0778,0.2214,0.4528,0.5125,-0.0097,12.82,187.36,0.78,126604.0,0.0,0.2354,0.0812,-0.0032,-0.0701,0.4644,-0.0114,1.06
3956,4700,0.7017,0.0773,0.2213,0.4564,0.4922,-0.0122,11.89,171.84,0.77,127246.0,0.0,0.2263,0.0822,-0.0046,-0.0715,0.4612,-0.012,1.06
3957,4700,0.7042,0.0755,0.2208,0.4682,0.4987,-0.0122,11.7,183.73,0.77,126890.0,0.0,0.2333,0.0842,-0.0036,-0.0732,0.4557,-0.012,1.06
3958,4700,0.7024,0.076,0.2221,0.4811,0.4947,-0.0096,11.24,194.2,0.77,127549.0,0.0,0.2377,0.0882,-0.0039,-0.0724,0.4396,-0.0113,1.06
3959,4700,0.7047,0.0762,0.2198,0.4523,0.4967,-0.0119,11.58,193.1,0.77,126844.0,0.0,0.2218,0.0823,-0.0037,-0.0701,0.5214,-0.0121,1.06
3960,4700,0.7027,0.0789,0.219,0.4652,0.4827,-0.0121,11.58,168.66,0.78,126828.0,0.0,0.2301,0.0859,-0.0038,-0.0693,0.4894,-0.0113,1.06
3961,4700,0.7029,0.0783,0.2195,0.4753,0.4905,-0.0116,11.64,189.97,0.77,127405.0,0.0,0.225,0.0882,-0.0044,-0.073,0.4908,-0.0118,1.06
3962,4700,0.6991,0.0782,0.2234,0.4749,0.4701,-0.0126,12.06,174.1,0.77,126957.0,0.0,0.2301,0.0876,-0.0041,-0.0722,0.4729,-0.0119,1.06
3963,4700,0.6987,0.0773,0.2245,0.4687,0.4956,-0.0102,11.89,178.36,0.77,126944.0,0.0,0.2311,0.087,-0.004,-0.0705,0.4749,-0.0087,1.06
3964,4700,0.6995,0.0785,0.2225,0.4652,0.4885,-0.011,11.6,169.43,0.78,126334.0,0.0,0.2258,0.0842,-0.0045,-0.0727,0.4264,-0.0126,1.06
3965,4700,0.702,0.0782,0.2203,0.4611,0.4903,-0.0111,11.15,167.0,0.77,127055.0,0.0,0.2254,0.0838,-0.0038,-0.0726,0.4768,-0.0129,1.06
3966,4700,0.6989,0.0807,0.2209,0.4611,0.4675,-0.0148,11.05,173.67,0.77,127171.0,0.0,0.2196,0.0861,-0.0036,-0.0705,0.5572,-0.0113,1.06
3967,4700,0.6943,0.0841,0.2221,0.4692,0.47,-0.0131,11.02,172.45,0.77,127827.0,0.0,0.2247,0.0894,-0.0044,-0.0682,0.4907,-0.0125,1.06
3968,4700,0.6907,0.0878,0.222,0.4624,0.4788,-0.0129,10.91,193.13,0.77,127005.0,0.0,0.2214,0.0874,-0.004,-0.0721,0.488,-0.013,1.06
3969,4700,0.6846,0.0894,0.2264,0.4567,0.495,-0.0124,9.98,164.8,0.77,127506.0,0.0,0.226,0.0859,-0.0045,-0.0714,0.517,-0.0123,1.06
3970,4700,0.6799,0.093,0.2276,0.461,0.4803,-0.012,11.52,195.49,0.78,126522.0,0.0,0.2232,0.0853,-0.0043,-0.0726,0.5169,-0.0114,1.06
3971,4700,0.6835,0.0921,0.225,0.4649,0.5006,-0.01,12.41,177.18,0.77,127758.0,0.0,0.2285,0.0836,-0.0038,-0.073,0.4131,-0.0127,1.06
3972,4700,0.6909,0.0871,0.2227,0.4684,0.4999,-0.009,11.49,167.06,0.77,127917.0,0.0,0.228,0.0871,-0.0042,-0.072,0.4536,-0.014,1.06
3973,4700,0.6966,0.0844,0.2197,0.4745,0.4994,-0.007,12.04,167.82,0.78,126261.0,0.0,0.2284,0.0879,-0.0044,-0.0732,0.418,-0.0125,1.06
3974,4700,0.6974,0.0819,0.2215,0.429,0.4944,-0.0127,11.8,152.17,0.77,126920.0,0.0,0.2096,0.077,-0.0035,-0.0648,0.4508,-0.0126,1.06
3975,4700,0.6994,0.0822,0.2185,0.4581,0.4933,-0.0106,11.89,167.41,0.77,127803.0,0.0,0.2208,0.0854,-0.0043,-0.0721,0.4723,-0.0119,1.06
3976,4700,0.7006,0.0819,0.2175,0.4722,0.4988,-0.0118,12.82,176.65,0.77,127558.0,0.0,0.227,0.0889,-0.0045,-0.0739,0.5271,-0.0124,1.06
3977,4700,0.7063,0.0805,0.2132,0.4583,0.4967,-0.0118,11.24,183.52,0.77,127457.0,0.0,0.2262,0.0868,-0.0037,-0.0702,0.5273,-0.0127,1.06
3978,4700,0.7097,0.0793,0.2113,0.4729,0.4974,-0.0107,10.88,169.34,0.78,126267.0,0.0,0.2292,0.0889,-0.0035,-0.0755,0.5403,-0.0129,1.06
3979,4700,0.7149,0.0784,0.207,0.4457,0.4907,-0.0142,11.87,176.61,0.77,127280.0,0.0,0.2177,0.0842,-0.0041,-0.0701,0.5274,-0.0122,1.06
3980,4700,0.7167,0.0781,0.2054,0.4624,0.5151,-0.0094,11.93,193.82,0.79,124751.0,0.0,0.2235,0.0884,-0.0041,-0.0705,0.4689,-0.0136,1.06
3981,4700,0.7169,0.0783,0.205,0.4662,0.4982,-0.011,11.95,182.05,0.77,127147.0,0.0,0.2312,0.0901,-0.0043,-0.071,0.5692,-0.0134,1.06
3982,4700,0.7149,0.0807,0.2047,0.4348,0.5021,-0.0137,11.96,165.05,0.77,127753.0,0.0,0.2183,0.0824,-0.0039,-0.0703,0.5355,-0.0092,1.06
3983,4700,0.7163,0.0828,0.2011,0.4385,0.4995,-0.0135,11.61,183.27,0.77,127308.0,0.0,0.2175,0.0807,-0.0036,-0.0679,0.4389,-0.0141,1.06
3984,4700,0.715,0.0824,0.2028,0.472,0.4893,-0.0111,11.6,183.49,0.77,127165.0,0.0,0.232,0.0891,-0.0053,-0.075,0.4545,-0.0134,1.06
3985,4700,0.7131,0.0827,0.2044,0.4482,0.4953,-0.0131,11.49,161.59,0.77,128039.0,0.0,0.2214,0.0854,-0.0042,-0.0684,0.4997,-0.0123,1.06
3986,4700,0.7116,0.086,0.2029,0.4532,0.502,-0.0128,11.54,168.66,0.79,124152.0,0.0,0.2213,0.0859,-0.0041,-0.0717,0.5467,-0.0121,1.06
3987,4700,0.7087,0.0901,0.2017,0.4581,0.4923,-0.0121,12.25,178.34,0.77,127631.0,0.0,0.2282,0.086,-0.0038,-0.0728,0.448,-0.0132,1.06
3988,4700,0.7121,0.0891,0.1993,0.4816,0.507,-0.0101,12.44,195.44,0.77,127618.0,0.0,0.24,0.091,-0.0039,-0.0749,0.5359,-0.0125,1.06
3989,4700,0.7143,0.0892,0.197,0.4331,0.506,-0.015,11.44,180.91,0.77,126894.0,0.0,0.2233,0.0785,-0.0037,-0.0682,0.4719,-0.0117,1.06
3990,4700,0.7144,0.0895,0.1966,0.4651,0.4899,-0.0144,12.54,193.54,0.78,126522.0,0.0,0.2207,0.0905,-0.0044,-0.0729,0.542,-0.0112,1.06
3991,4700,0.7164,0.0894,0.1947,0.4554,0.5026,-0.0144,11.53,196.69,0.77,127067.0,0.0,0.2309,0.0832,-0.0039,-0.0731,0.4714,-0.013,1.06
3992,4700,0.7194,0.0865,0.1944,0.4729,0.506,-0.0093,12.49,192.23,0.77,127559.0,0.0,0.2345,0.0909,-0.0046,-0.0742,0.4595,-0.0118,1.06
3993,4700,0.725,0.0844,0.1909,0.447,0.5432,-0.0088,13.01,204.64,0.78,125697.0,0.0,0.2333,0.0824,-0.0039,-0.0714,0.4743,-0.0125,1.06
3994,4700,0.7256,0.0839,0.1911,0.4519,0.4886,-0.0132,11.66,178.02,0.77,127093.0,0.0,0.2236,0.0842,-0.0039,-0.0717,0.4092,-0.0137,1.06
3995,4700,0.7263,0.0822,0.1924,0.4495,0.5272,-0.0082,12.16,176.11,0.77,127920.0,0.0,0.2323,0.0826,-0.0038,-0.0713,0.4076,-0.0127,1.06
3996,4700,0.7274,0.0807,0.1929,0.4525,0.5127,-0.0082,12.16,168.63,0.77,127947.0,0.0,0.2266,0.0825,-0.0043,-0.0727,0.4623,-0.0087,1.06
3997,4700,0.7273,0.0786,0.1948,0.4492,0.502,-0.0114,11.89,188.11,0.77,127037.0,0.0,0.2292,0.0828,-0.0036,-0.0732,0.4386,-0.0127,1.06
3998,4700,0.7299,0.0784,0.1924,0.4442,0.5089,-0.0131,10.96,164.25,0.77,127664.0,0.0,0.2272,0.0796,-0.0038,-0.0748,0.4728,-0.0137,1.06
3999,4700,0.7283,0.0814,0.191,0.454,0.4902,-0.0138,11.22,207.21,0.77,127949.0,0.0,0.225,0.0846,-0.0041,-0.0729,0.4273,-0.0136,1.06
4000,4700,0.7217,0.0836,0.195,0.4477,0.4859,-0.013,11.44,183.53,0.77,128054.0,0.0,0.2193,0.0829,-0.0035,-0.0689,0.4075,-0.0126,1.06
4001,4700,0.7155,0.085,0.1998,0.4777,0.4623,-0.0126,11.46,201.02,0.8,123488.0,0.0,0.2238,0.0895,-0.0039,-0.0726,0.3727,-0.0129,1.06
4002,4700,0.713,0.0849,0.2026,0.4416,0.5195,-0.01,11.86,183.68,0.8,123055.0,0.0,0.2258,0.0781,-0.0034,-0.0723,0.3434,-0.0124,1.06
4003,4700,0.713,0.0827,0.2048,0.4619,0.5008,-0.0094,11.18,179.58,0.78,125292.0,0.0,0.2272,0.0831,-0.0038,-0.0765,0.399,-0.011,1.06
4004,4700,0.71,0.0813,0.2091,0.4929,0.4761,-0.0101,11.64,209.65,0.79,125195.0,0.0,0.227,0.0923,-0.0036,-0.0789,0.4022,-0.0115,1.06
4005,4700,0.7064,0.0777,0.2161,0.4739,0.4819,-0.0109,11.57,184.04,0.79,125188.0,0.0,0.2236,0.0892,-0.0042,-0.0753,0.3886,-0.012,1.06
4006,4700,0.7025,0.0761,0.2216,0.4893,0.4783,-0.0106,11.31,188.89,0.8,122914.0,0.0,0.2251,0.0921,-0.0046,-0.0772,0.4381,-0.0111,1.06
4007,4700,0.7017,0.0765,0.2222,0.4784,0.4957,-0.009,12.12,193.62,0.79,124874.0,0.0,0.2227,0.0891,-0.0045,-0.0761,0.408,-0.0127,1.06
4008,4700,0.6989,0.0747,0.2269,0.4972,0.4576,-0.0105,11.41,191.11,0.79,125192.0,0.0,0.2299,0.0957,-0.0045,-0.0746,0.4109,-0.0125,1.05
4009,4700,0.694,0.0772,0.2293,0.4799,0.4765,-0.0117,11.65,191.54,0.79,124752.0,0.0,0.2213,0.0918,-0.0041,-0.0733,0.4696,-0.0086,1.05
4010,4700,0.6929,0.0766,0.2308,0.5027,0.4865,-0.0095,12.38,193.71,0.79,123728.0,0.0,0.2336,0.0956,-0.0039,-0.0781,0.5074,-0.0129,1.05
4011,4700,0.696,0.0759,0.2289,0.4682,0.487,-0.0118,12.12,197.49,0.78,125497.0,0.0,0.2292,0.0888,-0.004,-0.0702,0.475,-0.0135,1.05
4012,4700,0.6952,0.0777,0.2278,0.469,0.4888,-0.0126,11.67,183.15,0.79,124943.0,0.0,0.225,0.0893,-0.0039,-0.0717,0.5511,-0.0128,1.05
4013,4700,0.6938,0.0802,0.2266,0.4639,0.4836,-0.0125,12.18,178.05,0.79,125192.0,0.0,0.2257,0.0871,-0.004,-0.0708,0.4536,-0.0127,1.05
4014,4700,0.6919,0.0818,0.2267,0.4722,0.4768,-0.0108,10.67,175.71,0.79,124450.0,0.0,0.223,0.0892,-0.0039,-0.07,0.4415,-0.0133,1.05
4015,4700,0.6964,0.082,0.2221,0.4376,0.4985,-0.0131,10.79,158.64,0.77,127731.0,0.0,0.2211,0.08,-0.0031,-0.0654,0.4589,-0.0109,1.05
4016,4700,0.6967,0.0839,0.2199,0.4296,0.5133,-0.0124,11.96,172.87,0.78,126430.0,0.0,0.2188,0.0776,-0.0035,-0.0675,0.4463,-0.0133,1.05
4017,4700,0.7012,0.0827,0.2163,0.4566,0.4837,-0.0125,10.51,157.35,0.78,126345.0,0.0,0.2237,0.0831,-0.0034,-0.0734,0.3831,-0.0139,1.05
4018,4700,0.7018,0.0852,0.2132,0.4539,0.5007,-0.0119,11.51,167.11,0.77,127121.0,0.0,0.221,0.0831,-0.0034,-0.072,0.3888,-0.0133,1.05
4019,4700,0.708,0.0838,0.2082,0.4537,0.5094,-0.0102,11.99,178.87,0.77,127100.0,0.0,0.2233,0.0816,-0.0036,-0.0721,0.3749,-0.0135,1.05
4020,4700,0.71,0.0823,0.2079,0.4804,0.4895,-0.009,12.08,183.9,0.78,126632.0,0.0,0.2256,0.0925,-0.0038,-0.0705,0.4298,-0.0124,1.05
4021,4700,0.7101,0.0801,0.2101,0.4795,0.5028,-0.009,11.79,202.11,0.78,125935.0,0.0,0.2241,0.0889,-0.0038,-0.0729,0.457,-0.0092,1.05
4022,4700,0.7095,0.079,0.2117,0.4765,0.4828,-0.0119,11.46,196.82,0.78,125701.0,0.0,0.2176,0.0921,-0.004,-0.0719,0.415,-0.0135,1.05
4023,4700,0.7113,0.0805,0.2081,0.4619,0.5018,-0.0111,11.38,188.02,0.78,125762.0,0.0,0.2182,0.0883,-0.0038,-0.0675,0.4168,-0.0139,1.05
4024,4700,0.7103,0.0806,0.209,0.4726,0.4993,-0.01,11.68,190.16,0.78,125983.0,0.0,0.2216,0.0884,-0.0036,-0.0715,0.4536,-0.0116,1.05
4025,4700,0.7024,0.0817,0.2158,0.4946,0.467,-0.0108,12.04,153.43,0.78,126123.0,0.0,0.2227,0.0967,-0.0048,-0.0709,0.4603,-0.0113,1.05
4026,4700,0.7007,0.0826,0.2168,0.4484,0.4765,-0.0144,11.56,194.68,0.78,125794.0,0.0,0.2081,0.0893,-0.0043,-0.0641,0.4892,-0.0111,1.05
4027,4700,0.7043,0.0803,0.2154,0.491,0.4879,-0.0091,11.91,204.76,0.78,125470.0,0.0,0.2225,0.097,-0.0048,-0.0717,0.4931,-0.0119,1.05
4028,4700,0.7064,0.0795,0.2141,0.4633,0.4928,-0.0116,12.4,178.38,0.77,127309.0,0.0,0.2221,0.0876,-0.0034,-0.0711,0.4182,-0.014,1.05
4029,4700,0.7071,0.0786,0.2143,0.4606,0.4968,-0.0112,11.18,176.87,0.77,127186.0,0.0,0.2102,0.0901,-0.0046,-0.068,0.4353,-0.0136,1.05
4030,4700,0.704,0.0766,0.2194,0.4885,0.4831,-0.0106,11.84,192.1,0.77,127131.0,0.0,0.2211,0.0937,-0.0044,-0.072,0.44,-0.0122,1.05
4031,4700,0.7014,0.0759,0.2228,0.482,0.4917,-0.0089,12.54,196.49,0.77,127077.0,0.0,0.2275,0.0928,-0.0041,-0.0684,0.5131,-0.0118,1.05
4032,4700,0.6994,0.0763,0.2246,0.464,0.4853,-0.0117,12.01,185.48,0.77,126968.0,0.0,0.2173,0.0896,-0.0037,-0.0689,0.4742,-0.0128,1.05
4033,4700,0.7011,0.0757,0.2234,0.4555,0.4679,-0.0156,11.25,173.55,0.78,125579.0,0.0,0.2111,0.0853,-0.004,-0.0699,0.4805,-0.0114,1.05
4034,4700,0.7003,0.0782,0.2218,0.4793,0.4889,-0.0111,12.06,180.71,0.77,127100.0,0.0,0.2228,0.0923,-0.0054,-0.0709,0.4133,-0.0118,1.05
4035,4700,0.7001,0.079,0.2212,0.464,0.5102,-0.0105,11.89,180.02,0.79,125130.0,0.0,0.2243,0.0879,-0.0032,-0.0688,0.4707,-0.0122,1.05
4036,4700,0.7012,0.0778,0.2215,0.4818,0.4883,-0.0125,11.24,178.19,0.78,126026.0,0.0,0.2243,0.0925,-0.0042,-0.0744,0.5297,-0.0126,1.05
4037,4700,0.6994,0.0801,0.221,0.4699,0.4909,-0.0108,12.19,200.74,0.78,126425.0,0.0,0.2205,0.0893,-0.0038,-0.0712,0.4448,-0.0129,1.05
4038,4700,0.7031,0.0792,0.2181,0.472,0.5167,-0.0091,11.96,175.95,0.78,126558.0,0.0,0.2261,0.0894,-0.004,-0.0712,0.5073,-0.0127,1.05
4039,4700,0.7064,0.0802,0.2139,0.4524,0.4983,-0.0138,11.96,169.74,0.77,127319.0,0.0,0.2169,0.0887,-0.0042,-0.0669,0.4468,-0.0128,1.05
4040,4700,0.7127,0.0779,0.2098,0.4809,0.5054,-0.0095,12.01,192.9,0.78,126606.0,0.0,0.2244,0.0929,-0.0042,-0.0741,0.4871,-0.0131,1.05
4041,4700,0.7171,0.0789,0.2044,0.4435,0.5088,-0.0117,10.62,170.05,0.78,126073.0,0.0,0.2197,0.0857,-0.0038,-0.0659,0.524,-0.014,1.05
4042,4700,0.7163,0.0797,0.2045,0.4503,0.5052,-0.0101,11.66,176.76,0.77,126987.0,0.0,0.216,0.0854,-0.0043,-0.0696,0.5261,-0.0134,1.05
4043,4700,0.7147,0.0794,0.2063,0.4742,0.4706,-0.0124,10.8,180.18,0.77,126937.0,0.0,0.2147,0.0922,-0.0043,-0.0748,0.3945,-0.0137,1.05
4044,4700,0.7127,0.0811,0.2066,0.4408,0.5036,-0.0126,11.01,140.27,0.78,126792.0,0.0,0.215,0.0833,-0.0037,-0.0685,0.4781,-0.0133,1.05
4045,4700,0.7135,0.082,0.205,0.4347,0.5254,-0.0097,11.86,183.04,0.77,127099.0,0.0,0.2125,0.0826,-0.0035,-0.0676,0.5099,-0.0132,1.05
4046,4700,0.7143,0.0813,0.2048,0.4526,0.4851,-0.0119,11.38,169.36,0.77,126966.0,0.0,0.2086,0.0878,-0.0038,-0.0695,0.3952,-0.0138,1.05
4047,4700,0.7145,0.0819,0.2041,0.4457,0.4894,-0.0131,10.46,195.78,0.78,125421.0,0.0,0.2136,0.0847,-0.004,-0.0711,0.4237,-0.0126,1.05
4048,4700,0.7128,0.0825,0.2052,0.4398,0.4989,-0.0122,11.99,186.36,0.78,126566.0,0.0,0.2138,0.0806,-0.0037,-0.0703,0.3938,-0.0136,1.05
4049,4700,0.71,0.0834,0.2071,0.4662,0.4781,-0.0128,10.77,198.77,0.78,126144.0,0.0,0.2208,0.0892,-0.0041,-0.0719,0.4127,-0.0123,1.05
4050,4700,0.7024,0.0857,0.2125,0.4799,0.4717,-0.0102,11.56,183.76,0.77,126957.0,0.0,0.2239,0.0914,-0.0048,-0.074,0.397,-0.0131,1.05
4051,4700,0.6961,0.0877,0.2167,0.4776,0.4787,-0.0121,12.04,174.53,0.79,123803.0,0.0,0.2158,0.0931,-0.0045,-0.0751,0.4144,-0.0107,1.05
4052,4700,0.692,0.0862,0.2223,0.4787,0.4807,-0.0109,11.9,176.12,0.77,127313.0,0.0,0.2207,0.0932,-0.0042,-0.0729,0.5118,-0.0119,1.06
4053,4700,0.6927,0.0849,0.2227,0.4724,0.4913,-0.0107,11.87,185.4,0.79,124679.0,0.0,0.2183,0.092,-0.0043,-0.0751,0.3981,-0.013,1.06
4054,4700,0.6978,0.0786,0.2239,0.4851,0.4897,-0.0096,11.04,192.04,0.78,126356.0,0.0,0.2269,0.0925,-0.0041,-0.0782,0.3786,-0.0134,1.06
4055,4700,0.6947,0.0794,0.2264,0.4937,0.457,-0.0129,11.96,196.62,0.78,126299.0,0.0,0.2133,0.0945,-0.0047,-0.0763,0.3832,-0.0127,1.06
4056,4700,0.6924,0.0778,0.2303,0.4687,0.4852,-0.0111,11.51,185.24,0.78,126636.0,0.0,0.2202,0.0893,-0.0042,-0.0718,0.4171,-0.0127,1.06
4057,4700,0.6875,0.0785,0.2345,0.5081,0.4522,-0.0111,11.95,216.22,0.78,126000.0,0.0,0.223,0.0988,-0.0049,-0.0772,0.439,-0.0117,1.06
4058,4700,0.6843,0.0797,0.2365,0.4704,0.4911,-0.0112,11.51,195.58,0.78,126550.0,0.0,0.2197,0.0887,-0.0045,-0.0729,0.5171,-0.0125,1.06
4059,4700,0.6815,0.0809,0.2381,0.4949,0.4442,-0.0123,11.23,180.2,0.77,127166.0,0.0,0.2177,0.0952,-0.005,-0.0757,0.4503,-0.0107,1.06
4060,4700,0.6768,0.0829,0.2413,0.4701,0.4755,-0.0132,11.12,178.84,0.78,126032.0,0.0,0.22,0.09,-0.0039,-0.0713,0.4757,-0.0085,1.06
4061,4700,0.6762,0.0842,0.2406,0.4785,0.4741,-0.0113,11.68,188.1,0.79,124578.0,0.0,0.2205,0.0936,-0.0042,-0.0721,0.4192,-0.0113,1.06
4062,4700,0.6757,0.083,0.2424,0.4754,0.4986,-0.0095,12.64,192.93,0.77,126909.0,0.0,0.2225,0.0919,-0.004,-0.0713,0.4655,-0.0116,1.06
4063,4700,0.6803,0.0805,0.2402,0.4871,0.4818,-0.0089,12.06,190.4,0.8,122945.0,0.0,0.2159,0.0961,-0.0047,-0.0762,0.386,-0.0124,1.06
4064,4700,0.6855,0.0772,0.2384,0.4495,0.5075,-0.0107,11.95,189.71,0.77,127126.0,0.0,0.2185,0.0837,-0.0041,-0.0682,0.4257,-0.0132,1.06
4065,4700,0.691,0.075,0.235,0.4692,0.5046,-0.0107,10.92,181.98,0.78,126433.0,0.0,0.2227,0.0886,-0.004,-0.072,0.5081,-0.0121,1.06
4066,4700,0.6912,0.0764,0.2333,0.4687,0.4984,-0.011,11.87,174.62,0.79,124080.0,0.0,0.2274,0.0883,-0.0038,-0.0723,0.4752,-0.0086,1.06
4067,4700,0.6935,0.0798,0.2277,0.4799,0.4867,-0.0122,12.23,196.65,0.77,126856.0,0.0,0.2239,0.0895,-0.0039,-0.0727,0.5567,-0.0127,1.06
4068,4700,0.6898,0.0827,0.2285,0.485,0.4603,-0.0149,11.49,170.13,0.77,127181.0,0.0,0.2269,0.0918,-0.004,-0.0738,0.4405,-0.013,1.06
4069,4700,0.6926,0.0858,0.2225,0.4521,0.5023,-0.0115,11.34,164.09,0.8,123181.0,0.0,0.2201,0.0834,-0.0039,-0.0662,0.4654,-0.0113,1.06
4070,4700,0.6912,0.0872,0.2224,0.4773,0.4772,-0.0117,11.61,187.0,0.77,127196.0,0.0,0.2201,0.0929,-0.0039,-0.0721,0.4644,-0.0087,1.06
4071,4700,0.6925,0.0886,0.2197,0.4634,0.5067,-0.0124,12.74,194.59,0.78,125553.0,0.0,0.2231,0.0847,-0.0035,-0.0715,0.4519,-0.0122,1.06
4072,4700,0.6962,0.0855,0.2188,0.4714,0.4615,-0.0161,10.41,168.55,0.78,125640.0,0.0,0.2143,0.0867,-0.0036,-0.0716,0.4353,-0.0123,1.06
4073,4700,0.6912,0.0877,0.2214,0.4766,0.4733,-0.0107,11.43,190.35,0.78,126344.0,0.0,0.2215,0.0908,-0.0041,-0.0689,0.3686,-0.0121,1.06
4074,4700,0.6902,0.0877,0.2223,0.4852,0.4643,-0.0127,10.88,195.89,0.78,126246.0,0.0,0.2168,0.0924,-0.0045,-0.0728,0.3637,-0.0123,1.05
4075,4700,0.6907,0.0865,0.2229,0.4829,0.4851,-0.0091,11.56,187.02,0.78,126637.0,0.0,0.2283,0.0871,-0.0033,-0.0749,0.3586,-0.0136,1.05
4076,4700,0.6906,0.0844,0.2252,0.4956,0.4531,-0.0129,10.45,174.18,0.78,126793.0,0.0,0.2165,0.0928,-0.0043,-0.0772,0.3903,-0.0127,1.05
4077,4700,0.6862,0.0863,0.2277,0.5036,0.4631,-0.0105,11.68,180.97,0.82,120235.0,0.0,0.223,0.0969,-0.0038,-0.0753,0.3214,-0.013,1.05
4078,4700,0.6862,0.0886,0.2257,0.4808,0.473,-0.0123,12.05,208.37,0.78,126551.0,0.0,0.2145,0.0901,-0.0043,-0.0762,0.4705,-0.0091,1.05
4079,4700,0.6899,0.0882,0.2227,0.478,0.4904,-0.0095,11.99,190.51,0.78,126045.0,0.0,0.2128,0.0937,-0.0051,-0.0702,0.4941,-0.0132,1.05
4080,4700,0.6868,0.0886,0.2253,0.4975,0.4328,-0.0181,12.0,204.79,0.78,126075.0,0.0,0.2189,0.0963,-0.0041,-0.0733,0.4337,-0.0129,1.05
4081,4700,0.6831,0.0866,0.231,0.4997,0.4736,-0.0104,11.34,207.43,0.78,126022.0,0.0,0.2182,0.0939,-0.004,-0.0765,0.4614,-0.0135,1.05
4082,4700,0.6736,0.0901,0.237,0.472,0.4604,-0.0137,12.46,202.97,0.78,126803.0,0.0,0.2109,0.091,-0.0039,-0.0677,0.4237,-0.0138,1.05
4083,4700,0.6733,0.0912,0.2364,0.4914,0.4686,-0.0117,11.91,206.24,0.79,124916.0,0.0,0.219,0.093,-0.0046,-0.0716,0.4553,-0.0131,1.06
4084,4700,0.6676,0.0914,0.2422,0.4931,0.457,-0.013,11.51,203.85,0.78,126700.0,0.0,0.2138,0.0949,-0.0044,-0.0702,0.4888,-0.0129,1.06
4085,4700,0.6645,0.0901,0.2466,0.4887,0.4896,-0.0093,12.05,195.23,0.78,125967.0,0.0,0.2189,0.0903,-0.0042,-0.0754,0.4781,-0.0122,1.06
4086,4700,0.6652,0.0873,0.2487,0.4749,0.4676,-0.0122,11.54,175.93,0.78,126695.0,0.0,0.216,0.0883,-0.0039,-0.0708,0.421,-0.0139,1.06
4087,4700,0.6655,0.0863,0.2494,0.5101,0.4499,-0.0098,11.76,203.91,0.79,124878.0,0.0,0.2178,0.0976,-0.004,-0.0723,0.3784,-0.0129,1.06
4088,4700,0.6649,0.0817,0.2545,0.4637,0.4635,-0.0124,11.1,155.87,0.78,126534.0,0.0,0.2068,0.0863,-0.0035,-0.0665,0.4058,-0.0132,1.06
4089,4700,0.6651,0.0818,0.2541,0.4565,0.4864,-0.0135,11.33,175.79,0.77,127792.0,0.0,0.2114,0.0809,-0.0034,-0.0702,0.3662,-0.014,1.06
4090,4700,0.6683,0.0823,0.2502,0.4542,0.4856,-0.012,11.44,192.41,0.78,126251.0,0.0,0.2096,0.0827,-0.0035,-0.0681,0.4181,-0.0124,1.06
4091,4700,0.6665,0.0839,0.2502,0.4955,0.46,-0.0108,11.49,167.58,0.77,127039.0,0.0,0.2265,0.0917,-0.0039,-0.0729,0.4892,-0.0091,1.06
4092,4700,0.6687,0.0861,0.2462,0.473,0.471,-0.0131,11.96,173.95,0.78,125247.0,0.0,0.2203,0.0874,-0.0038,-0.0692,0.4575,-0.0125,1.06
4093,4700,0.671,0.0847,0.2452,0.4876,0.4744,-0.0098,12.38,194.96,0.77,126893.0,0.0,0.2187,0.0905,-0.0038,-0.0726,0.4375,-0.0133,1.06
4094,4700,0.6744,0.0833,0.243,0.4751,0.4926,-0.0123,11.93,179.3,0.78,126377.0,0.0,0.2289,0.0885,-0.0035,-0.0691,0.487,-0.0139,1.06
4095,4700,0.6799,0.0851,0.2355,0.4712,0.4883,-0.0133,11.16,188.72,0.79,124789.0,0.0,0.2271,0.0866,-0.0032,-0.07,0.5156,-0.012,1.06
4096,4700,0.6846,0.0841,0.2318,0.479,0.4945,-0.012,11.99,194.94,0.78,126443.0,0.0,0.228,0.0904,-0.0036,-0.0692,0.4904,-0.013,1.06
4097,4700,0.6872,0.0833,0.23,0.4777,0.4787,-0.0128,11.77,183.53,0.79,124072.0,0.0,0.227,0.088,-0.0036,-0.0715,0.4854,-0.0123,1.06
4098,4700,0.6862,0.0834,0.2307,0.4829,0.4721,-0.0116,11.09,170.04,0.77,127289.0,0.0,0.2254,0.09,-0.0032,-0.0712,0.4507,-0.0134,1.06
4099,4700,0.689,0.0834,0.2283,0.4558,0.5034,-0.0095,11.95,189.79,0.78,126689.0,0.0,0.2292,0.084,-0.0036,-0.066,0.5686,-0.0127,1.06
4100,4700,0.6969,0.0822,0.2216,0.413,0.514,-0.0141,11.03,160.97,0.77,127182.0,0.0,0.2103,0.0734,-0.003,-0.0628,0.5131,-0.0088,1.06
4101,4700,0.7058,0.0803,0.2146,0.4504,0.5237,-0.0099,12.64,189.1,0.81,120874.0,0.0,0.231,0.0815,-0.0039,-0.0686,0.4629,-0.0122,1.06
4102,4700,0.7136,0.0786,0.2087,0.4517,0.504,-0.0111,12.15,188.74,0.78,126056.0,0.0,0.2213,0.0811,-0.0044,-0.0691,0.3788,-0.0134,1.06
4103,4700,0.7202,0.0763,0.2045,0.4232,0.517,-0.0132,11.51,177.93,0.79,124894.0,0.0,0.2168,0.0738,-0.0029,-0.0623,0.4151,-0.0126,1.06
4104,4700,0.7213,0.0794,0.2003,0.4565,0.4988,-0.0111,11.61,170.85,0.79,124456.0,0.0,0.2229,0.0844,-0.0039,-0.0647,0.4155,-0.0138,1.06
4105,4700,0.7161,0.0821,0.2025,0.4788,0.4793,-0.0114,12.41,183.3,0.78,126379.0,0.0,0.2284,0.0891,-0.0035,-0.0704,0.4183,-0.0128,1.06
4106,4700,0.7155,0.0806,0.2045,0.4737,0.4989,-0.0095,11.1,187.61,0.78,125919.0,0.0,0.2312,0.0873,-0.0038,-0.0711,0.4764,-0.0126,1.06
4107,4700,0.716,0.0822,0.2022,0.4517,0.4981,-0.0139,11.37,189.75,0.78,126806.0,0.0,0.2199,0.0831,-0.0042,-0.0677,0.4677,-0.0119,1.06
4108,4700,0.7167,0.0839,0.2,0.4738,0.4877,-0.0114,11.95,183.91,0.78,126698.0,0.0,0.2298,0.085,-0.0033,-0.0724,0.4354,-0.0115,1.06
4109,4700,0.7164,0.0824,0.2019,0.464,0.4979,-0.0098,11.22,186.27,0.78,126526.0,0.0,0.2211,0.086,-0.0037,-0.0692,0.4689,-0.013,1.06
4110,4700,0.714,0.0823,0.2044,0.4789,0.4882,-0.011,11.11,188.56,0.78,126680.0,0.0,0.2266,0.0891,-0.0038,-0.0716,0.4675,-0.0129,1.06
4111,4700,0.7116,0.0832,0.2062,0.4687,0.478,-0.0145,10.27,169.35,0.78,125700.0,0.0,0.2207,0.0888,-0.0049,-0.0709,0.4905,-0.0138,1.06
4112,4700,0.7146,0.0821,0.2041,0.4533,0.5285,-0.0091,12.57,179.82,0.78,126686.0,0.0,0.2255,0.0835,-0.0037,-0.0681,0.5354,-0.014,1.06
4113,4700,0.7147,0.0814,0.2046,0.4647,0.5029,-0.0113,11.85,180.22,0.77,127902.0,0.0,0.2284,0.0859,-0.0037,-0.0687,0.4747,-0.0133,1.06
4114,4700,0.7152,0.0817,0.2043,0.4745,0.4874,-0.0111,10.86,164.27,0.77,127340.0,0.0,0.2288,0.09,-0.004,-0.07,0.5174,-0.0131,1.06
4115,4700,0.7127,0.0847,0.2042,0.4524,0.4965,-0.0113,12.31,179.8,0.77,127296.0,0.0,0.2219,0.0844,-0.0037,-0.0675,0.4968,-0.0133,1.06
4116,4700,0.7155,0.0837,0.2026,0.455,0.5129,-0.0117,12.68,169.54,0.78,126464.0,0.0,0.2242,0.0852,-0.0035,-0.0683,0.5267,-0.0134,1.06
4117,4700,0.7203,0.0849,0.1963,0.4551,0.5075,-0.0103,12.14,194.0,0.79,124247.0,0.0,0.2224,0.0842,-0.0042,-0.0688,0.4613,-0.0134,1.06
4118,4700,0.7251,0.0839,0.1924,0.4497,0.5167,-0.0116,11.12,177.92,0.77,127503.0,0.0,0.2273,0.081,-0.0044,-0.068,0.4923,-0.0135,1.06
4119,4700,0.7229,0.0848,0.1936,0.4353,0.4989,-0.0134,10.8,167.89,0.78,126129.0,0.0,0.2155,0.0806,-0.0032,-0.0672,0.461,-0.0134,1.06
4120,4700,0.7219,0.0876,0.1919,0.4311,0.5161,-0.0142,12.07,178.58,0.78,126279.0,0.0,0.2188,0.0776,-0.003,-0.0653,0.4492,-0.0135,1.06
4121,4700,0.7204,0.0889,0.1922,0.4576,0.4866,-0.0154,10.86,169.97,0.77,127418.0,0.0,0.2213,0.0838,-0.0037,-0.0717,0.5527,-0.0087,1.06
4122,4700,0.7209,0.0894,0.1909,0.4547,0.4913,-0.0139,11.37,161.61,0.8,122486.0,0.0,0.2155,0.0814,-0.004,-0.0712,0.4749,-0.0124,1.06
4123,4700,0.7202,0.0886,0.1922,0.4659,0.4988,-0.0092,10.87,181.54,0.8,122992.0,0.0,0.2238,0.0851,-0.0037,-0.073,0.3678,-0.013,1.06
4124,4700,0.7214,0.0884,0.1912,0.434,0.4969,-0.0132,11.31,164.98,0.78,126293.0,0.0,0.2147,0.0796,-0.0032,-0.0674,0.4341,-0.0126,1.06
4125,4700,0.7224,0.0883,0.1902,0.4574,0.4906,-0.0116,11.39,162.1,0.78,125960.0,0.0,0.2187,0.085,-0.0038,-0.0706,0.3621,-0.0137,1.06
4126,4700,0.7247,0.0866,0.1894,0.4827,0.4853,-0.01,12.0,204.2,0.77,126959.0,0.0,0.2258,0.0899,-0.0037,-0.0723,0.434,-0.0135,1.06
4127,4700,0.722,0.0835,0.1952,0.4759,0.4842,-0.0103,11.74,195.02,0.78,126658.0,0.0,0.2236,0.0888,-0.0041,-0.0715,0.466,-0.0118,1.06
4128,4700,0.7179,0.0831,0.1998,0.47,0.4624,-0.0148,11.42,186.9,0.77,126905.0,0.0,0.2113,0.0888,-0.0045,-0.0716,0.4728,-0.0118,1.06
4129,4700,0.712,0.0823,0.2063,0.4708,0.4688,-0.0128,10.93,170.54,0.79,124932.0,0.0,0.2184,0.0886,-0.004,-0.0696,0.4104,-0.0127,1.06
4130,4700,0.7065,0.0817,0.212,0.5185,0.4459,-0.0092,11.44,211.45,0.78,126166.0,0.0,0.2283,0.0988,-0.005,-0.0764,0.406,-0.0127,1.06
4131,4700,0.6974,0.0809,0.2219,0.4979,0.4764,-0.0104,12.07,201.47,0.79,124469.0,0.0,0.2254,0.0979,-0.0041,-0.0708,0.4078,-0.0133,1.06
4132,4700,0.6913,0.0813,0.2278,0.4785,0.4717,-0.012,11.74,187.13,0.78,125993.0,0.0,0.2201,0.0925,-0.0045,-0.0712,0.4536,-0.0134,1.06
4133,4700,0.6852,0.0826,0.2328,0.4881,0.4625,-0.012,11.58,190.78,0.78,126319.0,0.0,0.2194,0.0928,-0.004,-0.0731,0.4044,-0.0135,1.06
4134,4700,0.6815,0.0809,0.2385,0.5011,0.4792,-0.009,12.29,197.62,0.78,125736.0,0.0,0.2276,0.0991,-0.0047,-0.0719,0.4141,-0.0108,1.06
4135,4700,0.6789,0.0804,0.2417,0.465,0.4966,-0.0102,11.85,178.87,0.77,126978.0,0.0,0.2217,0.0883,-0.0035,-0.0672,0.5615,-0.0115,1.06
4136,4700,0.6735,0.0838,0.2438,0.5041,0.4628,-0.0109,11.5,204.66,0.78,126397.0,0.0,0.219,0.0995,-0.0042,-0.0744,0.5142,-0.0128,1.06
4137,4700,0.6731,0.0847,0.243,0.4548,0.4847,-0.0152,11.87,178.95,0.77,126945.0,0.0,0.2171,0.0858,-0.0041,-0.0697,0.4658,-0.0134,1.06
4138,4700,0.68,0.0862,0.2347,0.467,0.5147,-0.0112,12.17,179.67,0.78,126733.0,0.0,0.2277,0.0855,-0.0033,-0.0719,0.4858,-0.0101,1.06
4139,4700,0.682,0.0851,0.2334,0.4526,0.4884,-0.0144,12.34,196.45,0.78,126558.0,0.0,0.2159,0.0899,-0.004,-0.0671,0.4708,-0.0126,1.06
4140,4700,0.6843,0.0841,0.2321,0.4802,0.4958,-0.0093,11.64,188.58,0.78,126278.0,0.0,0.2316,0.0903,-0.0037,-0.0726,0.4753,-0.013,1.06
4141,4700,0.6885,0.0827,0.2293,0.4686,0.5111,-0.0101,12.2,190.67,0.78,125524.0,0.0,0.2276,0.0881,-0.0038,-0.0743,0.4721,-0.0125,1.06
4142,4700,0.6918,0.0801,0.2285,0.4825,0.4939,-0.0098,12.69,216.72,0.78,126344.0,0.0,0.2278,0.0951,-0.0042,-0.0719,0.4769,-0.0125,1.06
4143,4700,0.6935,0.0785,0.2285,0.4948,0.4937,-0.0091,12.52,183.78,0.78,125625.0,0.0,0.2325,0.0967,-0.0046,-0.0738,0.5033,-0.0125,1.06
4144,4700,0.6987,0.0758,0.2261,0.4693,0.5133,-0.0108,12.03,167.81,0.78,125494.0,0.0,0.2233,0.0874,-0.0036,-0.0733,0.4915,-0.0133,1.06
4145,4700,0.7052,0.076,0.2193,0.4592,0.5109,-0.0108,12.69,194.36,0.77,127076.0,0.0,0.2266,0.0894,-0.0033,-0.0694,0.4791,-0.0115,1.06
4146,4700,0.7115,0.075,0.214,0.4574,0.5122,-0.0111,12.13,165.57,0.78,126460.0,0.0,0.2246,0.0862,-0.0043,-0.0728,0.5144,-0.0079,1.06
4147,4700,0.7107,0.0786,0.2111,0.4584,0.4899,-0.0114,12.57,184.64,0.78,126361.0,0.0,0.2215,0.0896,-0.0042,-0.067,0.4484,-0.0121,1.06
4148,4700,0.7114,0.0753,0.2137,0.4798,0.498,-0.0106,11.99,179.2,0.77,126918.0,0.0,0.2282,0.0904,-0.0036,-0.0749,0.4524,-0.0126,1.06
4149,4700,0.7092,0.0743,0.2172,0.472,0.5093,-0.0096,12.2,168.43,0.78,126465.0,0.0,0.229,0.09,-0.0037,-0.0727,0.4766,-0.0132,1.06
4150,4700,0.7069,0.0773,0.2165,0.4702,0.4976,-0.0131,11.69,183.03,0.78,126712.0,0.0,0.2301,0.0888,-0.0037,-0.0735,0.4986,-0.0137,1.06
4151,4700,0.71,0.0783,0.2124,0.4567,0.5018,-0.0125,11.21,174.02,0.78,125706.0,0.0,0.2253,0.0827,-0.0034,-0.0742,0.4855,-0.0111,1.06
4152,4700,0.7154,0.0781,0.2072,0.4512,0.5109,-0.0105,11.95,177.56,0.79,124249.0,0.0,0.2213,0.085,-0.0031,-0.0699,0.5165,-0.0095,1.06
4153,4700,0.7152,0.0786,0.2066,0.4624,0.4961,-0.0135,11.08,184.87,0.78,125808.0,0.0,0.2211,0.0892,-0.004,-0.0714,0.4658,-0.0129,1.06
4154,4700,0.7162,0.0779,0.2065,0.4718,0.5066,-0.0098,12.5,198.85,0.77,126969.0,0.0,0.23,0.0892,-0.0034,-0.0728,0.4493,-0.0129,1.06
4155,4700,0.7171,0.0787,0.2049,0.4434,0.4889,-0.0133,11.28,172.47,0.78,126400.0,0.0,0.2173,0.084,-0.0036,-0.0671,0.4676,-0.0137,1.06
4156,4700,0.7157,0.079,0.2062,0.4496,0.5242,-0.0103,12.43,165.06,0.78,126840.0,0.0,0.2235,0.082,-0.0036,-0.072,0.4197,-0.0146,1.06
4157,4700,0.7169,0.0788,0.205,0.4624,0.4875,-0.0123,12.77,164.59,0.79,125002.0,0.0,0.2183,0.0863,-0.0036,-0.0721,0.405,-0.0138,1.06
4158,4700,0.7174,0.0777,0.2055,0.4675,0.4842,-0.0125,11.8,174.68,0.78,126527.0,0.0,0.2215,0.0886,-0.0037,-0.0725,0.4492,-0.0134,1.06
4159,4700,0.7158,0.0806,0.2042,0.4478,0.4802,-0.0162,11.42,173.38,0.78,126797.0,0.0,0.2112,0.0847,-0.0038,-0.0711,0.4128,-0.0128,1.06
4160,4700,0.7078,0.0838,0.2091,0.4637,0.4621,-0.0139,11.41,181.77,0.77,127580.0,0.0,0.219,0.091,-0.0036,-0.0697,0.4924,-0.0133,1.06
4161,4700,0.7006,0.0874,0.2128,0.4658,0.4881,-0.0132,11.58,190.9,0.78,126602.0,0.0,0.223,0.0892,-0.0035,-0.0699,0.5091,-0.0129,1.06
4162,4700,0.6998,0.0862,0.2148,0.4759,0.5001,-0.0107,12.06,189.34,0.78,126187.0,0.0,0.2222,0.0936,-0.0036,-0.0696,0.4812,-0.0144,1.06
4163,4700,0.6969,0.0866,0.2173,0.4855,0.4887,-0.012,11.78,178.17,0.78,126522.0,0.0,0.2254,0.0962,-0.0034,-0.0721,0.4834,-0.0126,1.05
4164,4700,0.6947,0.0888,0.2168,0.4588,0.4763,-0.0153,10.82,189.37,0.78,126203.0,0.0,0.211,0.0919,-0.0038,-0.0684,0.5291,-0.0094,1.05
4165,4700,0.6913,0.0895,0.2193,0.4934,0.4655,-0.0126,11.53,185.28,0.78,125786.0,0.0,0.2208,0.0966,-0.0038,-0.073,0.435,-0.0135,1.06
4166,4700,0.6938,0.0894,0.2169,0.4731,0.4943,-0.0112,11.58,186.89,0.78,126115.0,0.0,0.2255,0.0897,-0.0042,-0.0737,0.4262,-0.0134,1.06
4167,4700,0.6933,0.088,0.2192,0.4776,0.4874,-0.0107,11.89,215.03,0.78,126576.0,0.0,0.2249,0.0905,-0.0037,-0.0747,0.4285,-0.0124,1.05
4168,4700,0.6956,0.0856,0.2195,0.4708,0.4872,-0.0127,11.54,188.36,0.78,126305.0,0.0,0.2217,0.089,-0.0031,-0.0734,0.5012,-0.0121,1.05
4169,4700,0.6952,0.0879,0.2175,0.4605,0.4999,-0.0125,12.03,180.48,0.78,125883.0,0.0,0.2234,0.0888,-0.0037,-0.0694,0.4209,-0.0115,1.05
4170,4700,0.6961,0.0893,0.2151,0.4538,0.4816,-0.0122,11.93,190.17,0.79,124213.0,0.0,0.2195,0.0886,-0.0036,-0.0684,0.3937,-0.0127,1.05
4171,4700,0.6972,0.088,0.2152,0.4646,0.4899,-0.0095,12.23,181.95,0.79,124083.0,0.0,0.2218,0.0883,-0.0033,-0.0714,0.3723,-0.0137,1.05
4172,4700,0.6945,0.0866,0.2191,0.4843,0.459,-0.0131,11.28,186.59,0.78,126178.0,0.0,0.2199,0.0945,-0.004,-0.0716,0.401,-0.0121,1.05
4173,4700,0.6933,0.0874,0.2196,0.463,0.4988,-0.0112,11.6,171.48,0.78,125535.0,0.0,0.2243,0.0877,-0.0036,-0.0705,0.4539,-0.0125,1.06
4174,4700,0.6953,0.0864,0.2186,0.4872,0.4604,-0.0131,11.03,178.27,0.78,125748.0,0.0,0.2203,0.0942,-0.0039,-0.0741,0.4458,-0.0136,1.06
4175,4700,0.6951,0.086,0.2194,0.4912,0.4685,-0.0122,11.85,185.16,0.78,126442.0,0.0,0.2226,0.0941,-0.0036,-0.0761,0.4678,-0.0114,1.06
4176,4700,0.693,0.0869,0.2208,0.4702,0.4807,-0.0128,11.69,203.33,0.78,126452.0,0.0,0.2248,0.0913,-0.0033,-0.0708,0.4927,-0.0116,1.06
4177,4700,0.6895,0.0869,0.2243,0.5045,0.4661,-0.0096,12.33,206.59,0.78,126826.0,0.0,0.2218,0.1017,-0.0041,-0.073,0.4987,-0.0123,1.06
4178,4700,0.6906,0.0863,0.2238,0.4614,0.4978,-0.0117,11.51,186.28,0.77,127036.0,0.0,0.2196,0.0889,-0.0036,-0.0682,0.4579,-0.0116,1.05
4179,4700,0.6888,0.0854,0.2265,0.4811,0.4655,-0.0123,11.83,188.56,0.79,124434.0,0.0,0.2247,0.0961,-0.0043,-0.069,0.4873,-0.0123,1.06
4180,4700,0.6876,0.0848,0.2283,0.4911,0.4685,-0.0121,12.14,204.93,0.78,126609.0,0.0,0.2237,0.0997,-0.0041,-0.0723,0.4871,-0.0117,1.06
4181,4700,0.6843,0.0865,0.2296,0.4555,0.4914,-0.0137,11.53,168.06,0.78,125785.0,0.0,0.2193,0.0879,-0.0037,-0.0665,0.4294,-0.009,1.06
4182,4700,0.6823,0.0895,0.2286,0.4608,0.4771,-0.0115,12.58,192.41,0.78,125933.0,0.0,0.2177,0.0894,-0.0035,-0.0675,0.4177,-0.013,1.06
4183,4700,0.6803,0.0876,0.2324,0.4883,0.4814,-0.0104,11.84,178.55,0.78,125903.0,0.0,0.2278,0.0974,-0.004,-0.0686,0.393,-0.0126,1.06
4184,4700,0.6786,0.084,0.238,0.5005,0.4519,-0.0114,11.44,193.81,0.78,126321.0,0.0,0.2309,0.1008,-0.0042,-0.0702,0.3727,-0.0121,1.06
4185,4700,0.6756,0.0834,0.2414,0.4833,0.4883,-0.0089,11.98,180.22,0.78,125843.0,0.0,0.232,0.0942,-0.0035,-0.069,0.3587,-0.0129,1.06
4186,4700,0.6771,0.0815,0.2417,0.4648,0.4892,-0.0109,11.55,169.84,0.78,125879.0,0.0,0.22,0.0886,-0.0033,-0.0681,0.4303,-0.0107,1.06
4187,4700,0.6808,0.0832,0.2362,0.4745,0.4608,-0.013,11.37,180.87,0.78,126488.0,0.0,0.2217,0.0917,-0.0032,-0.0681,0.4354,-0.0097,1.05
4188,4700,0.6782,0.0849,0.2374,0.4997,0.4627,-0.0124,12.32,205.35,0.78,126772.0,0.0,0.2298,0.0971,-0.0036,-0.0716,0.4165,-0.0125,1.05
4189,4700,0.6744,0.087,0.239,0.475,0.472,-0.0115,11.54,197.91,0.78,125631.0,0.0,0.2195,0.0921,-0.0038,-0.0708,0.4009,-0.0112,1.05
4190,4700,0.675,0.085,0.2403,0.4879,0.4555,-0.0122,11.35,187.34,0.79,123752.0,0.0,0.227,0.0929,-0.0042,-0.0708,0.3497,-0.009,1.05
4191,4700,0.6723,0.0806,0.2477,0.509,0.4617,-0.0095,12.2,209.18,0.78,126056.0,0.0,0.2361,0.1,-0.0041,-0.0715,0.3983,-0.0118,1.05
4192,4700,0.6679,0.0789,0.254,0.5192,0.4324,-0.0115,11.58,204.71,0.78,125475.0,0.0,0.2272,0.1049,-0.0044,-0.072,0.4942,-0.0117,1.05
4193,4700,0.6604,0.0816,0.259,0.4941,0.4763,-0.0112,12.25,197.98,0.79,124699.0,0.0,0.2302,0.0942,-0.0038,-0.0719,0.4003,-0.0127,1.05
4194,4700,0.6609,0.0788,0.2613,0.5051,0.456,-0.0088,11.01,201.77,0.78,125375.0,0.0,0.2229,0.1007,-0.0047,-0.0691,0.4343,-0.0118,1.05
4195,4700,0.6615,0.0794,0.2603,0.4883,0.4527,-0.0132,11.26,188.89,0.78,125886.0,0.0,0.2204,0.0965,-0.0037,-0.0672,0.4503,-0.0083,1.05
4196,4700,0.6629,0.0789,0.2594,0.4752,0.4668,-0.0119,10.75,200.81,0.78,125860.0,0.0,0.2185,0.093,-0.004,-0.0681,0.4887,-0.0128,1.05
4197,4700,0.6627,0.0786,0.2599,0.5022,0.4615,-0.0115,11.86,209.02,0.78,125318.0,0.0,0.2267,0.0979,-0.0042,-0.0712,0.4556,-0.0131,1.05
4198,4700,0.6629,0.0771,0.2609,0.4729,0.4966,-0.009,11.93,172.54,0.78,126440.0,0.0,0.2232,0.0933,-0.0043,-0.0669,0.4472,-0.0141,1.05
4199,4700,0.6701,0.0765,0.2542,0.4582,0.5014,-0.0103,11.64,177.23,0.78,126620.0,0.0,0.2189,0.0879,-0.0036,-0.0656,0.5507,-0.0132,1.05
4200,4700,0.6732,0.0784,0.2492,0.459,0.467,-0.014,11.47,191.2,0.78,126185.0,0.0,0.2139,0.0915,-0.0045,-0.0679,0.4809,-0.0132,1.05
4201,4700,0.6712,0.0812,0.2482,0.4514,0.4808,-0.0123,11.09,168.29,0.79,124122.0,0.0,0.2127,0.0858,-0.0032,-0.0662,0.441,-0.0116,1.05
4202,4700,0.6675,0.0847,0.2481,0.4437,0.4831,-0.013,11.41,161.62,0.79,124866.0,0.0,0.2099,0.086,-0.0038,-0.064,0.4865,-0.0115,1.05
4203,4700,0.671,0.0884,0.2406,0.4395,0.4986,-0.012,12.22,172.89,0.8,123020.0,0.0,0.212,0.0838,-0.0039,-0.0648,0.4051,-0.0122,1.05
4204,4700,0.6748,0.0871,0.238,0.4694,0.4825,-0.0102,12.29,200.82,0.79,124928.0,0.0,0.2236,0.089,-0.0056,-0.0691,0.3932,-0.0118,1.05
4205,4700,0.6811,0.0832,0.2358,0.4509,0.4974,-0.0118,10.75,165.06,0.78,126376.0,0.0,0.2203,0.0826,-0.0032,-0.0688,0.433,-0.0089,1.05
4206,4700,0.6818,0.0845,0.2339,0.4678,0.4638,-0.0148,10.6,168.64,0.78,126583.0,0.0,0.2166,0.09,-0.0039,-0.0701,0.4268,-0.0122,1.05
4207,4700,0.6813,0.0838,0.2352,0.4846,0.463,-0.0112,11.53,202.15,0.78,125934.0,0.0,0.2141,0.0962,-0.0042,-0.0697,0.4038,-0.0131,1.05
4208,4700,0.6832,0.0836,0.2334,0.4805,0.4784,-0.0106,11.59,196.38,0.78,125935.0,0.0,0.2168,0.0902,-0.0043,-0.0701,0.3874,-0.0139,1.05
4209,4700,0.68,0.0843,0.2361,0.4755,0.4675,-0.0135,11.46,169.93,0.78,125478.0,0.0,0.2173,0.0917,-0.0044,-0.0672,0.4582,-0.0129,1.05
4210,4700,0.6827,0.0836,0.2343,0.4913,0.4574,-0.0118,11.06,192.5,0.78,125752.0,0.0,0.2183,0.0964,-0.0049,-0.0705,0.4143,-0.0134,1.05
4211,4700,0.6812,0.0819,0.2376,0.5034,0.4578,-0.0108,11.9,219.73,0.78,125870.0,0.0,0.2288,0.0979,-0.0039,-0.0701,0.4578,-0.0128,1.05
4212,4700,0.6783,0.0831,0.2393,0.5012,0.4481,-0.0119,12.12,222.22,0.78,125665.0,0.0,0.2143,0.102,-0.0046,-0.0673,0.4946,-0.0136,1.05
4213,4700,0.6703,0.086,0.2444,0.4931,0.4389,-0.0149,10.59,177.6,0.78,126031.0,0.0,0.2179,0.0997,-0.0046,-0.0688,0.4135,-0.0123,1.05
4214,4700,0.6643,0.0871,0.2491,0.4987,0.454,-0.0123,12.0,199.09,0.78,126090.0,0.0,0.2195,0.0999,-0.0043,-0.0673,0.442,-0.0131,1.05
4215,4700,0.6604,0.0838,0.2563,0.474,0.4778,-0.0129,11.71,171.46,0.78,126071.0,0.0,0.2172,0.0945,-0.0049,-0.0654,0.5048,-0.0121,1.05
4216,4700,0.6601,0.0849,0.2555,0.4889,0.4483,-0.012,11.19,192.74,0.79,125207.0,0.0,0.2146,0.0993,-0.0052,-0.0676,0.4626,-0.0131,1.05
4217,4700,0.6573,0.0848,0.2585,0.473,0.4674,-0.0126,11.67,181.09,0.79,123991.0,0.0,0.2167,0.0943,-0.0045,-0.0627,0.4936,-0.0111,1.05
4218,4700,0.6537,0.0864,0.2608,0.4658,0.4509,-0.0162,10.43,171.24,0.78,125321.0,0.0,0.2046,0.0906,-0.004,-0.0658,0.4439,-0.0091,1.05
4219,4700,0.6522,0.0899,0.259,0.4725,0.4683,-0.013,11.33,199.34,0.78,126733.0,0.0,0.2145,0.092,-0.0048,-0.0682,0.4477,-0.0132,1.05
4220,4700,0.6516,0.091,0.2582,0.4876,0.4778,-0.0107,11.34,180.66,0.8,123610.0,0.0,0.2273,0.0943,-0.0041,-0.0685,0.4386,-0.0129,1.05
4221,4700,0.6575,0.0889,0.2546,0.4618,0.5032,-0.0108,11.88,183.25,0.79,125060.0,0.0,0.2232,0.0905,-0.0035,-0.0644,0.4443,-0.0124,1.05
4222,4700,0.6628,0.0876,0.2504,0.4783,0.4831,-0.0118,11.19,164.1,0.78,125937.0,0.0,0.2251,0.0926,-0.0036,-0.0655,0.4823,-0.0116,1.05
4223,4700,0.6651,0.0878,0.2477,0.4757,0.4774,-0.0129,12.12,187.28,0.8,122231.0,0.0,0.2182,0.0966,-0.005,-0.0651,0.4479,-0.0128,1.05
4224,4700,0.6653,0.0871,0.2483,0.4838,0.4755,-0.0108,11.63,172.53,0.79,125179.0,0.0,0.2177,0.0946,-0.0044,-0.0677,0.5152,-0.0135,1.05
4225,4700,0.6671,0.0867,0.2466,0.4701,0.4666,-0.0145,11.34,195.49,0.78,126432.0,0.0,0.2186,0.0913,-0.0041,-0.0672,0.4038,-0.0125,1.05
4226,4700,0.6713,0.0869,0.242,0.4565,0.5079,-0.0105,12.2,176.6,0.78,125891.0,0.0,0.2167,0.0871,-0.0037,-0.0667,0.4218,-0.0136,1.05
4227,4700,0.677,0.0838,0.2395,0.468,0.4867,-0.0105,11.96,181.05,0.78,126192.0,0.0,0.2132,0.0913,-0.0045,-0.0673,0.4113,-0.0134,1.05
4228,4700,0.6831,0.081,0.2361,0.4903,0.476,-0.0095,12.24,199.17,0.79,125207.0,0.0,0.2279,0.0957,-0.0046,-0.0708,0.3704,-0.0134,1.05
4229,4700,0.679,0.0789,0.2424,0.4818,0.4675,-0.0116,11.36,183.59,0.78,125428.0,0.0,0.2162,0.0951,-0.0047,-0.0668,0.4514,-0.0124,1.05
4230,4700,0.6748,0.0779,0.2475,0.4985,0.476,-0.0079,11.69,183.86,0.78,125900.0,0.0,0.2272,0.1003,-0.0047,-0.0725,0.4054,-0.0124,1.05
4231,4700,0.6744,0.0761,0.2496,0.4795,0.4651,-0.0116,11.31,173.65,0.78,126360.0,0.0,0.2149,0.0953,-0.0043,-0.0672,0.4471,-0.0119,1.05
4232,4700,0.6771,0.0761,0.2467,0.4909,0.4705,-0.0104,11.8,196.68,0.78,125328.0,0.0,0.2248,0.0963,-0.004,-0.0696,0.3913,-0.0141,1.05
4233,4700,0.677,0.0766,0.2464,0.4753,0.4667,-0.0139,10.65,180.13,0.78,125737.0,0.0,0.2154,0.0925,-0.0046,-0.0678,0.467,-0.0122,1.05
4234,4700,0.6725,0.0787,0.2489,0.4886,0.4495,-0.0145,12.46,184.4,0.79,124435.0,0.0,0.2128,0.0992,-0.0048,-0.0674,0.5139,-0.0112,1.05
4235,4700,0.6732,0.0776,0.2495,0.5043,0.4677,-0.0101,11.19,180.08,0.78,126125.0,0.0,0.228,0.0999,-0.0044,-0.0731,0.4462,-0.0124,1.05
4236,4700,0.6693,0.0799,0.2511,0.4826,0.4532,-0.0135,11.92,194.24,0.78,126136.0,0.0,0.2137,0.0955,-0.0045,-0.0693,0.4024,-0.0132,1.05
4237,4700,0.6692,0.0801,0.2508,0.4772,0.4646,-0.0121,11.91,189.85,0.78,126159.0,0.0,0.2175,0.0936,-0.0039,-0.0679,0.4613,-0.012,1.05
4238,4700,0.6758,0.0783,0.246,0.4715,0.5128,-0.0085,12.15,183.24,0.78,126037.0,0.0,0.2307,0.0897,-0.0043,-0.0711,0.4492,-0.0119,1.05
4239,4700,0.6789,0.0764,0.2451,0.5116,0.4541,-0.0099,12.24,205.93,0.78,126129.0,0.0,0.2239,0.1017,-0.0046,-0.0733,0.4298,-0.012,1.05
4240,4700,0.6817,0.0764,0.2426,0.4747,0.487,-0.0116,11.31,179.74,0.78,126102.0,0.0,0.228,0.0916,-0.0039,-0.0685,0.4738,-0.0121,1.05
4241,4700,0.6841,0.0773,0.2391,0.4886,0.4786,-0.011,11.34,189.07,0.78,126349.0,0.0,0.2279,0.0952,-0.0043,-0.0727,0.4698,-0.0121,1.05
4242,4700,0.6839,0.0775,0.2391,0.4819,0.4678,-0.0108,11.33,187.85,0.77,126893.0,0.0,0.216,0.0931,-0.0042,-0.0695,0.4323,-0.0119,1.05
4243,4700,0.6813,0.0785,0.2407,0.4582,0.4803,-0.0123,11.42,176.87,0.78,126694.0,0.0,0.2158,0.0865,-0.0038,-0.0671,0.4212,-0.013,1.05
4244,4700,0.6802,0.0799,0.2404,0.4905,0.4617,-0.0123,11.31,193.12,0.78,125881.0,0.0,0.2225,0.0954,-0.0042,-0.0738,0.4807,-0.0125,1.05
4245,4700,0.6758,0.0829,0.2416,0.4715,0.4762,-0.0123,11.54,182.19,0.78,126633.0,0.0,0.217,0.0898,-0.0042,-0.0706,0.385,-0.0133,1.05
4246,4700,0.6767,0.0848,0.2387,0.4792,0.4849,-0.0109,11.65,181.38,0.78,125809.0,0.0,0.2266,0.0897,-0.0034,-0.0712,0.3857,-0.0135,1.04
4247,4700,0.6769,0.0846,0.2388,0.4826,0.485,-0.0075,12.44,185.56,0.78,125364.0,0.0,0.2235,0.0921,-0.0044,-0.0721,0.3197,-0.0138,1.04
4248,4700,0.6783,0.0828,0.2391,0.5028,0.4805,-0.0091,12.82,206.57,0.79,125147.0,0.0,0.2285,0.0987,-0.0038,-0.0755,0.4121,-0.0126,1.04
4249,4700,0.6819,0.0805,0.2379,0.4899,0.4864,-0.0084,12.48,191.88,0.78,125615.0,0.0,0.2344,0.0943,-0.0038,-0.0725,0.4006,-0.0131,1.04
4250,4700,0.6829,0.0774,0.24,0.4819,0.4998,-0.0095,12.1,176.0,0.78,125884.0,0.0,0.23,0.0913,-0.0034,-0.0714,0.4454,-0.0121,1.04
4251,4700,0.6825,0.076,0.2417,0.4913,0.4663,-0.0116,12.45,191.69,0.78,126475.0,0.0,0.2258,0.0951,-0.0044,-0.0757,0.4887,-0.0115,1.04
4252,4700,0.6815,0.0769,0.2421,0.484,0.4742,-0.0115,11.07,166.78,0.78,126659.0,0.0,0.2272,0.0968,-0.0034,-0.0716,0.5232,-0.0124,1.04
4253,4700,0.6825,0.0792,0.2392,0.4679,0.4915,-0.0114,12.96,212.27,0.77,126871.0,0.0,0.2274,0.0922,-0.0034,-0.0681,0.5321,-0.0118,1.05
4254,4700,0.6854,0.0775,0.238,0.494,0.4768,-0.0107,12.45,205.6,0.78,125811.0,0.0,0.2298,0.0994,-0.0045,-0.0719,0.4823,-0.0126,1.05
4255,4700,0.6856,0.0799,0.2351,0.455,0.4864,-0.0137,10.82,173.67,0.78,126182.0,0.0,0.2177,0.0902,-0.0038,-0.0669,0.5611,-0.0129,1.05
4256,4700,0.6847,0.0812,0.2344,0.4986,0.4619,-0.0104,11.66,196.33,0.78,125535.0,0.0,0.2277,0.0985,-0.0036,-0.0757,0.4147,-0.0105,1.05
4257,4700,0.6885,0.0817,0.2306,0.4628,0.5015,-0.0118,11.08,179.61,0.78,125988.0,0.0,0.2223,0.09,-0.0035,-0.0707,0.4803,-0.0093,1.04
4258,4700,0.6913,0.0813,0.2282,0.4659,0.5127,-0.0091,12.27,178.3,0.79,125010.0,0.0,0.2293,0.0891,-0.0033,-0.07,0.4456,-0.0131,1.04
4259,4700,0.6958,0.0773,0.2275,0.4828,0.4776,-0.0099,11.59,177.57,0.78,126421.0,0.0,0.224,0.094,-0.0036,-0.0694,0.4807,-0.0111,1.04
4260,4700,0.6984,0.076,0.2261,0.4478,0.5053,-0.0099,11.25,160.27,0.78,126117.0,0.0,0.2181,0.0882,-0.0036,-0.0652,0.4435,-0.0122,1.04
4261,4700,0.6998,0.0764,0.2241,0.4528,0.5025,-0.012,12.82,167.01,0.78,126394.0,0.0,0.2217,0.0873,-0.0032,-0.0661,0.4671,-0.0122,1.04
4262,4700,0.7043,0.0768,0.2191,0.4545,0.5081,-0.0112,11.27,168.27,0.78,126254.0,0.0,0.2234,0.0859,-0.0034,-0.0694,0.4467,-0.0124,1.05
4263,4700,0.7057,0.0797,0.215,0.4654,0.4887,-0.0119,10.92,162.19,0.78,126183.0,0.0,0.2194,0.0878,-0.0036,-0.0711,0.4216,-0.0127,1.05
4264,4700,0.7046,0.0818,0.2143,0.4461,0.5032,-0.0121,10.77,163.43,0.8,123154.0,0.0,0.22,0.0844,-0.0032,-0.0667,0.5028,-0.0117,1.05
4265,4700,0.7036,0.083,0.2141,0.4759,0.4888,-0.0107,12.45,191.95,0.8,122826.0,0.0,0.2258,0.0938,-0.0039,-0.0698,0.4466,-0.012,1.05
4266,4700,0.7047,0.0807,0.2153,0.4848,0.4927,-0.0071,11.43,190.14,0.78,126144.0,0.0,0.2227,0.0956,-0.004,-0.0745,0.4153,-0.013,1.04
4267,4700,0.7019,0.0795,0.2191,0.4699,0.4891,-0.0098,11.16,184.51,0.78,126809.0,0.0,0.2186,0.0926,-0.0038,-0.0716,0.4756,-0.0122,1.05
4268,4700,0.6987,0.081,0.221,0.4704,0.4829,-0.0121,12.33,183.65,0.78,125320.0,0.0,0.2139,0.0923,-0.0039,-0.0712,0.4553,-0.0127,1.05
4269,4700,0.6998,0.0808,0.2201,0.4765,0.4811,-0.0127,11.36,187.95,0.79,123976.0,0.0,0.2291,0.0942,-0.0039,-0.0704,0.4699,-0.0129,1.05
4270,4700,0.6982,0.082,0.22,0.4832,0.4834,-0.0103,11.36,186.46,0.79,124992.0,0.0,0.2303,0.0947,-0.0033,-0.0735,0.423,-0.0117,1.05
4271,4700,0.7008,0.0812,0.2181,0.4784,0.5069,-0.0095,13.12,199.03,0.78,126292.0,0.0,0.2301,0.092,-0.0033,-0.0734,0.4791,-0.0117,1.05
4272,4700,0.7045,0.0776,0.2179,0.4636,0.4811,-0.0109,10.51,177.12,0.78,126517.0,0.0,0.216,0.0926,-0.0039,-0.0692,0.4784,-0.011,1.05
4273,4700,0.7059,0.0768,0.2174,0.46,0.5009,-0.0104,11.56,174.47,0.78,126043.0,0.0,0.2257,0.0889,-0.0033,-0.07,0.4756,-0.0101,1.05
4274,4700,0.701,0.0794,0.2198,0.4714,0.4763,-0.0121,12.31,183.43,0.78,126471.0,0.0,0.2185,0.0927,-0.0036,-0.0717,0.4362,-0.0122,1.05
4275,4700,0.7014,0.0785,0.2203,0.4461,0.5109,-0.0093,12.32,193.4,0.78,125436.0,0.0,0.2201,0.0845,-0.0032,-0.0705,0.3946,-0.0134,1.05
4276,4700,0.7052,0.0753,0.2197,0.4494,0.5002,-0.0106,11.54,191.14,0.78,126133.0,0.0,0.2175,0.0872,-0.0038,-0.0686,0.4634,-0.0135,1.05
4277,4700,0.7036,0.0764,0.2204,0.4587,0.4864,-0.0145,11.06,177.29,0.78,126159.0,0.0,0.2179,0.0877,-0.0039,-0.0737,0.4195,-0.0127,1.05
4278,4700,0.7015,0.0798,0.2191,0.4838,0.4754,-0.0105,11.87,190.54,0.78,126177.0,0.0,0.2244,0.0951,-0.0043,-0.0725,0.4395,-0.0119,1.04
4279,4700,0.6997,0.0777,0.2232,0.5004,0.4946,-0.01,11.7,191.96,0.78,126134.0,0.0,0.2276,0.1,-0.0039,-0.0769,0.5047,-0.0125,1.04
4280,4700,0.6976,0.0781,0.225,0.4649,0.483,-0.014,11.67,164.07,0.79,124871.0,0.0,0.2143,0.0922,-0.0049,-0.07,0.4855,-0.0124,1.04
4281,4700,0.6977,0.0777,0.2253,0.4836,0.4795,-0.0123,11.43,181.56,0.78,125940.0,0.0,0.2216,0.0947,-0.004,-0.0746,0.5012,-0.0132,1.04
4282,4700,0.7014,0.0789,0.2202,0.4433,0.4981,-0.012,11.64,190.78,0.78,125686.0,0.0,0.2102,0.0859,-0.0037,-0.0707,0.4558,-0.0127,1.04
4283,4700,0.7023,0.0784,0.2195,0.4708,0.484,-0.0137,10.9,180.64,0.79,125109.0,0.0,0.2223,0.0935,-0.0038,-0.0725,0.508,-0.0104,1.05
4284,4700,0.7,0.0803,0.22,0.4819,0.4682,-0.0099,12.33,203.46,0.78,125747.0,0.0,0.2177,0.097,-0.0043,-0.0723,0.5,-0.0083,1.04
4285,4700,0.6999,0.0804,0.22,0.4452,0.496,-0.0132,11.08,190.68,0.78,126676.0,0.0,0.2135,0.0868,-0.0033,-0.0678,0.4854,-0.0126,1.04
4286,4700,0.7011,0.083,0.2163,0.4383,0.511,-0.0126,11.53,169.03,0.78,126030.0,0.0,0.2156,0.0829,-0.0038,-0.0667,0.5639,-0.011,1.04
4287,4700,0.7027,0.0839,0.2138,0.4737,0.4957,-0.0109,11.75,176.25,0.8,122348.0,0.0,0.2208,0.0907,-0.0043,-0.0726,0.4906,-0.0127,1.04
4288,4700,0.7051,0.0829,0.212,0.4629,0.4913,-0.0109,12.36,197.56,0.79,124495.0,0.0,0.224,0.0874,-0.0037,-0.0715,0.4348,-0.0122,1.05
4289,4700,0.7039,0.0823,0.2138,0.4653,0.501,-0.0098,11.73,167.59,0.79,125185.0,0.0,0.2213,0.088,-0.0041,-0.0717,0.4761,-0.0122,1.04
4290,4700,0.709,0.0804,0.2106,0.454,0.4957,-0.012,11.22,174.35,0.78,125907.0,0.0,0.2168,0.0872,-0.004,-0.0707,0.4649,-0.0118,1.04
4291,4700,0.7051,0.0788,0.2161,0.4829,0.473,-0.0127,11.58,184.74,0.78,125772.0,0.0,0.2239,0.0955,-0.0036,-0.0725,0.515,-0.0117,1.04
4292,4700,0.7029,0.0805,0.2168,0.4441,0.4826,-0.0127,10.78,165.44,0.79,124448.0,0.0,0.213,0.0871,-0.0038,-0.0688,0.465,-0.0127,1.04
4293,4700,0.7028,0.0823,0.2154,0.4495,0.492,-0.015,11.96,189.64,0.79,124308.0,0.0,0.2178,0.0844,-0.0029,-0.071,0.4487,-0.0121,1.04
4294,4700,0.703,0.0836,0.2141,0.4539,0.4728,-0.0135,11.71,174.63,0.79,125191.0,0.0,0.2181,0.0895,-0.0037,-0.0666,0.4725,-0.0125,1.04
4295,4700,0.7007,0.084,0.2163,0.458,0.5009,-0.0118,12.54,188.14,0.78,126317.0,0.0,0.2182,0.0909,-0.0036,-0.0683,0.472,-0.0114,1.04
4296,4700,0.7025,0.084,0.2146,0.4634,0.5011,-0.0118,11.86,178.13,0.78,126471.0,0.0,0.2218,0.0916,-0.0036,-0.0714,0.5095,-0.0119,1.04
4297,4700,0.7001,0.0854,0.2158,0.459,0.4831,-0.0131,11.45,176.42,0.78,125738.0,0.0,0.2179,0.0905,-0.0034,-0.0673,0.4238,-0.0132,1.04
4298,4700,0.6999,0.0838,0.2176,0.4917,0.4825,-0.0105,11.26,175.14,0.78,126704.0,0.0,0.2396,0.0949,-0.0036,-0.0779,0.4092,-0.0119,1.05
4299,4700,0.7003,0.0836,0.2171,0.4728,0.4533,-0.0146,11.45,189.46,0.78,125856.0,0.0,0.2223,0.094,-0.0032,-0.07,0.4437,-0.0112,1.05
4300,4700,0.6954,0.0845,0.2209,0.4807,0.5,-0.0071,12.93,202.77,0.78,126033.0,0.0,0.232,0.0935,-0.0036,-0.0689,0.4248,-0.0123,1.05
4301,4700,0.6972,0.0801,0.2234,0.495,0.4975,-0.0081,11.77,183.79,0.79,123653.0,0.0,0.2359,0.097,-0.0039,-0.074,0.4649,-0.0114,1.05
4302,4700,0.6961,0.0796,0.2252,0.4711,0.4931,-0.0122,11.72,175.73,0.78,125579.0,0.0,0.2272,0.0892,-0.0032,-0.0714,0.4555,-0.0133,1.05
4303,4700,0.6971,0.0795,0.2241,0.4688,0.4786,-0.0129,11.79,178.5,0.78,125344.0,0.0,0.2213,0.09,-0.0036,-0.0702,0.4417,-0.0111,1.05
4304,4700,0.6966,0.082,0.2221,0.4703,0.4703,-0.0148,11.24,197.16,0.79,124616.0,0.0,0.2241,0.0918,-0.0029,-0.0687,0.4097,-0.0122,1.05
4305,4700,0.6907,0.0855,0.2245,0.466,0.4902,-0.0108,11.87,181.34,0.78,126656.0,0.0,0.2281,0.0897,-0.0029,-0.0713,0.382,-0.0138,1.04
4306,4700,0.6912,0.0825,0.2271,0.4925,0.4816,-0.0092,12.25,187.68,0.79,124964.0,0.0,0.2341,0.0954,-0.0035,-0.0713,0.4162,-0.0132,1.04
4307,4700,0.6877,0.0812,0.2318,0.4717,0.4471,-0.0154,10.61,171.69,0.78,126128.0,0.0,0.2199,0.0917,-0.0031,-0.0673,0.47,-0.0101,1.04
4308,4700,0.6862,0.0824,0.2321,0.464,0.5042,-0.0106,11.88,175.51,0.78,125966.0,0.0,0.2186,0.0903,-0.0027,-0.0677,0.4025,-0.0076,1.04
4309,4700,0.6855,0.0818,0.2333,0.4776,0.4665,-0.0121,11.4,189.86,0.78,125521.0,0.0,0.2198,0.0924,-0.0032,-0.0714,0.4418,-0.0121,1.04
4310,4700,0.6842,0.084,0.2325,0.4509,0.4984,-0.0124,11.42,183.67,0.79,125077.0,0.0,0.2219,0.0844,-0.0025,-0.0677,0.4632,-0.0124,1.04
4311,4700,0.6858,0.0845,0.2307,0.505,0.4445,-0.012,12.4,182.98,0.78,125566.0,0.0,0.219,0.1019,-0.004,-0.0716,0.4185,-0.0118,1.04
4312,4700,0.6812,0.0848,0.235,0.4817,0.4584,-0.0132,11.43,188.98,0.78,125325.0,0.0,0.2163,0.0946,-0.0032,-0.0681,0.4549,-0.013,1.04
4313,4700,0.6778,0.0846,0.2386,0.5033,0.4619,-0.0101,12.35,189.1,0.78,126204.0,0.0,0.2292,0.1013,-0.0038,-0.0707,0.4227,-0.013,1.04
4314,4700,0.6798,0.0815,0.2399,0.4903,0.4729,-0.0097,12.34,192.04,0.78,125639.0,0.0,0.2267,0.0933,-0.0034,-0.0737,0.3843,-0.0126,1.04
4315,4700,0.6788,0.0784,0.2437,0.5086,0.4468,-0.0106,12.08,202.92,0.78,125992.0,0.0,0.2215,0.1001,-0.0037,-0.0728,0.4023,-0.012,1.04
4316,4700,0.6773,0.0767,0.2467,0.458,0.4778,-0.0114,11.26,173.24,0.78,126213.0,0.0,0.2144,0.0901,-0.003,-0.065,0.4512,-0.0121,1.04
4317,4700,0.6791,0.0769,0.2447,0.4848,0.4819,-0.0095,12.72,184.34,0.79,124577.0,0.0,0.2233,0.0939,-0.0031,-0.0708,0.4371,-0.0126,1.04
4318,4700,0.6813,0.0766,0.2428,0.4964,0.449,-0.0123,10.3,187.96,0.81,121656.0,0.0,0.2174,0.0995,-0.0036,-0.072,0.4943,-0.0124,1.04
4319,4700,0.6721,0.079,0.2502,0.4869,0.4534,-0.0133,11.77,162.88,0.78,125388.0,0.0,0.2164,0.0989,-0.0036,-0.0688,0.4876,-0.0123,1.04
4320,4700,0.6673,0.0809,0.2533,0.4862,0.448,-0.0134,12.54,199.18,0.79,124291.0,0.0,0.2144,0.0998,-0.0034,-0.0675,0.448,-0.0133,1.04
4321,4700,0.6669,0.0827,0.2519,0.4796,0.4684,-0.0147,11.58,199.16,0.78,125944.0,0.0,0.2224,0.0967,-0.0033,-0.0687,0.4871,-0.0121,1.04
4322,4700,0.667,0.0851,0.249,0.4775,0.4569,-0.0121,10.84,170.88,0.78,125978.0,0.0,0.2106,0.0994,-0.0034,-0.0663,0.4404,-0.0111,1.04
4323,4700,0.6706,0.0825,0.2477,0.4632,0.4968,-0.0106,12.4,194.31,0.78,126129.0,0.0,0.2194,0.0921,-0.003,-0.0691,0.4449,-0.0085,1.04
4324,4700,0.6729,0.0798,0.248,0.4866,0.4826,-0.0091,12.24,210.88,0.78,126367.0,0.0,0.2219,0.0957,-0.0037,-0.0705,0.4665,-0.0122,1.04
4325,4700,0.6763,0.0781,0.2464,0.4776,0.4814,-0.0119,11.86,184.46,0.78,125982.0,0.0,0.2305,0.0949,-0.0034,-0.0707,0.5514,-0.0112,1.04
4326,4700,0.6759,0.0794,0.2453,0.463,0.471,-0.014,11.67,182.86,0.78,126291.0,0.0,0.2163,0.0928,-0.0031,-0.0691,0.4866,-0.012,1.04
4327,4700,0.6777,0.0837,0.2391,0.4509,0.5027,-0.0125,12.13,187.91,0.78,126718.0,0.0,0.2175,0.0883,-0.0035,-0.0662,0.5099,-0.0118,1.04
4328,4700,0.688,0.0853,0.2273,0.4339,0.54,-0.0095,12.99,183.94,0.78,125440.0,0.0,0.2187,0.0853,-0.003,-0.065,0.5659,-0.0137,1.04
4329,4700,0.6948,0.0833,0.2227,0.4669,0.4887,-0.0126,11.12,167.35,0.78,125959.0,0.0,0.2227,0.0933,-0.0041,-0.0715,0.4626,-0.0124,1.04
4330,4700,0.7004,0.0843,0.216,0.4445,0.5298,-0.0115,12.4,184.45,0.78,126674.0,0.0,0.2262,0.087,-0.0031,-0.0694,0.4834,-0.0123,1.04
4331,4700,0.7071,0.0814,0.2119,0.4435,0.5138,-0.0112,11.36,172.97,0.78,126794.0,0.0,0.2182,0.0864,-0.0032,-0.0675,0.455,-0.012,1.04
4332,4700,0.7105,0.0836,0.2061,0.4399,0.5227,-0.011,12.1,178.85,0.78,126271.0,0.0,0.225,0.085,-0.0029,-0.0667,0.4752,-0.0121,1.04
4333,4700,0.713,0.0842,0.2031,0.4498,0.5088,-0.0104,12.0,161.14,0.78,126061.0,0.0,0.2222,0.088,-0.0042,-0.0658,0.465,-0.0132,1.04
4334,4700,0.7113,0.0867,0.202,0.4563,0.4577,-0.0182,10.99,182.16,0.78,126433.0,0.0,0.215,0.0865,-0.003,-0.0737,0.5214,-0.013,1.04
4335,4700,0.7091,0.0906,0.2004,0.4505,0.508,-0.0121,11.16,163.27,0.78,125947.0,0.0,0.2216,0.0877,-0.0033,-0.0688,0.5342,-0.0123,1.04
4336,4700,0.7116,0.0902,0.1982,0.463,0.4975,-0.0106,11.56,190.05,0.79,124161.0,0.0,0.2212,0.0905,-0.0039,-0.0697,0.4422,-0.0123,1.04
4337,4700,0.7119,0.0891,0.199,0.4676,0.4805,-0.0108,11.52,191.32,0.79,124793.0,0.0,0.225,0.0893,-0.0032,-0.0733,0.3777,-0.0132,1.04
4338,4700,0.7053,0.0901,0.2046,0.4797,0.4851,-0.0115,12.15,176.58,0.79,124544.0,0.0,0.2294,0.0926,-0.0036,-0.0745,0.4322,-0.0121,1.04
4339,4700,0.7057,0.0896,0.2046,0.4527,0.4824,-0.0131,11.96,195.9,0.78,125427.0,0.0,0.2118,0.0877,-0.0028,-0.068,0.4302,-0.0102,1.04
4340,4700,0.7035,0.0912,0.2054,0.4888,0.4628,-0.0129,11.68,177.02,0.78,125487.0,0.0,0.2287,0.0938,-0.0031,-0.0743,0.4299,-0.0122,1.04
4341,4700,0.7012,0.0913,0.2076,0.4924,0.4792,-0.011,11.66,180.43,0.78,125440.0,0.0,0.2241,0.0947,-0.0035,-0.0756,0.4422,-0.0116,1.04
4342,4700,0.6973,0.0918,0.2112,0.4788,0.4799,-0.0127,11.76,172.0,0.79,124593.0,0.0,0.2241,0.0939,-0.0034,-0.0713,0.4958,-0.0119,1.04
4343,4700,0.689,0.093,0.2184,0.5058,0.4323,-0.0141,11.69,201.17,0.78,126258.0,0.0,0.2151,0.1043,-0.004,-0.075,0.4113,-0.0127,1.04
4344,4700,0.6815,0.091,0.2285,0.508,0.4641,-0.0091,12.09,203.45,0.79,123917.0,0.0,0.2205,0.1022,-0.0035,-0.0748,0.4209,-0.0116,1.04
4345,4700,0.6781,0.0878,0.2351,0.4791,0.4783,-0.0108,12.03,189.01,0.78,125370.0,0.0,0.2151,0.0943,-0.0039,-0.0722,0.4992,-0.0109,1.04
4346,4700,0.6791,0.0881,0.2338,0.4697,0.4862,-0.0123,12.61,190.88,0.79,125036.0,0.0,0.2142,0.0921,-0.0037,-0.0707,0.4096,-0.0129,1.04
4347,4700,0.6815,0.0877,0.2318,0.4998,0.4653,-0.0104,12.13,209.88,0.79,125119.0,0.0,0.2137,0.1003,-0.0039,-0.0746,0.7813,-0.0079,1.04
4348,4700,0.6776,0.0864,0.2371,0.4736,0.4623,-0.0111,12.1,179.36,0.79,124919.0,0.0,0.2145,0.0954,-0.0037,-0.0725,0.3996,-0.0129,1.04
4349,4700,0.6759,0.0859,0.2392,0.4623,0.4598,-0.0125,11.52,189.54,0.78,125698.0,0.0,0.2055,0.0935,-0.004,-0.0701,0.3887,-0.0116,1.04
4350,4700,0.6745,0.0849,0.2415,0.4934,0.4534,-0.0105,11.61,199.98,0.78,125804.0,0.0,0.2157,0.0991,-0.0043,-0.0733,0.3945,-0.0116,1.04
4351,4700,0.6679,0.084,0.2491,0.4814,0.4592,-0.0121,10.83,185.87,0.79,125093.0,0.0,0.2123,0.0944,-0.0035,-0.0741,0.4261,-0.0112,1.04
4352,4700,0.6623,0.0856,0.253,0.4963,0.4713,-0.0109,12.31,187.57,0.78,125812.0,0.0,0.218,0.103,-0.0039,-0.0726,0.4203,-0.0121,1.03
4353,4700,0.6633,0.0826,0.2548,0.5038,0.4602,-0.011,11.47,185.24,0.78,125515.0,0.0,0.2176,0.1037,-0.0041,-0.0727,0.4413,-0.0116,1.03
4354,4700,0.6646,0.0809,0.2553,0.4918,0.4573,-0.0126,12.1,201.04,0.79,124635.0,0.0,0.2157,0.0991,-0.0039,-0.0746,0.3824,-0.0118,1.03
4355,4700,0.6669,0.0794,0.2547,0.4719,0.4804,-0.0123,12.44,217.8,0.79,124912.0,0.0,0.2149,0.0936,-0.0043,-0.0731,0.3786,-0.013,1.03
4356,4700,0.6685,0.0794,0.2532,0.4866,0.4701,-0.0106,12.3,201.56,0.78,125510.0,0.0,0.2144,0.0988,-0.0039,-0.0744,0.3924,-0.0122,1.03
4357,4700,0.6648,0.0783,0.2579,0.5103,0.4496,-0.011,11.8,193.57,0.79,123918.0,0.0,0.2164,0.105,-0.0048,-0.077,0.4648,-0.0103,1.03
4358,4700,0.6641,0.0787,0.2581,0.4911,0.4569,-0.0122,12.19,208.18,0.79,125212.0,0.0,0.2174,0.0996,-0.0038,-0.0726,0.4442,-0.0092,1.03
4359,4700,0.6618,0.0802,0.2584,0.4888,0.4585,-0.0124,11.77,204.42,0.79,125080.0,0.0,0.2178,0.0971,-0.0034,-0.0736,0.4776,-0.0124,1.03
4360,4700,0.661,0.0813,0.2581,0.4857,0.4555,-0.0127,11.14,178.89,0.79,124166.0,0.0,0.2153,0.0966,-0.0037,-0.0738,0.5059,-0.0125,1.03
4361,4700,0.6596,0.0865,0.2544,0.4438,0.4602,-0.0176,9.84,180.69,0.8,123397.0,0.0,0.2023,0.0895,-0.004,-0.0664,0.4944,-0.0121,1.03
4362,4700,0.6541,0.0896,0.2568,0.5091,0.4337,-0.0122,11.99,202.2,0.79,124593.0,0.0,0.2221,0.1072,-0.0054,-0.0711,0.4655,-0.0128,1.03
4363,4700,0.6492,0.0908,0.2603,0.4874,0.4451,-0.0124,10.58,181.72,0.78,125550.0,0.0,0.2143,0.0982,-0.0038,-0.0727,0.4108,-0.0127,1.03
4364,4700,0.6532,0.0898,0.2572,0.4883,0.4626,-0.0117,11.83,185.67,0.79,123666.0,0.0,0.2177,0.099,-0.0039,-0.0704,0.454,-0.0088,1.03
4365,4700,0.6602,0.0897,0.2509,0.4579,0.4754,-0.0122,11.49,191.18,0.78,126153.0,0.0,0.2155,0.0889,-0.0032,-0.0695,0.4997,-0.0117,1.03
4366,4700,0.6647,0.09,0.2463,0.4679,0.4814,-0.0123,11.34,179.78,0.79,124736.0,0.0,0.216,0.0958,-0.0037,-0.0666,0.4918,-0.0121,1.03
4367,4700,0.6643,0.0902,0.2464,0.4844,0.4773,-0.0107,12.01,188.11,0.78,126189.0,0.0,0.2263,0.0971,-0.0036,-0.0715,0.4485,-0.0118,1.03
4368,4700,0.671,0.0881,0.2421,0.499,0.4916,-0.0105,11.84,194.02,0.78,126108.0,0.0,0.2333,0.1033,-0.0045,-0.0723,0.5709,-0.0105,1.03
4369,4700,0.6787,0.0865,0.2358,0.4775,0.5086,-0.0092,12.07,192.16,0.78,125503.0,0.0,0.2319,0.1004,-0.0044,-0.0675,0.5371,-0.0126,1.03
4370,4700,0.6816,0.0864,0.2327,0.4841,0.4883,-0.0116,12.08,200.66,0.78,125745.0,0.0,0.2308,0.0993,-0.0041,-0.0732,0.5126,-0.0107,1.03
4371,4700,0.6832,0.0846,0.2329,0.4826,0.4963,-0.0106,12.35,197.26,0.78,125615.0,0.0,0.2313,0.1007,-0.0045,-0.0719,0.5455,-0.0105,1.03
4372,4700,0.6868,0.0843,0.2295,0.4816,0.4873,-0.0117,12.0,177.98,0.78,126100.0,0.0,0.2317,0.1016,-0.0044,-0.0683,0.5453,-0.0126,1.03
4373,4700,0.6948,0.0834,0.2223,0.4453,0.5318,-0.0105,12.63,178.32,0.78,125655.0,0.0,0.2287,0.0873,-0.004,-0.0668,0.5217,-0.0122,1.03
4374,4700,0.7006,0.0834,0.2163,0.4466,0.5298,-0.0089,12.53,183.67,0.78,126237.0,0.0,0.2313,0.087,-0.003,-0.0686,0.5516,-0.0119,1.03
4375,4700,0.7107,0.0819,0.2077,0.44,0.5291,-0.0119,11.93,165.65,0.78,126585.0,0.0,0.227,0.0875,-0.0041,-0.0674,0.5785,-0.0116,1.03
4376,4700,0.7205,0.08,0.2,0.4522,0.5396,-0.0085,12.84,182.1,0.78,126442.0,0.0,0.2318,0.0888,-0.0033,-0.072,0.5666,-0.0108,1.03
4377,4700,0.7307,0.0763,0.1934,0.4365,0.5429,-0.0097,12.52,177.38,0.78,125515.0,0.0,0.2343,0.0835,-0.0035,-0.0691,0.5011,-0.0098,1.03
4378,4700,0.7376,0.0744,0.1885,0.4594,0.5201,-0.0114,11.7,176.98,0.78,126010.0,0.0,0.2282,0.0901,-0.0037,-0.0746,0.5218,-0.0122,1.03
4379,4700,0.7383,0.0741,0.188,0.4667,0.5102,-0.0104,11.93,178.8,0.77,126881.0,0.0,0.2317,0.0902,-0.0034,-0.0771,0.4933,-0.0115,1.03
4380,4700,0.7375,0.0745,0.1883,0.4637,0.5041,-0.0106,11.78,175.32,0.78,126416.0,0.0,0.2373,0.0886,-0.0043,-0.0757,0.4621,-0.0118,1.03
4381,4700,0.7349,0.076,0.1893,0.4544,0.5068,-0.0116,12.23,186.06,0.78,126072.0,0.0,0.2239,0.0875,-0.0041,-0.078,0.4077,-0.0116,1.03
4382,4700,0.7373,0.0736,0.1894,0.4492,0.5268,-0.0097,11.91,176.79,0.78,126693.0,0.0,0.23,0.0842,-0.0035,-0.0748,0.4027,-0.0131,1.03
4383,4700,0.7396,0.0712,0.1897,0.4761,0.516,-0.0068,12.31,188.59,0.78,125780.0,0.0,0.2379,0.0933,-0.0045,-0.0759,0.4471,-0.0129,1.03
4384,4700,0.7379,0.0682,0.1948,0.4631,0.4989,-0.011,11.24,165.58,0.78,125844.0,0.0,0.2275,0.0924,-0.0045,-0.0763,0.4664,-0.0119,1.03
4385,4700,0.7377,0.0677,0.1956,0.4857,0.5119,-0.009,12.37,192.98,0.78,125532.0,0.0,0.235,0.0989,-0.004,-0.0791,0.5283,-0.0116,1.03
4386,4700,0.7371,0.0689,0.1951,0.4601,0.5038,-0.0117,12.04,187.62,0.79,124936.0,0.0,0.2265,0.0908,-0.0035,-0.0743,0.4827,-0.0123,1.03
4387,4700,0.737,0.0683,0.1955,0.4813,0.493,-0.0091,12.47,189.68,0.78,126439.0,0.0,0.2265,0.0959,-0.0037,-0.0799,0.4579,-0.0129,1.03
4388,4700,0.7374,0.067,0.1961,0.4702,0.5091,-0.0108,12.26,181.6,0.78,126432.0,0.0,0.2301,0.092,-0.0044,-0.0776,0.476,-0.0122,1.03
4389,4700,0.7321,0.0693,0.1991,0.4702,0.4861,-0.0097,11.77,188.23,0.78,126526.0,0.0,0.2235,0.0965,-0.0042,-0.0729,0.4751,-0.0129,1.03
4390,4700,0.7275,0.0702,0.2031,0.4674,0.4923,-0.0109,11.48,177.52,0.77,127027.0,0.0,0.2297,0.0927,-0.0048,-0.0755,0.4809,-0.01,1.03
4391,4700,0.7235,0.0712,0.2066,0.4635,0.5095,-0.0109,11.53,178.43,0.77,126932.0,0.0,0.2242,0.0936,-0.004,-0.074,0.5295,-0.0107,1.03
4392,4700,0.7226,0.0755,0.2031,0.4417,0.494,-0.0128,11.82,177.79,0.78,125934.0,0.0,0.2159,0.0869,-0.0036,-0.0711,0.3781,-0.0121,1.03
4393,4700,0.7202,0.0774,0.2036,0.443,0.516,-0.0106,11.29,180.78,0.77,126969.0,0.0,0.2116,0.0887,-0.0039,-0.0718,0.5113,-0.0128,1.03
4394,4700,0.7203,0.0811,0.1995,0.4339,0.4988,-0.0129,10.07,170.72,0.78,126430.0,0.0,0.2046,0.0857,-0.0045,-0.0734,0.4748,-0.0125,1.03
4395,4700,0.7114,0.0818,0.2077,0.4871,0.4615,-0.0114,11.34,176.59,0.78,126405.0,0.0,0.2159,0.0993,-0.0046,-0.0784,0.4728,-0.0127,1.03
4396,4700,0.7045,0.0823,0.2144,0.436,0.5069,-0.012,11.71,171.8,0.78,126711.0,0.0,0.2147,0.0837,-0.0039,-0.0738,0.4288,-0.0127,1.03
4397,4700,0.7044,0.083,0.2137,0.4403,0.5219,-0.0119,11.84,174.7,0.77,127198.0,0.0,0.2167,0.0841,-0.0035,-0.0762,0.4471,-0.0119,1.03
4398,4700,0.7093,0.0838,0.2078,0.4535,0.5013,-0.0133,11.54,184.26,0.78,125936.0,0.0,0.2104,0.0908,-0.0039,-0.076,0.4148,-0.0125,1.03
4399,4700,0.7129,0.0836,0.2039,0.4526,0.5016,-0.0103,10.75,196.42,0.78,125482.0,0.0,0.2097,0.0905,-0.0045,-0.073,0.333,-0.0131,1.03
4400,4700,0.7112,0.0841,0.2049,0.4534,0.4873,-0.0119,10.65,186.19,0.77,127059.0,0.0,0.2043,0.0911,-0.0046,-0.0747,0.4274,-0.0126,1.03
4401,4700,0.7053,0.0832,0.2117,0.474,0.4751,-0.0107,11.63,189.07,0.8,122990.0,0.0,0.2109,0.0984,-0.0048,-0.0774,0.3342,-0.0127,1.03
4402,4700,0.7032,0.0823,0.2148,0.4545,0.488,-0.0113,10.54,159.94,0.79,125098.0,0.0,0.2031,0.0926,-0.0048,-0.0757,0.4375,-0.0123,1.03
4403,4700,0.6967,0.0841,0.2194,0.4817,0.4672,-0.0119,11.48,179.86,0.79,124533.0,0.0,0.2029,0.1004,-0.0059,-0.0796,0.4143,-0.012,1.03
4404,4700,0.6946,0.0821,0.2236,0.4621,0.4792,-0.0107,12.03,163.76,0.79,124951.0,0.0,0.2026,0.0958,-0.0046,-0.0746,0.3861,-0.0129,1.03
4405,4700,0.6958,0.0807,0.2238,0.4694,0.4782,-0.0104,11.46,180.84,0.78,126792.0,0.0,0.2012,0.0959,-0.0044,-0.0761,0.3912,-0.0133,1.03
4406,4700,0.6961,0.0823,0.2219,0.4695,0.4654,-0.0133,11.19,186.32,0.77,126853.0,0.0,0.2079,0.0962,-0.0058,-0.0781,0.3954,-0.0107,1.03
4407,4700,0.6915,0.0821,0.2269,0.4916,0.4441,-0.0119,10.49,169.11,0.78,125712.0,0.0,0.2057,0.1024,-0.0054,-0.0795,0.3603,-0.0091,1.03
4408,4700,0.6899,0.0815,0.229,0.476,0.4583,-0.0139,11.33,181.92,0.78,125831.0,0.0,0.2024,0.0982,-0.0047,-0.0793,0.3915,-0.0107,1.03
4409,4700,0.6882,0.082,0.2303,0.4776,0.4732,-0.0098,11.53,172.24,0.78,125373.0,0.0,0.2087,0.0995,-0.005,-0.0772,0.3604,-0.0118,1.03
4410,4700,0.6922,0.078,0.2303,0.4643,0.4712,-0.0104,10.45,165.09,0.78,126559.0,0.0,0.2023,0.0967,-0.0048,-0.0738,0.367,-0.0127,1.03
4411,4700,0.691,0.0772,0.232,0.4735,0.4722,-0.0114,10.6,177.5,0.78,126555.0,0.0,0.2015,0.1013,-0.0055,-0.0726,0.3672,-0.0081,1.03
4412,4700,0.6847,0.0783,0.2374,0.4911,0.4663,-0.0093,11.39,191.58,0.78,125986.0,0.0,0.2085,0.1044,-0.0048,-0.0756,0.3684,-0.0093,1.03
4413,4700,0.6801,0.0786,0.2418,0.4908,0.4716,-0.0097,11.2,184.95,0.78,126468.0,0.0,0.2148,0.1026,-0.005,-0.0765,0.3633,-0.0113,1.03
4414,4700,0.6746,0.0803,0.2456,0.4927,0.4308,-0.0134,10.94,215.17,0.78,125591.0,0.0,0.1983,0.106,-0.0056,-0.0753,0.3767,-0.0123,1.03
4415,4700,0.6703,0.0819,0.2484,0.4843,0.4522,-0.0113,11.28,192.84,0.79,125061.0,0.0,0.2063,0.1037,-0.005,-0.0745,0.3421,-0.0121,1.03
4416,4700,0.6644,0.0818,0.2545,0.5044,0.4653,-0.0102,12.11,191.23,0.79,124001.0,0.0,0.2194,0.1075,-0.0056,-0.0755,0.3846,-0.0118,1.03
4417,4700,0.6634,0.0841,0.2532,0.4789,0.4698,-0.0128,11.74,180.9,0.79,124607.0,0.0,0.2058,0.1004,-0.0051,-0.0746,0.4076,-0.0126,1.03
4418,4700,0.6647,0.084,0.2519,0.4854,0.4573,-0.0138,10.85,175.75,0.78,125973.0,0.0,0.2109,0.1014,-0.0048,-0.0738,0.4449,-0.0126,1.03
4419,4700,0.6617,0.0847,0.2541,0.505,0.4518,-0.0114,12.7,209.0,0.78,125487.0,0.0,0.222,0.1066,-0.0051,-0.0764,0.3948,-0.0121,1.03
4420,4700,0.6549,0.0854,0.2601,0.5059,0.4592,-0.0117,12.69,213.99,0.78,126078.0,0.0,0.224,0.1091,-0.0051,-0.0739,0.4724,-0.0115,1.03
4421,4700,0.6591,0.0826,0.2587,0.4707,0.5063,-0.0091,11.94,183.42,0.78,126070.0,0.0,0.2179,0.1009,-0.0047,-0.0689,0.521,-0.0135,1.03
4422,4700,0.6643,0.0848,0.2514,0.4762,0.4984,-0.0122,12.65,195.17,0.79,124770.0,0.0,0.2194,0.1003,-0.0044,-0.0722,0.4644,-0.0128,1.03
4423,4700,0.6718,0.0826,0.2461,0.4556,0.5227,-0.0065,12.47,189.23,0.78,126612.0,0.0,0.2183,0.0941,-0.0047,-0.0674,0.3861,-0.0114,1.03
4424,4700,0.6824,0.0792,0.2389,0.4761,0.5012,-0.0091,12.21,185.68,0.79,124608.0,0.0,0.2253,0.0973,-0.0046,-0.0712,0.4636,-0.0127,1.03
4425,4700,0.6835,0.0779,0.239,0.4805,0.4745,-0.0092,12.62,204.2,0.8,122912.0,0.0,0.2198,0.1004,-0.0048,-0.0706,0.4573,-0.0117,1.03
4426,4700,0.6835,0.0786,0.2384,0.4687,0.4905,-0.011,12.19,179.75,0.79,124646.0,0.0,0.225,0.0913,-0.0043,-0.0758,0.37,-0.012,1.03
4427,4700,0.6839,0.079,0.2374,0.4672,0.471,-0.012,11.02,187.55,0.78,125572.0,0.0,0.2192,0.0953,-0.0051,-0.0703,0.386,-0.0112,1.03
4428,4700,0.6867,0.0766,0.2369,0.4926,0.4844,-0.0087,12.05,197.05,0.78,125758.0,0.0,0.2253,0.0998,-0.0057,-0.0751,0.3468,-0.0129,1.03
4429,4700,0.6904,0.0737,0.2362,0.4809,0.479,-0.0093,11.64,184.75,0.78,126243.0,0.0,0.2151,0.0993,-0.0049,-0.0721,0.3568,-0.012,1.03
4430,4700,0.6909,0.0727,0.2367,0.45,0.4802,-0.0113,10.88,168.5,0.78,125304.0,0.0,0.2109,0.0911,-0.0048,-0.0684,0.3727,-0.0118,1.03
4431,4700,0.6909,0.0738,0.2359,0.4549,0.5023,-0.0109,11.65,184.35,0.78,125979.0,0.0,0.2193,0.0893,-0.0052,-0.0702,0.366,-0.0114,1.03
4432,4700,0.6898,0.0739,0.237,0.4897,0.4599,-0.012,11.07,200.81,0.78,125443.0,0.0,0.2186,0.1004,-0.0051,-0.0772,0.4172,-0.0131,1.03
4433,4700,0.6852,0.0738,0.2417,0.4871,0.47,-0.0098,11.6,165.06,0.78,125674.0,0.0,0.223,0.1004,-0.0059,-0.0755,0.4133,-0.0125,1.03
4434,4700,0.6858,0.0737,0.2412,0.4706,0.4873,-0.0117,9.69,172.0,0.78,125389.0,0.0,0.2167,0.0968,-0.0053,-0.0718,0.5112,-0.0108,1.03
4435,4700,0.6867,0.0776,0.2365,0.4708,0.4654,-0.015,11.69,194.11,0.78,126733.0,0.0,0.2122,0.1009,-0.0053,-0.0687,0.4628,-0.0121,1.03
4436,4700,0.6833,0.0803,0.2374,0.4856,0.4748,-0.0125,11.62,191.27,0.79,123709.0,0.0,0.2226,0.1015,-0.0058,-0.0753,0.4912,-0.01,1.03
4437,4700,0.677,0.0803,0.2439,0.492,0.4756,-0.0086,12.3,193.66,0.78,125550.0,0.0,0.2251,0.1049,-0.0057,-0.0722,0.4415,-0.0126,1.03
4438,4700,0.6823,0.079,0.2397,0.4506,0.5099,-0.0115,10.18,166.41,0.79,125159.0,0.0,0.2136,0.0935,-0.0054,-0.0657,0.466,-0.0131,1.03
4439,4700,0.6843,0.0792,0.2374,0.4478,0.5073,-0.0113,11.85,171.25,0.78,126132.0,0.0,0.2242,0.0903,-0.0043,-0.0681,0.4934,-0.0122,1.03
4440,4700,0.689,0.0773,0.2345,0.461,0.4907,-0.011,11.09,171.47,0.78,126270.0,0.0,0.216,0.0927,-0.0045,-0.0716,0.45,-0.0119,1.03
4441,4700,0.6945,0.077,0.2294,0.4458,0.4944,-0.0118,11.64,169.39,0.78,126534.0,0.0,0.2153,0.0916,-0.0051,-0.0668,0.431,-0.0125,1.03
4442,4700,0.6984,0.0768,0.2261,0.4698,0.4944,-0.009,11.71,185.15,0.78,126842.0,0.0,0.2258,0.0953,-0.0046,-0.071,0.4607,-0.0127,1.03
4443,4700,0.6999,0.0773,0.224,0.4383,0.4998,-0.0115,12.05,187.21,0.78,126206.0,0.0,0.2125,0.0868,-0.0047,-0.0695,0.4523,-0.0114,1.03
4444,4700,0.698,0.0782,0.2251,0.4764,0.4733,-0.0116,11.49,171.41,0.79,125049.0,0.0,0.2227,0.0974,-0.0058,-0.0702,0.4287,-0.0083,1.03
4445,4700,0.7007,0.0785,0.2219,0.4432,0.517,-0.0113,11.75,173.77,0.78,126494.0,0.0,0.2201,0.0864,-0.0039,-0.0683,0.5452,-0.0121,1.03
4446,4700,0.7012,0.0781,0.2217,0.4484,0.5149,-0.0088,12.08,156.32,0.78,125755.0,0.0,0.2262,0.0877,-0.0042,-0.0694,0.4254,-0.013,1.03
4447,4700,0.7033,0.0744,0.2234,0.487,0.4809,-0.0098,12.06,196.38,0.78,125712.0,0.0,0.2272,0.0995,-0.0056,-0.0747,0.4323,-0.0107,1.03
4448,4700,0.7036,0.0737,0.2236,0.4606,0.49,-0.0106,12.28,162.37,0.79,125113.0,0.0,0.2185,0.0949,-0.0049,-0.0663,0.4803,-0.0113,1.03
4449,4700,0.7042,0.0711,0.2256,0.4855,0.4818,-0.01,11.3,181.7,0.78,125717.0,0.0,0.2317,0.0979,-0.0047,-0.0753,0.4829,-0.0095,1.03
4450,4700,0.701,0.0717,0.2285,0.4648,0.4749,-0.0139,10.83,164.96,0.79,124747.0,0.0,0.214,0.0927,-0.0052,-0.0703,0.4791,-0.0092,1.03
4451,4700,0.6974,0.0763,0.2276,0.4659,0.4696,-0.012,10.84,185.75,0.78,126658.0,0.0,0.2119,0.0946,-0.0054,-0.0696,0.5074,-0.012,1.03
4452,4700,0.6923,0.0796,0.2296,0.4663,0.4737,-0.0124,11.67,180.44,0.77,127015.0,0.0,0.2243,0.0946,-0.0048,-0.0698,0.4498,-0.0137,1.03
4453,4700,0.6918,0.0823,0.2274,0.4762,0.4834,-0.0104,12.15,204.48,0.78,126623.0,0.0,0.2207,0.0956,-0.0046,-0.0732,0.4511,-0.0129,1.03
4454,4700,0.6873,0.0806,0.2336,0.4772,0.4661,-0.0119,12.17,162.71,0.78,126534.0,0.0,0.2176,0.0986,-0.0051,-0.071,0.4191,-0.0122,1.03
4455,4700,0.6881,0.0771,0.236,0.4848,0.4806,-0.0101,12.42,174.29,0.78,126322.0,0.0,0.2277,0.099,-0.005,-0.0705,0.4121,-0.0128,1.03
4456,4700,0.6924,0.0763,0.2322,0.4643,0.517,-0.0086,12.18,168.88,0.78,125726.0,0.0,0.2244,0.0911,-0.004,-0.0729,0.4557,-0.0118,1.03
4457,4700,0.6937,0.0756,0.2318,0.4803,0.4671,-0.012,11.48,179.53,0.77,126890.0,0.0,0.2151,0.0949,-0.0048,-0.0722,0.4678,-0.0091,1.03
4458,4700,0.6964,0.0757,0.229,0.4568,0.4973,-0.0135,10.64,162.95,0.78,126528.0,0.0,0.2173,0.0906,-0.004,-0.0717,0.4323,-0.013,1.03
4459,4700,0.6963,0.0784,0.2263,0.4767,0.4793,-0.0107,12.07,191.22,0.78,125971.0,0.0,0.2213,0.0959,-0.0059,-0.0738,0.4837,-0.0133,1.03
4460,4700,0.6943,0.0781,0.2289,0.4685,0.4828,-0.0113,11.51,185.95,0.78,126087.0,0.0,0.2213,0.0927,-0.0048,-0.0733,0.5025,-0.0105,1.03
4461,4700,0.6927,0.0785,0.2298,0.4617,0.4641,-0.0145,11.47,188.8,0.78,126176.0,0.0,0.2132,0.0915,-0.0047,-0.0726,0.412,-0.0115,1.03
4462,4700,0.6903,0.077,0.2335,0.4837,0.4606,-0.0118,10.93,199.43,0.78,125649.0,0.0,0.2182,0.0949,-0.0046,-0.0799,0.3452,-0.0122,1.03
4463,4700,0.6869,0.0782,0.2359,0.4797,0.4626,-0.0112,11.87,189.76,0.78,125784.0,0.0,0.2152,0.0979,-0.0046,-0.0739,0.4841,-0.0118,1.03
4464,4700,0.6824,0.081,0.2374,0.4789,0.4645,-0.0131,11.42,187.86,0.78,126394.0,0.0,0.2226,0.0963,-0.0049,-0.0744,0.4535,-0.0116,1.03
4465,4700,0.6842,0.0797,0.2368,0.477,0.4914,-0.01,12.52,196.28,0.78,126213.0,0.0,0.2161,0.0953,-0.0051,-0.0765,0.4653,-0.0111,1.03
4466,4700,0.6837,0.0802,0.2369,0.475,0.4865,-0.011,12.69,191.02,0.78,126545.0,0.0,0.2199,0.0966,-0.0044,-0.0738,0.4675,-0.0127,1.03
4467,4700,0.6909,0.0781,0.232,0.4691,0.5022,-0.0095,11.86,197.98,0.79,124165.0,0.0,0.2153,0.0959,-0.0043,-0.0709,0.5027,-0.0117,1.03
4468,4700,0.6947,0.0754,0.2309,0.4683,0.4872,-0.0128,10.75,193.21,0.78,126377.0,0.0,0.2228,0.0932,-0.0045,-0.0731,0.5405,-0.011,1.03
4469,4700,0.6947,0.08,0.2265,0.4607,0.4748,-0.0155,11.98,176.44,0.78,125889.0,0.0,0.2203,0.0956,-0.0052,-0.0675,0.4536,-0.0118,1.03
4470,4700,0.6953,0.0823,0.2236,0.4344,0.5245,-0.0098,11.17,160.52,0.79,124966.0,0.0,0.2192,0.0827,-0.004,-0.068,0.4688,-0.0124,1.03
4471,4700,0.6988,0.0794,0.2222,0.4645,0.4968,-0.0103,11.6,166.59,0.78,126473.0,0.0,0.2259,0.0897,-0.0039,-0.0748,0.4883,-0.0123,1.03
4472,4700,0.6959,0.0804,0.2242,0.4815,0.4569,-0.0118,11.16,181.65,0.78,126047.0,0.0,0.2186,0.0973,-0.0045,-0.0723,0.4417,-0.0121,1.02
4473,4700,0.6904,0.0795,0.2306,0.462,0.4868,-0.0112,12.32,172.29,0.79,125050.0,0.0,0.2201,0.0904,-0.0042,-0.0723,0.4483,-0.0129,1.02
4474,4700,0.6911,0.0786,0.2308,0.4784,0.4903,-0.0103,11.7,194.1,0.78,126087.0,0.0,0.2331,0.094,-0.005,-0.0738,0.3985,-0.0126,1.02
4475,4700,0.6929,0.0775,0.2303,0.4669,0.5003,-0.0099,11.83,185.13,0.78,126097.0,0.0,0.2193,0.0936,-0.0041,-0.0706,0.4525,-0.0119,1.02
4476,4700,0.6949,0.0754,0.2305,0.4672,0.4927,-0.0095,11.81,176.48,0.77,127148.0,0.0,0.224,0.0937,-0.0046,-0.069,0.5338,-0.0124,1.02
4477,4700,0.6939,0.074,0.2328,0.4828,0.4747,-0.0128,12.47,183.51,0.78,126689.0,0.0,0.2269,0.0948,-0.0041,-0.0773,0.4869,-0.0128,1.02
4478,4700,0.6929,0.078,0.2299,0.4553,0.4945,-0.0132,11.53,183.06,0.79,124738.0,0.0,0.2228,0.0912,-0.0049,-0.0683,0.5302,-0.0121,1.02
4479,4700,0.6963,0.0796,0.2246,0.4518,0.5047,-0.0117,11.81,182.54,0.78,126745.0,0.0,0.2168,0.0878,-0.0039,-0.0688,0.4732,-0.0126,1.03
4480,4700,0.6972,0.0816,0.2218,0.4657,0.4797,-0.0132,11.15,193.39,0.78,126559.0,0.0,0.221,0.093,-0.0042,-0.072,0.4933,-0.0106,1.03
4481,4700,0.6953,0.0845,0.2206,0.4647,0.487,-0.0126,12.74,192.58,0.78,126260.0,0.0,0.2206,0.0941,-0.0042,-0.069,0.4668,-0.0109,1.03
4482,4700,0.6931,0.0843,0.2232,0.4684,0.5081,-0.007,12.98,190.37,0.78,126239.0,0.0,0.2286,0.0895,-0.0041,-0.0749,0.4179,-0.0122,1.03
4483,4700,0.6945,0.0812,0.2251,0.4785,0.501,-0.009,12.08,177.42,0.79,124564.0,0.0,0.2301,0.0969,-0.0042,-0.0713,0.4672,-0.0092,1.02
4484,4700,0.6942,0.0814,0.2249,0.4746,0.5075,-0.0097,12.15,186.78,0.78,126578.0,0.0,0.2275,0.0946,-0.0044,-0.0717,0.4338,-0.011,1.02
4485,4700,0.6993,0.0792,0.222,0.4352,0.5237,-0.0122,11.69,185.69,0.78,126378.0,0.0,0.2175,0.0842,-0.0037,-0.0665,0.538,-0.0077,1.03
4486,4700,0.7064,0.0783,0.2161,0.4899,0.501,-0.0096,12.01,191.18,0.78,125768.0,0.0,0.2355,0.0985,-0.0047,-0.0759,0.4777,-0.0108,1.03
4487,4700,0.7049,0.0795,0.2166,0.4627,0.5008,-0.0097,12.71,198.51,0.78,126813.0,0.0,0.2249,0.0916,-0.0045,-0.0708,0.3902,-0.0112,1.03
4488,4700,0.71,0.0786,0.2131,0.4709,0.5048,-0.0085,12.43,192.47,0.78,126687.0,0.0,0.2256,0.0965,-0.005,-0.0674,0.5256,-0.0108,1.03
4489,4700,0.7137,0.0769,0.2113,0.4495,0.51,-0.0106,11.83,164.29,0.77,127052.0,0.0,0.2255,0.0873,-0.0045,-0.0677,0.4636,-0.0103,1.03
4490,4700,0.7111,0.0784,0.2125,0.4664,0.4888,-0.0096,11.18,178.04,0.78,125606.0,0.0,0.2199,0.0949,-0.0049,-0.0723,0.4758,-0.0105,1.03
4491,4700,0.7093,0.0786,0.2138,0.4384,0.4885,-0.0128,10.82,169.53,0.78,126406.0,0.0,0.2126,0.0824,-0.0036,-0.0712,0.3996,-0.0117,1.03
4492,4700,0.7104,0.0797,0.2116,0.4603,0.4826,-0.0103,11.24,186.78,0.78,126464.0,0.0,0.21,0.0887,-0.0043,-0.0775,0.4179,-0.0122,1.03
4493,4700,0.7091,0.0776,0.2148,0.4619,0.4803,-0.0117,10.8,182.08,0.78,125880.0,0.0,0.2083,0.0914,-0.0046,-0.0741,0.4389,-0.0102,1.03
4494,4700,0.7126,0.0756,0.2134,0.4839,0.4827,-0.0093,11.53,191.85,0.79,124852.0,0.0,0.2242,0.0941,-0.0049,-0.0789,0.4285,-0.0086,1.03
4495,4700,0.7088,0.0762,0.217,0.4606,0.4818,-0.0122,11.8,193.24,0.77,126923.0,0.0,0.2143,0.0929,-0.0051,-0.0724,0.4669,-0.0113,1.03
4496,4700,0.7077,0.0759,0.2185,0.4844,0.4817,-0.0105,12.1,187.7,0.78,126458.0,0.0,0.2241,0.0952,-0.0042,-0.0769,0.4591,-0.0118,1.03
4497,4700,0.7055,0.0778,0.219,0.4817,0.4809,-0.0117,12.14,192.88,0.78,126711.0,0.0,0.2229,0.0948,-0.0049,-0.0802,0.4635,-0.0117,1.03
4498,4700,0.7049,0.0782,0.2189,0.4687,0.4839,-0.0115,11.68,179.53,0.78,126524.0,0.0,0.2186,0.0963,-0.0051,-0.0713,0.4549,-0.0101,1.03
4499,4700,0.7027,0.08,0.2193,0.4682,0.476,-0.0131,11.84,180.38,0.79,123699.0,0.0,0.2129,0.0951,-0.0046,-0.0735,0.4558,-0.0113,1.03
4500,4700,0.696,0.0828,0.2229,0.4715,0.4768,-0.0108,12.0,186.51,0.78,126832.0,0.0,0.2196,0.0975,-0.0055,-0.07,0.474,-0.0121,1.03
4501,4700,0.6874,0.0851,0.2289,0.459,0.4576,-0.0159,10.28,166.93,0.8,122818.0,0.0,0.2131,0.0928,-0.0045,-0.0695,0.4411,-0.0129,1.03
4502,4700,0.6833,0.0863,0.2317,0.4618,0.5043,-0.0093,10.87,190.17,0.79,124227.0,0.0,0.216,0.0915,-0.0047,-0.0722,0.4688,-0.0117,1.03
4503,4700,0.6862,0.084,0.2307,0.4561,0.4965,-0.0105,11.41,177.96,0.78,125990.0,0.0,0.2093,0.091,-0.0048,-0.0717,0.4291,-0.0123,1.03
4504,4700,0.6923,0.0842,0.2239,0.4886,0.4795,-0.0091,11.22,179.24,0.79,125185.0,0.0,0.2214,0.0981,-0.0054,-0.0779,0.4592,-0.0121,1.03
4505,4700,0.6923,0.0855,0.2227,0.4584,0.4911,-0.012,11.29,164.4,0.8,123187.0,0.0,0.2227,0.0892,-0.0046,-0.0722,0.4614,-0.0123,1.03
4506,4700,0.6943,0.083,0.2228,0.4566,0.5009,-0.0089,11.25,195.48,0.79,123955.0,0.0,0.2167,0.0895,-0.0051,-0.0699,0.4529,-0.01,1.03
4507,4700,0.6969,0.0799,0.2234,0.4523,0.4995,-0.0101,11.33,190.1,0.79,125217.0,0.0,0.2191,0.0877,-0.0048,-0.0708,0.4163,-0.0083,1.03
4508,4700,0.6992,0.0794,0.2219,0.4511,0.5042,-0.0109,11.54,178.06,0.79,124942.0,0.0,0.2192,0.0872,-0.0046,-0.0699,0.4518,-0.0119,1.03
4509,4700,0.6999,0.0793,0.2213,0.4427,0.5018,-0.0107,11.4,156.12,0.78,126183.0,0.0,0.2166,0.0821,-0.0041,-0.0731,0.4635,-0.0119,1.03
4510,4700,0.7041,0.0812,0.2154,0.4459,0.4952,-0.0115,12.0,184.52,0.78,126323.0,0.0,0.219,0.0845,-0.0045,-0.077,0.4142,-0.0122,1.03
4511,4700,0.7043,0.077,0.2194,0.4578,0.4685,-0.0121,10.68,179.83,0.78,125955.0,0.0,0.2128,0.0904,-0.0048,-0.074,0.4462,-0.0131,1.03
4512,4700,0.7017,0.0762,0.2229,0.459,0.5041,-0.0093,11.4,174.85,0.78,126172.0,0.0,0.2146,0.0884,-0.0044,-0.0769,0.4479,-0.0117,1.03
4513,4700,0.7046,0.0748,0.2214,0.4465,0.5068,-0.0105,12.18,167.24,0.78,125681.0,0.0,0.2139,0.0874,-0.0046,-0.0726,0.4666,-0.0119,1.03
4514,4700,0.7039,0.0752,0.2217,0.4618,0.4799,-0.012,11.26,164.61,0.78,126505.0,0.0,0.2157,0.0944,-0.0048,-0.0714,0.4935,-0.0121,1.03
4515,4700,0.7014,0.0746,0.2248,0.4901,0.4793,-0.0086,11.78,190.36,0.78,126610.0,0.0,0.225,0.0998,-0.0055,-0.0767,0.4897,-0.0124,1.03
4516,4700,0.701,0.0736,0.2262,0.4672,0.4967,-0.0105,11.56,199.72,0.77,127016.0,0.0,0.2231,0.0924,-0.0043,-0.0755,0.4908,-0.0124,1.03
4517,4700,0.7042,0.0724,0.2244,0.4633,0.4877,-0.0107,11.58,210.25,0.78,126327.0,0.0,0.2217,0.0933,-0.005,-0.0725,0.5206,-0.0133,1.03
4518,4700,0.7065,0.0728,0.2217,0.4629,0.4978,-0.011,12.09,205.33,0.78,126401.0,0.0,0.2161,0.0933,-0.0055,-0.0715,0.4534,-0.0106,1.03
4519,4700,0.7061,0.0733,0.2218,0.4543,0.4952,-0.0091,12.81,195.03,0.78,125762.0,0.0,0.2213,0.09,-0.0047,-0.072,0.4277,-0.0132,1.03
4520,4700,0.7058,0.0738,0.2219,0.4565,0.4902,-0.0102,11.47,183.79,0.78,125601.0,0.0,0.2171,0.0919,-0.0057,-0.0688,0.44,-0.014,1.03
4521,4700,0.7032,0.0722,0.2258,0.4517,0.5026,-0.0113,11.42,171.19,0.78,126373.0,0.0,0.219,0.0866,-0.0043,-0.075,0.4558,-0.013,1.03
4522,4700,0.7031,0.073,0.2247,0.4611,0.4948,-0.0104,11.66,178.77,0.78,126012.0,0.0,0.219,0.0923,-0.0051,-0.0733,0.5145,-0.0118,1.03
4523,4700,0.7045,0.0763,0.2198,0.4582,0.4837,-0.0122,11.67,178.28,0.78,126188.0,0.0,0.2218,0.0908,-0.0045,-0.0718,0.4961,-0.0131,1.03
4524,4700,0.7055,0.0785,0.2167,0.4506,0.5066,-0.0121,11.93,170.09,0.78,126279.0,0.0,0.2266,0.0894,-0.0047,-0.0693,0.469,-0.0129,1.03
4525,4700,0.7123,0.0768,0.2117,0.4654,0.4884,-0.0122,11.69,184.71,0.78,125996.0,0.0,0.2255,0.0945,-0.0057,-0.0712,0.5149,-0.0119,1.03
4526,4700,0.7129,0.0783,0.2096,0.4589,0.5254,-0.0094,11.41,170.5,0.78,126045.0,0.0,0.2333,0.0853,-0.0044,-0.0743,0.3756,-0.0117,1.03
4527,4700,0.715,0.0788,0.2068,0.4664,0.4741,-0.012,11.91,177.81,0.78,125479.0,0.0,0.2209,0.0938,-0.0049,-0.0706,0.3851,-0.0112,1.03
4528,4700,0.7147,0.0796,0.2061,0.4405,0.5079,-0.0135,12.21,174.97,0.78,125960.0,0.0,0.217,0.085,-0.0052,-0.0721,0.4429,-0.0123,1.03
4529,4700,0.7145,0.0777,0.2079,0.5019,0.4715,-0.0081,11.89,179.07,0.78,125620.0,0.0,0.2364,0.1015,-0.0053,-0.0743,0.3413,-0.0128,1.02
4530,4700,0.7145,0.0751,0.2103,0.4716,0.4769,-0.01,11.44,197.77,0.79,125081.0,0.0,0.2266,0.0956,-0.0052,-0.071,0.4568,-0.0107,1.02
4531,4700,0.7082,0.0777,0.2142,0.4903,0.4759,-0.0113,11.62,185.15,0.78,125362.0,0.0,0.232,0.1006,-0.0059,-0.0752,0.4159,-0.0076,1.02
4532,4700,0.6997,0.0801,0.2207,0.4952,0.4596,-0.0107,12.09,173.63,0.78,126274.0,0.0,0.2223,0.1024,-0.0066,-0.0739,0.3743,-0.0108,1.02
4533,4700,0.696,0.0805,0.2241,0.4602,0.5058,-0.0087,12.3,167.63,0.78,126606.0,0.0,0.2267,0.0932,-0.0049,-0.0652,0.4643,-0.012,1.02
4534,4700,0.6961,0.0797,0.2247,0.4866,0.4684,-0.0132,12.5,200.49,0.78,125517.0,0.0,0.2307,0.0994,-0.0052,-0.072,0.4701,-0.0122,1.02
4535,4700,0.6936,0.0801,0.2265,0.4765,0.4779,-0.0114,11.17,182.74,0.78,125910.0,0.0,0.2299,0.0978,-0.0053,-0.0714,0.4628,-0.0131,1.02
4536,4700,0.6891,0.0808,0.2304,0.4919,0.4673,-0.0118,11.71,181.56,0.79,124636.0,0.0,0.2288,0.1008,-0.0052,-0.0733,0.4913,-0.0109,1.02
4537,4700,0.6851,0.0821,0.2333,0.4684,0.4956,-0.0101,11.78,193.81,0.79,125009.0,0.0,0.2302,0.0948,-0.0053,-0.0691,0.5102,-0.0125,1.02
4538,4700,0.6872,0.0819,0.2315,0.4833,0.4803,-0.0093,12.55,202.37,0.79,124363.0,0.0,0.2322,0.0987,-0.0056,-0.0733,0.4631,-0.013,1.02
4539,4700,0.6859,0.0785,0.2363,0.45,0.4861,-0.0122,11.41,165.83,0.78,126249.0,0.0,0.2188,0.0902,-0.0048,-0.0676,0.4479,-0.0117,1.02
4540,4700,0.6841,0.079,0.2376,0.4717,0.4634,-0.0107,11.7,170.82,0.78,126573.0,0.0,0.219,0.0949,-0.0055,-0.0688,0.4614,-0.0089,1.02
4541,4700,0.6858,0.0797,0.2351,0.4383,0.481,-0.0143,11.93,167.49,0.78,126120.0,0.0,0.2099,0.0865,-0.0045,-0.0661,0.4581,-0.0118,1.02
4542,4700,0.6893,0.0788,0.2325,0.4626,0.4832,-0.0118,11.6,188.16,0.78,125660.0,0.0,0.2177,0.0948,-0.0056,-0.0679,0.5144,-0.0128,1.02
4543,4700,0.6876,0.0799,0.2331,0.4623,0.4928,-0.0092,12.54,192.59,0.78,126697.0,0.0,0.2222,0.0916,-0.0055,-0.0693,0.5054,-0.0124,1.02
4544,4700,0.6914,0.0819,0.2272,0.4297,0.5212,-0.0127,12.22,185.06,0.78,126010.0,0.0,0.2198,0.085,-0.0048,-0.0645,0.6005,-0.0105,1.02
4545,4700,0.6972,0.0836,0.2196,0.4615,0.5096,-0.0109,11.82,183.4,0.77,126936.0,0.0,0.2277,0.0945,-0.0055,-0.0674,0.5856,-0.0116,1.02
4546,4700,0.7025,0.0844,0.2135,0.4422,0.501,-0.0112,11.24,154.04,0.78,126485.0,0.0,0.2227,0.0903,-0.005,-0.0642,0.4994,-0.0113,1.02
4547,4700,0.7081,0.081,0.2114,0.4386,0.5157,-0.011,10.74,152.61,0.77,126877.0,0.0,0.2202,0.0886,-0.0051,-0.065,0.5873,-0.0125,1.02
4548,4700,0.7129,0.0819,0.2062,0.4382,0.4953,-0.0127,12.6,193.98,0.77,127164.0,0.0,0.219,0.089,-0.0052,-0.0645,0.5489,-0.0112,1.02
4549,4700,0.7125,0.0829,0.2058,0.4543,0.4836,-0.0142,10.13,164.26,0.78,126709.0,0.0,0.2221,0.0904,-0.0055,-0.0676,0.4398,-0.0122,1.02
4550,4700,0.7084,0.0842,0.2086,0.453,0.4865,-0.0112,11.38,158.3,0.78,125272.0,0.0,0.2181,0.0904,-0.0062,-0.0661,0.4503,-0.0114,1.02
4551,4700,0.705,0.0845,0.2116,0.4422,0.4914,-0.0109,11.27,168.85,0.78,126550.0,0.0,0.2171,0.0859,-0.0055,-0.0678,0.4142,-0.0128,1.02
4552,4700,0.7098,0.0835,0.2076,0.4241,0.5235,-0.0116,10.6,179.98,0.79,124897.0,0.0,0.2183,0.0801,-0.0047,-0.0667,0.49,-0.0121,1.02
4553,4700,0.7079,0.0846,0.2085,0.4602,0.4694,-0.0127,12.34,193.01,0.78,125272.0,0.0,0.2192,0.0932,-0.0055,-0.0694,0.4335,-0.0093,1.02
4554,4700,0.7093,0.0843,0.2072,0.4528,0.4886,-0.0122,11.77,192.31,0.79,125128.0,0.0,0.2134,0.0865,-0.005,-0.0721,0.3755,-0.0083,1.02
4555,4700,0.7081,0.0824,0.2102,0.4815,0.496,-0.0088,11.33,166.39,0.78,125545.0,0.0,0.2254,0.0957,-0.005,-0.0724,0.4244,-0.0124,1.02
4556,4700,0.7101,0.0805,0.21,0.4493,0.4961,-0.0112,12.2,184.37,0.78,125855.0,0.0,0.2219,0.0854,-0.004,-0.0691,0.4819,-0.0118,1.02
4557,4700,0.7054,0.0826,0.2125,0.4731,0.4797,-0.0128,12.84,194.79,0.78,126506.0,0.0,0.2245,0.0953,-0.0052,-0.0699,0.4496,-0.0096,1.02
4558,4700,0.6963,0.0857,0.2184,0.4815,0.4646,-0.0128,10.83,171.83,0.78,125614.0,0.0,0.2266,0.1001,-0.0059,-0.0684,0.456,-0.0106,1.02
4559,4700,0.6914,0.0856,0.2237,0.4853,0.4816,-0.0092,12.0,206.11,0.79,124727.0,0.0,0.22,0.1013,-0.0061,-0.0694,0.4387,-0.0085,1.02
4560,4700,0.6872,0.086,0.2276,0.4797,0.4611,-0.0126,11.6,198.64,0.78,125497.0,0.0,0.2159,0.0992,-0.0057,-0.0695,0.4258,-0.0126,1.02
4561,4700,0.6846,0.0847,0.2314,0.4648,0.4814,-0.0111,12.25,202.39,0.78,125841.0,0.0,0.2167,0.0997,-0.0059,-0.0669,0.4906,-0.0115,1.02
4562,4700,0.6805,0.0843,0.2357,0.4996,0.4551,-0.0124,12.61,206.57,0.78,126093.0,0.0,0.228,0.1063,-0.0067,-0.0677,0.5207,-0.0133,1.02
4563,4700,0.6817,0.0814,0.2374,0.4704,0.4843,-0.0109,11.57,192.77,0.78,125958.0,0.0,0.2232,0.096,-0.006,-0.068,0.5267,-0.0134,1.02
4564,4700,0.6814,0.0806,0.2382,0.479,0.4697,-0.0128,11.26,173.07,0.78,126751.0,0.0,0.2241,0.0973,-0.0057,-0.0688,0.4489,-0.0128,1.02
4565,4700,0.6818,0.0811,0.2372,0.4643,0.5056,-0.0111,11.15,169.95,0.78,126396.0,0.0,0.2233,0.0943,-0.0062,-0.0708,0.4788,-0.0123,1.02
4566,4700,0.6841,0.0823,0.2337,0.4416,0.5114,-0.0128,12.39,187.88,0.78,125839.0,0.0,0.2199,0.0874,-0.005,-0.0678,0.5105,-0.0129,1.02
4567,4700,0.6902,0.0846,0.2252,0.4667,0.5126,-0.0091,12.22,193.53,0.78,126229.0,0.0,0.223,0.0945,-0.0059,-0.0687,0.4993,-0.0109,1.02
4568,4700,0.6941,0.0821,0.2238,0.4772,0.4731,-0.0095,12.12,188.87,0.77,126902.0,0.0,0.2185,0.0973,-0.0058,-0.071,0.4202,-0.0079,1.02
4569,4700,0.692,0.0823,0.2257,0.4505,0.4986,-0.0112,12.65,198.53,0.78,126421.0,0.0,0.2171,0.0912,-0.0054,-0.0685,0.4002,-0.0119,1.02
4570,4700,0.6896,0.0821,0.2283,0.4784,0.4888,-0.0091,11.86,176.42,0.78,126234.0,0.0,0.2321,0.0948,-0.0058,-0.0712,0.4026,-0.012,1.02
4571,4700,0.6888,0.0824,0.2287,0.4518,0.5112,-0.0093,11.91,159.6,0.79,125136.0,0.0,0.221,0.0883,-0.0047,-0.0703,0.4621,-0.0127,1.02
4572,4700,0.6937,0.0819,0.2244,0.4674,0.4903,-0.011,11.14,182.59,0.78,126160.0,0.0,0.2213,0.0927,-0.0047,-0.072,0.4661,-0.0131,1.02
4573,4700,0.6984,0.0789,0.2227,0.4774,0.4969,-0.0098,12.39,189.51,0.78,125541.0,0.0,0.2343,0.094,-0.0043,-0.0732,0.4892,-0.0127,1.02
4574,4700,0.6989,0.0814,0.2199,0.4638,0.4589,-0.0148,11.97,184.61,0.78,125761.0,0.0,0.2203,0.0953,-0.0057,-0.0666,0.4484,-0.0115,1.02
4575,4700,0.6944,0.0825,0.2233,0.4843,0.4894,-0.0091,12.46,189.1,0.78,126547.0,0.0,0.2325,0.0978,-0.0049,-0.0706,0.4396,-0.0115,1.02
4576,4700,0.6953,0.0814,0.2236,0.4451,0.5042,-0.0127,12.39,176.91,0.78,125928.0,0.0,0.2227,0.086,-0.004,-0.0669,0.4701,-0.0123,1.02
4577,4700,0.6986,0.0791,0.2226,0.4695,0.4682,-0.0121,11.43,191.53,0.78,126161.0,0.0,0.2265,0.0942,-0.0046,-0.0705,0.4357,-0.013,1.02
4578,4700,0.6982,0.0785,0.2236,0.4625,0.4634,-0.0118,11.52,192.08,0.78,126320.0,0.0,0.2237,0.0923,-0.0063,-0.0672,0.3924,-0.0127,1.02
4579,4700,0.6996,0.0776,0.223,0.47,0.4861,-0.0106,11.8,183.36,0.78,125784.0,0.0,0.2278,0.089,-0.0046,-0.0718,0.4268,-0.0125,1.02
4580,4700,0.6927,0.0785,0.229,0.484,0.4723,-0.0109,11.86,180.63,0.78,126695.0,0.0,0.2287,0.0975,-0.005,-0.0692,0.4999,-0.0104,1.02
4581,4700,0.6837,0.08,0.2368,0.4979,0.4316,-0.012,11.38,179.05,0.78,126529.0,0.0,0.2228,0.1005,-0.0051,-0.0702,0.4105,-0.0086,1.01
4582,4700,0.679,0.0816,0.2403,0.4849,0.4578,-0.0123,12.44,195.3,0.78,125722.0,0.0,0.23,0.0967,-0.0048,-0.0682,0.4218,-0.0121,1.01
4583,4700,0.6774,0.0804,0.2431,0.4997,0.4901,-0.0081,12.65,198.85,0.78,126258.0,0.0,0.2337,0.1011,-0.0049,-0.0712,0.5067,-0.0127,1.01
4584,4700,0.6761,0.0747,0.2498,0.5021,0.4908,-0.0093,12.06,196.32,0.78,126294.0,0.0,0.2392,0.1007,-0.0054,-0.0717,0.4609,-0.0132,1.01
4585,4700,0.6807,0.0739,0.2459,0.4883,0.5038,-0.0088,13.04,202.0,0.78,126092.0,0.0,0.2324,0.0976,-0.0047,-0.0702,0.5521,-0.0115,1.02
4586,4700,0.6857,0.0725,0.2423,0.4796,0.4872,-0.0107,11.23,171.86,0.78,126309.0,0.0,0.2352,0.0959,-0.0043,-0.0698,0.5226,-0.0114,1.02
4587,4700,0.6847,0.0733,0.2427,0.4819,0.4691,-0.0111,12.26,185.27,0.78,125958.0,0.0,0.2328,0.095,-0.0045,-0.068,0.4503,-0.0129,1.02
4588,4700,0.6838,0.0757,0.2412,0.4611,0.4913,-0.0109,11.44,173.55,0.77,127147.0,0.0,0.222,0.0903,-0.0042,-0.0647,0.4399,-0.0129,1.02
4589,4700,0.6815,0.0771,0.2422,0.4813,0.4731,-0.0103,12.3,181.54,0.78,126261.0,0.0,0.2302,0.0928,-0.0044,-0.0692,0.3895,-0.0139,1.02
4590,4700,0.6809,0.0769,0.2434,0.4534,0.4936,-0.0102,11.37,177.51,0.78,126493.0,0.0,0.2238,0.0861,-0.0039,-0.0664,0.4385,-0.0131,1.02
4591,4700,0.6778,0.0782,0.2452,0.4671,0.4766,-0.0128,11.53,175.33,0.78,126166.0,0.0,0.2248,0.0893,-0.0045,-0.069,0.4606,-0.0133,1.02
4592,4700,0.6763,0.0808,0.2439,0.4597,0.4908,-0.0112,11.83,198.07,0.78,125682.0,0.0,0.2184,0.0878,-0.0041,-0.0689,0.4229,-0.0125,1.02
4593,4700,0.6789,0.0801,0.2423,0.4851,0.4767,-0.0102,10.94,191.76,0.78,126338.0,0.0,0.2273,0.0906,-0.0046,-0.0744,0.3651,-0.0112,1.02
4594,4700,0.6824,0.0796,0.2392,0.4793,0.4894,-0.0086,12.49,199.55,0.8,123526.0,0.0,0.2293,0.0923,-0.004,-0.0704,0.4319,-0.0117,1.02
4595,4700,0.6858,0.0759,0.2395,0.4813,0.5129,-0.0067,12.38,186.87,0.78,126630.0,0.0,0.2346,0.0918,-0.0043,-0.0732,0.3551,-0.0119,1.02
4596,4700,0.6917,0.0721,0.2372,0.4818,0.4876,-0.0083,11.64,189.29,0.78,126463.0,0.0,0.226,0.0966,-0.0044,-0.0655,0.3918,-0.0124,1.02
4597,4700,0.6945,0.0716,0.2349,0.4655,0.481,-0.0111,10.8,203.3,0.78,126729.0,0.0,0.2196,0.0912,-0.0046,-0.0694,0.4872,-0.0103,1.02
4598,4700,0.6932,0.0722,0.2349,0.4944,0.4698,-0.0128,11.12,171.99,0.78,126143.0,0.0,0.2245,0.0988,-0.0044,-0.0704,0.5032,-0.012,1.02
4599,4700,0.6886,0.0742,0.2375,0.4938,0.4536,-0.0128,11.53,207.08,0.77,126858.0,0.0,0.2275,0.0973,-0.0044,-0.0718,0.5208,-0.0112,1.02
4600,4700,0.684,0.0756,0.2411,0.4785,0.4816,-0.0105,11.99,170.83,0.78,126186.0,0.0,0.2299,0.0931,-0.0042,-0.0662,0.4784,-0.0111,1.02
4601,4700,0.6839,0.0735,0.2433,0.4935,0.4581,-0.0116,11.79,182.28,0.79,123737.0,0.0,0.2245,0.0977,-0.0042,-0.072,0.4358,-0.012,1.02
4602,4700,0.6838,0.0712,0.2455,0.4895,0.4691,-0.0101,11.5,192.34,0.8,122343.0,0.0,0.2307,0.0954,-0.0043,-0.0724,0.4737,-0.0127,1.02
4603,4700,0.6795,0.0709,0.2501,0.4701,0.467,-0.0129,11.13,183.65,0.8,122530.0,0.0,0.2224,0.0892,-0.004,-0.073,0.4297,-0.0126,1.02
4604,4700,0.6784,0.0721,0.2499,0.4753,0.4789,-0.0104,11.74,167.96,0.79,124815.0,0.0,0.2258,0.0911,-0.0043,-0.071,0.4875,-0.0112,1.02
4605,4700,0.6828,0.0735,0.2442,0.4911,0.466,-0.0124,12.04,200.34,0.78,126841.0,0.0,0.2267,0.0975,-0.005,-0.068,0.459,-0.0127,1.02
4606,4700,0.6815,0.0748,0.244,0.4921,0.4888,-0.0092,12.01,186.48,0.78,125722.0,0.0,0.2308,0.0941,-0.0044,-0.0721,0.5857,-0.0107,1.02
4607,4700,0.6837,0.0756,0.2409,0.4878,0.4618,-0.0132,11.72,180.37,0.79,124513.0,0.0,0.2273,0.0954,-0.0049,-0.073,0.4884,-0.0095,1.02
4608,4700,0.6846,0.0766,0.239,0.489,0.4673,-0.0119,12.67,191.28,0.78,125840.0,0.0,0.2282,0.0964,-0.0055,-0.0688,0.5194,-0.0116,1.02
4609,4700,0.6849,0.0783,0.2373,0.4736,0.4809,-0.0115,11.67,183.38,0.78,125521.0,0.0,0.2259,0.0921,-0.0054,-0.0681,0.4767,-0.013,1.02
4610,4700,0.6833,0.0801,0.2371,0.4591,0.5066,-0.0122,11.76,175.11,0.78,125456.0,0.0,0.2267,0.0894,-0.0044,-0.0671,0.5206,-0.0115,1.02
4611,4700,0.6826,0.0815,0.2365,0.4672,0.4833,-0.0123,11.81,178.48,0.78,125946.0,0.0,0.2239,0.0908,-0.0045,-0.069,0.4993,-0.0119,1.02
4612,4700,0.6836,0.0829,0.234,0.4706,0.4777,-0.0125,12.17,196.86,0.79,125195.0,0.0,0.2248,0.0888,-0.0044,-0.071,0.4782,-0.0125,1.02
4613,4700,0.68,0.0839,0.2366,0.4954,0.4545,-0.0111,11.71,197.69,0.8,123029.0,0.0,0.2303,0.0978,-0.0053,-0.0709,0.4099,-0.0115,1.02
4614,4700,0.6784,0.083,0.2391,0.4867,0.4767,-0.0113,11.86,183.59,0.79,124607.0,0.0,0.2285,0.0938,-0.0048,-0.0708,0.4654,-0.0126,1.02
4615,4700,0.6785,0.0825,0.2393,0.476,0.4705,-0.013,12.03,193.5,0.78,126371.0,0.0,0.2318,0.0923,-0.0042,-0.0687,0.3502,-0.012,1.02
4616,4700,0.6773,0.0817,0.2415,0.4986,0.4684,-0.0099,11.87,196.35,0.78,126291.0,0.0,0.2336,0.0963,-0.0049,-0.073,0.5003,-0.0108,1.02
4617,4700,0.6767,0.0813,0.2425,0.5008,0.4689,-0.0115,12.48,194.57,0.78,126464.0,0.0,0.228,0.0974,-0.0053,-0.071,0.504,-0.0112,1.02
4618,4700,0.6793,0.0795,0.2417,0.4833,0.4921,-0.0117,12.49,207.03,0.78,125789.0,0.0,0.2258,0.0956,-0.005,-0.072,0.5331,-0.0116,1.02
4619,4700,0.6829,0.0781,0.2395,0.4616,0.5004,-0.0091,11.99,182.96,0.8,123164.0,0.0,0.2193,0.0902,-0.0042,-0.068,0.4711,-0.0123,1.02
4620,4700,0.6842,0.0787,0.2379,0.4987,0.468,-0.0101,12.72,194.13,0.79,125161.0,0.0,0.226,0.098,-0.0049,-0.0736,0.4307,-0.0124,1.02
4621,4700,0.6845,0.0766,0.2397,0.5044,0.4742,-0.009,12.32,197.2,0.79,124857.0,0.0,0.2341,0.0984,-0.0044,-0.0708,0.4144,-0.013,1.02
4622,4700,0.689,0.0756,0.236,0.481,0.4867,-0.0106,12.63,194.85,0.79,124783.0,0.0,0.2345,0.0935,-0.0045,-0.0708,0.3959,-0.0129,1.02
4623,4700,0.6935,0.0759,0.2315,0.4936,0.464,-0.0101,12.59,204.1,0.78,126100.0,0.0,0.2231,0.0976,-0.0048,-0.0687,0.4424,-0.0117,1.02
4624,4700,0.6909,0.0763,0.2336,0.4968,0.4794,-0.0094,11.77,182.19,0.79,124576.0,0.0,0.2262,0.0966,-0.005,-0.0768,0.438,-0.0113,1.02
4625,4700,0.6898,0.0758,0.2349,0.4885,0.4799,-0.0077,11.49,198.91,0.78,125683.0,0.0,0.2256,0.095,-0.0048,-0.0737,0.4059,-0.012,1.02
4626,4700,0.6859,0.075,0.2394,0.4854,0.4618,-0.0111,11.94,193.48,0.78,125822.0,0.0,0.2229,0.0975,-0.005,-0.0697,0.3984,-0.0132,1.02
4627,4700,0.6808,0.0757,0.2437,0.4952,0.4505,-0.0132,10.9,185.84,0.78,126828.0,0.0,0.2212,0.1006,-0.0053,-0.0725,0.4689,-0.0112,1.02
4628,4700,0.6791,0.078,0.2432,0.4721,0.483,-0.0096,11.96,200.67,0.78,126401.0,0.0,0.2134,0.0921,-0.0054,-0.0707,0.4207,-0.0127,1.02
4629,4700,0.6812,0.0758,0.2434,0.4896,0.4756,-0.0104,10.9,184.34,0.78,126157.0,0.0,0.2197,0.0965,-0.0055,-0.0733,0.4555,-0.0113,1.02
4630,4700,0.6816,0.0756,0.2433,0.499,0.4776,-0.0104,12.03,199.63,0.78,125627.0,0.0,0.2247,0.0973,-0.0048,-0.074,0.4631,-0.0123,1.02
4631,4700,0.6823,0.0732,0.2451,0.4972,0.4475,-0.0108,12.05,215.85,0.78,125504.0,0.0,0.2146,0.0994,-0.0053,-0.0702,0.4136,-0.0121,1.02
4632,4700,0.6799,0.0725,0.2486,0.5066,0.4561,-0.0102,11.78,201.79,0.78,125789.0,0.0,0.2234,0.1003,-0.0052,-0.0744,0.3224,-0.0119,1.02
4633,4700,0.6757,0.0726,0.2526,0.5047,0.4536,-0.0107,10.76,178.35,0.78,126180.0,0.0,0.2233,0.098,-0.0057,-0.074,0.395,-0.0121,1.02
4634,4700,0.6708,0.074,0.2559,0.4846,0.4386,-0.0138,11.19,191.45,0.79,124259.0,0.0,0.2148,0.0953,-0.0044,-0.0678,0.4223,-0.012,1.02
4635,4700,0.6671,0.075,0.2587,0.5052,0.4629,-0.0096,11.85,183.8,0.79,124112.0,0.0,0.2167,0.1008,-0.0056,-0.0726,0.428,-0.0106,1.02
4636,4700,0.6668,0.075,0.2592,0.4893,0.4633,-0.0093,11.87,198.0,0.78,126063.0,0.0,0.2162,0.0983,-0.0051,-0.0706,0.4169,-0.008,1.02
4637,4700,0.6671,0.0725,0.2614,0.493,0.4832,-0.0095,11.69,185.46,0.78,125968.0,0.0,0.2219,0.0972,-0.0044,-0.0733,0.4297,-0.0129,1.02
4638,4700,0.6665,0.0719,0.2628,0.4937,0.4502,-0.0114,11.26,185.58,0.78,125710.0,0.0,0.2148,0.1017,-0.0061,-0.069,0.4443,-0.0118,1.02
4639,4700,0.663,0.0753,0.2629,0.5234,0.4308,-0.0134,12.02,204.54,0.78,125577.0,0.0,0.2293,0.1072,-0.0064,-0.0731,0.4254,-0.013,1.02
4640,4700,0.6636,0.0755,0.2623,0.5215,0.4586,-0.0093,11.74,190.83,0.79,124843.0,0.0,0.2323,0.1038,-0.0055,-0.0751,0.3997,-0.0126,1.02
4641,4700,0.6607,0.0755,0.265,0.5205,0.4381,-0.0116,11.13,177.87,0.79,124682.0,0.0,0.2224,0.1052,-0.0055,-0.0759,0.4707,-0.0116,1.02
4642,4700,0.6587,0.078,0.2643,0.5209,0.4468,-0.0106,12.61,188.63,0.78,126082.0,0.0,0.2347,0.1036,-0.0056,-0.0743,0.5188,-0.0111,1.02
4643,4700,0.6569,0.0788,0.2657,0.5327,0.43,-0.011,11.95,199.13,0.78,125826.0,0.0,0.2321,0.1103,-0.0056,-0.0723,0.4776,-0.011,1.02
4644,4700,0.655,0.0789,0.2678,0.507,0.4607,-0.0105,12.1,204.14,0.78,125649.0,0.0,0.2269,0.1016,-0.005,-0.0707,0.5324,-0.012,1.02
4645,4700,0.6505,0.0773,0.2739,0.4887,0.46,-0.012,11.2,168.37,0.79,124554.0,0.0,0.2201,0.102,-0.0059,-0.069,0.5307,-0.0126,1.02
4646,4700,0.6522,0.0791,0.2702,0.5096,0.4453,-0.0109,11.36,203.13,0.78,125356.0,0.0,0.227,0.1028,-0.0057,-0.0724,0.4975,-0.0119,1.02
4647,4700,0.6527,0.079,0.2696,0.4955,0.4642,-0.0112,11.37,199.31,0.78,125560.0,0.0,0.2241,0.102,-0.0054,-0.0678,0.5444,-0.0118,1.02
4648,4700,0.6561,0.0812,0.2642,0.4637,0.4899,-0.013,12.56,198.09,0.78,126162.0,0.0,0.2266,0.0914,-0.0047,-0.0671,0.5837,-0.0116,1.02
4649,4700,0.658,0.0842,0.2597,0.4931,0.4564,-0.0155,11.89,185.57,0.79,124064.0,0.0,0.2337,0.0988,-0.0047,-0.073,0.5519,-0.0109,1.02
4650,4700,0.66,0.0855,0.2563,0.4715,0.4946,-0.011,11.81,173.66,0.78,126606.0,0.0,0.2306,0.0958,-0.0049,-0.0666,0.5506,-0.0076,1.02
4651,4700,0.666,0.0843,0.2517,0.4758,0.4911,-0.0082,11.97,192.93,0.78,126184.0,0.0,0.2273,0.0954,-0.0057,-0.0669,0.4864,-0.0119,1.02
4652,4700,0.6692,0.0823,0.2502,0.4959,0.4948,-0.0099,12.4,190.47,0.79,123999.0,0.0,0.2432,0.0999,-0.0058,-0.071,0.5609,-0.009,1.02
4653,4700,0.6772,0.0808,0.2437,0.4685,0.5059,-0.0107,11.81,174.25,0.78,126408.0,0.0,0.2358,0.0897,-0.0041,-0.0694,0.5318,-0.0131,1.02
4654,4700,0.6827,0.078,0.2411,0.493,0.4882,-0.0094,12.04,199.5,0.78,126237.0,0.0,0.2385,0.1006,-0.0061,-0.0681,0.5499,-0.0129,1.02
4655,4700,0.6855,0.0788,0.2379,0.4612,0.5113,-0.0105,12.59,173.2,0.77,126886.0,0.0,0.2293,0.0928,-0.005,-0.0683,0.5084,-0.0119,1.02
4656,4700,0.6921,0.0804,0.2297,0.4745,0.5182,-0.0111,12.22,191.51,0.78,126159.0,0.0,0.236,0.0893,-0.0054,-0.0748,0.5007,-0.0127,1.02
4657,4700,0.705,0.0778,0.2191,0.4455,0.5495,-0.0077,12.42,179.66,0.78,126644.0,0.0,0.2326,0.0825,-0.0049,-0.0675,0.527,-0.0116,1.02
4658,4700,0.7129,0.0782,0.2107,0.4712,0.5061,-0.0106,12.3,176.45,0.78,125602.0,0.0,0.2303,0.0904,-0.0054,-0.0714,0.4353,-0.0116,1.02
4659,4700,0.7137,0.078,0.2095,0.487,0.4666,-0.0112,11.73,175.01,0.78,125601.0,0.0,0.2346,0.0965,-0.0053,-0.0694,0.4276,-0.0111,1.02
4660,4700,0.7136,0.0779,0.2092,0.4816,0.4814,-0.0116,11.4,200.47,0.79,125158.0,0.0,0.2291,0.0949,-0.0063,-0.0715,0.4747,-0.0113,1.02
4661,4700,0.7083,0.0779,0.2146,0.4635,0.4886,-0.0112,12.4,188.45,0.78,125256.0,0.0,0.2282,0.0884,-0.0042,-0.067,0.3896,-0.0127,1.02
4662,4700,0.7034,0.0809,0.2164,0.4727,0.4728,-0.0115,12.12,193.4,0.78,125826.0,0.0,0.2189,0.0895,-0.005,-0.0691,0.3569,-0.0122,1.02
4663,4700,0.701,0.0794,0.2203,0.4807,0.4875,-0.0088,12.18,192.84,0.78,125880.0,0.0,0.2319,0.0928,-0.0054,-0.072,0.3686,-0.0129,1.02
4664,4700,0.6985,0.0761,0.2255,0.5044,0.476,-0.0091,11.93,199.15,0.78,125601.0,0.0,0.2393,0.0978,-0.0052,-0.0712,0.4208,-0.0112,1.02
4665,4700,0.6948,0.0756,0.2296,0.5085,0.439,-0.0114,11.87,203.46,0.78,126439.0,0.0,0.2247,0.1011,-0.0054,-0.0685,0.3602,-0.0108,1.02
4666,4700,0.6923,0.0766,0.2313,0.4918,0.4999,-0.0085,11.96,181.83,0.78,126219.0,0.0,0.2299,0.0936,-0.0048,-0.0691,0.4425,-0.0116,1.02
4667,4700,0.693,0.0788,0.2285,0.5198,0.4399,-0.013,11.73,219.56,0.78,125381.0,0.0,0.229,0.1049,-0.0054,-0.0722,0.4151,-0.0109,1.02
4668,4700,0.6857,0.0779,0.2366,0.5327,0.4628,-0.0083,12.57,186.62,0.78,125519.0,0.0,0.2365,0.1069,-0.006,-0.0756,0.4239,-0.0088,1.02
4669,4700,0.6815,0.0775,0.2412,0.5242,0.4639,-0.0078,12.08,187.23,0.79,124908.0,0.0,0.2378,0.1076,-0.0057,-0.0703,0.4894,-0.0126,1.02
4670,4700,0.6755,0.0755,0.2496,0.5065,0.4511,-0.0107,11.19,188.77,0.78,125636.0,0.0,0.2317,0.1015,-0.0069,-0.0691,0.4544,-0.0123,1.02
4671,4700,0.6691,0.0758,0.2556,0.5141,0.4491,-0.012,11.17,178.76,0.78,125938.0,0.0,0.2332,0.1038,-0.0056,-0.0733,0.4579,-0.0092,1.02
4672,4700,0.6673,0.0771,0.2562,0.4805,0.4765,-0.0113,12.15,167.47,0.78,125971.0,0.0,0.2224,0.0957,-0.0047,-0.0672,0.5529,-0.0119,1.02
4673,4700,0.6658,0.0776,0.2574,0.4865,0.4753,-0.0101,10.41,167.58,0.79,124135.0,0.0,0.2308,0.0986,-0.0053,-0.0638,0.5185,-0.0124,1.02
4674,4700,0.6685,0.078,0.2542,0.4782,0.5014,-0.0094,12.33,187.35,0.78,125305.0,0.0,0.2268,0.0946,-0.0052,-0.067,0.4959,-0.0124,1.02
4675,4700,0.6721,0.0766,0.252,0.485,0.4762,-0.0111,11.07,166.43,0.78,125858.0,0.0,0.2312,0.0965,-0.0049,-0.0685,0.5409,-0.0119,1.02
4676,4700,0.6746,0.0794,0.2467,0.478,0.4609,-0.0135,12.18,193.95,0.78,126670.0,0.0,0.2311,0.0941,-0.0046,-0.0668,0.4756,-0.0127,1.02
4677,4700,0.6749,0.0809,0.245,0.4597,0.4907,-0.0115,11.68,173.46,0.78,126632.0,0.0,0.2255,0.0906,-0.0044,-0.0639,0.5227,-0.013,1.02
4678,4700,0.677,0.0809,0.243,0.4933,0.4945,-0.0088,12.3,186.02,0.77,126897.0,0.0,0.2427,0.0956,-0.0047,-0.0715,0.5778,-0.0122,1.02
4679,4700,0.6759,0.0816,0.2434,0.4693,0.4881,-0.013,12.13,173.06,0.78,126582.0,0.0,0.2287,0.0936,-0.0052,-0.0653,0.5676,-0.0122,1.03
4680,4700,0.6828,0.0802,0.2379,0.4605,0.5103,-0.0104,13.18,198.22,0.78,125323.0,0.0,0.2296,0.088,-0.0041,-0.0681,0.4919,-0.0125,1.03
4681,4700,0.6851,0.0791,0.2365,0.476,0.4896,-0.0109,12.64,178.12,0.78,125677.0,0.0,0.2324,0.0931,-0.0045,-0.0643,0.5626,-0.0121,1.03
4682,4700,0.6839,0.0795,0.2373,0.4689,0.4827,-0.0118,12.09,199.2,0.79,124191.0,0.0,0.231,0.0922,-0.0046,-0.0634,0.516,-0.0113,1.03
4683,4700,0.6863,0.0788,0.2357,0.4859,0.4891,-0.0104,12.56,177.04,0.79,124597.0,0.0,0.2419,0.0947,-0.0045,-0.0668,0.4952,-0.0113,1.03
4684,4700,0.6901,0.0773,0.2336,0.4716,0.5095,-0.0083,12.27,192.07,0.78,126113.0,0.0,0.2439,0.0898,-0.0042,-0.067,0.4677,-0.0121,1.03
4685,4700,0.6886,0.0787,0.2337,0.479,0.4713,-0.0133,12.85,194.75,0.78,125671.0,0.0,0.2331,0.0891,-0.0041,-0.0719,0.4225,-0.0114,1.03
4686,4700,0.6881,0.0813,0.2313,0.4955,0.4733,-0.0114,11.81,181.62,0.78,126430.0,0.0,0.2381,0.0931,-0.0044,-0.0727,0.4363,-0.0112,1.03
4687,4700,0.6866,0.0833,0.2308,0.5164,0.4457,-0.0113,11.31,206.98,0.78,125244.0,0.0,0.2391,0.101,-0.0044,-0.0735,0.4847,-0.0114,1.03
4688,4700,0.6785,0.086,0.236,0.4804,0.469,-0.0122,12.55,166.3,0.77,127150.0,0.0,0.228,0.0945,-0.0048,-0.0647,0.5309,-0.0125,1.03
4689,4700,0.6736,0.0864,0.2405,0.4911,0.483,-0.0113,12.89,192.68,0.78,126492.0,0.0,0.2375,0.0953,-0.0041,-0.0661,0.4695,-0.0128,1.03
4690,4700,0.6778,0.0835,0.2392,0.4808,0.4833,-0.0103,11.88,190.37,0.78,125927.0,0.0,0.229,0.0939,-0.0042,-0.0651,0.4565,-0.0113,1.03
4691,4700,0.6826,0.081,0.2369,0.4901,0.4999,-0.0087,12.81,209.43,0.78,125913.0,0.0,0.2357,0.0977,-0.0044,-0.0654,0.5095,-0.0122,1.03
4692,4700,0.6827,0.0805,0.237,0.478,0.4989,-0.0094,12.52,195.36,0.79,125097.0,0.0,0.2362,0.0929,-0.0041,-0.0648,0.4852,-0.012,1.03
4693,4700,0.6825,0.0808,0.2371,0.4957,0.4646,-0.0117,11.64,197.4,0.79,124786.0,0.0,0.2365,0.0977,-0.0046,-0.0676,0.4881,-0.0123,1.03
4694,4700,0.6795,0.0832,0.2379,0.4654,0.4678,-0.0125,12.27,170.0,0.78,126825.0,0.0,0.229,0.0865,-0.0038,-0.0633,0.4387,-0.0133,1.03
4695,4700,0.68,0.084,0.2367,0.4858,0.4795,-0.0104,12.57,202.07,0.78,126424.0,0.0,0.2264,0.0921,-0.0045,-0.0702,0.4758,-0.0126,1.03
4696,4700,0.6824,0.0831,0.2352,0.4644,0.483,-0.0118,11.37,171.95,0.78,126612.0,0.0,0.2252,0.0878,-0.0042,-0.0663,0.3979,-0.0126,1.03
4697,4700,0.6841,0.0812,0.2354,0.4878,0.4744,-0.0117,11.58,195.24,0.78,126221.0,0.0,0.2317,0.0919,-0.0038,-0.0685,0.3803,-0.0132,1.03
4698,4700,0.6838,0.0816,0.2353,0.4761,0.4969,-0.0082,12.92,197.99,0.78,126184.0,0.0,0.2278,0.0896,-0.0037,-0.0641,0.5286,-0.0107,1.03
4699,4700,0.6848,0.0796,0.2359,0.4983,0.4537,-0.0122,10.78,203.25,0.79,124649.0,0.0,0.235,0.0958,-0.0038,-0.0687,0.4447,-0.0084,1.03
