iteration,total,hold_success,dropped,time_out,r_face_alignment,r_hold_bonus,r_dropped_penalty,mean_reward,mean_ep_len,iter_time_s,steps_per_s,invalid_state,r_hold_progress,r_grasp_contact,r_excess_force,r_joint_limits,value_loss,surrogate_loss,action_std
0,4000,0.0,0.0457,0.0352,0.0172,0.0,-0.0787,-1.3,21.78,1.68,58392.0,0.0,0.0005,0.0018,0.0,-0.0002,0.2779,0.0124,1.0
1,4000,0.0,0.1547,0.0931,0.0492,0.0,-0.0924,-1.07,43.26,0.77,126873.0,0.0,0.0065,0.007,-0.0,-0.0015,0.1755,-0.0025,1.0
2,4000,0.0344,0.2761,0.1255,0.0915,0.1517,-0.0868,1.95,65.43,0.74,133556.0,0.0,0.0499,0.012,-0.0,-0.0037,2.5769,-0.004,1.0
3,4000,0.1173,0.396,0.1342,0.1041,0.1467,-0.0935,0.53,72.78,0.75,131494.0,0.0,0.0499,0.0147,-0.0,-0.005,1.3042,-0.0051,0.99
4,4000,0.154,0.4906,0.1267,0.1158,0.1525,-0.0974,1.36,72.2,0.74,132514.0,0.0,0.0538,0.0169,-0.0,-0.0066,1.0813,-0.0056,0.99
5,4000,0.1799,0.5424,0.1115,0.1151,0.201,-0.0887,1.87,77.81,0.75,131088.0,0.0,0.0603,0.0178,-0.0,-0.0071,1.2335,-0.0054,0.99
6,4000,0.2115,0.5609,0.1025,0.1287,0.2594,-0.076,3.49,87.89,0.71,137895.0,0.0,0.0728,0.0197,-0.0,-0.0081,1.3174,-0.0048,0.98
7,4000,0.2453,0.5587,0.0996,0.1374,0.2727,-0.0729,4.1,96.91,0.72,136539.0,0.0,0.0771,0.0212,-0.0,-0.0093,1.1265,-0.0051,0.98
8,4000,0.2721,0.5537,0.1005,0.1475,0.3063,-0.0656,4.68,93.24,0.76,129509.0,0.0,0.0855,0.0222,-0.0,-0.0104,0.9098,-0.0054,0.97
9,4000,0.2905,0.5518,0.1002,0.1459,0.2922,-0.0709,4.71,107.43,0.7,140626.0,0.0,0.0783,0.0234,-0.0,-0.011,0.745,-0.0047,0.97
10,4000,0.3104,0.5462,0.0985,0.1588,0.3395,-0.0581,4.84,105.65,0.71,139299.0,0.0,0.0921,0.0236,-0.0,-0.0127,0.6177,-0.0048,0.97
11,4000,0.327,0.5385,0.0988,0.1646,0.3704,-0.0538,5.46,116.78,0.75,131935.0,0.0,0.0983,0.0253,-0.0,-0.0137,0.5004,-0.0049,0.97
12,4000,0.3422,0.5296,0.1026,0.1626,0.3482,-0.0486,5.48,121.95,0.69,141468.0,0.0,0.0913,0.0286,0.0,-0.0174,0.3797,-0.0051,0.96
13,4000,0.3546,0.5234,0.11,0.1634,0.3585,-0.041,5.65,121.87,0.69,142106.0,0.0,0.0961,0.0325,-0.0,-0.0207,0.3082,-0.0043,0.96
14,4000,0.364,0.5185,0.1143,0.1893,0.4212,-0.038,7.43,129.03,0.73,135432.0,0.0,0.1119,0.028,0.0,-0.0187,0.2312,-0.0049,0.96
15,4000,0.3726,0.5063,0.1211,0.1959,0.2999,-0.026,4.4,197.91,0.7,140341.0,0.0,0.0777,0.045,-0.0,-0.0354,0.1815,-0.0053,0.95
16,4000,0.3764,0.4881,0.1354,0.1731,0.2044,-0.0218,2.92,232.35,0.7,139893.0,0.0,0.0534,0.0557,-0.0,-0.0487,0.154,-0.0009,0.95
17,4000,0.3705,0.4596,0.1699,0.1569,0.1437,-0.0163,1.55,269.99,0.81,120889.0,0.0,0.0378,0.0625,0.0,-0.0561,0.1409,-0.003,0.94
18,4000,0.3525,0.4187,0.2288,0.1609,0.1158,-0.0181,0.66,290.43,0.83,118990.0,0.0,0.0292,0.0633,-0.0,-0.0594,0.1363,-0.0027,0.94
19,4000,0.3499,0.3684,0.2817,0.1662,0.1193,-0.0184,1.23,262.12,0.73,135363.0,0.0,0.031,0.0624,-0.0,-0.0612,0.1526,-0.0047,0.94
20,4000,0.3455,0.3235,0.331,0.1695,0.1368,-0.0165,1.91,267.21,0.71,139225.0,0.0,0.0343,0.0616,-0.0,-0.061,0.1809,-0.0012,0.94
21,4000,0.339,0.2805,0.3805,0.1988,0.1729,-0.0143,2.14,241.23,0.72,136236.0,0.0,0.0434,0.0593,-0.0,-0.0626,0.1891,-0.0032,0.93
22,4000,0.3291,0.2406,0.4303,0.1919,0.1714,-0.0153,2.77,254.75,0.75,130796.0,0.0,0.0432,0.0585,0.0,-0.063,0.1827,-0.0051,0.93
23,4000,0.3204,0.2106,0.469,0.173,0.2003,-0.02,3.26,215.95,0.78,125254.0,0.0,0.0503,0.0532,0.0,-0.0578,0.1583,-0.003,0.92
24,4000,0.3171,0.1871,0.4958,0.1869,0.2313,-0.0163,2.42,252.05,0.7,141220.0,0.0,0.0581,0.0522,0.0,-0.0588,0.1673,-0.005,0.92
25,4000,0.3094,0.1649,0.5257,0.1911,0.2366,-0.0145,3.71,223.27,0.77,128085.0,0.0,0.0614,0.0529,0.0,-0.0591,0.1667,-0.0034,0.92
26,4000,0.3083,0.1478,0.5439,0.1863,0.2798,-0.0208,3.7,198.09,0.77,127032.0,0.0,0.0716,0.0454,0.0,-0.0517,0.1587,0.0007,0.92
27,4000,0.3068,0.1365,0.5567,0.2044,0.2768,-0.0207,4.92,171.41,0.8,122717.0,0.0,0.0709,0.0455,0.0,-0.0515,0.1498,-0.0032,0.91
28,4000,0.3071,0.1314,0.5615,0.2114,0.3056,-0.0169,4.59,209.37,1.64,59817.0,0.0,0.0784,0.0453,0.0,-0.0497,0.1506,-0.005,0.91
29,4000,0.3044,0.1273,0.5683,0.1804,0.3438,-0.0203,6.09,165.16,1.8,54646.0,0.0,0.0881,0.0396,0.0,-0.0406,0.1217,-0.0035,0.91
30,4000,0.3073,0.1218,0.5709,0.1965,0.2783,-0.0131,2.99,226.66,1.75,56280.0,0.0,0.0726,0.0502,0.0,-0.0533,0.1364,0.0004,0.91
31,4000,0.3087,0.1204,0.5709,0.1909,0.271,-0.021,4.03,206.66,1.79,54868.0,0.0,0.071,0.0475,0.0,-0.0506,0.1271,-0.0034,0.91
32,4000,0.3081,0.1203,0.5717,0.1982,0.1815,-0.0152,2.62,255.63,1.69,58266.0,0.0,0.0472,0.0593,0.0,-0.0628,0.148,-0.0048,0.9
33,4000,0.3097,0.1196,0.5707,0.1967,0.1793,-0.0184,2.0,263.27,1.73,56775.0,0.0,0.0457,0.0577,-0.0,-0.0581,0.1915,-0.0052,0.9
34,4000,0.3105,0.1214,0.5681,0.1983,0.176,-0.0197,3.23,249.86,1.79,54789.0,0.0,0.0461,0.0578,0.0,-0.0563,0.1869,-0.0034,0.9
35,4000,0.3137,0.1223,0.564,0.192,0.2007,-0.015,4.12,228.61,1.8,54683.0,0.0,0.0505,0.0571,0.0,-0.0544,0.2076,-0.0034,0.9
36,4000,0.3208,0.1224,0.5568,0.186,0.1995,-0.018,3.36,231.24,1.79,54905.0,0.0,0.0511,0.0557,0.0,-0.0505,0.2475,-0.0058,0.9
37,4000,0.3221,0.1294,0.5487,0.1877,0.1992,-0.0225,3.37,241.49,1.73,56919.0,0.0,0.0523,0.0536,0.0,-0.046,0.2836,-0.0062,0.9
38,4000,0.3241,0.1331,0.543,0.1865,0.2143,-0.0241,3.94,192.68,1.79,54954.0,0.0,0.0544,0.0517,-0.0,-0.0443,0.3418,-0.0059,0.9
39,4000,0.3321,0.1393,0.5289,0.1917,0.2401,-0.0265,3.01,215.26,1.79,54782.0,0.0,0.0617,0.0491,0.0,-0.0386,0.4378,-0.0057,0.9
40,4000,0.3366,0.151,0.5124,0.1935,0.2511,-0.0255,4.56,221.11,1.74,56444.0,0.0,0.0649,0.0493,0.0,-0.0384,0.4459,-0.0067,0.9
41,4000,0.3424,0.1618,0.4958,0.1904,0.2791,-0.0294,4.53,177.8,1.78,55284.0,0.0,0.0726,0.0448,-0.0,-0.0342,0.4677,-0.0066,0.89
42,4000,0.3484,0.1689,0.4827,0.1751,0.2614,-0.032,3.65,181.44,1.79,54794.0,0.0,0.0671,0.0442,0.0,-0.0321,0.533,-0.0065,0.89
43,4000,0.3503,0.1731,0.4766,0.2053,0.3125,-0.0263,5.4,191.33,1.8,54643.0,0.0,0.0831,0.0445,-0.0,-0.0333,0.4235,-0.0064,0.89
44,4000,0.3593,0.173,0.4677,0.1957,0.3335,-0.031,5.23,169.1,1.8,54706.0,0.0,0.0857,0.0404,0.0,-0.0281,0.4394,-0.0074,0.89
45,4000,0.3713,0.1777,0.4509,0.1943,0.3615,-0.0266,5.97,159.76,1.78,55239.0,0.0,0.0942,0.0398,-0.0,-0.028,0.4059,-0.0069,0.89
46,4000,0.3808,0.182,0.4372,0.1868,0.3081,-0.0305,5.04,198.7,1.79,55031.0,0.0,0.0797,0.0416,0.0,-0.0287,0.3761,-0.0076,0.89
47,4000,0.3888,0.1852,0.426,0.179,0.3193,-0.0257,4.13,194.62,1.79,54879.0,0.0,0.0831,0.0428,0.0,-0.0291,0.3843,-0.0064,0.88
48,4000,0.3927,0.1891,0.4181,0.1787,0.2921,-0.029,5.18,184.73,1.78,55150.0,0.0,0.0757,0.0431,-0.0,-0.0295,0.3858,-0.0053,0.88
49,4000,0.4009,0.1928,0.4063,0.1743,0.2973,-0.0255,5.44,191.1,1.78,55267.0,0.0,0.0774,0.0447,-0.0,-0.0303,0.389,-0.0075,0.88
50,4000,0.406,0.1946,0.3994,0.1659,0.274,-0.0261,4.17,211.39,1.79,54835.0,0.0,0.0724,0.0452,0.0,-0.0306,0.347,-0.0076,0.88
51,4000,0.4031,0.1988,0.3983,0.1892,0.2554,-0.0256,4.01,195.67,1.79,55024.0,0.0,0.067,0.0474,-0.0,-0.0334,0.4077,-0.0074,0.88
52,4000,0.4004,0.2014,0.3984,0.1715,0.2672,-0.025,4.79,214.67,1.79,54978.0,0.0,0.071,0.0467,0.0,-0.032,0.3177,-0.0077,0.88
53,4000,0.4046,0.1988,0.3969,0.1849,0.2857,-0.0228,5.34,188.64,1.78,55328.0,0.0,0.0762,0.046,0.0,-0.0319,0.3721,-0.0067,0.88
54,4000,0.4078,0.1974,0.395,0.1692,0.2781,-0.0188,5.16,198.89,1.78,55345.0,0.0,0.0728,0.0481,0.0,-0.0331,0.3797,-0.008,0.88
55,4000,0.4133,0.1921,0.3951,0.1776,0.2508,-0.0222,4.22,214.63,1.79,55008.0,0.0,0.0667,0.0492,0.0,-0.0339,0.4142,-0.0075,0.88
56,4000,0.4094,0.1894,0.4018,0.1695,0.2714,-0.0274,4.92,172.71,1.8,54668.0,0.0,0.0732,0.0445,-0.0,-0.0306,0.4052,-0.0087,0.88
57,4000,0.4094,0.1906,0.4005,0.1737,0.2614,-0.0282,4.88,182.9,1.8,54596.0,0.0,0.0697,0.045,-0.0,-0.031,0.4572,-0.0085,0.88
58,4000,0.4085,0.1955,0.3965,0.1644,0.3024,-0.026,5.06,195.9,1.78,55178.0,0.0,0.0795,0.0419,0.0,-0.0283,0.42,-0.0082,0.88
59,4000,0.4121,0.1916,0.3968,0.1685,0.3135,-0.0243,5.89,181.56,1.79,54871.0,0.0,0.0828,0.0419,0.0,-0.0274,0.3767,-0.0079,0.88
60,4000,0.4141,0.1835,0.4029,0.1687,0.284,-0.0232,4.55,176.78,1.78,55175.0,0.0,0.0733,0.0447,-0.0,-0.0299,0.3888,-0.0089,0.88
61,4000,0.4136,0.1817,0.4052,0.1723,0.2973,-0.026,4.8,207.21,1.79,54891.0,0.0,0.0788,0.0434,-0.0,-0.0292,0.3901,-0.008,0.88
62,4000,0.4158,0.1773,0.4074,0.1764,0.3316,-0.0225,5.47,188.78,1.78,55133.0,0.0,0.0887,0.0413,0.0,-0.0278,0.3932,-0.0085,0.87
63,4000,0.4143,0.1749,0.4113,0.183,0.2758,-0.0276,4.75,187.55,1.79,54918.0,0.0,0.0763,0.0446,-0.0,-0.0306,0.3554,-0.0083,0.87
64,4000,0.4127,0.1729,0.4149,0.1758,0.2772,-0.0234,4.37,203.97,1.8,54675.0,0.0,0.0746,0.0467,0.0,-0.0309,0.3035,-0.0083,0.87
65,4000,0.4049,0.1732,0.4224,0.1759,0.2566,-0.0225,5.16,206.7,1.79,55030.0,0.0,0.0688,0.0485,0.0,-0.0329,0.3443,-0.0089,0.87
66,4000,0.3995,0.1756,0.4252,0.1591,0.2682,-0.0299,4.01,186.88,1.79,54850.0,0.0,0.0735,0.0437,-0.0,-0.0287,0.3812,-0.0086,0.87
67,4000,0.401,0.1764,0.4229,0.1771,0.2994,-0.0249,4.57,180.72,1.78,55346.0,0.0,0.0816,0.0439,0.0,-0.0294,0.3896,-0.008,0.87
68,4000,0.399,0.1779,0.4233,0.1691,0.281,-0.0256,4.92,176.26,1.78,55120.0,0.0,0.0756,0.0453,-0.0,-0.0295,0.3998,-0.0077,0.87
69,4000,0.4022,0.1787,0.4194,0.1705,0.2808,-0.0224,4.56,213.64,1.71,57326.0,0.0,0.0771,0.0469,0.0,-0.0309,0.3389,-0.008,0.87
70,4000,0.3996,0.18,0.4205,0.1612,0.2658,-0.0217,3.68,226.05,1.78,55288.0,0.0,0.0731,0.0494,0.0,-0.0314,0.3878,-0.0079,0.86
71,4000,0.3991,0.1816,0.4193,0.1626,0.2871,-0.0251,5.82,162.87,1.79,54802.0,0.0,0.0795,0.0446,-0.0,-0.0273,0.4074,-0.0083,0.86
72,4000,0.3983,0.1806,0.4211,0.1613,0.2595,-0.0212,3.88,196.11,1.78,55110.0,0.0,0.0745,0.05,0.0,-0.0305,0.425,-0.0051,0.86
73,4000,0.3972,0.1755,0.4273,0.1658,0.2862,-0.0206,4.83,188.75,1.8,54725.0,0.0,0.0795,0.0468,0.0,-0.0285,0.4307,-0.0051,0.86
74,4000,0.397,0.1712,0.4318,0.1806,0.294,-0.024,5.85,190.61,1.78,55074.0,0.0,0.0819,0.0457,-0.0,-0.0291,0.395,-0.0069,0.86
75,4000,0.4018,0.1707,0.4276,0.1763,0.2936,-0.0252,4.09,206.7,1.78,55120.0,0.0,0.0828,0.0443,0.0,-0.0276,0.3752,-0.0086,0.86
76,4000,0.4057,0.1687,0.4256,0.1719,0.3102,-0.0224,5.8,163.99,1.69,58264.0,0.0,0.0849,0.0443,-0.0,-0.026,0.4621,-0.0081,0.86
77,4000,0.4093,0.1696,0.4212,0.1666,0.3269,-0.0231,4.73,192.59,1.81,54193.0,0.0,0.0885,0.0425,0.0,-0.026,0.4716,-0.0087,0.86
78,4000,0.4121,0.1711,0.4168,0.1703,0.305,-0.0237,4.78,174.42,1.79,54768.0,0.0,0.0844,0.0446,-0.0,-0.0267,0.4253,-0.0078,0.86
79,4000,0.4188,0.174,0.4072,0.1814,0.338,-0.0254,6.67,176.4,1.67,58789.0,0.0,0.094,0.0405,0.0,-0.0251,0.4203,-0.0065,0.86
80,4000,0.4263,0.1736,0.4,0.1827,0.3363,-0.0203,5.09,189.88,1.76,55892.0,0.0,0.0956,0.0435,0.0,-0.0263,0.3609,-0.0069,0.86
81,4000,0.4345,0.1703,0.3952,0.1847,0.3278,-0.0233,5.3,176.46,1.77,55538.0,0.0,0.0932,0.0434,-0.0,-0.0266,0.3956,-0.0085,0.86
82,4000,0.4358,0.1705,0.3938,0.1652,0.3201,-0.0245,5.69,192.5,1.8,54585.0,0.0,0.0865,0.0421,0.0,-0.0255,0.3394,-0.0081,0.86
83,4000,0.4407,0.1651,0.3942,0.1719,0.2977,-0.0211,5.28,191.13,1.79,54951.0,0.0,0.0837,0.0474,-0.0,-0.0285,0.3797,-0.0084,0.86
84,4000,0.4453,0.1657,0.3889,0.1929,0.3233,-0.0255,4.15,215.0,1.79,54951.0,0.0,0.0947,0.0433,-0.0,-0.028,0.4,-0.0089,0.86
85,4000,0.4449,0.1682,0.3869,0.1743,0.2875,-0.0223,4.62,217.93,1.77,55433.0,0.0,0.0813,0.0478,0.0,-0.0292,0.4578,-0.0077,0.86
86,4000,0.4451,0.1703,0.3846,0.1752,0.3156,-0.0218,5.75,183.81,1.8,54666.0,0.0,0.0878,0.0446,-0.0,-0.0277,0.4605,-0.0084,0.86
87,4000,0.444,0.1718,0.3842,0.1805,0.2985,-0.0204,5.22,212.34,1.79,54895.0,0.0,0.0876,0.0476,0.0,-0.0294,0.3345,-0.0085,0.86
88,4000,0.4437,0.1705,0.3858,0.1795,0.2897,-0.0251,4.44,195.31,1.79,54855.0,0.0,0.0843,0.0462,0.0,-0.0296,0.4282,-0.0079,0.86
89,4000,0.4457,0.1734,0.381,0.1731,0.2972,-0.0252,5.19,182.14,1.79,54983.0,0.0,0.0809,0.0445,-0.0,-0.0268,0.3943,-0.0085,0.86
90,4000,0.4462,0.1726,0.3812,0.1851,0.3107,-0.0242,6.36,176.35,1.8,54523.0,0.0,0.0885,0.0451,0.0,-0.0285,0.3952,-0.007,0.86
91,4000,0.4482,0.1735,0.3783,0.1876,0.2958,-0.0272,3.99,199.0,1.79,54877.0,0.0,0.083,0.045,0.0,-0.0298,0.4046,-0.0068,0.86
92,4000,0.4445,0.1742,0.3813,0.1824,0.3071,-0.0239,6.48,181.64,1.79,54861.0,0.0,0.085,0.0449,-0.0,-0.0286,0.3277,-0.0068,0.86
93,4000,0.4472,0.1729,0.3799,0.1653,0.3012,-0.0239,5.03,166.75,1.78,55295.0,0.0,0.0846,0.0439,0.0,-0.028,0.3863,-0.0084,0.86
94,4000,0.4471,0.1741,0.3787,0.1777,0.3102,-0.0245,4.88,179.59,1.8,54631.0,0.0,0.0871,0.044,-0.0,-0.0282,0.3646,-0.0087,0.86
95,4000,0.4461,0.1756,0.3783,0.1849,0.2951,-0.0267,5.7,192.3,1.78,55190.0,0.0,0.0852,0.0455,-0.0,-0.0293,0.3454,-0.009,0.86
96,4000,0.4446,0.1744,0.3809,0.1873,0.3093,-0.0231,6.49,185.23,1.8,54753.0,0.0,0.086,0.0447,-0.0,-0.0289,0.3584,-0.0089,0.86
97,4000,0.4449,0.17,0.3851,0.1855,0.3084,-0.0226,4.82,197.62,1.69,58155.0,0.0,0.0859,0.0457,0.0,-0.0287,0.3639,-0.0082,0.86
98,4000,0.4469,0.1686,0.3845,0.1807,0.2805,-0.0225,3.87,199.68,1.8,54645.0,0.0,0.0834,0.0487,0.0,-0.0317,0.3606,-0.0084,0.86
99,4000,0.4465,0.1668,0.3867,0.1601,0.317,-0.0219,4.9,195.18,1.8,54729.0,0.0,0.0888,0.0442,-0.0,-0.0269,0.3775,-0.0079,0.86
100,4000,0.4491,0.1676,0.3833,0.1796,0.2939,-0.0286,4.74,178.28,1.79,54869.0,0.0,0.0842,0.0443,-0.0,-0.0272,0.3875,-0.0072,0.86
101,4000,0.446,0.1725,0.3817,0.1563,0.2944,-0.0285,4.74,185.4,1.79,55034.0,0.0,0.0817,0.0438,-0.0,-0.0266,0.4459,-0.0082,0.86
102,4000,0.4426,0.1755,0.3821,0.1587,0.2687,-0.0301,3.81,195.45,1.78,55082.0,0.0,0.0739,0.0449,-0.0,-0.0276,0.4465,-0.0086,0.86
103,4000,0.4373,0.1821,0.3809,0.1685,0.2901,-0.0294,5.22,201.7,1.79,54989.0,0.0,0.0805,0.0433,-0.0,-0.0251,0.4068,-0.0079,0.86
104,4000,0.4394,0.1831,0.3776,0.1796,0.317,-0.0229,6.62,164.61,1.79,54905.0,0.0,0.0899,0.0455,-0.0,-0.0274,0.3793,-0.0082,0.86
105,4000,0.4442,0.1816,0.3742,0.1887,0.3158,-0.0251,4.93,204.11,1.79,54903.0,0.0,0.0923,0.043,0.0,-0.0263,0.3909,-0.0092,0.86
106,4000,0.4416,0.1766,0.3818,0.1849,0.2912,-0.0198,4.99,194.86,1.78,55158.0,0.0,0.0825,0.0482,-0.0,-0.0277,0.3619,-0.0075,0.86
107,4000,0.4459,0.1749,0.3792,0.1908,0.3133,-0.0254,5.01,197.77,1.79,54953.0,0.0,0.0887,0.0445,-0.0,-0.0266,0.4043,-0.0077,0.86
108,4000,0.4468,0.1763,0.3769,0.1918,0.3343,-0.0253,4.99,189.58,1.78,55074.0,0.0,0.0983,0.0424,0.0,-0.026,0.3978,-0.0081,0.85
109,4000,0.448,0.1761,0.376,0.1677,0.3224,-0.0262,4.79,162.88,1.79,54850.0,0.0,0.0898,0.0419,0.0,-0.0236,0.4997,-0.0098,0.85
110,4000,0.4493,0.1808,0.3703,0.1773,0.2988,-0.0312,4.54,212.08,1.79,55050.0,0.0,0.0872,0.0419,-0.0,-0.0246,0.4664,-0.0087,0.85
111,4000,0.4484,0.184,0.3679,0.183,0.3155,-0.0264,4.62,201.79,1.79,54798.0,0.0,0.0906,0.0432,-0.0,-0.0241,0.4377,-0.0089,0.85
112,4000,0.4453,0.1901,0.3648,0.179,0.3011,-0.0287,5.54,191.81,1.79,55058.0,0.0,0.0846,0.0438,-0.0,-0.0252,0.3998,-0.0082,0.85
113,4000,0.4481,0.189,0.363,0.1904,0.3259,-0.025,6.02,164.83,1.78,55135.0,0.0,0.0936,0.0432,-0.0,-0.0246,0.4379,-0.0092,0.85
114,4000,0.4475,0.1929,0.3596,0.1654,0.3078,-0.029,5.36,179.01,1.79,55060.0,0.0,0.088,0.0422,-0.0,-0.0234,0.4131,-0.0071,0.85
115,4000,0.4464,0.1929,0.3607,0.1797,0.3432,-0.0239,5.59,170.22,1.69,58107.0,0.0,0.0992,0.0422,-0.0,-0.0239,0.4239,-0.0089,0.85
116,4000,0.4497,0.1905,0.3598,0.1813,0.2898,-0.029,4.07,203.32,1.79,55054.0,0.0,0.0814,0.0456,-0.0,-0.025,0.4336,-0.006,0.85
117,4000,0.451,0.1879,0.3612,0.18,0.3136,-0.027,4.94,188.05,1.79,54991.0,0.0,0.0897,0.0432,-0.0003,-0.0248,0.41,-0.0056,0.85
118,4000,0.4519,0.1875,0.3606,0.1763,0.3044,-0.0282,5.17,178.67,1.79,54821.0,0.0,0.0872,0.0438,-0.0001,-0.0239,0.3435,-0.008,0.85
119,4000,0.4546,0.1866,0.3588,0.171,0.3071,-0.0257,6.04,218.43,1.78,55184.0,0.0,0.085,0.0437,-0.0,-0.024,0.3345,-0.0094,0.85
120,4000,0.4506,0.1854,0.364,0.1653,0.3012,-0.0266,4.92,195.99,1.8,54739.0,0.0,0.0858,0.0451,-0.0,-0.0248,0.4203,-0.0077,0.85
121,4000,0.4493,0.1857,0.3649,0.1898,0.3062,-0.0222,5.0,204.11,1.78,55371.0,0.0,0.0866,0.0462,-0.0,-0.0259,0.379,-0.0092,0.85
122,4000,0.4502,0.1838,0.3661,0.1834,0.3339,-0.0249,6.01,150.64,1.8,54762.0,0.0,0.096,0.0417,-0.0,-0.0236,0.3974,-0.0082,0.85
123,4000,0.4513,0.187,0.3617,0.1863,0.2954,-0.0294,4.7,194.16,1.8,54487.0,0.0,0.0848,0.0438,-0.0,-0.0252,0.4029,-0.0095,0.85
124,4000,0.4462,0.1879,0.3659,0.1889,0.2938,-0.0204,7.0,184.07,1.78,55095.0,0.0,0.0863,0.0491,-0.0,-0.0268,0.3354,-0.0077,0.85
125,4000,0.4452,0.1831,0.3717,0.1909,0.3294,-0.0214,4.78,189.5,1.79,55045.0,0.0,0.0947,0.0455,-0.0,-0.0257,0.3703,-0.0083,0.85
126,4000,0.4498,0.1781,0.3721,0.2089,0.3186,-0.0231,6.03,187.43,1.79,55010.0,0.0,0.0947,0.0459,-0.0,-0.0263,0.3725,-0.0084,0.85
127,4000,0.4546,0.1793,0.3662,0.2027,0.3082,-0.027,5.21,190.09,1.78,55258.0,0.0,0.0934,0.0451,-0.0,-0.0269,0.3425,-0.0091,0.85
128,4000,0.454,0.1796,0.3666,0.1884,0.3087,-0.0242,4.21,206.99,1.79,54888.0,0.0,0.0951,0.0472,-0.0,-0.0275,0.3829,-0.0084,0.85
129,4000,0.4513,0.1822,0.3665,0.1805,0.295,-0.0296,4.69,179.52,1.79,54839.0,0.0,0.0854,0.0433,-0.0,-0.0245,0.4,-0.0091,0.85
130,4000,0.4466,0.1866,0.3668,0.1873,0.2806,-0.0291,4.17,210.75,1.72,57271.0,0.0,0.0797,0.0452,-0.0,-0.0249,0.4291,-0.0077,0.85
131,4000,0.4402,0.1875,0.3723,0.2076,0.2879,-0.0253,5.3,203.52,1.8,54764.0,0.0,0.0887,0.0467,-0.0,-0.0265,0.3989,-0.0064,0.85
132,4000,0.435,0.1867,0.3783,0.1772,0.2873,-0.0271,4.48,185.75,1.78,55143.0,0.0,0.084,0.0449,-0.0,-0.0249,0.3336,-0.0068,0.85
133,4000,0.4328,0.1853,0.3819,0.1758,0.2756,-0.0238,4.94,206.76,1.77,55513.0,0.0,0.079,0.0471,-0.0,-0.0258,0.378,-0.0091,0.85
134,4000,0.4309,0.1803,0.3887,0.1933,0.3029,-0.0218,6.07,193.95,1.8,54567.0,0.0,0.0885,0.047,-0.0,-0.0265,0.4404,-0.0094,0.85
135,4000,0.4313,0.1787,0.39,0.1864,0.2962,-0.0269,5.75,179.99,1.81,54460.0,0.0,0.0893,0.0459,-0.0,-0.0256,0.4199,-0.0099,0.85
136,4000,0.4307,0.183,0.3863,0.1915,0.2892,-0.0256,4.64,194.02,1.78,55076.0,0.0,0.0873,0.0461,-0.0,-0.0256,0.3471,-0.0094,0.85
137,4000,0.4316,0.1823,0.3861,0.1791,0.3309,-0.0245,5.12,179.75,1.8,54527.0,0.0,0.0927,0.0431,-0.0,-0.0235,0.4451,-0.0089,0.85
138,4000,0.4348,0.1839,0.3814,0.1808,0.3127,-0.0259,5.18,197.78,1.78,55119.0,0.0,0.0903,0.0442,0.0,-0.0239,0.4383,-0.0093,0.85
139,4000,0.4367,0.1843,0.379,0.2044,0.317,-0.0266,6.36,202.36,1.78,55117.0,0.0,0.0956,0.0452,-0.0,-0.0259,0.3883,-0.0094,0.85
140,4000,0.4331,0.1888,0.3783,0.2036,0.3012,-0.0241,7.14,197.23,1.78,55093.0,0.0,0.091,0.0468,-0.0,-0.0256,0.4107,-0.0095,0.85
141,4000,0.4333,0.1882,0.3788,0.1925,0.2904,-0.0235,5.2,195.79,1.78,55093.0,0.0,0.0854,0.0466,0.0,-0.0245,0.4306,-0.0082,0.85
142,4000,0.434,0.1867,0.3795,0.1909,0.3165,-0.0259,5.77,179.6,1.8,54743.0,0.0,0.0955,0.043,0.0,-0.0249,0.4422,-0.009,0.85
143,4000,0.4381,0.1863,0.3757,0.1818,0.3087,-0.0263,5.14,178.17,1.78,55112.0,0.0,0.089,0.0442,0.0,-0.0234,0.4914,-0.0103,0.85
144,4000,0.4388,0.1868,0.3744,0.1833,0.3108,-0.0254,6.94,184.7,1.79,55067.0,0.0,0.0893,0.044,0.0,-0.0234,0.4029,-0.0084,0.85
145,4000,0.4409,0.1836,0.3755,0.1887,0.3014,-0.0256,5.03,192.15,1.75,56109.0,0.0,0.0885,0.0449,-0.0,-0.0241,0.4388,-0.0095,0.85
146,4000,0.4433,0.1813,0.3755,0.2017,0.3261,-0.0214,5.27,192.26,1.78,55297.0,0.0,0.0988,0.0455,0.0,-0.0252,0.3863,-0.0059,0.85
147,4000,0.4407,0.18,0.3793,0.1797,0.2821,-0.0242,3.73,216.08,1.79,54954.0,0.0,0.0812,0.0476,0.0,-0.0226,0.4327,-0.0055,0.85
148,4000,0.4403,0.1804,0.3793,0.1889,0.344,-0.0223,6.66,168.47,1.79,54936.0,0.0,0.0981,0.0424,-0.0,-0.021,0.388,-0.0083,0.85
149,4000,0.4473,0.1791,0.3736,0.1827,0.307,-0.0196,7.16,199.46,1.79,54988.0,0.0,0.0891,0.0475,-0.0,-0.0227,0.3354,-0.0092,0.85
150,4000,0.455,0.173,0.372,0.1942,0.3439,-0.022,5.41,186.87,1.79,55066.0,0.0,0.1018,0.0433,-0.0,-0.0236,0.3811,-0.0096,0.85
151,4000,0.4608,0.1684,0.3708,0.1972,0.3307,-0.0216,5.49,198.8,1.77,55620.0,0.0,0.0985,0.0447,-0.0,-0.0229,0.3901,-0.007,0.85
152,4000,0.4643,0.1641,0.3715,0.1835,0.3427,-0.0194,5.24,176.28,1.8,54710.0,0.0,0.0984,0.043,-0.0,-0.0208,0.4225,-0.0087,0.85
153,4000,0.462,0.1668,0.3712,0.186,0.3039,-0.0248,4.72,196.24,1.77,55433.0,0.0,0.0903,0.0462,0.0,-0.0231,0.422,-0.0085,0.85
154,4000,0.4619,0.1671,0.371,0.2028,0.3273,-0.0211,5.94,178.43,1.8,54756.0,0.0,0.0994,0.0443,0.0,-0.0221,0.3415,-0.0099,0.85
155,4000,0.4613,0.1656,0.3732,0.1805,0.3218,-0.0195,5.88,197.58,1.78,55286.0,0.0,0.0932,0.0465,0.0,-0.0211,0.3554,-0.009,0.85
156,4000,0.4649,0.1642,0.3708,0.1891,0.3393,-0.0192,5.88,213.83,1.77,55409.0,0.0,0.097,0.0441,0.0,-0.0206,0.329,-0.0091,0.84
157,4000,0.4713,0.1614,0.3672,0.1804,0.3344,-0.023,5.02,203.26,1.79,54966.0,0.0,0.0948,0.0433,0.0,-0.0204,0.3736,-0.0096,0.84
158,4000,0.4744,0.1578,0.3677,0.1865,0.338,-0.0188,5.82,187.14,1.78,55293.0,0.0,0.0988,0.0442,-0.0,-0.0214,0.4058,-0.0092,0.84
159,4000,0.4739,0.156,0.3701,0.1944,0.3054,-0.0215,4.48,214.82,1.71,57362.0,0.0,0.0893,0.0463,-0.0,-0.0219,0.355,-0.0088,0.84
160,4000,0.4716,0.1543,0.3742,0.183,0.3195,-0.0209,6.02,194.62,1.78,55137.0,0.0,0.0958,0.0454,-0.0,-0.0219,0.3943,-0.0092,0.84
161,4000,0.4681,0.1536,0.3783,0.1932,0.3377,-0.0245,7.1,156.58,1.78,55333.0,0.0,0.0968,0.0414,0.0,-0.0206,0.3505,-0.0103,0.84
162,4000,0.4705,0.1564,0.3731,0.1879,0.3108,-0.0252,5.93,190.66,1.8,54670.0,0.0,0.0947,0.0449,-0.0,-0.0227,0.396,-0.0075,0.84
163,4000,0.471,0.1561,0.373,0.1868,0.3063,-0.0208,4.66,215.75,1.8,54764.0,0.0,0.0918,0.0467,-0.0,-0.0232,0.3393,-0.0084,0.84
164,4000,0.4635,0.1568,0.3797,0.1716,0.2955,-0.0186,6.01,174.0,1.8,54654.0,0.0,0.0849,0.049,-0.0,-0.0236,0.384,-0.0095,0.84
165,4000,0.4624,0.1562,0.3814,0.1915,0.3182,-0.0237,5.32,205.31,1.8,54609.0,0.0,0.0948,0.0445,-0.0,-0.023,0.4146,-0.0086,0.84
166,4000,0.4628,0.1552,0.382,0.2033,0.2956,-0.0238,5.76,185.01,1.79,54816.0,0.0,0.0918,0.0468,0.0,-0.0243,0.3341,-0.0096,0.84
167,4000,0.4578,0.1548,0.3874,0.2044,0.2937,-0.0199,5.25,212.42,1.78,55086.0,0.0,0.0918,0.0486,-0.0,-0.0258,0.3419,-0.0093,0.84
168,4000,0.4585,0.1502,0.3913,0.198,0.3397,-0.0161,5.47,206.17,1.8,54580.0,0.0,0.0991,0.0464,0.0,-0.0226,0.3467,-0.0097,0.84
169,4000,0.4611,0.1475,0.3914,0.1882,0.2991,-0.0214,4.31,220.19,1.78,55176.0,0.0,0.089,0.0475,0.0,-0.0224,0.3922,-0.0103,0.84
170,4000,0.4572,0.1492,0.3936,0.1957,0.3196,-0.0224,5.29,196.46,1.79,54898.0,0.0,0.0942,0.045,-0.0,-0.0223,0.4236,-0.0094,0.84
171,4000,0.4537,0.154,0.3923,0.1854,0.3143,-0.0246,6.31,210.06,1.8,54568.0,0.0,0.0958,0.0445,0.0,-0.0231,0.3728,-0.0092,0.84
172,4000,0.4518,0.1569,0.3913,0.2057,0.3271,-0.0216,6.27,198.14,1.78,55338.0,0.0,0.1005,0.0454,-0.0,-0.0236,0.3658,-0.0096,0.84
173,4000,0.4522,0.1574,0.3904,0.2038,0.307,-0.0238,4.82,208.29,1.81,54425.0,0.0,0.0978,0.0464,0.0,-0.024,0.4299,-0.0103,0.84
174,4000,0.4541,0.1584,0.3875,0.1923,0.3654,-0.0219,5.93,163.19,1.8,54474.0,0.0,0.1061,0.0403,0.0,-0.0196,0.3888,-0.0097,0.84
175,4000,0.4613,0.1592,0.3795,0.1971,0.328,-0.0224,5.27,199.7,1.78,55292.0,0.0,0.0983,0.0449,0.0,-0.0226,0.3649,-0.0099,0.84
176,4000,0.4629,0.1582,0.3789,0.1906,0.3369,-0.0186,5.22,194.66,1.8,54529.0,0.0,0.0983,0.0446,0.0,-0.0215,0.3984,-0.0096,0.84
177,4000,0.4624,0.1559,0.3817,0.1885,0.3401,-0.0232,6.33,211.44,1.8,54610.0,0.0,0.1048,0.0436,-0.0,-0.021,0.4271,-0.01,0.84
178,4000,0.4641,0.1574,0.3785,0.2035,0.332,-0.0231,6.34,186.94,1.71,57610.0,0.0,0.1071,0.0445,-0.0,-0.0234,0.4705,-0.0087,0.84
179,4000,0.4665,0.1596,0.374,0.1884,0.3254,-0.0211,7.17,188.25,1.68,58366.0,0.0,0.099,0.0466,-0.0,-0.0224,0.3864,-0.009,0.84
180,4000,0.4675,0.1585,0.374,0.1959,0.3457,-0.0244,6.77,185.55,1.68,58430.0,0.0,0.1041,0.0428,-0.0,-0.0219,0.3382,-0.01,0.84
181,4000,0.4688,0.16,0.3712,0.1934,0.32,-0.0222,6.54,188.02,1.76,55821.0,0.0,0.0976,0.0453,0.0,-0.0228,0.4247,-0.0076,0.84
182,4000,0.4744,0.1599,0.3657,0.1847,0.3137,-0.0242,6.43,191.88,1.8,54653.0,0.0,0.0966,0.0448,-0.0,-0.0209,0.4037,-0.0085,0.84
183,4000,0.4727,0.1612,0.3661,0.2025,0.3303,-0.0227,6.17,173.8,1.8,54704.0,0.0,0.0992,0.0444,-0.0,-0.0213,0.3937,-0.0094,0.84
184,4000,0.4758,0.163,0.3612,0.2097,0.3435,-0.0218,6.64,177.27,1.79,54927.0,0.0,0.1068,0.0446,0.0,-0.0231,0.3229,-0.0089,0.84
185,4000,0.4783,0.1614,0.3602,0.1837,0.3137,-0.021,4.44,220.3,1.8,54605.0,0.0,0.0931,0.0472,0.0,-0.0217,0.3719,-0.0105,0.84
186,4000,0.4767,0.1593,0.364,0.2014,0.3532,-0.0177,7.0,190.15,1.8,54622.0,0.0,0.1074,0.0452,-0.0,-0.022,0.3594,-0.01,0.84
187,4000,0.4791,0.1562,0.3647,0.1832,0.3099,-0.0222,6.51,203.45,1.81,54288.0,0.0,0.0929,0.0455,0.0,-0.0204,0.3586,-0.0089,0.84
188,4000,0.4744,0.1541,0.3715,0.2044,0.3138,-0.0203,5.62,214.74,1.8,54480.0,0.0,0.0923,0.0483,-0.0,-0.0215,0.4107,-0.0101,0.84
189,4000,0.4723,0.154,0.3737,0.177,0.3288,-0.0249,6.89,179.24,1.8,54610.0,0.0,0.0985,0.0427,0.0,-0.0194,0.449,-0.0102,0.84
190,4000,0.4691,0.1573,0.3736,0.1864,0.3171,-0.0247,5.64,185.33,1.79,54999.0,0.0,0.0952,0.0458,-0.0,-0.0209,0.4309,-0.0104,0.84
191,4000,0.4689,0.1629,0.3681,0.1932,0.3268,-0.0258,6.23,171.6,1.8,54732.0,0.0,0.0949,0.0441,0.0,-0.0212,0.4776,-0.0086,0.84
192,4000,0.4713,0.1644,0.3643,0.1907,0.3347,-0.0261,6.43,173.21,1.8,54542.0,0.0,0.0987,0.0428,-0.0,-0.0205,0.4295,-0.0084,0.84
193,4000,0.4722,0.1635,0.3643,0.1817,0.3136,-0.0203,5.75,173.95,1.8,54528.0,0.0,0.0964,0.0475,0.0,-0.0209,0.4529,-0.0094,0.84
194,4000,0.4685,0.1641,0.3674,0.1869,0.3118,-0.0255,5.38,192.13,1.76,56003.0,0.0,0.0938,0.0455,-0.0,-0.0211,0.4477,-0.0097,0.84
195,4000,0.4658,0.1689,0.3654,0.2034,0.3576,-0.0239,6.24,190.76,1.81,54300.0,0.0,0.1104,0.0435,-0.0,-0.0215,0.4368,-0.008,0.84
196,4000,0.4664,0.1701,0.3637,0.1859,0.3508,-0.0249,6.16,180.29,1.82,53914.0,0.0,0.1023,0.0425,-0.0,-0.02,0.4535,-0.0094,0.84
197,4000,0.4648,0.173,0.3624,0.1997,0.3313,-0.0262,6.87,200.15,1.81,54369.0,0.0,0.1041,0.0442,-0.0,-0.0227,0.4776,-0.0097,0.84
198,4000,0.4661,0.1707,0.3636,0.1903,0.306,-0.027,4.44,178.42,1.8,54524.0,0.0,0.0936,0.0459,0.0,-0.0225,0.5027,-0.0101,0.83
199,4000,0.4623,0.1761,0.3621,0.188,0.3357,-0.0281,6.66,179.58,1.82,53947.0,0.0,0.0982,0.0421,-0.0,-0.0212,0.4515,-0.0097,0.84
200,4000,0.4655,0.1749,0.3601,0.1944,0.3321,-0.0242,5.55,156.63,1.8,54669.0,0.0,0.1018,0.0443,-0.0,-0.0224,0.4595,-0.0091,0.84
201,4000,0.4692,0.1773,0.354,0.193,0.3454,-0.0253,6.05,166.23,1.79,54929.0,0.0,0.1057,0.0434,0.0,-0.024,0.4135,-0.01,0.84
202,4000,0.4766,0.1769,0.347,0.2069,0.3718,-0.024,7.06,161.94,1.82,54093.0,0.0,0.1159,0.0426,-0.0,-0.0233,0.4529,-0.0087,0.84
203,4000,0.4857,0.1747,0.3402,0.1913,0.3615,-0.0212,5.62,197.08,1.81,54362.0,0.0,0.1119,0.0443,-0.0,-0.0235,0.431,-0.0098,0.84
204,4000,0.4838,0.1791,0.3376,0.2174,0.3686,-0.0259,6.63,180.43,1.71,57593.0,0.0,0.1163,0.0422,-0.0,-0.0263,0.494,-0.0093,0.84
205,4000,0.4876,0.1784,0.3346,0.1896,0.3309,-0.0286,5.19,178.66,1.79,54798.0,0.0,0.1047,0.0445,0.0,-0.0243,0.5622,-0.0103,0.84
206,4000,0.4889,0.184,0.3276,0.1948,0.3432,-0.0335,5.32,170.58,1.81,54203.0,0.0,0.1067,0.0411,-0.0,-0.0238,0.5949,-0.0082,0.84
207,4000,0.4828,0.1907,0.3269,0.1945,0.3352,-0.0282,6.02,185.27,1.81,54329.0,0.0,0.1054,0.0444,-0.0,-0.0253,0.4742,-0.0097,0.84
208,4000,0.485,0.1955,0.3198,0.1871,0.3446,-0.0327,6.68,182.95,1.79,54809.0,0.0,0.105,0.0427,-0.0,-0.0229,0.4502,-0.0098,0.84
209,4000,0.4882,0.1968,0.3154,0.1882,0.3215,-0.0298,6.04,189.26,1.8,54619.0,0.0,0.1004,0.0442,-0.0,-0.0248,0.3666,-0.0087,0.84
210,4000,0.4898,0.1977,0.3131,0.1851,0.3527,-0.0306,6.63,176.59,1.8,54530.0,0.0,0.1081,0.0419,-0.0,-0.0252,0.4231,-0.0095,0.84
211,4000,0.4938,0.1989,0.3077,0.1974,0.346,-0.0271,7.56,182.07,1.81,54397.0,0.0,0.1102,0.0433,-0.0,-0.0257,0.5046,-0.0082,0.84
212,4000,0.4964,0.1979,0.3062,0.1971,0.3673,-0.0282,7.38,177.73,1.8,54521.0,0.0,0.116,0.0403,-0.0,-0.0241,0.4514,-0.0098,0.83
213,4000,0.4999,0.2007,0.2999,0.1853,0.369,-0.0303,7.91,164.17,1.79,54936.0,0.0,0.1105,0.0389,-0.0,-0.0221,0.4516,-0.0104,0.83
214,4000,0.5071,0.1982,0.2952,0.2055,0.3766,-0.0264,6.03,171.08,1.8,54622.0,0.0,0.1165,0.0403,-0.0,-0.0262,0.5392,-0.0104,0.83
215,4000,0.5102,0.1976,0.2926,0.1911,0.3545,-0.0281,7.04,179.34,1.8,54582.0,0.0,0.1077,0.0417,-0.0,-0.0243,0.3913,-0.0102,0.83
216,4000,0.5136,0.1947,0.2922,0.1962,0.3492,-0.0242,5.95,194.5,1.81,54369.0,0.0,0.1095,0.0442,-0.0,-0.0266,0.4471,-0.0095,0.83
217,4000,0.5142,0.192,0.2943,0.1896,0.355,-0.0273,5.7,197.69,1.79,54905.0,0.0,0.1083,0.0424,-0.0,-0.0254,0.3936,-0.0102,0.83
218,4000,0.5192,0.1907,0.2908,0.2153,0.397,-0.0222,7.66,174.53,1.79,54789.0,0.0,0.1234,0.041,-0.0,-0.026,0.4574,-0.0109,0.83
219,4000,0.5206,0.1918,0.2883,0.2136,0.3636,-0.026,8.49,177.94,1.8,54676.0,0.0,0.1159,0.0423,-0.0,-0.0277,0.4216,-0.0104,0.83
220,4000,0.525,0.1888,0.287,0.2075,0.3596,-0.0243,5.7,183.45,1.8,54463.0,0.0,0.1153,0.0437,-0.0,-0.0258,0.4421,-0.0092,0.83
221,4000,0.5246,0.1896,0.2868,0.1956,0.3386,-0.0262,5.97,190.94,1.81,54258.0,0.0,0.1059,0.0423,-0.0,-0.0248,0.467,-0.0099,0.83
222,4000,0.5228,0.1891,0.2888,0.1897,0.3457,-0.0242,6.59,178.06,1.8,54558.0,0.0,0.1061,0.0447,-0.0,-0.0264,0.403,-0.0092,0.83
223,4000,0.5225,0.1834,0.2946,0.2199,0.3736,-0.0172,5.88,185.96,1.8,54725.0,0.0,0.1214,0.046,-0.0,-0.0297,0.4722,-0.01,0.83
224,4000,0.5236,0.1791,0.2977,0.1994,0.3561,-0.0244,6.91,174.6,1.8,54623.0,0.0,0.1143,0.0421,-0.0,-0.0257,0.4044,-0.0087,0.83
225,4000,0.5239,0.1773,0.2992,0.1946,0.3488,-0.0245,6.62,178.77,1.8,54620.0,0.0,0.1121,0.0435,-0.0,-0.0265,0.4558,-0.0096,0.83
226,4000,0.5229,0.1765,0.3009,0.1958,0.3735,-0.0214,5.91,163.48,1.82,54161.0,0.0,0.114,0.0438,-0.0,-0.0265,0.391,-0.0101,0.83
227,4000,0.5251,0.1727,0.3025,0.2131,0.3699,-0.0175,7.26,197.46,1.8,54675.0,0.0,0.1175,0.0455,-0.0,-0.0278,0.4105,-0.0082,0.83
228,4000,0.5256,0.165,0.3095,0.2056,0.3898,-0.0213,6.98,176.23,1.81,54458.0,0.0,0.1217,0.0418,-0.0,-0.0273,0.4776,-0.0096,0.83
229,4000,0.5258,0.1636,0.3109,0.1946,0.3603,-0.0238,5.79,199.33,1.81,54338.0,0.0,0.115,0.0427,-0.0,-0.0259,0.4126,-0.0093,0.83
230,4000,0.524,0.165,0.3113,0.1976,0.3701,-0.027,6.16,194.98,1.73,56853.0,0.0,0.1173,0.0411,-0.0,-0.026,0.5145,-0.0103,0.83
231,4000,0.5226,0.1693,0.3083,0.1849,0.3721,-0.0238,6.86,143.99,1.8,54690.0,0.0,0.1116,0.04,-0.0,-0.0232,0.4158,-0.0086,0.83
232,4000,0.527,0.1672,0.3059,0.1908,0.371,-0.0232,7.04,164.73,1.81,54201.0,0.0,0.111,0.0414,-0.0,-0.0246,0.4067,-0.0098,0.83
233,4000,0.5266,0.1632,0.3102,0.2032,0.3741,-0.0216,7.84,169.2,1.81,54176.0,0.0,0.1219,0.0438,-0.0,-0.0274,0.4133,-0.0097,0.83
234,4000,0.5292,0.1593,0.3117,0.1787,0.3738,-0.0188,7.34,185.96,1.8,54764.0,0.0,0.1139,0.043,-0.0,-0.0248,0.3978,-0.0099,0.83
235,4000,0.5272,0.1585,0.3146,0.1979,0.3843,-0.0241,7.19,157.62,1.8,54497.0,0.0,0.1199,0.041,-0.0,-0.0264,0.4992,-0.0098,0.83
236,4000,0.5315,0.1588,0.31,0.197,0.3686,-0.025,6.46,175.22,1.81,54239.0,0.0,0.1176,0.0428,-0.0,-0.0266,0.4767,-0.0101,0.83
237,4000,0.5292,0.1566,0.3144,0.1889,0.3419,-0.0241,5.56,185.86,1.81,54236.0,0.0,0.1102,0.0453,-0.0,-0.0269,0.4286,-0.0095,0.83
238,4000,0.529,0.1626,0.3087,0.2013,0.3793,-0.0263,7.39,173.23,1.81,54436.0,0.0,0.1215,0.0401,-0.0,-0.0264,0.5056,-0.0098,0.83
239,4000,0.5312,0.167,0.302,0.183,0.3676,-0.0253,6.09,179.9,1.8,54526.0,0.0,0.1122,0.0399,-0.0,-0.0242,0.421,-0.0095,0.83
240,4000,0.5351,0.1676,0.2976,0.1851,0.3853,-0.0221,6.07,164.68,1.81,54256.0,0.0,0.1104,0.039,-0.0,-0.023,0.4241,-0.0098,0.83
241,4000,0.5316,0.1678,0.3009,0.1947,0.3561,-0.0212,6.59,160.29,1.81,54209.0,0.0,0.1113,0.0441,-0.0,-0.0253,0.4573,-0.0085,0.83
242,4000,0.5359,0.1638,0.3003,0.2007,0.3903,-0.0187,6.86,172.92,1.81,54228.0,0.0,0.1239,0.0426,-0.0,-0.0272,0.4471,-0.007,0.83
243,4000,0.5378,0.1643,0.2979,0.1953,0.3824,-0.0224,7.61,176.51,1.81,54434.0,0.0,0.122,0.0403,-0.0,-0.0249,0.4122,-0.0091,0.83
244,4000,0.5417,0.1637,0.2945,0.1963,0.3796,-0.0223,7.53,144.91,1.81,54301.0,0.0,0.1183,0.0414,-0.0,-0.0264,0.4857,-0.0096,0.83
245,4000,0.5442,0.1623,0.2935,0.198,0.3593,-0.0227,5.89,188.06,1.81,54231.0,0.0,0.1179,0.0429,-0.0,-0.0275,0.406,-0.0105,0.83
246,4000,0.5413,0.1624,0.2962,0.1915,0.371,-0.025,4.81,186.35,1.82,54075.0,0.0,0.1158,0.0403,-0.0,-0.0254,0.4477,-0.0101,0.83
247,4000,0.5425,0.1633,0.2942,0.1974,0.3872,-0.0213,7.33,171.64,1.81,54175.0,0.0,0.1181,0.0405,-0.0,-0.0253,0.4852,-0.0096,0.83
248,4000,0.5455,0.1605,0.294,0.1887,0.3817,-0.0209,6.83,173.39,1.82,53901.0,0.0,0.119,0.0415,-0.0,-0.025,0.4138,-0.0111,0.83
249,4000,0.5426,0.1605,0.2969,0.1948,0.3598,-0.024,7.94,182.85,1.82,54074.0,0.0,0.1166,0.0427,-0.0,-0.0266,0.419,-0.0099,0.83
250,4000,0.5419,0.1588,0.2994,0.1813,0.3706,-0.0213,5.79,177.31,1.82,53955.0,0.0,0.1122,0.0425,-0.0,-0.025,0.4705,-0.0099,0.83
251,4000,0.5369,0.1583,0.3048,0.1806,0.3588,-0.021,6.11,205.89,1.8,54523.0,0.0,0.1091,0.0433,-0.0,-0.0247,0.419,-0.0098,0.83
252,4000,0.5347,0.157,0.3083,0.1884,0.3657,-0.0242,4.85,151.57,1.81,54358.0,0.0,0.1121,0.0408,-0.0,-0.0261,0.4529,-0.0092,0.83
253,4000,0.5335,0.1606,0.3059,0.1914,0.3762,-0.0252,6.21,179.94,1.81,54218.0,0.0,0.1192,0.0402,-0.0,-0.0264,0.428,-0.0071,0.83
254,4000,0.5343,0.1604,0.3056,0.1759,0.3793,-0.0229,7.17,164.21,1.8,54569.0,0.0,0.1156,0.0399,-0.0,-0.0249,0.416,-0.0078,0.83
255,4000,0.5422,0.1593,0.299,0.1911,0.3856,-0.022,6.73,170.41,1.81,54423.0,0.0,0.1203,0.041,-0.0,-0.0271,0.3992,-0.0107,0.83
256,4000,0.545,0.1581,0.2975,0.1991,0.3972,-0.0216,7.8,180.15,1.82,54136.0,0.0,0.124,0.0402,-0.0,-0.027,0.4221,-0.0087,0.83
257,4000,0.5414,0.1619,0.2971,0.1908,0.3489,-0.0237,6.12,199.65,1.81,54232.0,0.0,0.1126,0.0429,-0.0,-0.0285,0.3954,-0.0097,0.83
258,4000,0.5373,0.1639,0.299,0.1901,0.3838,-0.022,6.23,179.31,1.8,54518.0,0.0,0.1188,0.0404,-0.0,-0.0273,0.3495,-0.0108,0.83
259,4000,0.5343,0.1637,0.3023,0.1923,0.3844,-0.0184,6.84,184.31,1.81,54235.0,0.0,0.1179,0.0431,-0.0,-0.028,0.4197,-0.0102,0.83
260,4000,0.5368,0.16,0.3035,0.1941,0.3588,-0.0241,6.86,173.8,1.81,54460.0,0.0,0.1166,0.0423,-0.0,-0.0283,0.4577,-0.0086,0.83
261,4000,0.5385,0.1608,0.3009,0.1924,0.3561,-0.0293,4.98,153.94,1.8,54642.0,0.0,0.1155,0.0392,-0.0,-0.0274,0.4492,-0.0088,0.83
262,4000,0.5369,0.1649,0.2985,0.185,0.362,-0.0242,6.07,181.35,1.8,54570.0,0.0,0.1149,0.0415,-0.0,-0.0278,0.4363,-0.0091,0.83
263,4000,0.5363,0.167,0.2969,0.2014,0.3782,-0.024,6.62,155.21,1.83,53861.0,0.0,0.1224,0.0413,-0.0,-0.0297,0.4644,-0.0102,0.83
264,4000,0.5379,0.1686,0.2938,0.1848,0.3629,-0.0254,5.83,163.84,1.82,54062.0,0.0,0.115,0.0404,-0.0,-0.0259,0.4291,-0.0075,0.83
265,4000,0.5374,0.1703,0.2927,0.1844,0.3754,-0.0211,7.46,186.8,1.81,54424.0,0.0,0.1169,0.0418,-0.0,-0.0273,0.3564,-0.0069,0.83
266,4000,0.5406,0.1677,0.2922,0.1977,0.3845,-0.0206,7.87,162.94,1.82,54012.0,0.0,0.1219,0.0428,-0.0,-0.0299,0.4017,-0.0095,0.83
267,4000,0.5435,0.1665,0.2905,0.1867,0.3597,-0.0239,6.91,164.89,1.81,54357.0,0.0,0.1153,0.043,-0.0,-0.0281,0.4523,-0.0098,0.83
268,4000,0.5435,0.1638,0.2932,0.1863,0.383,-0.0213,6.33,170.08,1.81,54315.0,0.0,0.1169,0.0418,-0.0,-0.0279,0.4215,-0.0105,0.84
269,4000,0.5402,0.1627,0.2976,0.1801,0.3622,-0.0231,5.54,188.36,1.76,56001.0,0.0,0.1105,0.0424,-0.0,-0.0265,0.434,-0.0097,0.83
270,4000,0.5356,0.1641,0.3005,0.1937,0.3637,-0.0233,6.3,183.59,1.82,54057.0,0.0,0.1163,0.0421,-0.0,-0.028,0.3964,-0.0098,0.83
271,4000,0.5348,0.1632,0.302,0.2136,0.3784,-0.0213,6.25,178.81,1.82,54048.0,0.0,0.1213,0.0433,-0.0,-0.0301,0.497,-0.0089,0.83
272,4000,0.5334,0.1637,0.303,0.1874,0.3553,-0.0243,6.64,172.48,1.82,54005.0,0.0,0.112,0.0435,-0.0,-0.0273,0.4185,-0.0099,0.84
273,4000,0.5329,0.1618,0.3053,0.1885,0.3718,-0.0213,6.0,174.08,1.83,53756.0,0.0,0.1205,0.0424,-0.0,-0.0278,0.4292,-0.0101,0.84
274,4000,0.5305,0.1618,0.3079,0.1991,0.3624,-0.0261,6.56,185.29,1.81,54192.0,0.0,0.1151,0.0416,-0.0,-0.0279,0.4597,-0.0108,0.84
275,4000,0.5259,0.1678,0.3066,0.2042,0.3866,-0.0257,8.28,153.39,1.81,54286.0,0.0,0.1236,0.0414,-0.0,-0.0289,0.4616,-0.0101,0.84
276,4000,0.5272,0.1665,0.3066,0.2038,0.3895,-0.0205,6.8,188.29,1.82,54041.0,0.0,0.1208,0.0432,-0.0,-0.0296,0.456,-0.0108,0.84
277,4000,0.5281,0.1662,0.3059,0.1794,0.3627,-0.0247,6.46,178.28,1.81,54183.0,0.0,0.1095,0.0406,-0.0,-0.0249,0.4932,-0.0098,0.84
278,4000,0.5274,0.1648,0.3081,0.1921,0.3623,-0.0231,6.77,178.16,1.82,54058.0,0.0,0.1125,0.0434,-0.0,-0.0277,0.4488,-0.0103,0.84
279,4000,0.5304,0.1628,0.3069,0.2012,0.3963,-0.0234,7.69,162.47,1.82,54022.0,0.0,0.1251,0.0401,-0.0,-0.0281,0.454,-0.0091,0.84
280,4000,0.5346,0.1626,0.3028,0.1987,0.3745,-0.0222,6.99,171.48,1.75,56193.0,0.0,0.121,0.0432,-0.0,-0.0288,0.4036,-0.0089,0.84
281,4000,0.5337,0.1634,0.3029,0.1826,0.3822,-0.0223,6.71,184.96,1.79,54973.0,0.0,0.1187,0.0412,-0.0,-0.027,0.4204,-0.0093,0.84
282,4000,0.5362,0.1603,0.3035,0.189,0.3753,-0.0232,6.68,179.93,1.82,54115.0,0.0,0.1175,0.0421,-0.0,-0.0272,0.3837,-0.0058,0.84
283,4000,0.5414,0.1578,0.3008,0.1886,0.3596,-0.0209,5.83,201.93,1.82,54063.0,0.0,0.1111,0.0443,-0.0,-0.0276,0.3795,-0.0062,0.84
284,4000,0.5474,0.1545,0.2982,0.2044,0.3983,-0.0237,7.94,182.87,1.81,54270.0,0.0,0.1248,0.0398,-0.0,-0.0278,0.4257,-0.0095,0.84
285,4000,0.5532,0.1537,0.2931,0.1942,0.3971,-0.0231,7.8,164.37,1.82,54069.0,0.0,0.1228,0.0399,-0.0,-0.0271,0.4682,-0.0108,0.84
286,4000,0.5569,0.1561,0.287,0.2004,0.396,-0.0249,7.68,164.52,1.81,54175.0,0.0,0.1253,0.0402,-0.0,-0.0282,0.4708,-0.0093,0.84
287,4000,0.558,0.1599,0.2822,0.1876,0.3662,-0.0265,6.08,174.17,1.81,54230.0,0.0,0.1126,0.041,-0.0,-0.0268,0.3713,-0.0094,0.84
288,4000,0.5539,0.168,0.2783,0.1824,0.3782,-0.0271,5.92,170.64,1.81,54214.0,0.0,0.1178,0.0409,-0.0001,-0.0268,0.4305,-0.0105,0.84
289,4000,0.5546,0.1706,0.2751,0.1935,0.3805,-0.0264,6.9,159.74,1.8,54648.0,0.0,0.1176,0.0407,-0.0,-0.0278,0.5284,-0.0107,0.84
290,4000,0.5487,0.1752,0.2764,0.1862,0.3408,-0.0301,6.99,174.97,1.81,54257.0,0.0,0.1065,0.0417,-0.0,-0.0274,0.4226,-0.0081,0.84
291,4000,0.5445,0.1786,0.2771,0.1796,0.3481,-0.0285,5.35,167.61,1.82,53885.0,0.0,0.1084,0.042,-0.0,-0.0264,0.4044,-0.0085,0.84
292,4000,0.5376,0.1838,0.2791,0.1676,0.3284,-0.0299,4.94,174.8,1.76,56012.0,0.0,0.0995,0.0425,-0.0,-0.0241,0.4547,-0.0085,0.84
293,4000,0.5392,0.1831,0.2782,0.1837,0.3668,-0.0236,6.58,184.22,1.82,54076.0,0.0,0.1088,0.0416,-0.0,-0.0258,0.449,-0.0097,0.84
294,4000,0.5376,0.185,0.2778,0.1737,0.3633,-0.0264,5.79,171.83,1.81,54292.0,0.0,0.1076,0.0405,-0.0,-0.0254,0.4502,-0.007,0.84
295,4000,0.5343,0.1875,0.2786,0.1913,0.3502,-0.0276,6.89,168.57,1.82,54019.0,0.0,0.1151,0.0414,-0.0,-0.0279,0.3764,-0.0064,0.84
296,4000,0.5405,0.1838,0.2759,0.1989,0.3991,-0.0224,6.63,175.8,1.82,54094.0,0.0,0.1259,0.041,-0.0,-0.0285,0.3746,-0.009,0.84
297,4000,0.5406,0.1851,0.2745,0.1888,0.3638,-0.0289,7.11,186.35,1.81,54332.0,0.0,0.1167,0.0399,-0.0,-0.0271,0.4217,-0.0104,0.84
298,4000,0.5377,0.1874,0.2751,0.1856,0.3555,-0.0292,4.13,176.68,1.82,54017.0,0.0,0.1115,0.0411,-0.0,-0.026,0.4433,-0.0084,0.84
299,4000,0.5341,0.1903,0.2758,0.181,0.3654,-0.0274,5.63,182.57,1.8,54551.0,0.0,0.1113,0.0411,-0.0,-0.0267,0.3966,-0.0057,0.84
300,4000,0.5291,0.1896,0.2815,0.1901,0.3552,-0.025,5.78,198.59,1.82,54135.0,0.0,0.1119,0.0428,-0.0,-0.0276,0.455,-0.0065,0.84
301,4000,0.5281,0.1884,0.2839,0.2047,0.3918,-0.0249,6.14,174.82,1.81,54166.0,0.0,0.1276,0.0399,-0.0,-0.0292,0.3667,-0.0093,0.84
302,4000,0.5336,0.1831,0.2834,0.2138,0.4109,-0.02,6.19,170.32,1.81,54424.0,0.0,0.1339,0.0407,-0.0,-0.0304,0.4922,-0.0079,0.84
303,4000,0.5361,0.1829,0.281,0.2025,0.395,-0.0257,6.93,180.34,1.82,54010.0,0.0,0.1221,0.0388,-0.0,-0.0285,0.5301,-0.0067,0.84
304,4000,0.5323,0.1837,0.284,0.1897,0.3579,-0.0263,6.19,162.6,1.82,54044.0,0.0,0.1135,0.0414,-0.0,-0.0288,0.4278,-0.0092,0.84
305,4000,0.5294,0.184,0.2866,0.1983,0.3657,-0.0257,5.18,179.45,1.81,54227.0,0.0,0.1166,0.041,-0.0,-0.0284,0.4733,-0.0091,0.84
306,4000,0.5267,0.1843,0.289,0.1928,0.3844,-0.026,8.0,152.87,1.81,54319.0,0.0,0.1213,0.0388,-0.0,-0.0277,0.5237,-0.0101,0.84
307,4000,0.5351,0.1814,0.2835,0.1914,0.3743,-0.0265,6.6,166.34,1.81,54244.0,0.0,0.1216,0.0397,-0.0,-0.0295,0.4606,-0.0094,0.84
308,4000,0.5329,0.182,0.2857,0.1782,0.3499,-0.0271,7.29,164.72,1.82,53918.0,0.0,0.1098,0.041,-0.0,-0.0267,0.4844,-0.011,0.84
309,4000,0.5299,0.1834,0.2874,0.1882,0.3604,-0.0265,5.99,161.36,1.82,53906.0,0.0,0.1158,0.041,-0.0,-0.0287,0.482,-0.0107,0.84
310,4000,0.5273,0.1872,0.2863,0.1729,0.3613,-0.0295,7.51,149.98,1.82,54133.0,0.0,0.1113,0.0383,-0.0,-0.0262,0.4426,-0.0101,0.84
311,4000,0.5321,0.1876,0.2809,0.1819,0.3812,-0.0248,6.22,164.5,1.81,54246.0,0.0,0.1154,0.0389,-0.0,-0.0265,0.4913,-0.0096,0.84
312,4000,0.5335,0.1857,0.2812,0.1973,0.3674,-0.0243,5.96,160.78,1.81,54257.0,0.0,0.1184,0.0412,-0.0,-0.0293,0.4666,-0.0098,0.84
313,4000,0.532,0.1842,0.2843,0.1963,0.3679,-0.0226,8.34,181.93,1.82,54034.0,0.0,0.1215,0.0425,-0.0,-0.0304,0.381,-0.0093,0.84
314,4000,0.5364,0.1839,0.2802,0.2146,0.4026,-0.0239,6.96,167.83,1.81,54283.0,0.0,0.1337,0.0387,-0.0,-0.0316,0.4382,-0.0095,0.84
315,4000,0.5394,0.1831,0.278,0.1943,0.3677,-0.0242,6.44,191.32,1.81,54166.0,0.0,0.1164,0.0413,-0.0,-0.03,0.5456,-0.0087,0.84
316,4000,0.5366,0.1848,0.2791,0.1933,0.3274,-0.0298,5.3,184.36,1.82,54000.0,0.0,0.1132,0.0426,-0.0,-0.0308,0.4349,-0.0081,0.84
317,4000,0.5317,0.1855,0.2833,0.1972,0.3766,-0.0241,6.49,183.88,1.83,53667.0,0.0,0.1218,0.0399,-0.0,-0.0301,0.516,-0.0099,0.84
318,4000,0.5283,0.1875,0.2847,0.1924,0.3625,-0.0261,6.16,195.42,1.81,54195.0,0.0,0.1198,0.0408,-0.0,-0.0304,0.4484,-0.0087,0.84
319,4000,0.5282,0.1854,0.2867,0.2008,0.3714,-0.024,7.48,164.44,1.81,54238.0,0.0,0.1239,0.0411,-0.0,-0.031,0.4821,-0.0097,0.84
320,4000,0.5301,0.1829,0.2873,0.199,0.3504,-0.0255,7.51,154.85,1.82,54054.0,0.0,0.1172,0.0426,-0.0,-0.0313,0.4968,-0.0091,0.84
321,4000,0.5329,0.1824,0.2849,0.1847,0.3559,-0.0271,6.09,166.04,1.81,54438.0,0.0,0.1157,0.04,-0.0,-0.0289,0.489,-0.0103,0.84
322,4000,0.5312,0.1812,0.2878,0.1741,0.3526,-0.0273,5.83,164.73,1.82,54049.0,0.0,0.1072,0.0402,-0.0,-0.0269,0.4401,-0.0103,0.84
323,4000,0.5282,0.1814,0.2904,0.1855,0.3531,-0.0257,6.34,175.86,1.79,54981.0,0.0,0.1139,0.0415,-0.0,-0.0291,0.4173,-0.0104,0.84
324,4000,0.5253,0.184,0.2907,0.1944,0.3841,-0.0236,6.93,165.57,1.81,54185.0,0.0,0.12,0.0397,-0.0,-0.0296,0.4102,-0.0097,0.84
325,4000,0.5245,0.1817,0.2938,0.1895,0.3606,-0.0199,8.63,174.96,1.82,53986.0,0.0,0.1171,0.0444,-0.0,-0.0304,0.4029,-0.0108,0.84
326,4000,0.5293,0.1759,0.2952,0.2098,0.3936,-0.0231,7.53,160.47,1.81,54213.0,0.0,0.1294,0.0392,-0.0,-0.0317,0.5037,-0.0108,0.84
327,4000,0.5324,0.1746,0.2936,0.2044,0.3355,-0.0282,5.72,196.95,1.82,54029.0,0.0,0.118,0.0419,-0.0,-0.0325,0.4495,-0.0104,0.84
328,4000,0.5347,0.174,0.2917,0.1984,0.3987,-0.0233,7.1,155.09,1.8,54619.0,0.0,0.125,0.0389,-0.0,-0.03,0.4774,-0.0108,0.84
329,4000,0.5341,0.1755,0.2909,0.2013,0.3749,-0.0259,7.52,156.0,1.82,54088.0,0.0,0.1206,0.0401,-0.0,-0.0299,0.4734,-0.0058,0.84
330,4000,0.5334,0.1787,0.2882,0.1965,0.3795,-0.0236,7.11,173.72,1.77,55404.0,0.0,0.1183,0.0411,-0.0,-0.0321,0.4643,-0.0066,0.84
331,4000,0.5341,0.1817,0.2844,0.2087,0.3729,-0.0268,5.8,166.28,1.83,53779.0,0.0,0.1222,0.0396,-0.0,-0.0321,0.5224,-0.0101,0.84
332,4000,0.5325,0.1839,0.2839,0.2145,0.3779,-0.025,6.35,173.43,1.82,54114.0,0.0,0.1255,0.0405,-0.0,-0.0328,0.4227,-0.0108,0.84
333,4000,0.5322,0.1829,0.2852,0.2045,0.3877,-0.0191,7.11,190.97,1.82,54102.0,0.0,0.1274,0.042,-0.0,-0.0331,0.4405,-0.0094,0.84
334,4000,0.5319,0.1815,0.2868,0.2035,0.388,-0.0241,6.92,171.96,1.82,54088.0,0.0,0.1253,0.0397,-0.0,-0.0328,0.5656,-0.0099,0.84
335,4000,0.5297,0.1846,0.2857,0.2033,0.3576,-0.0297,6.96,158.88,1.82,54016.0,0.0,0.1206,0.0395,-0.0,-0.0322,0.4983,-0.0104,0.84
336,4000,0.5285,0.1859,0.2856,0.2054,0.3642,-0.024,6.94,171.68,1.81,54333.0,0.0,0.1228,0.042,-0.0,-0.0326,0.4405,-0.0101,0.84
337,4000,0.5303,0.186,0.2839,0.1965,0.363,-0.0272,7.61,169.95,1.82,54004.0,0.0,0.12,0.0393,-0.0,-0.0318,0.4339,-0.0107,0.84
338,4000,0.5259,0.1839,0.2905,0.2115,0.3589,-0.0224,6.55,181.74,1.82,54053.0,0.0,0.1206,0.0436,-0.0,-0.0337,0.4567,-0.0116,0.84
339,4000,0.5227,0.1844,0.293,0.2206,0.3587,-0.0263,7.21,183.33,1.82,53962.0,0.0,0.1255,0.0423,-0.0,-0.0362,0.4394,-0.0105,0.84
340,4000,0.526,0.1847,0.2894,0.1969,0.3887,-0.0239,6.04,189.93,1.82,54056.0,0.0,0.124,0.0406,-0.0,-0.0319,0.4496,-0.0097,0.84
341,4000,0.5284,0.1821,0.2895,0.2297,0.374,-0.0251,7.76,164.05,1.81,54239.0,0.0,0.13,0.042,-0.0,-0.0365,0.4332,-0.0105,0.84
342,4000,0.5291,0.1787,0.2922,0.2122,0.3411,-0.0256,5.53,165.44,1.83,53745.0,0.0,0.1219,0.0439,-0.0,-0.0355,0.4173,-0.01,0.84
343,4000,0.5246,0.1783,0.297,0.201,0.358,-0.0248,7.92,171.9,1.81,54207.0,0.0,0.1223,0.0419,-0.0,-0.0335,0.4844,-0.0104,0.84
344,4000,0.5282,0.1745,0.2973,0.2147,0.3988,-0.0213,8.14,170.5,1.81,54284.0,0.0,0.1327,0.0402,-0.0,-0.0346,0.4472,-0.0109,0.84
345,4000,0.53,0.1724,0.2976,0.1963,0.3681,-0.0257,6.23,173.28,1.81,54293.0,0.0,0.121,0.041,-0.0,-0.0325,0.4859,-0.0108,0.84
346,4000,0.528,0.17,0.302,0.2108,0.3872,-0.021,8.51,171.03,1.81,54278.0,0.0,0.1269,0.0413,-0.0,-0.0337,0.3731,-0.0086,0.84
347,4000,0.5295,0.1667,0.304,0.2041,0.3654,-0.024,7.27,167.26,1.81,54300.0,0.0,0.1212,0.0412,-0.0,-0.0331,0.4732,-0.01,0.84
348,4000,0.5277,0.1694,0.3031,0.2244,0.3516,-0.0263,7.4,196.64,1.82,53885.0,0.0,0.1253,0.0423,-0.0,-0.0379,0.4745,-0.0098,0.84
349,4000,0.5266,0.1701,0.3038,0.2116,0.3606,-0.0255,6.54,153.52,1.81,54181.0,0.0,0.1221,0.0417,-0.0,-0.0345,0.5077,-0.011,0.84
350,4000,0.5297,0.1727,0.2981,0.2022,0.3746,-0.0257,7.38,172.91,1.82,54046.0,0.0,0.1218,0.0401,-0.0,-0.0334,0.4842,-0.0099,0.84
351,4000,0.5294,0.1692,0.3019,0.2103,0.3533,-0.0229,6.96,163.68,1.81,54175.0,0.0,0.1191,0.0438,-0.0,-0.0365,0.4805,-0.011,0.84
352,4000,0.529,0.1679,0.3034,0.2194,0.3754,-0.0246,7.08,174.74,1.81,54249.0,0.0,0.1268,0.0416,-0.0001,-0.0369,0.5178,-0.0112,0.84
353,4000,0.5337,0.1681,0.2987,0.215,0.3764,-0.026,5.73,183.89,1.82,54006.0,0.0,0.1243,0.0394,-0.0,-0.0349,0.5173,-0.0112,0.84
354,4000,0.5318,0.1726,0.296,0.1989,0.3748,-0.0272,6.48,156.03,1.82,54105.0,0.0,0.1216,0.0386,-0.0,-0.0319,0.5177,-0.0109,0.84
355,4000,0.5337,0.1767,0.2901,0.2071,0.38,-0.0246,7.15,160.28,1.82,54092.0,0.0,0.1236,0.0407,-0.0,-0.0343,0.4871,-0.012,0.84
356,4000,0.5351,0.1795,0.2859,0.2311,0.3822,-0.0277,7.55,156.02,1.81,54331.0,0.0,0.1319,0.0385,-0.0,-0.0367,0.5108,-0.0115,0.84
357,4000,0.5392,0.1807,0.2806,0.2109,0.3949,-0.0262,6.27,142.61,1.82,54044.0,0.0,0.1259,0.0382,-0.0,-0.034,0.4334,-0.0118,0.84
358,4000,0.5401,0.1806,0.2798,0.205,0.3478,-0.027,6.04,178.92,1.82,54019.0,0.0,0.1199,0.042,-0.0,-0.0359,0.5546,-0.0084,0.84
359,4000,0.532,0.1831,0.2853,0.2013,0.3353,-0.0292,6.64,186.93,1.82,53964.0,0.0,0.1136,0.0415,-0.0001,-0.0349,0.5168,-0.0099,0.84
360,4000,0.5258,0.1848,0.2897,0.2047,0.3475,-0.0302,6.89,179.82,1.81,54357.0,0.0,0.1156,0.0406,-0.0,-0.0351,0.4608,-0.0105,0.84
361,4000,0.5231,0.1858,0.2914,0.2187,0.3779,-0.0254,7.25,169.06,1.82,54091.0,0.0,0.1273,0.04,-0.0,-0.0369,0.4684,-0.0106,0.83
362,4000,0.5234,0.1869,0.2899,0.223,0.3658,-0.0233,6.28,168.79,1.83,53708.0,0.0,0.1268,0.0415,-0.0,-0.0383,0.504,-0.0108,0.83
363,4000,0.526,0.1856,0.2887,0.2156,0.3713,-0.0272,5.51,165.9,1.82,53981.0,0.0,0.1263,0.0402,-0.0,-0.0372,0.4979,-0.0111,0.84
364,4000,0.5243,0.1857,0.2902,0.2231,0.3551,-0.0234,6.71,201.16,1.82,53989.0,0.0,0.1262,0.0446,-0.0,-0.0413,0.5384,-0.0119,0.84
365,4000,0.5225,0.1848,0.2927,0.2119,0.3673,-0.0279,7.03,180.84,1.81,54383.0,0.0,0.1238,0.0407,-0.0001,-0.0369,0.4822,-0.0113,0.84
366,4000,0.5181,0.189,0.2929,0.2018,0.3234,-0.0312,6.0,168.1,1.84,53494.0,0.0,0.1093,0.0414,-0.0,-0.0359,0.6368,-0.0106,0.84
367,4000,0.5134,0.1975,0.2893,0.2112,0.3383,-0.0372,5.99,164.56,1.81,54374.0,0.0,0.1169,0.0392,-0.0001,-0.0381,0.6722,-0.0109,0.84
368,4000,0.5116,0.2047,0.2839,0.2064,0.3315,-0.038,4.72,165.99,1.81,54243.0,0.0,0.1139,0.0398,-0.0,-0.0364,0.5886,-0.0116,0.84
369,4000,0.5118,0.2089,0.2796,0.2183,0.3587,-0.0336,5.8,156.52,1.83,53840.0,0.0,0.1252,0.0395,-0.0001,-0.0381,0.5535,-0.0116,0.84
370,4000,0.512,0.2125,0.2757,0.2184,0.3443,-0.0335,5.53,156.72,1.83,53827.0,0.0,0.1238,0.041,-0.0001,-0.0397,0.6866,-0.0103,0.84
371,4000,0.5129,0.2206,0.2668,0.2046,0.3636,-0.0357,6.99,171.43,1.81,54180.0,0.0,0.1201,0.0385,-0.0001,-0.0364,0.6027,-0.0119,0.84
372,4000,0.5108,0.2328,0.2568,0.2099,0.3386,-0.0387,5.37,168.51,1.81,54247.0,0.0,0.1168,0.0401,-0.0001,-0.0399,0.6372,-0.0111,0.84
373,4000,0.5117,0.2412,0.2476,0.2103,0.3701,-0.034,5.93,152.29,1.75,56108.0,0.0,0.1224,0.0379,-0.0001,-0.0386,0.5647,-0.0088,0.84
374,4000,0.5193,0.2381,0.2428,0.22,0.3898,-0.0329,6.75,166.31,1.82,53911.0,0.0,0.1276,0.0381,-0.0001,-0.0395,0.5979,-0.0098,0.83
375,4000,0.5266,0.2398,0.2339,0.208,0.3677,-0.04,7.7,152.53,1.82,54115.0,0.0,0.1211,0.0353,-0.0001,-0.0369,0.5755,-0.0108,0.83
376,4000,0.5316,0.2379,0.2308,0.2246,0.4094,-0.0287,6.05,139.49,1.81,54206.0,0.0,0.1349,0.0375,-0.0002,-0.0402,0.6405,-0.0112,0.83
377,4000,0.5397,0.2378,0.2227,0.2272,0.3964,-0.0349,7.4,153.58,1.81,54386.0,0.0,0.1331,0.0352,-0.0001,-0.0397,0.5824,-0.0121,0.84
378,4000,0.5452,0.2385,0.2163,0.2223,0.4119,-0.034,6.66,145.47,1.83,53829.0,0.0,0.1334,0.0353,-0.0001,-0.0385,0.5351,-0.0112,0.84
379,4000,0.55,0.2391,0.211,0.2306,0.4191,-0.0288,8.39,111.31,1.83,53844.0,0.0,0.1383,0.0365,-0.0001,-0.0417,0.6315,-0.0107,0.84
380,4000,0.5568,0.2362,0.207,0.2193,0.4175,-0.0292,7.15,146.32,1.77,55578.0,0.0,0.134,0.0373,-0.0001,-0.0403,0.6461,-0.0123,0.84
381,4000,0.5683,0.2304,0.2013,0.2296,0.42,-0.0299,7.31,133.93,1.82,54040.0,0.0,0.1363,0.0374,-0.0001,-0.0414,0.6049,-0.0092,0.84
382,4000,0.5762,0.2264,0.1974,0.244,0.4421,-0.0258,7.75,155.53,1.84,53478.0,0.0,0.1481,0.0388,-0.0002,-0.0447,0.6734,-0.0118,0.83
383,4000,0.585,0.2219,0.193,0.239,0.4345,-0.0297,7.26,146.04,1.84,53527.0,0.0,0.1396,0.0358,-0.0001,-0.0417,0.6178,-0.0102,0.83
384,4000,0.5904,0.2195,0.1901,0.2202,0.4045,-0.034,7.19,134.38,1.82,54018.0,0.0,0.1305,0.0366,-0.0001,-0.0401,0.5971,-0.0117,0.83
385,4000,0.5936,0.2186,0.1878,0.226,0.4065,-0.028,7.73,166.4,1.82,54067.0,0.0,0.1327,0.0385,-0.0001,-0.0415,0.6501,-0.0095,0.83
386,4000,0.5932,0.2151,0.1917,0.219,0.4019,-0.0347,7.6,123.48,1.83,53807.0,0.0,0.1273,0.0357,-0.0003,-0.0398,0.6711,-0.0106,0.83
387,4000,0.5887,0.2225,0.1889,0.231,0.4051,-0.0314,7.74,159.19,1.82,54148.0,0.0,0.1379,0.0385,-0.0001,-0.0432,0.6324,-0.0107,0.83
388,4000,0.5828,0.2261,0.1911,0.2322,0.4023,-0.0321,6.43,153.63,1.85,53237.0,0.0,0.132,0.0392,-0.0002,-0.044,0.6681,-0.0119,0.83
389,4000,0.5873,0.2267,0.186,0.2297,0.4384,-0.0319,7.74,146.31,1.82,53989.0,0.0,0.1385,0.0351,-0.0001,-0.0413,0.6784,-0.0101,0.83
390,4000,0.5968,0.2192,0.1841,0.2498,0.4096,-0.0309,7.68,143.75,1.82,53942.0,0.0,0.1409,0.0396,-0.0001,-0.0482,0.6032,-0.0117,0.83
391,4000,0.5984,0.2176,0.184,0.2275,0.422,-0.0296,7.86,148.82,1.82,54104.0,0.0,0.1352,0.0377,-0.0002,-0.0438,0.6621,-0.0103,0.83
392,4000,0.6002,0.2177,0.1821,0.2251,0.4378,-0.0311,7.05,152.1,1.82,53991.0,0.0,0.1339,0.036,-0.0002,-0.0431,0.6303,-0.0119,0.83
393,4000,0.6077,0.2115,0.1808,0.2314,0.4325,-0.0277,6.84,162.76,1.83,53815.0,0.0,0.136,0.0382,-0.0002,-0.0446,0.6507,-0.011,0.83
394,4000,0.6061,0.2106,0.1833,0.2388,0.4037,-0.0315,7.81,158.86,1.82,54073.0,0.0,0.1345,0.0395,-0.0001,-0.0471,0.6925,-0.0116,0.83
395,4000,0.6003,0.2116,0.1882,0.2473,0.4013,-0.0296,7.98,151.27,1.81,54367.0,0.0,0.1389,0.0409,-0.0001,-0.05,0.65,-0.0102,0.83
396,4000,0.6008,0.2082,0.1913,0.251,0.4599,-0.0231,8.18,137.93,1.82,54035.0,0.0,0.1463,0.0394,-0.0002,-0.0492,0.6046,-0.0123,0.83
397,4000,0.6064,0.2047,0.1893,0.2413,0.4313,-0.0261,6.12,156.34,1.82,53894.0,0.0,0.1335,0.0399,-0.0002,-0.0491,0.725,-0.0093,0.83
398,4000,0.613,0.2047,0.1831,0.2533,0.4498,-0.027,9.22,144.01,1.82,54141.0,0.0,0.1473,0.038,-0.0002,-0.0509,0.6406,-0.0107,0.83
399,4000,0.6225,0.2027,0.1756,0.2366,0.4458,-0.0293,8.84,135.13,1.82,53975.0,0.0,0.1384,0.0376,-0.0001,-0.0483,0.7253,-0.0094,0.83
400,4000,0.6243,0.2018,0.1746,0.2473,0.4314,-0.0281,8.02,150.81,1.82,53947.0,0.0,0.143,0.0385,-0.0001,-0.0479,0.5976,-0.011,0.83
401,4000,0.6293,0.1983,0.1736,0.2431,0.4204,-0.0275,7.73,172.81,1.81,54322.0,0.0,0.1351,0.0401,-0.0001,-0.0504,0.686,-0.0096,0.83
402,4000,0.6346,0.1951,0.1716,0.2478,0.46,-0.0278,7.61,132.47,1.82,54130.0,0.0,0.1483,0.0366,-0.0002,-0.0487,0.6814,-0.0115,0.83
403,4000,0.6345,0.1996,0.1673,0.2448,0.46,-0.0257,9.5,142.01,1.81,54258.0,0.0,0.1465,0.0376,-0.0002,-0.048,0.6996,-0.0108,0.83
404,4000,0.6431,0.1976,0.1605,0.2431,0.4603,-0.0265,8.53,150.45,1.82,53906.0,0.0,0.1465,0.0373,-0.0002,-0.0486,0.6383,-0.0094,0.83
405,4000,0.6465,0.1962,0.1585,0.2546,0.4406,-0.0251,8.54,148.91,1.8,54699.0,0.0,0.1449,0.0401,-0.0002,-0.0517,0.5981,-0.0116,0.83
406,4000,0.6471,0.1955,0.1586,0.243,0.4465,-0.0273,8.59,153.95,1.83,53841.0,0.0,0.1425,0.0387,-0.0002,-0.0498,0.5872,-0.0104,0.83
407,4000,0.6498,0.1906,0.161,0.2585,0.4652,-0.0239,8.58,151.91,1.82,53890.0,0.0,0.1536,0.0398,-0.0002,-0.0532,0.6796,-0.0098,0.83
408,4000,0.6483,0.189,0.1639,0.2655,0.4583,-0.0246,9.36,154.32,1.81,54287.0,0.0,0.1555,0.0396,-0.0002,-0.0542,0.6927,-0.011,0.83
409,4000,0.6452,0.1893,0.1667,0.2391,0.4324,-0.0282,8.65,142.65,1.81,54190.0,0.0,0.1392,0.0387,-0.0002,-0.0493,0.7253,-0.011,0.83
410,4000,0.6429,0.1917,0.1662,0.2494,0.4591,-0.0266,8.69,126.03,1.82,53938.0,0.0,0.1479,0.0385,-0.0002,-0.0513,0.6298,-0.0112,0.83
411,4000,0.6465,0.1884,0.1659,0.2596,0.4723,-0.0232,8.26,166.34,1.81,54399.0,0.0,0.1512,0.0396,-0.0002,-0.0541,0.6815,-0.011,0.83
412,4000,0.6488,0.1857,0.1659,0.2539,0.4642,-0.0236,9.15,144.0,1.82,54036.0,0.0,0.1531,0.039,-0.0002,-0.0533,0.6147,-0.0109,0.83
413,4000,0.6543,0.1834,0.1625,0.2379,0.4796,-0.0232,8.64,146.26,1.82,54103.0,0.0,0.1475,0.0359,-0.0001,-0.0466,0.6896,-0.0111,0.83
414,4000,0.6528,0.1835,0.164,0.2408,0.4472,-0.0264,8.33,155.81,1.81,54200.0,0.0,0.1425,0.0384,-0.0002,-0.0495,0.5863,-0.0117,0.83
415,4000,0.6575,0.1798,0.1629,0.2615,0.4929,-0.0212,8.29,140.23,1.82,54007.0,0.0,0.1555,0.0389,-0.0002,-0.0531,0.6307,-0.011,0.83
416,4000,0.6594,0.1786,0.162,0.2588,0.454,-0.0234,7.44,157.7,1.82,54128.0,0.0,0.1496,0.0414,-0.0003,-0.0538,0.6638,-0.0108,0.83
417,4000,0.6567,0.1788,0.1645,0.2566,0.4574,-0.0255,9.27,145.32,1.82,53932.0,0.0,0.1509,0.0395,-0.0002,-0.0537,0.5981,-0.0105,0.83
418,4000,0.6603,0.1775,0.1621,0.2644,0.4805,-0.0237,8.56,143.36,1.82,54116.0,0.0,0.1556,0.0393,-0.0002,-0.0556,0.67,-0.0109,0.83
419,4000,0.6614,0.1773,0.1613,0.2555,0.4617,-0.0233,9.31,156.24,1.81,54263.0,0.0,0.1485,0.041,-0.0002,-0.0532,0.5948,-0.0119,0.83
420,4000,0.6622,0.1773,0.1605,0.265,0.4829,-0.0224,8.92,157.21,1.83,53649.0,0.0,0.156,0.0396,-0.0002,-0.054,0.6466,-0.0118,0.83
421,4000,0.6691,0.1708,0.16,0.2604,0.4882,-0.0206,9.99,156.92,1.81,54356.0,0.0,0.155,0.039,-0.0003,-0.0525,0.5836,-0.0118,0.83
422,4000,0.6728,0.1667,0.1605,0.2692,0.456,-0.0228,9.35,151.33,1.82,54009.0,0.0,0.1541,0.0406,-0.0003,-0.0551,0.6077,-0.0108,0.83
423,4000,0.6721,0.166,0.1618,0.2635,0.4631,-0.0245,9.57,135.39,1.83,53818.0,0.0,0.1532,0.0394,-0.0003,-0.0542,0.5372,-0.0095,0.83
424,4000,0.6736,0.1663,0.1601,0.2778,0.4854,-0.0209,9.54,156.5,1.83,53732.0,0.0,0.1598,0.0399,-0.0002,-0.0545,0.6058,-0.0072,0.83
425,4000,0.6794,0.1616,0.1591,0.2743,0.4751,-0.0213,9.2,149.19,1.81,54413.0,0.0,0.1557,0.0409,-0.0003,-0.0557,0.5778,-0.0113,0.83
426,4000,0.6783,0.1573,0.1644,0.2579,0.4547,-0.0229,8.65,162.6,1.82,53915.0,0.0,0.1473,0.04,-0.0003,-0.0513,0.6136,-0.0113,0.83
427,4000,0.6761,0.1569,0.167,0.2649,0.464,-0.0223,9.57,149.16,1.82,53894.0,0.0,0.1554,0.0418,-0.0003,-0.0543,0.6372,-0.012,0.83
428,4000,0.6765,0.1555,0.1679,0.269,0.4572,-0.0242,8.2,149.12,1.82,53963.0,0.0,0.1539,0.0403,-0.0002,-0.0539,0.6067,-0.0106,0.83
429,4000,0.6765,0.1552,0.1683,0.268,0.473,-0.0215,10.26,139.58,1.83,53742.0,0.0,0.1525,0.0405,-0.0003,-0.0536,0.5852,-0.0107,0.83
430,4000,0.6809,0.1543,0.1647,0.2665,0.4726,-0.0222,8.22,142.22,1.78,55211.0,0.0,0.1571,0.0392,-0.0002,-0.0517,0.6239,-0.0103,0.83
431,4000,0.6822,0.1557,0.1622,0.2645,0.4887,-0.02,8.92,159.5,1.81,54166.0,0.0,0.1585,0.0392,-0.0003,-0.0512,0.5932,-0.012,0.83
432,4000,0.6849,0.1538,0.1613,0.276,0.4775,-0.0204,9.16,131.78,1.81,54189.0,0.0,0.1614,0.0415,-0.0003,-0.0545,0.6435,-0.012,0.83
433,4000,0.687,0.154,0.159,0.2768,0.4788,-0.0212,9.56,153.7,1.82,54092.0,0.0,0.1598,0.0405,-0.0003,-0.054,0.6652,-0.0114,0.83
434,4000,0.684,0.157,0.159,0.2579,0.4525,-0.0256,8.68,160.78,1.82,53911.0,0.0,0.1463,0.0397,-0.0003,-0.0508,0.551,-0.0121,0.83
435,4000,0.6854,0.1581,0.1565,0.2399,0.4901,-0.0222,7.8,142.07,1.83,53746.0,0.0,0.1472,0.0377,-0.0004,-0.0472,0.5744,-0.0113,0.82
436,4000,0.6853,0.157,0.1577,0.2646,0.493,-0.0168,10.01,161.43,1.83,53846.0,0.0,0.156,0.0406,-0.0003,-0.0512,0.5757,-0.0103,0.82
437,4000,0.6882,0.1538,0.158,0.2773,0.4832,-0.0224,9.66,144.4,1.82,53899.0,0.0,0.1586,0.0405,-0.0003,-0.0546,0.6478,-0.0113,0.82
438,4000,0.6884,0.1553,0.1565,0.2624,0.4688,-0.0236,9.31,137.5,1.83,53748.0,0.0,0.1518,0.0398,-0.0003,-0.0514,0.6183,-0.0104,0.82
439,4000,0.6886,0.1571,0.1546,0.257,0.4816,-0.0209,9.3,153.09,1.82,54051.0,0.0,0.1538,0.0393,-0.0003,-0.0498,0.5375,-0.0118,0.82
440,4000,0.6892,0.1564,0.1547,0.2516,0.4835,-0.0201,9.42,144.52,1.8,54638.0,0.0,0.1504,0.0395,-0.0003,-0.0485,0.5495,-0.0096,0.82
441,4000,0.6892,0.154,0.1573,0.2579,0.481,-0.0206,8.9,138.92,1.82,54116.0,0.0,0.1546,0.0391,-0.0002,-0.0483,0.6555,-0.0122,0.82
442,4000,0.6891,0.154,0.1573,0.2586,0.4723,-0.0226,9.54,150.84,1.77,55382.0,0.0,0.152,0.0397,-0.0002,-0.0505,0.66,-0.0122,0.82
443,4000,0.6902,0.1544,0.156,0.2767,0.4797,-0.0213,10.0,145.22,1.82,54005.0,0.0,0.1593,0.0393,-0.0004,-0.0523,0.5742,-0.0087,0.82
444,4000,0.6882,0.1549,0.1574,0.2708,0.4709,-0.0243,8.91,135.63,1.82,54121.0,0.0,0.1548,0.0399,-0.0004,-0.0517,0.678,-0.0072,0.82
445,4000,0.6781,0.1617,0.1606,0.2474,0.4494,-0.0255,7.77,123.79,1.82,54101.0,0.0,0.1446,0.0385,-0.0004,-0.0476,0.5644,-0.0111,0.82
446,4000,0.6771,0.1614,0.1619,0.2711,0.4607,-0.0198,9.81,159.85,1.83,53783.0,0.0,0.1527,0.0429,-0.0004,-0.0535,0.4928,-0.0124,0.82
447,4000,0.6788,0.16,0.1616,0.2792,0.4745,-0.0213,7.93,158.05,1.82,54115.0,0.0,0.1585,0.0406,-0.0003,-0.0544,0.5936,-0.0122,0.82
448,4000,0.677,0.1593,0.1642,0.2753,0.4771,-0.0191,9.43,149.41,1.83,53692.0,0.0,0.1558,0.0411,-0.0005,-0.0528,0.5438,-0.0118,0.82
449,4000,0.6741,0.1557,0.1707,0.2764,0.4568,-0.0186,8.41,173.04,1.81,54267.0,0.0,0.1502,0.0436,-0.0005,-0.0563,0.5062,-0.0111,0.82
450,4000,0.6744,0.1497,0.1764,0.2831,0.4897,-0.0173,9.6,155.31,1.83,53813.0,0.0,0.1607,0.0417,-0.0006,-0.0554,0.5316,-0.0117,0.82
451,4000,0.6789,0.1452,0.1765,0.2747,0.4724,-0.0223,9.29,142.24,1.87,52619.0,0.0,0.1518,0.0414,-0.0005,-0.0535,0.4896,-0.0117,0.82
452,4000,0.6815,0.1451,0.1742,0.2806,0.4576,-0.021,8.99,169.6,1.84,53491.0,0.0,0.1502,0.0439,-0.0005,-0.0572,0.5712,-0.0101,0.82
453,4000,0.6838,0.1458,0.1712,0.2931,0.4894,-0.0203,9.8,157.3,1.82,53970.0,0.0,0.1648,0.0413,-0.0004,-0.0574,0.5643,-0.0113,0.82
454,4000,0.6862,0.1462,0.1683,0.267,0.4734,-0.0237,8.58,150.64,1.83,53833.0,0.0,0.1495,0.04,-0.0006,-0.0537,0.5779,-0.0112,0.82
455,4000,0.6826,0.1508,0.1674,0.2767,0.4539,-0.0229,8.27,181.23,1.81,54278.0,0.0,0.1553,0.0414,-0.0004,-0.0553,0.522,-0.0114,0.82
456,4000,0.6792,0.1505,0.1707,0.3032,0.4772,-0.0183,10.12,167.7,1.82,53905.0,0.0,0.1671,0.0451,-0.0005,-0.0616,0.5155,-0.0117,0.82
457,4000,0.6779,0.1491,0.1732,0.279,0.4582,-0.0222,9.31,158.18,1.83,53855.0,0.0,0.1545,0.0419,-0.0004,-0.0562,0.5563,-0.011,0.82
458,4000,0.6795,0.1478,0.1729,0.3032,0.4805,-0.0198,10.45,165.14,1.82,53966.0,0.0,0.1674,0.0431,-0.0007,-0.0608,0.5172,-0.0118,0.82
459,4000,0.6828,0.1473,0.1701,0.2865,0.4697,-0.022,8.05,160.35,1.82,53984.0,0.0,0.1626,0.0412,-0.0005,-0.0579,0.5394,-0.0084,0.82
460,4000,0.6874,0.147,0.1661,0.2845,0.5053,-0.0156,9.57,163.05,1.82,54148.0,0.0,0.1664,0.0411,-0.0006,-0.0555,0.501,-0.0073,0.82
461,4000,0.6896,0.1449,0.1662,0.2962,0.4807,-0.0202,9.03,154.63,1.75,56072.0,0.0,0.166,0.0415,-0.0005,-0.0601,0.5196,-0.0102,0.82
462,4000,0.6915,0.1435,0.1656,0.3041,0.4927,-0.0183,9.2,156.07,1.82,54130.0,0.0,0.1702,0.0428,-0.0006,-0.0613,0.542,-0.0104,0.82
463,4000,0.6953,0.1445,0.1606,0.2899,0.4888,-0.0184,9.62,173.81,1.82,53947.0,0.0,0.1664,0.0417,-0.0005,-0.0576,0.6055,-0.0119,0.82
464,4000,0.6975,0.1449,0.1578,0.2968,0.4838,-0.02,10.37,155.24,1.82,53976.0,0.0,0.1678,0.0417,-0.0005,-0.0599,0.4953,-0.0108,0.82
465,4000,0.7042,0.1405,0.1556,0.2952,0.5129,-0.0174,10.83,141.75,1.82,53902.0,0.0,0.1712,0.0405,-0.0006,-0.0581,0.4648,-0.0115,0.82
466,4000,0.7086,0.1379,0.1537,0.2823,0.4978,-0.0164,9.53,154.86,1.82,54128.0,0.0,0.1639,0.0419,-0.0005,-0.0567,0.6455,-0.0112,0.82
467,4000,0.7036,0.1406,0.1558,0.2881,0.454,-0.0249,8.98,154.96,1.84,53401.0,0.0,0.1571,0.0415,-0.0006,-0.0581,0.5261,-0.0103,0.82
468,4000,0.6965,0.1437,0.1598,0.2906,0.4685,-0.0167,10.26,170.35,1.82,54004.0,0.0,0.1632,0.0446,-0.0006,-0.0595,0.4242,-0.0115,0.82
469,4000,0.6954,0.1436,0.161,0.3028,0.4988,-0.0161,10.49,167.64,1.85,53196.0,0.0,0.1701,0.043,-0.0005,-0.0608,0.5259,-0.0107,0.82
470,4000,0.6993,0.1387,0.162,0.2932,0.478,-0.0208,9.82,158.19,1.83,53668.0,0.0,0.1622,0.042,-0.0005,-0.0587,0.5378,-0.0118,0.82
471,4000,0.7047,0.1375,0.1578,0.3031,0.4962,-0.0197,9.48,155.18,1.83,53629.0,0.0,0.1724,0.0415,-0.0007,-0.0604,0.6109,-0.0115,0.82
472,4000,0.6978,0.1413,0.1609,0.2897,0.4615,-0.0234,10.35,176.29,1.84,53562.0,0.0,0.1589,0.042,-0.0005,-0.0587,0.5482,-0.0115,0.82
473,4000,0.6967,0.1429,0.1603,0.2959,0.474,-0.0202,9.35,162.36,1.83,53613.0,0.0,0.1626,0.0438,-0.0006,-0.0618,0.5037,-0.0093,0.82
474,4000,0.6987,0.1391,0.1622,0.2975,0.5028,-0.0157,8.77,157.61,1.83,53799.0,0.0,0.1681,0.0431,-0.0005,-0.0609,0.5,-0.0114,0.82
475,4000,0.7007,0.1339,0.1654,0.2783,0.5064,-0.0174,8.9,141.76,1.82,53894.0,0.0,0.1615,0.0406,-0.0005,-0.0551,0.5811,-0.0108,0.82
476,4000,0.7006,0.1333,0.1661,0.2935,0.4768,-0.0191,9.81,166.72,1.82,54053.0,0.0,0.1651,0.0442,-0.0005,-0.0616,0.5503,-0.0117,0.82
477,4000,0.6995,0.1368,0.1636,0.2835,0.4781,-0.0223,9.1,173.31,1.82,53884.0,0.0,0.1578,0.0399,-0.0005,-0.058,0.5073,-0.0115,0.82
478,4000,0.6941,0.1393,0.1666,0.2922,0.4758,-0.0203,9.69,146.24,1.83,53772.0,0.0,0.1667,0.0406,-0.0004,-0.06,0.5764,-0.0116,0.82
479,4000,0.6926,0.1404,0.167,0.2793,0.4766,-0.0207,9.48,137.13,1.83,53577.0,0.0,0.1615,0.0414,-0.0006,-0.0592,0.6068,-0.0112,0.82
480,4000,0.6929,0.1417,0.1656,0.2889,0.493,-0.0203,8.25,155.29,1.77,55625.0,0.0,0.1668,0.0405,-0.0006,-0.0606,0.5451,-0.0106,0.82
481,4000,0.6957,0.1418,0.1631,0.2708,0.4993,-0.0192,9.9,153.61,1.83,53656.0,0.0,0.1607,0.0391,-0.0006,-0.055,0.5921,-0.012,0.82
482,4000,0.6944,0.1414,0.1647,0.2832,0.4707,-0.0196,8.77,135.87,1.83,53812.0,0.0,0.1616,0.0406,-0.0005,-0.0599,0.5433,-0.0112,0.82
483,4000,0.6912,0.1428,0.1665,0.2736,0.476,-0.0205,8.93,162.38,1.83,53608.0,0.0,0.1561,0.0397,-0.0007,-0.0574,0.5719,-0.0112,0.82
484,4000,0.6866,0.1479,0.166,0.3029,0.4793,-0.0215,9.29,165.11,1.78,55172.0,0.0,0.166,0.0414,-0.0006,-0.0639,0.5868,-0.0114,0.82
485,4000,0.6828,0.1525,0.165,0.2743,0.4739,-0.0223,9.82,147.49,1.82,53960.0,0.0,0.1598,0.0388,-0.0006,-0.0573,0.584,-0.0112,0.82
486,4000,0.6813,0.1506,0.1683,0.2879,0.4564,-0.0191,8.74,145.99,1.83,53774.0,0.0,0.1631,0.0428,-0.0006,-0.0626,0.5337,-0.0115,0.82
487,4000,0.6838,0.1461,0.1702,0.2968,0.4646,-0.0196,9.17,170.72,1.83,53765.0,0.0,0.1644,0.043,-0.0006,-0.0633,0.5933,-0.0109,0.82
488,4000,0.6845,0.1423,0.1732,0.2932,0.484,-0.0197,8.83,153.14,1.83,53717.0,0.0,0.1662,0.0414,-0.0007,-0.0636,0.593,-0.0118,0.82
489,4000,0.6874,0.1423,0.1703,0.2812,0.4883,-0.019,9.4,159.15,1.83,53762.0,0.0,0.1659,0.0397,-0.0006,-0.06,0.4686,-0.0109,0.82
490,4000,0.6886,0.1424,0.1692,0.2877,0.504,-0.0173,8.68,135.58,1.83,53656.0,0.0,0.1656,0.0397,-0.0007,-0.061,0.657,-0.0107,0.82
491,4000,0.6944,0.1409,0.1649,0.2945,0.5012,-0.0188,9.05,152.1,1.79,54996.0,0.0,0.1714,0.0406,-0.0007,-0.0638,0.5686,-0.0125,0.82
492,4000,0.6968,0.1387,0.1648,0.2733,0.4744,-0.0206,8.95,148.93,1.84,53455.0,0.0,0.1606,0.0398,-0.0006,-0.0585,0.5308,-0.0123,0.82
493,4000,0.7008,0.1391,0.1603,0.2825,0.4941,-0.0175,9.93,162.38,1.82,53956.0,0.0,0.1651,0.0395,-0.0006,-0.0586,0.5782,-0.0111,0.82
494,4000,0.7036,0.1334,0.1633,0.303,0.4606,-0.0206,8.66,153.83,1.76,55737.0,0.0,0.1694,0.0423,-0.0006,-0.0679,0.5717,-0.0107,0.82
495,4000,0.7007,0.1343,0.1653,0.2674,0.4797,-0.0203,8.69,144.48,1.83,53615.0,0.0,0.1574,0.0391,-0.0006,-0.057,0.5183,-0.0108,0.82
496,4000,0.6994,0.1359,0.1649,0.2657,0.477,-0.0205,9.02,151.96,1.84,53439.0,0.0,0.1587,0.0379,-0.0007,-0.0559,0.5508,-0.0114,0.82
497,4000,0.6933,0.1366,0.1704,0.2773,0.4799,-0.0164,9.65,163.27,1.84,53333.0,0.0,0.1633,0.0411,-0.0005,-0.0584,0.5416,-0.0113,0.82
498,4000,0.6947,0.136,0.1696,0.2726,0.4924,-0.0189,8.83,145.6,1.84,53331.0,0.0,0.1591,0.0388,-0.0006,-0.0587,0.523,-0.011,0.82
499,4000,0.694,0.1361,0.1701,0.2822,0.4842,-0.018,9.52,162.92,1.83,53849.0,0.0,0.1645,0.04,-0.0006,-0.0597,0.5253,-0.0071,0.82
500,4000,0.695,0.1341,0.1712,0.2727,0.483,-0.0192,8.91,141.66,1.83,53755.0,0.0,0.1611,0.0386,-0.0006,-0.0576,0.5088,-0.0112,0.82
501,4000,0.7005,0.1315,0.1682,0.2909,0.4859,-0.0169,8.6,176.95,1.77,55678.0,0.0,0.1691,0.0404,-0.0007,-0.0613,0.5758,-0.0104,0.82
502,4000,0.6968,0.1319,0.1715,0.2932,0.4522,-0.0214,9.55,170.94,1.85,53262.0,0.0,0.1615,0.0412,-0.0006,-0.0643,0.5502,-0.0115,0.82
503,4000,0.6992,0.132,0.169,0.2743,0.4833,-0.0192,10.41,159.46,1.85,53235.0,0.0,0.1607,0.0397,-0.0007,-0.0592,0.5249,-0.0111,0.82
504,4000,0.6985,0.1307,0.171,0.2672,0.4777,-0.0179,9.42,142.24,1.82,53951.0,0.0,0.1555,0.0411,-0.0007,-0.0565,0.4681,-0.0117,0.82
505,4000,0.7038,0.1286,0.1677,0.2891,0.4847,-0.018,8.3,152.24,1.83,53679.0,0.0,0.1639,0.0412,-0.0006,-0.0626,0.5105,-0.0112,0.82
506,4000,0.6997,0.1285,0.1718,0.2928,0.4702,-0.0175,9.21,167.83,1.83,53703.0,0.0,0.1698,0.0423,-0.0006,-0.0648,0.5075,-0.0114,0.82
507,4000,0.6929,0.1317,0.1756,0.263,0.4773,-0.0213,8.72,150.88,1.83,53685.0,0.0,0.1536,0.0389,-0.0006,-0.0552,0.4899,-0.0117,0.83
508,4000,0.692,0.1314,0.1768,0.2913,0.4885,-0.0169,10.18,152.94,1.82,54096.0,0.0,0.166,0.0411,-0.0006,-0.0629,0.448,-0.0123,0.83
509,4000,0.6918,0.1303,0.1783,0.2929,0.4844,-0.0162,9.4,150.53,1.83,53738.0,0.0,0.1634,0.0417,-0.0006,-0.0624,0.5268,-0.0112,0.83
510,4000,0.6909,0.1314,0.1781,0.2962,0.4583,-0.0221,8.29,152.15,1.84,53425.0,0.0,0.1657,0.0416,-0.0005,-0.0625,0.4805,-0.0107,0.83
511,4000,0.6887,0.1326,0.1791,0.2903,0.463,-0.0201,10.12,148.49,1.81,54333.0,0.0,0.1636,0.0437,-0.0006,-0.0636,0.5617,-0.0117,0.83
512,4000,0.6877,0.1366,0.176,0.2833,0.4827,-0.021,10.24,137.5,1.82,53939.0,0.0,0.1609,0.0396,-0.0007,-0.0605,0.4836,-0.012,0.83
513,4000,0.6818,0.1415,0.1768,0.301,0.4717,-0.0184,9.47,146.68,1.83,53596.0,0.0,0.1667,0.043,-0.0006,-0.0655,0.4991,-0.012,0.83
514,4000,0.6822,0.1426,0.1752,0.3014,0.5004,-0.0164,9.69,171.66,1.83,53837.0,0.0,0.1705,0.0418,-0.0006,-0.0628,0.5248,-0.0123,0.83
515,4000,0.6824,0.1393,0.1783,0.3007,0.4654,-0.0188,8.47,168.8,1.83,53652.0,0.0,0.1652,0.0439,-0.0007,-0.0648,0.4996,-0.0111,0.83
516,4000,0.6814,0.1353,0.1833,0.3028,0.4707,-0.0197,8.63,154.72,1.83,53652.0,0.0,0.1652,0.0433,-0.0007,-0.0651,0.5221,-0.0083,0.83
517,4000,0.6865,0.1342,0.1795,0.2924,0.4894,-0.0176,8.87,138.68,1.83,53667.0,0.0,0.1685,0.0414,-0.0006,-0.0602,0.52,-0.0088,0.83
518,4000,0.6855,0.1357,0.179,0.2831,0.4555,-0.0202,9.39,160.17,1.83,53675.0,0.0,0.1595,0.0423,-0.0006,-0.0592,0.4709,-0.0118,0.83
519,4000,0.6825,0.1368,0.1809,0.2909,0.4827,-0.0169,9.48,158.74,1.83,53652.0,0.0,0.1643,0.0428,-0.0005,-0.0597,0.5516,-0.0116,0.83
520,4000,0.6794,0.1389,0.1819,0.2866,0.4745,-0.0197,8.96,150.88,1.84,53500.0,0.0,0.1612,0.042,-0.0007,-0.0596,0.5402,-0.0107,0.83
521,4000,0.6788,0.1405,0.1809,0.2702,0.4694,-0.0238,8.66,127.85,1.84,53501.0,0.0,0.1575,0.0387,-0.0006,-0.0535,0.5801,-0.0121,0.83
522,4000,0.6788,0.1424,0.1789,0.2852,0.4667,-0.0225,9.49,135.29,1.83,53653.0,0.0,0.1584,0.0403,-0.0007,-0.0582,0.5277,-0.0118,0.83
523,4000,0.6804,0.1404,0.1792,0.2974,0.4827,-0.0183,9.2,153.72,1.83,53789.0,0.0,0.1648,0.043,-0.0006,-0.061,0.4563,-0.0117,0.83
524,4000,0.6767,0.1406,0.1827,0.2854,0.474,-0.019,9.28,141.17,1.82,53993.0,0.0,0.1588,0.0424,-0.0007,-0.059,0.4881,-0.0122,0.83
525,4000,0.6798,0.1417,0.1785,0.2767,0.4932,-0.0213,10.35,166.7,1.83,53708.0,0.0,0.1611,0.0383,-0.0006,-0.0548,0.5419,-0.012,0.83
526,4000,0.6829,0.1433,0.1738,0.2929,0.4809,-0.0204,8.42,138.71,1.83,53760.0,0.0,0.1621,0.0403,-0.0006,-0.0593,0.5038,-0.0127,0.83
527,4000,0.6894,0.1417,0.169,0.2912,0.4792,-0.0175,9.91,164.56,1.84,53540.0,0.0,0.1627,0.0437,-0.0007,-0.061,0.5438,-0.0111,0.83
528,4000,0.686,0.1412,0.1728,0.2987,0.4763,-0.0195,9.14,149.02,1.83,53815.0,0.0,0.1631,0.0426,-0.0007,-0.0611,0.5511,-0.0116,0.83
529,4000,0.6847,0.1406,0.1747,0.2943,0.4634,-0.0207,8.78,150.35,1.83,53731.0,0.0,0.1602,0.0439,-0.0008,-0.06,0.5186,-0.0126,0.83
530,4000,0.6854,0.1388,0.1757,0.3047,0.4627,-0.02,9.72,170.41,1.83,53853.0,0.0,0.1623,0.0416,-0.0006,-0.0609,0.4948,-0.0121,0.83
531,4000,0.6873,0.1349,0.1778,0.2973,0.49,-0.0175,9.93,151.04,1.83,53624.0,0.0,0.165,0.0411,-0.0007,-0.06,0.4299,-0.0105,0.82
532,4000,0.685,0.1344,0.1806,0.2893,0.4835,-0.0175,8.38,164.64,1.84,53548.0,0.0,0.1605,0.0419,-0.0007,-0.0604,0.5132,-0.0115,0.82
533,4000,0.6842,0.1325,0.1834,0.271,0.4718,-0.0208,7.86,151.08,1.82,53994.0,0.0,0.153,0.0395,-0.0008,-0.0549,0.5476,-0.0108,0.82
534,4000,0.6784,0.1348,0.187,0.2934,0.4539,-0.0192,9.0,174.7,1.83,53688.0,0.0,0.1553,0.0443,-0.0007,-0.061,0.5249,-0.0119,0.82
535,4000,0.6757,0.1364,0.1881,0.2975,0.4862,-0.0173,8.86,159.14,1.83,53595.0,0.0,0.1624,0.0418,-0.0008,-0.0617,0.5289,-0.0107,0.82
536,4000,0.6815,0.1329,0.1859,0.294,0.459,-0.0196,7.81,166.03,1.84,53476.0,0.0,0.1583,0.0439,-0.0007,-0.0628,0.5166,-0.0114,0.82
537,4000,0.6837,0.1318,0.1847,0.2804,0.4842,-0.019,9.68,137.27,1.84,53313.0,0.0,0.1606,0.0405,-0.0006,-0.0575,0.4966,-0.012,0.82
538,4000,0.6851,0.1313,0.1838,0.2953,0.4798,-0.0188,10.28,146.98,1.84,53470.0,0.0,0.1622,0.0408,-0.0007,-0.0609,0.4505,-0.0113,0.82
539,4000,0.6859,0.1299,0.1842,0.3012,0.4654,-0.0175,8.84,150.2,1.83,53652.0,0.0,0.1634,0.0429,-0.0007,-0.0638,0.5114,-0.0122,0.82
540,4000,0.6846,0.1306,0.1848,0.2753,0.4723,-0.0202,9.72,159.41,1.84,53503.0,0.0,0.1554,0.0405,-0.0006,-0.0572,0.4716,-0.0123,0.82
541,4000,0.687,0.128,0.185,0.2933,0.4872,-0.0161,9.52,133.38,1.83,53752.0,0.0,0.1641,0.0419,-0.0007,-0.06,0.5199,-0.0127,0.82
542,4000,0.684,0.1326,0.1833,0.2793,0.4665,-0.0207,9.87,154.23,1.82,53993.0,0.0,0.1551,0.0408,-0.0007,-0.0575,0.534,-0.0109,0.82
543,4000,0.6843,0.1321,0.1836,0.3053,0.4562,-0.0194,9.46,151.65,1.82,53932.0,0.0,0.1602,0.0432,-0.0006,-0.063,0.5242,-0.0116,0.82
544,4000,0.6809,0.1352,0.1838,0.2992,0.4725,-0.0214,10.5,145.71,1.85,53267.0,0.0,0.1642,0.0418,-0.0007,-0.0633,0.5502,-0.0125,0.82
545,4000,0.6814,0.1344,0.1843,0.3004,0.4671,-0.0192,9.38,159.29,1.83,53753.0,0.0,0.1631,0.0417,-0.0007,-0.0608,0.552,-0.0122,0.82
546,4000,0.6802,0.139,0.1813,0.3014,0.4711,-0.0209,9.16,150.02,1.82,53903.0,0.0,0.162,0.0414,-0.0007,-0.0631,0.455,-0.012,0.82
547,4000,0.6857,0.1357,0.1791,0.2974,0.4912,-0.0154,8.9,165.35,1.84,53347.0,0.0,0.1671,0.0424,-0.0007,-0.061,0.4625,-0.0124,0.82
548,4000,0.6794,0.1366,0.1847,0.3044,0.4422,-0.0214,9.78,146.82,1.85,53277.0,0.0,0.157,0.0432,-0.0007,-0.0641,0.5135,-0.0108,0.82
549,4000,0.6814,0.1353,0.1837,0.2911,0.476,-0.0182,9.48,154.53,1.84,53563.0,0.0,0.1605,0.042,-0.0007,-0.0611,0.5146,-0.0118,0.82
550,4000,0.6788,0.1352,0.1867,0.3017,0.466,-0.0202,8.87,158.22,1.82,53951.0,0.0,0.1612,0.0428,-0.0007,-0.0629,0.5399,-0.0122,0.82
551,4000,0.6774,0.1374,0.1859,0.2902,0.4815,-0.0193,9.06,144.05,1.83,53821.0,0.0,0.1615,0.0417,-0.0008,-0.0621,0.5646,-0.0114,0.82
552,4000,0.6801,0.139,0.1817,0.2974,0.4807,-0.0196,10.0,161.86,1.82,53997.0,0.0,0.1605,0.0409,-0.0009,-0.0609,0.5619,-0.0088,0.82
553,4000,0.6794,0.1379,0.1836,0.2994,0.4557,-0.0203,10.3,162.55,1.84,53521.0,0.0,0.1583,0.0427,-0.0009,-0.0645,0.4974,-0.0074,0.82
554,4000,0.6778,0.138,0.1854,0.3041,0.4469,-0.0207,9.47,178.39,1.84,53567.0,0.0,0.1588,0.0441,-0.0008,-0.0647,0.485,-0.0118,0.82
555,4000,0.6768,0.1395,0.1848,0.3224,0.4801,-0.0175,9.65,174.48,1.84,53324.0,0.0,0.1677,0.0432,-0.0008,-0.0678,0.5056,-0.011,0.82
556,4000,0.6815,0.1374,0.1818,0.2946,0.4727,-0.018,9.14,155.45,1.83,53825.0,0.0,0.1549,0.0419,-0.0008,-0.0623,0.5468,-0.0111,0.82
557,4000,0.6819,0.1389,0.1797,0.2976,0.4471,-0.0231,8.14,164.5,1.83,53761.0,0.0,0.1538,0.042,-0.0007,-0.0643,0.6193,-0.0121,0.82
558,4000,0.6798,0.1392,0.1814,0.3007,0.4611,-0.0214,8.87,172.63,1.85,53153.0,0.0,0.1557,0.0416,-0.0008,-0.0637,0.5599,-0.0105,0.82
559,4000,0.6739,0.1443,0.1823,0.3234,0.4521,-0.0217,9.01,174.64,1.83,53587.0,0.0,0.1619,0.0427,-0.0007,-0.0682,0.5272,-0.0123,0.82
560,4000,0.6654,0.1484,0.1867,0.3143,0.457,-0.0198,9.69,160.56,1.83,53639.0,0.0,0.1564,0.0419,-0.0007,-0.0662,0.5916,-0.0103,0.82
561,4000,0.6635,0.1493,0.1875,0.3001,0.4583,-0.023,8.49,153.07,1.84,53463.0,0.0,0.1588,0.0405,-0.0008,-0.063,0.5478,-0.0115,0.82
562,4000,0.6625,0.1511,0.1867,0.3326,0.4514,-0.0212,10.18,154.03,1.81,54381.0,0.0,0.1647,0.0441,-0.001,-0.0705,0.51,-0.0104,0.82
563,4000,0.6699,0.1446,0.1858,0.3143,0.4793,-0.0178,9.17,149.66,1.82,54077.0,0.0,0.1648,0.0424,-0.0009,-0.0655,0.4769,-0.0118,0.82
564,4000,0.6729,0.1414,0.1862,0.3159,0.4829,-0.022,9.28,138.06,1.83,53574.0,0.0,0.1635,0.0414,-0.0009,-0.0664,0.5878,-0.0117,0.82
565,4000,0.6727,0.1452,0.1824,0.3167,0.4443,-0.0242,9.34,150.54,1.85,53237.0,0.0,0.1588,0.0431,-0.001,-0.0671,0.4923,-0.0122,0.82
566,4000,0.6688,0.1491,0.1824,0.3152,0.4585,-0.0201,8.35,171.38,1.84,53481.0,0.0,0.1583,0.0448,-0.0013,-0.0671,0.5394,-0.0115,0.82
567,4000,0.6581,0.1516,0.1906,0.3099,0.4562,-0.0174,9.22,179.3,1.79,54923.0,0.0,0.1598,0.0454,-0.001,-0.0668,0.4707,-0.0118,0.82
568,4000,0.6575,0.1487,0.1941,0.3077,0.4562,-0.0206,8.76,157.27,1.83,53643.0,0.0,0.1519,0.0429,-0.001,-0.0637,0.5227,-0.0101,0.82
569,4000,0.6616,0.1467,0.192,0.3066,0.4627,-0.0187,8.62,164.48,1.84,53568.0,0.0,0.1555,0.0423,-0.0009,-0.0634,0.4849,-0.0121,0.82
570,4000,0.6613,0.1474,0.1916,0.2945,0.4676,-0.0208,9.5,145.27,1.83,53576.0,0.0,0.1557,0.0413,-0.0009,-0.0631,0.5191,-0.0102,0.82
571,4000,0.6667,0.1448,0.1886,0.335,0.4773,-0.0174,9.67,154.61,1.78,55158.0,0.0,0.1717,0.045,-0.001,-0.0708,0.5419,-0.0114,0.82
572,4000,0.6681,0.1438,0.1883,0.3001,0.4634,-0.0182,9.47,151.19,1.82,53917.0,0.0,0.155,0.0432,-0.0012,-0.0625,0.4463,-0.0084,0.82
573,4000,0.6688,0.1419,0.1893,0.3088,0.4628,-0.0178,8.38,164.6,1.84,53444.0,0.0,0.1555,0.0439,-0.0009,-0.0636,0.5186,-0.0102,0.82
574,4000,0.6671,0.1381,0.1949,0.3191,0.4586,-0.0183,9.1,158.64,1.84,53551.0,0.0,0.158,0.0452,-0.0013,-0.0663,0.5457,-0.0114,0.82
575,4000,0.6617,0.1429,0.1957,0.3083,0.4535,-0.0224,10.09,155.88,1.83,53816.0,0.0,0.1541,0.043,-0.0012,-0.0636,0.5564,-0.012,0.82
576,4000,0.66,0.1457,0.1946,0.3158,0.4518,-0.0211,8.21,163.0,1.84,53448.0,0.0,0.1586,0.0452,-0.001,-0.0664,0.5497,-0.0116,0.82
577,4000,0.6563,0.1446,0.1993,0.3203,0.4405,-0.0205,9.51,169.02,1.83,53802.0,0.0,0.1591,0.0464,-0.001,-0.0674,0.5465,-0.01,0.82
578,4000,0.6596,0.1404,0.2003,0.3127,0.4746,-0.0184,9.32,142.94,1.84,53557.0,0.0,0.1639,0.0428,-0.001,-0.0615,0.4467,-0.0118,0.82
579,4000,0.6642,0.1372,0.1986,0.3244,0.4567,-0.0178,9.19,168.01,1.84,53523.0,0.0,0.1607,0.0458,-0.001,-0.0671,0.5348,-0.0103,0.82
580,4000,0.6618,0.1374,0.201,0.3228,0.4539,-0.0188,8.95,171.79,1.79,55059.0,0.0,0.1663,0.0457,-0.0009,-0.0656,0.5,-0.0112,0.82
581,4000,0.6604,0.137,0.2029,0.3296,0.4684,-0.0185,9.48,172.75,1.84,53403.0,0.0,0.1662,0.0445,-0.0012,-0.0655,0.5533,-0.011,0.82
582,4000,0.6621,0.1404,0.1979,0.3186,0.4465,-0.0237,8.29,186.57,1.83,53718.0,0.0,0.1577,0.044,-0.0011,-0.0649,0.5674,-0.0108,0.82
583,4000,0.6638,0.1431,0.1936,0.3206,0.458,-0.0214,9.53,150.49,1.83,53790.0,0.0,0.1605,0.0442,-0.0011,-0.0651,0.5524,-0.0122,0.82
584,4000,0.6585,0.1445,0.1974,0.2985,0.4419,-0.0198,9.55,160.68,1.85,53246.0,0.0,0.1521,0.0449,-0.0011,-0.0603,0.4871,-0.0117,0.82
585,4000,0.6524,0.1476,0.2002,0.2889,0.4618,-0.0213,8.77,149.41,1.85,53264.0,0.0,0.1509,0.0415,-0.0011,-0.0557,0.4277,-0.0116,0.82
586,4000,0.6518,0.1485,0.1999,0.3215,0.4439,-0.0195,9.26,153.62,1.83,53662.0,0.0,0.1603,0.0462,-0.001,-0.0636,0.5046,-0.0117,0.82
587,4000,0.6474,0.1488,0.2041,0.3307,0.4414,-0.0199,9.68,142.73,1.84,53354.0,0.0,0.1595,0.0464,-0.0011,-0.0647,0.5385,-0.0114,0.82
588,4000,0.6475,0.1482,0.2046,0.3351,0.4452,-0.02,9.57,165.2,1.84,53432.0,0.0,0.1641,0.0482,-0.0012,-0.0651,0.4754,-0.011,0.82
589,4000,0.6444,0.1491,0.2067,0.3217,0.4536,-0.0174,9.6,161.69,1.84,53317.0,0.0,0.1618,0.0467,-0.001,-0.0635,0.4876,-0.0124,0.82
590,4000,0.6444,0.147,0.2088,0.3368,0.4303,-0.0195,9.52,188.26,1.83,53756.0,0.0,0.1647,0.048,-0.0011,-0.0652,0.4758,-0.0098,0.82
591,4000,0.6397,0.1464,0.2141,0.3233,0.4441,-0.0199,9.86,165.76,1.84,53467.0,0.0,0.1606,0.0472,-0.0011,-0.0631,0.4804,-0.0115,0.82
592,4000,0.6409,0.1458,0.2136,0.3239,0.4483,-0.0188,9.14,164.96,1.83,53594.0,0.0,0.162,0.0467,-0.0009,-0.0634,0.5084,-0.0108,0.82
593,4000,0.647,0.1414,0.2118,0.3374,0.4787,-0.0172,9.57,160.41,1.85,53161.0,0.0,0.1766,0.0477,-0.0009,-0.0656,0.4486,-0.012,0.82
594,4000,0.6479,0.1375,0.2149,0.3508,0.4447,-0.0178,10.02,165.0,1.81,54234.0,0.0,0.1728,0.051,-0.0011,-0.0675,0.4867,-0.0095,0.82
595,4000,0.6493,0.1341,0.2169,0.3386,0.4575,-0.0174,9.36,161.23,1.84,53341.0,0.0,0.1691,0.0491,-0.0009,-0.0666,0.4677,-0.0091,0.82
596,4000,0.651,0.1332,0.2164,0.341,0.4413,-0.0166,8.51,179.62,1.84,53341.0,0.0,0.1659,0.0512,-0.0012,-0.0675,0.547,-0.01,0.82
597,4000,0.6458,0.1349,0.2197,0.3295,0.4521,-0.019,8.89,139.06,1.82,53956.0,0.0,0.1636,0.0475,-0.0011,-0.0648,0.539,-0.0111,0.82
598,4000,0.6435,0.1371,0.2201,0.3072,0.4448,-0.02,9.23,167.15,1.82,53867.0,0.0,0.1596,0.0472,-0.0012,-0.0609,0.4904,-0.0102,0.82
599,4000,0.6424,0.1388,0.2195,0.3094,0.4638,-0.0193,9.55,169.33,1.83,53733.0,0.0,0.1623,0.0449,-0.001,-0.0597,0.4677,-0.0116,0.82
600,4000,0.6367,0.14,0.2238,0.3521,0.4446,-0.0185,10.37,170.79,1.84,53451.0,0.0,0.1721,0.0512,-0.0013,-0.0699,0.4704,-0.0114,0.82
601,4000,0.6394,0.1365,0.2244,0.3336,0.4827,-0.0172,9.97,125.7,1.83,53785.0,0.0,0.1761,0.0467,-0.0014,-0.064,0.5384,-0.0101,0.82
602,4000,0.6479,0.1348,0.2175,0.3383,0.4693,-0.018,9.9,179.19,1.84,53514.0,0.0,0.1721,0.0482,-0.0014,-0.0646,0.5473,-0.0107,0.82
603,4000,0.6509,0.1329,0.2165,0.3324,0.4658,-0.0194,8.35,149.61,1.83,53599.0,0.0,0.1721,0.0476,-0.0015,-0.0649,0.5347,-0.0114,0.82
604,4000,0.6491,0.136,0.2151,0.3049,0.4517,-0.0213,9.03,143.67,1.77,55582.0,0.0,0.1621,0.0453,-0.0014,-0.06,0.5268,-0.0118,0.82
605,4000,0.649,0.1374,0.2141,0.3283,0.4583,-0.0166,9.2,165.72,1.85,53110.0,0.0,0.1647,0.0488,-0.0012,-0.064,0.5521,-0.0115,0.82
606,4000,0.6507,0.1378,0.212,0.321,0.4578,-0.0214,10.14,182.83,1.83,53696.0,0.0,0.1676,0.0458,-0.0012,-0.0611,0.5003,-0.011,0.82
607,4000,0.653,0.139,0.2084,0.3053,0.4565,-0.0199,9.17,156.9,1.84,53415.0,0.0,0.1618,0.0463,-0.0012,-0.0597,0.4989,-0.0115,0.82
608,4000,0.653,0.1393,0.208,0.3224,0.4646,-0.0175,9.88,169.1,1.84,53559.0,0.0,0.1695,0.0463,-0.0013,-0.0613,0.4709,-0.0101,0.82
609,4000,0.6608,0.1345,0.2049,0.3137,0.473,-0.0158,9.12,166.21,1.83,53612.0,0.0,0.1695,0.0475,-0.0013,-0.0602,0.4647,-0.0106,0.82
610,4000,0.6588,0.1367,0.2047,0.3128,0.46,-0.0193,9.51,160.28,1.83,53638.0,0.0,0.1682,0.0459,-0.0013,-0.0598,0.4864,-0.0124,0.82
611,4000,0.6606,0.1404,0.1993,0.3145,0.4644,-0.0208,9.28,176.49,1.83,53857.0,0.0,0.1701,0.0461,-0.0013,-0.0612,0.5043,-0.0099,0.82
612,4000,0.6575,0.1414,0.2014,0.3286,0.4586,-0.0195,9.69,149.94,1.83,53710.0,0.0,0.1663,0.0492,-0.0015,-0.0637,0.4533,-0.0116,0.82
613,4000,0.66,0.1389,0.2016,0.3207,0.4518,-0.0187,8.31,172.58,1.84,53521.0,0.0,0.1647,0.0489,-0.0013,-0.0626,0.5347,-0.0107,0.82
614,4000,0.6571,0.1361,0.207,0.3421,0.4701,-0.0161,9.77,172.68,1.82,53922.0,0.0,0.1768,0.0517,-0.0011,-0.0665,0.563,-0.0122,0.82
615,4000,0.6501,0.1391,0.2111,0.3284,0.436,-0.0221,9.66,152.14,1.83,53724.0,0.0,0.1621,0.0498,-0.0013,-0.0644,0.5003,-0.0107,0.82
616,4000,0.6471,0.1426,0.2106,0.3436,0.4522,-0.0197,9.06,169.17,1.81,54188.0,0.0,0.1711,0.0504,-0.0012,-0.0674,0.5747,-0.0121,0.82
617,4000,0.6452,0.1439,0.2114,0.3147,0.4576,-0.0223,9.59,142.47,1.84,53433.0,0.0,0.1625,0.0455,-0.0014,-0.0603,0.5907,-0.0106,0.82
618,4000,0.6453,0.1476,0.2076,0.3388,0.4656,-0.018,10.17,174.72,1.84,53323.0,0.0,0.1749,0.0484,-0.0013,-0.0654,0.5733,-0.0122,0.82
619,4000,0.6437,0.1481,0.2087,0.3444,0.447,-0.0187,9.36,152.18,1.83,53712.0,0.0,0.1704,0.0502,-0.0013,-0.0668,0.5859,-0.0117,0.82
620,4000,0.6402,0.147,0.2131,0.3299,0.4469,-0.0205,9.74,145.35,1.84,53541.0,0.0,0.1693,0.048,-0.0013,-0.0635,0.6115,-0.011,0.82
621,4000,0.639,0.1468,0.2144,0.3196,0.4583,-0.0192,9.56,163.39,1.84,53415.0,0.0,0.1666,0.0471,-0.0012,-0.0609,0.4777,-0.0118,0.82
622,4000,0.6426,0.1447,0.2127,0.3084,0.4728,-0.0197,9.77,155.01,1.85,53225.0,0.0,0.1655,0.0461,-0.0014,-0.0593,0.5909,-0.0115,0.82
623,4000,0.6476,0.1448,0.2077,0.332,0.4751,-0.0196,10.71,153.04,1.85,53251.0,0.0,0.1739,0.0461,-0.0012,-0.0634,0.5266,-0.0123,0.82
624,4000,0.6537,0.1447,0.2016,0.313,0.4704,-0.0207,9.46,169.1,1.83,53702.0,0.0,0.1661,0.0463,-0.0011,-0.0599,0.6352,-0.0114,0.82
625,4000,0.662,0.1393,0.1987,0.3126,0.465,-0.0215,9.52,130.7,1.83,53596.0,0.0,0.1657,0.0449,-0.0012,-0.0603,0.5526,-0.0127,0.82
626,4000,0.6625,0.1398,0.1976,0.3386,0.465,-0.0183,9.15,178.1,1.84,53504.0,0.0,0.1723,0.0495,-0.0013,-0.0667,0.6021,-0.0121,0.81
627,4000,0.6608,0.139,0.2003,0.3348,0.4649,-0.0189,9.03,173.75,1.85,53262.0,0.0,0.1767,0.0495,-0.0011,-0.0657,0.6,-0.012,0.81
628,4000,0.6584,0.1395,0.202,0.3211,0.4533,-0.0191,10.15,170.2,1.84,53306.0,0.0,0.1685,0.0486,-0.0013,-0.0643,0.5956,-0.0124,0.81
629,4000,0.6605,0.1355,0.2041,0.3317,0.4586,-0.019,8.71,163.34,1.84,53375.0,0.0,0.1731,0.0492,-0.0009,-0.066,0.5424,-0.0117,0.81
630,4000,0.6589,0.1364,0.2047,0.3134,0.474,-0.0192,10.37,163.13,1.84,53403.0,0.0,0.1683,0.0458,-0.0012,-0.0619,0.5545,-0.0122,0.81
631,4000,0.6632,0.1362,0.2006,0.3336,0.4797,-0.0161,9.68,151.14,1.83,53649.0,0.0,0.1792,0.0497,-0.0013,-0.0657,0.5779,-0.0102,0.81
632,4000,0.6641,0.1346,0.2015,0.3549,0.4573,-0.016,10.93,179.95,1.85,53272.0,0.0,0.1815,0.0535,-0.0013,-0.0709,0.4784,-0.0112,0.81
633,4000,0.667,0.1301,0.2031,0.3271,0.4704,-0.0162,9.63,158.9,1.85,53148.0,0.0,0.1733,0.0501,-0.0014,-0.0649,0.4939,-0.0116,0.81
634,4000,0.6708,0.1264,0.2031,0.3282,0.4837,-0.013,9.95,160.97,1.84,53375.0,0.0,0.1775,0.0507,-0.0013,-0.0648,0.5035,-0.0122,0.81
635,4000,0.6758,0.1254,0.1991,0.3372,0.454,-0.0206,8.9,164.42,1.85,53140.0,0.0,0.1775,0.0518,-0.0011,-0.0678,0.5258,-0.0115,0.81
636,4000,0.6742,0.1276,0.1986,0.3162,0.4708,-0.0169,9.93,162.45,1.84,53303.0,0.0,0.1728,0.0497,-0.0013,-0.0622,0.5343,-0.0119,0.81
637,4000,0.674,0.1282,0.1983,0.3246,0.4702,-0.018,8.83,159.36,1.85,53019.0,0.0,0.1742,0.0495,-0.0016,-0.0647,0.5503,-0.0108,0.81
638,4000,0.6666,0.1335,0.2006,0.3438,0.4229,-0.0226,8.78,165.8,1.85,53038.0,0.0,0.1732,0.0525,-0.0014,-0.0692,0.5549,-0.0114,0.81
639,4000,0.6643,0.1341,0.2023,0.3237,0.4592,-0.0159,9.78,167.03,1.86,52883.0,0.0,0.1718,0.0513,-0.0015,-0.0642,0.4431,-0.0118,0.81
640,4000,0.6566,0.1355,0.2086,0.3535,0.4043,-0.0209,9.64,154.79,1.85,53173.0,0.0,0.1741,0.056,-0.0012,-0.0739,0.5273,-0.0103,0.81
641,4000,0.6509,0.1378,0.212,0.3228,0.4369,-0.0227,8.46,168.24,1.85,53235.0,0.0,0.1659,0.05,-0.0012,-0.0651,0.5775,-0.0105,0.81
642,4000,0.6436,0.1424,0.2146,0.3452,0.4055,-0.0221,8.93,198.37,1.85,53125.0,0.0,0.172,0.0555,-0.0014,-0.0716,0.4882,-0.0113,0.81
643,4000,0.6365,0.1406,0.2234,0.385,0.4221,-0.0154,9.71,189.81,1.85,53253.0,0.0,0.1898,0.0599,-0.0011,-0.0801,0.5861,-0.0109,0.81
644,4000,0.6325,0.1399,0.2281,0.3475,0.4446,-0.021,9.21,177.72,1.84,53493.0,0.0,0.1795,0.0528,-0.0015,-0.0702,0.4923,-0.0118,0.81
645,4000,0.6308,0.1404,0.2293,0.3359,0.4302,-0.0206,9.19,179.45,1.85,53167.0,0.0,0.1741,0.053,-0.0011,-0.0687,0.5815,-0.0101,0.81
646,4000,0.628,0.1381,0.2346,0.3501,0.4359,-0.0174,9.38,169.37,1.85,53082.0,0.0,0.1799,0.0558,-0.0013,-0.0723,0.6043,-0.0118,0.81
647,4000,0.6261,0.1404,0.234,0.328,0.4282,-0.0238,9.54,156.96,1.83,53626.0,0.0,0.1685,0.0514,-0.0015,-0.0653,0.5005,-0.011,0.81
648,4000,0.6274,0.1436,0.2295,0.3629,0.4763,-0.0148,10.72,169.6,1.85,53057.0,0.0,0.192,0.0534,-0.0013,-0.0746,0.6061,-0.0118,0.81
649,4000,0.6313,0.1441,0.2251,0.3365,0.4549,-0.0186,10.93,185.73,1.82,53884.0,0.0,0.1803,0.0512,-0.0014,-0.0667,0.575,-0.0115,0.81
650,4000,0.6321,0.1422,0.2261,0.355,0.4553,-0.0164,10.8,164.78,1.85,53043.0,0.0,0.183,0.0539,-0.0019,-0.0713,0.4738,-0.0116,0.81
651,4000,0.6305,0.1386,0.231,0.3564,0.4324,-0.0189,9.91,172.53,1.84,53522.0,0.0,0.1834,0.0537,-0.0012,-0.0732,0.5111,-0.012,0.81
652,4000,0.6295,0.1389,0.2315,0.3663,0.4542,-0.0171,10.17,166.85,1.85,53121.0,0.0,0.1894,0.0542,-0.0012,-0.0752,0.5297,-0.0106,0.81
653,4000,0.6314,0.1358,0.2328,0.3544,0.4391,-0.0167,9.56,176.94,1.85,53012.0,0.0,0.1863,0.055,-0.0012,-0.0714,0.5656,-0.0111,0.81
654,4000,0.6337,0.1365,0.2298,0.3572,0.4473,-0.0188,10.09,180.03,1.85,53159.0,0.0,0.182,0.0535,-0.0011,-0.0727,0.5472,-0.0102,0.81
655,4000,0.635,0.1419,0.2232,0.3422,0.4415,-0.0228,10.29,173.37,1.85,53159.0,0.0,0.1772,0.0512,-0.0012,-0.0692,0.5223,-0.0115,0.81
656,4000,0.6342,0.1408,0.2251,0.3508,0.4298,-0.0199,9.37,167.33,1.85,53156.0,0.0,0.1798,0.0536,-0.0015,-0.0705,0.5513,-0.0096,0.81
657,4000,0.6319,0.1406,0.2276,0.3537,0.4395,-0.0175,9.38,188.54,1.86,52788.0,0.0,0.1838,0.0546,-0.0013,-0.0718,0.4633,-0.0113,0.81
658,4000,0.6362,0.1393,0.2247,0.3597,0.4601,-0.018,11.12,176.93,1.84,53334.0,0.0,0.1931,0.0531,-0.0011,-0.0725,0.485,-0.0108,0.81
659,4000,0.642,0.1367,0.2215,0.3393,0.4329,-0.0199,8.65,160.84,1.85,53157.0,0.0,0.1743,0.0525,-0.0011,-0.0684,0.5046,-0.0112,0.81
660,4000,0.6456,0.1343,0.2203,0.3471,0.4599,-0.0167,8.94,182.5,1.85,53272.0,0.0,0.1787,0.052,-0.0014,-0.0693,0.4812,-0.0125,0.81
661,4000,0.6447,0.1329,0.2228,0.3567,0.4362,-0.0189,9.81,156.82,1.84,53300.0,0.0,0.1852,0.0533,-0.001,-0.0716,0.5035,-0.0108,0.81
662,4000,0.6465,0.1326,0.2213,0.3474,0.45,-0.0201,9.27,168.09,1.85,53177.0,0.0,0.1834,0.0518,-0.0012,-0.0698,0.576,-0.0091,0.81
663,4000,0.6408,0.1335,0.2261,0.3478,0.4196,-0.0179,9.39,164.72,1.86,52812.0,0.0,0.1814,0.0543,-0.0012,-0.0691,0.4844,-0.0102,0.81
664,4000,0.6312,0.1351,0.2342,0.3763,0.4108,-0.0188,8.92,188.66,1.85,53264.0,0.0,0.1906,0.0562,-0.001,-0.0766,0.4603,-0.0111,0.81
665,4000,0.6228,0.1347,0.2431,0.3652,0.4275,-0.0182,9.64,174.88,1.85,53033.0,0.0,0.1821,0.0555,-0.0011,-0.0737,0.4815,-0.011,0.81
666,4000,0.6217,0.134,0.2448,0.3513,0.4317,-0.0175,8.99,147.22,1.85,53061.0,0.0,0.1792,0.0538,-0.0013,-0.0697,0.4432,-0.0119,0.81
667,4000,0.6206,0.1343,0.2456,0.3894,0.4168,-0.0168,9.58,179.47,1.84,53438.0,0.0,0.1858,0.0593,-0.0009,-0.0795,0.4893,-0.0102,0.81
668,4000,0.6146,0.1392,0.2467,0.3501,0.4416,-0.0175,10.6,180.31,1.84,53394.0,0.0,0.1882,0.053,-0.0011,-0.0688,0.5075,-0.0107,0.81
669,4000,0.6098,0.142,0.2487,0.3514,0.4166,-0.02,8.39,186.59,1.86,52958.0,0.0,0.1754,0.0542,-0.0012,-0.0712,0.5374,-0.0094,0.81
670,4000,0.6077,0.1396,0.2531,0.3624,0.4218,-0.018,10.66,189.87,1.86,52827.0,0.0,0.1832,0.056,-0.0011,-0.0724,0.4365,-0.0108,0.81
671,4000,0.6026,0.141,0.2566,0.3727,0.3925,-0.021,9.43,173.42,1.86,52814.0,0.0,0.181,0.0559,-0.0009,-0.0744,0.4958,-0.0121,0.81
672,4000,0.6025,0.1445,0.2531,0.3372,0.4305,-0.0186,9.53,165.32,1.84,53413.0,0.0,0.1742,0.0527,-0.0012,-0.0674,0.4585,-0.0124,0.81
673,4000,0.6014,0.1426,0.256,0.388,0.4118,-0.0178,9.57,182.76,1.87,52703.0,0.0,0.1892,0.0578,-0.0009,-0.0775,0.45,-0.0115,0.81
674,4000,0.6017,0.1416,0.2566,0.3675,0.4319,-0.0177,8.6,182.4,1.86,52983.0,0.0,0.1868,0.0549,-0.001,-0.0735,0.4441,-0.0107,0.81
675,4000,0.601,0.1401,0.2589,0.3566,0.4473,-0.0175,9.99,177.45,1.84,53296.0,0.0,0.1802,0.0525,-0.0009,-0.0701,0.4497,-0.0125,0.81
676,4000,0.6072,0.1364,0.2564,0.3775,0.4226,-0.0195,8.66,163.68,1.84,53409.0,0.0,0.1849,0.0555,-0.0011,-0.0752,0.4794,-0.0111,0.81
677,4000,0.6099,0.1333,0.2569,0.3815,0.4388,-0.0163,8.86,173.0,1.83,53755.0,0.0,0.1883,0.0564,-0.001,-0.0765,0.4672,-0.0116,0.81
678,4000,0.6137,0.1304,0.2559,0.3515,0.4491,-0.0155,9.35,191.66,1.85,53187.0,0.0,0.1832,0.0539,-0.001,-0.0693,0.4682,-0.0098,0.81
679,4000,0.6101,0.1306,0.2593,0.3693,0.4082,-0.0161,10.35,205.57,1.83,53616.0,0.0,0.1853,0.0573,-0.0008,-0.0737,0.4736,-0.0112,0.81
680,4000,0.6038,0.1297,0.2668,0.3679,0.4118,-0.0169,9.81,179.22,1.85,53276.0,0.0,0.1843,0.0565,-0.0007,-0.0723,0.4468,-0.0119,0.81
681,4000,0.6042,0.1311,0.265,0.3592,0.4553,-0.0177,10.51,151.43,1.86,52956.0,0.0,0.1873,0.0527,-0.0009,-0.0691,0.4986,-0.0119,0.81
682,4000,0.6071,0.1314,0.2617,0.3494,0.4229,-0.0187,9.7,183.94,1.84,53462.0,0.0,0.1763,0.0533,-0.0007,-0.0682,0.5195,-0.0096,0.81
683,4000,0.6048,0.1327,0.2628,0.3699,0.4149,-0.0173,10.56,179.85,1.86,52916.0,0.0,0.1841,0.0578,-0.0009,-0.0728,0.5134,-0.0108,0.81
684,4000,0.6049,0.1312,0.2645,0.3706,0.4176,-0.0176,9.66,186.88,1.84,53369.0,0.0,0.1852,0.0584,-0.001,-0.0727,0.5408,-0.0119,0.81
685,4000,0.5998,0.1323,0.2684,0.3697,0.4205,-0.018,10.33,170.7,1.85,53188.0,0.0,0.1848,0.0561,-0.0009,-0.0732,0.5249,-0.0116,0.81
686,4000,0.6032,0.1338,0.2635,0.3351,0.4521,-0.019,9.42,157.33,1.86,52907.0,0.0,0.1781,0.0497,-0.0008,-0.0633,0.5663,-0.0121,0.81
687,4000,0.6043,0.1335,0.2626,0.3677,0.4117,-0.0178,10.13,172.17,1.85,53135.0,0.0,0.1819,0.0564,-0.0008,-0.0711,0.5516,-0.0128,0.81
688,4000,0.6047,0.1347,0.2612,0.3487,0.4404,-0.0199,9.92,166.45,1.86,52914.0,0.0,0.1763,0.0513,-0.0008,-0.0675,0.4631,-0.0083,0.81
689,4000,0.603,0.1373,0.26,0.3658,0.4252,-0.018,9.55,168.97,1.86,52816.0,0.0,0.1847,0.0541,-0.0009,-0.0705,0.5273,-0.0076,0.81
690,4000,0.5992,0.1397,0.2613,0.3732,0.4071,-0.0204,9.87,179.65,1.79,54773.0,0.0,0.1821,0.0557,-0.0008,-0.0714,0.4919,-0.0117,0.81
691,4000,0.5985,0.1404,0.2613,0.3388,0.4379,-0.0179,9.17,139.46,1.84,53292.0,0.0,0.1761,0.052,-0.0009,-0.0644,0.5071,-0.0121,0.81
692,4000,0.6065,0.1368,0.2569,0.3427,0.4566,-0.0176,10.58,163.75,1.84,53442.0,0.0,0.1828,0.0498,-0.0009,-0.0633,0.4725,-0.0127,0.81
693,4000,0.6107,0.1362,0.2534,0.3429,0.4553,-0.0163,10.26,165.36,1.85,53074.0,0.0,0.1834,0.0516,-0.0009,-0.0654,0.4863,-0.0117,0.81
694,4000,0.619,0.1333,0.2479,0.3543,0.441,-0.0173,9.09,173.0,1.87,52646.0,0.0,0.1854,0.0534,-0.0009,-0.0668,0.5702,-0.0084,0.81
695,4000,0.6226,0.1334,0.2446,0.3498,0.4387,-0.0196,10.77,179.02,1.86,52713.0,0.0,0.1802,0.0517,-0.0008,-0.0657,0.4417,-0.0089,0.81
696,4000,0.6232,0.1319,0.2458,0.3681,0.4248,-0.0152,8.97,177.8,1.86,52881.0,0.0,0.1856,0.0575,-0.0008,-0.0706,0.5013,-0.0121,0.81
697,4000,0.62,0.1308,0.2501,0.3525,0.4487,-0.0155,9.91,179.85,1.85,53107.0,0.0,0.1818,0.0546,-0.0008,-0.0673,0.5299,-0.0111,0.81
698,4000,0.6263,0.1277,0.2468,0.3504,0.4385,-0.0158,9.76,175.31,1.85,53111.0,0.0,0.1816,0.0535,-0.0008,-0.0682,0.507,-0.0116,0.81
699,4000,0.6258,0.1281,0.2468,0.3525,0.4311,-0.0175,9.93,185.95,1.84,53341.0,0.0,0.1838,0.0553,-0.001,-0.069,0.4721,-0.0118,0.81
700,4000,0.6268,0.1284,0.2453,0.3596,0.4537,-0.016,10.5,162.18,1.86,52967.0,0.0,0.1863,0.0557,-0.0008,-0.0694,0.516,-0.0107,0.81
701,4000,0.6288,0.1294,0.2422,0.3555,0.448,-0.0168,9.73,158.66,1.85,53078.0,0.0,0.1864,0.0551,-0.0007,-0.0701,0.5294,-0.0121,0.81
702,4000,0.6295,0.1296,0.2411,0.3577,0.4622,-0.0169,10.6,166.77,1.84,53348.0,0.0,0.1884,0.0533,-0.001,-0.068,0.5331,-0.0118,0.81
703,4000,0.6306,0.1297,0.24,0.35,0.4284,-0.0199,9.95,169.82,1.85,53113.0,0.0,0.181,0.0532,-0.0009,-0.0674,0.4743,-0.0071,0.81
704,4000,0.6337,0.1268,0.2397,0.3648,0.4567,-0.0166,10.76,178.27,1.86,52748.0,0.0,0.1913,0.0549,-0.0008,-0.0697,0.4807,-0.0077,0.81
705,4000,0.6345,0.1227,0.243,0.3736,0.4256,-0.0147,10.47,172.4,1.85,53169.0,0.0,0.1879,0.0585,-0.0009,-0.0734,0.4572,-0.0106,0.81
706,4000,0.6368,0.1207,0.2424,0.3545,0.4497,-0.0173,9.38,200.44,1.82,54050.0,0.0,0.1883,0.0556,-0.0006,-0.0678,0.5707,-0.0107,0.81
707,4000,0.6346,0.1234,0.2422,0.3335,0.4453,-0.0204,9.44,156.14,1.85,53062.0,0.0,0.1757,0.0506,-0.0008,-0.0632,0.5924,-0.0112,0.81
708,4000,0.6337,0.1275,0.239,0.333,0.4662,-0.0183,10.87,170.98,1.84,53382.0,0.0,0.1804,0.0494,-0.0009,-0.0635,0.5184,-0.0121,0.81
709,4000,0.6376,0.1262,0.2366,0.3344,0.4664,-0.0172,9.97,177.03,1.85,53070.0,0.0,0.1837,0.052,-0.0008,-0.0635,0.5687,-0.0087,0.81
710,4000,0.6341,0.1285,0.2379,0.3278,0.4147,-0.0224,9.83,168.92,1.85,53172.0,0.0,0.1758,0.0525,-0.0008,-0.0642,0.5278,-0.0111,0.81
711,4000,0.637,0.1288,0.2346,0.3312,0.4492,-0.0179,7.72,175.24,1.86,52898.0,0.0,0.1788,0.051,-0.0008,-0.063,0.5608,-0.0121,0.81
712,4000,0.6339,0.1319,0.2344,0.3394,0.4193,-0.0215,9.89,171.85,1.86,52819.0,0.0,0.1824,0.0527,-0.0007,-0.0655,0.5724,-0.0105,0.81
713,4000,0.6358,0.1339,0.2305,0.3376,0.4624,-0.0161,10.3,179.68,1.85,53268.0,0.0,0.1838,0.0518,-0.0008,-0.0646,0.515,-0.01,0.81
714,4000,0.6391,0.1303,0.2311,0.3446,0.4615,-0.0142,10.29,176.21,1.85,53022.0,0.0,0.1812,0.0536,-0.0008,-0.0666,0.6048,-0.0109,0.81
715,4000,0.6435,0.1287,0.2283,0.3178,0.448,-0.0208,9.92,149.53,1.84,53458.0,0.0,0.1734,0.0499,-0.0009,-0.0602,0.5724,-0.012,0.81
716,4000,0.6431,0.133,0.2244,0.3443,0.4551,-0.0172,9.58,153.88,1.84,53364.0,0.0,0.1812,0.0531,-0.0009,-0.066,0.5487,-0.0119,0.81
717,4000,0.6433,0.1347,0.2223,0.336,0.46,-0.0164,10.98,174.54,1.84,53457.0,0.0,0.1787,0.0515,-0.0008,-0.0624,0.5644,-0.0124,0.81
718,4000,0.6523,0.1306,0.2174,0.3396,0.4683,-0.0174,9.04,151.28,1.84,53330.0,0.0,0.1815,0.0512,-0.0011,-0.0641,0.6302,-0.0116,0.81
719,4000,0.6526,0.1348,0.2132,0.3236,0.4271,-0.0254,8.88,159.32,1.8,54588.0,0.0,0.1741,0.0495,-0.0009,-0.0606,0.5148,-0.0115,0.81
720,4000,0.652,0.1377,0.2108,0.3354,0.4896,-0.0157,10.29,150.72,1.84,53287.0,0.0,0.1874,0.0503,-0.0009,-0.0622,0.499,-0.012,0.81
721,4000,0.6604,0.1353,0.2049,0.3212,0.4717,-0.016,9.46,164.85,1.84,53423.0,0.0,0.1779,0.0512,-0.0009,-0.0603,0.5702,-0.0097,0.81
722,4000,0.664,0.133,0.2037,0.3089,0.4748,-0.0166,10.07,152.83,1.85,53076.0,0.0,0.1741,0.0483,-0.0008,-0.0569,0.5223,-0.0119,0.81
723,4000,0.666,0.1306,0.2042,0.3184,0.4644,-0.0197,10.01,171.21,1.85,53134.0,0.0,0.1718,0.0501,-0.0008,-0.059,0.5025,-0.0094,0.81
724,4000,0.6664,0.1312,0.2031,0.3169,0.4651,-0.0184,10.05,163.17,1.85,53086.0,0.0,0.1716,0.0493,-0.0009,-0.0575,0.5487,-0.0122,0.81
725,4000,0.6657,0.1299,0.2051,0.3429,0.4597,-0.0184,10.92,165.92,1.85,53223.0,0.0,0.1787,0.0529,-0.0009,-0.0643,0.569,-0.0092,0.81
726,4000,0.6621,0.1323,0.2064,0.3454,0.443,-0.0207,9.71,146.93,1.81,54234.0,0.0,0.1822,0.0522,-0.0008,-0.0641,0.5311,-0.0091,0.81
727,4000,0.661,0.1304,0.2096,0.3555,0.4612,-0.0157,8.76,167.69,1.85,53190.0,0.0,0.1877,0.0543,-0.0008,-0.0662,0.5458,-0.0127,0.81
728,4000,0.6553,0.1296,0.216,0.3615,0.4311,-0.0199,9.66,163.4,1.86,52886.0,0.0,0.1871,0.0563,-0.001,-0.0678,0.4785,-0.0081,0.81
729,4000,0.6551,0.1272,0.2183,0.3449,0.4543,-0.0153,10.38,143.91,1.85,53205.0,0.0,0.1867,0.0539,-0.0009,-0.0643,0.5063,-0.0075,0.81
730,4000,0.6523,0.1282,0.22,0.3211,0.4424,-0.0178,9.25,169.39,1.84,53285.0,0.0,0.1742,0.0522,-0.0007,-0.0604,0.5184,-0.0115,0.81
731,4000,0.6519,0.13,0.2186,0.3148,0.4696,-0.0166,9.17,165.12,1.84,53414.0,0.0,0.1732,0.0499,-0.0007,-0.0595,0.597,-0.0084,0.81
732,4000,0.6502,0.1307,0.2196,0.3455,0.4496,-0.0178,9.8,148.97,1.85,53200.0,0.0,0.1826,0.0533,-0.0008,-0.0629,0.5375,-0.0095,0.81
733,4000,0.652,0.1318,0.2166,0.3404,0.4543,-0.0168,9.75,160.73,1.85,53165.0,0.0,0.1779,0.0528,-0.0009,-0.064,0.6446,-0.0109,0.81
734,4000,0.6551,0.1311,0.214,0.3189,0.4465,-0.0205,9.09,167.94,1.85,53153.0,0.0,0.1716,0.0507,-0.001,-0.0593,0.5617,-0.0114,0.81
735,4000,0.6515,0.132,0.2168,0.3525,0.4538,-0.0155,10.5,167.07,1.86,52886.0,0.0,0.1851,0.0556,-0.0008,-0.0666,0.49,-0.0114,0.82
736,4000,0.6481,0.1281,0.2241,0.3685,0.4397,-0.0155,9.5,180.2,1.85,53243.0,0.0,0.1923,0.0559,-0.0007,-0.0684,0.544,-0.012,0.82
737,4000,0.6454,0.1291,0.2257,0.3403,0.4612,-0.0185,8.96,154.41,1.85,53275.0,0.0,0.1805,0.0512,-0.0009,-0.0629,0.5467,-0.0118,0.82
738,4000,0.6452,0.1309,0.2241,0.3498,0.4561,-0.0174,10.65,182.23,1.85,53260.0,0.0,0.1864,0.0541,-0.0008,-0.0635,0.6105,-0.0114,0.82
739,4000,0.6429,0.1312,0.2262,0.364,0.4349,-0.0168,10.42,185.02,1.86,52882.0,0.0,0.1891,0.0569,-0.0008,-0.0678,0.5643,-0.0114,0.82
740,4000,0.6415,0.1301,0.2286,0.3379,0.4373,-0.0177,9.42,175.36,1.85,53190.0,0.0,0.1768,0.0529,-0.0008,-0.0618,0.5207,-0.0099,0.82
741,4000,0.6374,0.1301,0.2326,0.3423,0.4239,-0.0181,10.27,176.34,1.84,53363.0,0.0,0.1754,0.0549,-0.0007,-0.0623,0.5273,-0.0108,0.82
742,4000,0.6331,0.1308,0.2362,0.3502,0.4174,-0.019,9.57,166.29,1.87,52691.0,0.0,0.1796,0.0549,-0.0009,-0.0641,0.4842,-0.0124,0.82
743,4000,0.632,0.1306,0.2376,0.3524,0.4503,-0.0165,9.79,142.62,1.85,52999.0,0.0,0.1838,0.0542,-0.001,-0.064,0.557,-0.0104,0.82
744,4000,0.6332,0.1324,0.2345,0.3389,0.4338,-0.0197,9.23,168.99,1.85,53216.0,0.0,0.1776,0.0535,-0.0008,-0.0608,0.5186,-0.0101,0.82
745,4000,0.6298,0.1338,0.2367,0.3533,0.4493,-0.0174,11.34,161.99,1.85,53225.0,0.0,0.1851,0.0546,-0.001,-0.0645,0.541,-0.0103,0.82
746,4000,0.6287,0.1355,0.2361,0.3394,0.4657,-0.0182,9.26,151.12,1.85,53076.0,0.0,0.1809,0.0522,-0.0009,-0.0601,0.5435,-0.0105,0.82
747,4000,0.6349,0.1344,0.2309,0.3326,0.464,-0.0171,8.85,143.6,1.85,53008.0,0.0,0.1757,0.0516,-0.0007,-0.0594,0.5459,-0.0118,0.82
748,4000,0.6404,0.1323,0.2276,0.3336,0.4348,-0.0176,9.17,173.18,1.85,53037.0,0.0,0.1776,0.0546,-0.001,-0.0616,0.5038,-0.0111,0.82
749,4000,0.6424,0.1295,0.2284,0.3191,0.4523,-0.0185,9.58,178.6,1.85,53085.0,0.0,0.1736,0.0513,-0.0008,-0.057,0.5723,-0.0119,0.82
750,4000,0.6447,0.1329,0.2227,0.3453,0.4527,-0.0198,10.87,172.85,1.83,53662.0,0.0,0.1831,0.0519,-0.0008,-0.0623,0.5147,-0.0085,0.82
751,4000,0.6414,0.1356,0.2233,0.3464,0.4385,-0.0181,9.56,185.21,1.8,54553.0,0.0,0.1829,0.0542,-0.0009,-0.0609,0.5703,-0.0109,0.82
752,4000,0.6374,0.1366,0.2262,0.3319,0.4425,-0.0191,10.23,161.04,1.84,53386.0,0.0,0.1751,0.0529,-0.0011,-0.059,0.4955,-0.012,0.82
753,4000,0.6359,0.134,0.2303,0.3545,0.4202,-0.0168,8.54,187.83,1.84,53303.0,0.0,0.1788,0.0548,-0.0008,-0.0636,0.4575,-0.0122,0.82
754,4000,0.6346,0.1318,0.234,0.3511,0.464,-0.0146,9.54,150.47,1.85,53030.0,0.0,0.1848,0.055,-0.0012,-0.0629,0.5288,-0.0129,0.82
755,4000,0.6367,0.1314,0.2323,0.33,0.4475,-0.0177,8.8,153.08,1.85,53112.0,0.0,0.1727,0.0513,-0.0008,-0.0586,0.5536,-0.0117,0.82
756,4000,0.6361,0.133,0.2315,0.348,0.4332,-0.0181,10.82,185.0,1.84,53325.0,0.0,0.1747,0.0544,-0.001,-0.0632,0.4959,-0.011,0.82
757,4000,0.6337,0.1343,0.2325,0.3313,0.4467,-0.0191,9.57,181.46,1.85,53183.0,0.0,0.1744,0.051,-0.001,-0.0589,0.5126,-0.0103,0.82
758,4000,0.6409,0.1305,0.2289,0.3406,0.4749,-0.0149,10.31,179.56,1.85,53212.0,0.0,0.1782,0.0523,-0.0013,-0.0606,0.4761,-0.0117,0.82
759,4000,0.6446,0.1277,0.2278,0.3783,0.4413,-0.0153,9.94,172.89,1.84,53351.0,0.0,0.1897,0.056,-0.0009,-0.0672,0.5493,-0.0125,0.82
760,4000,0.6484,0.1277,0.2242,0.3155,0.4668,-0.0166,9.22,145.77,1.85,53219.0,0.0,0.1711,0.0491,-0.001,-0.0564,0.5273,-0.0106,0.82
761,4000,0.6429,0.1298,0.2276,0.3603,0.4137,-0.0181,8.24,179.74,1.84,53304.0,0.0,0.1782,0.0578,-0.0008,-0.0653,0.5193,-0.0118,0.82
762,4000,0.6361,0.1265,0.2376,0.365,0.4433,-0.0149,10.48,167.63,1.85,53103.0,0.0,0.1846,0.0571,-0.0007,-0.0646,0.6695,-0.0107,0.82
763,4000,0.6377,0.1226,0.2399,0.3373,0.4631,-0.0175,10.41,167.13,1.85,53261.0,0.0,0.1838,0.0512,-0.001,-0.0583,0.5669,-0.012,0.82
764,4000,0.6413,0.1223,0.2366,0.355,0.4742,-0.0152,10.41,150.82,1.85,53277.0,0.0,0.1897,0.0531,-0.0009,-0.0629,0.5354,-0.0104,0.82
765,4000,0.652,0.1182,0.2302,0.3249,0.4775,-0.0154,9.5,156.15,1.83,53577.0,0.0,0.1793,0.0499,-0.0011,-0.0586,0.5833,-0.0111,0.83
766,4000,0.6527,0.1178,0.23,0.3501,0.4198,-0.0191,9.62,167.01,1.86,52836.0,0.0,0.1803,0.0544,-0.001,-0.0631,0.5151,-0.0121,0.83
767,4000,0.6515,0.1212,0.2278,0.331,0.4527,-0.0169,9.32,159.91,1.84,53324.0,0.0,0.1789,0.0508,-0.001,-0.0595,0.5874,-0.0082,0.83
768,4000,0.6515,0.1209,0.2281,0.3398,0.4967,-0.0132,11.25,149.08,1.86,52925.0,0.0,0.184,0.0501,-0.0008,-0.0609,0.496,-0.0075,0.83
769,4000,0.6587,0.1181,0.2237,0.356,0.4572,-0.0169,10.52,181.33,1.85,53186.0,0.0,0.1888,0.054,-0.0008,-0.0635,0.5705,-0.012,0.83
770,4000,0.6618,0.1184,0.2203,0.3148,0.4488,-0.019,9.29,154.94,1.85,53047.0,0.0,0.1733,0.0501,-0.0008,-0.0568,0.5155,-0.0101,0.83
771,4000,0.6605,0.1195,0.2206,0.3179,0.4802,-0.0165,9.28,157.97,1.86,52930.0,0.0,0.1776,0.0492,-0.0009,-0.0572,0.5301,-0.0124,0.83
772,4000,0.6601,0.1215,0.2191,0.3363,0.46,-0.0164,9.8,154.12,1.85,53190.0,0.0,0.1838,0.0514,-0.0012,-0.0614,0.5096,-0.0114,0.83
773,4000,0.6591,0.1228,0.2189,0.329,0.4469,-0.0212,8.81,170.11,1.85,53236.0,0.0,0.1798,0.0505,-0.0008,-0.0607,0.555,-0.0082,0.83
774,4000,0.6581,0.1242,0.2185,0.3515,0.4732,-0.0149,10.33,152.02,1.86,52735.0,0.0,0.1891,0.0529,-0.0011,-0.0647,0.5893,-0.0073,0.83
775,4000,0.66,0.1257,0.2148,0.3362,0.4633,-0.015,9.69,179.88,1.86,52974.0,0.0,0.1841,0.0534,-0.001,-0.0597,0.5534,-0.0118,0.83
776,4000,0.6626,0.1213,0.2166,0.3294,0.4696,-0.0146,9.88,172.25,1.85,53042.0,0.0,0.1784,0.0519,-0.001,-0.0583,0.5396,-0.0109,0.83
777,4000,0.6674,0.1181,0.2148,0.3397,0.4347,-0.0215,8.79,150.77,1.86,52817.0,0.0,0.1777,0.0512,-0.0011,-0.0614,0.6049,-0.0106,0.83
778,4000,0.6644,0.1223,0.2135,0.3109,0.4324,-0.018,8.99,179.11,1.85,53049.0,0.0,0.1704,0.0517,-0.001,-0.0576,0.5295,-0.0111,0.83
779,4000,0.6607,0.1236,0.216,0.3229,0.4606,-0.0172,10.13,160.09,1.85,53204.0,0.0,0.1802,0.0499,-0.001,-0.0591,0.5098,-0.0121,0.83
780,4000,0.6576,0.1239,0.2186,0.3286,0.4523,-0.0151,10.29,166.33,1.85,53219.0,0.0,0.1778,0.053,-0.0011,-0.0588,0.5584,-0.012,0.83
781,4000,0.6536,0.1245,0.2219,0.3421,0.4416,-0.0162,10.06,182.57,1.85,53046.0,0.0,0.1804,0.0543,-0.0011,-0.0625,0.523,-0.012,0.83
782,4000,0.6522,0.1244,0.2234,0.3327,0.453,-0.0177,10.43,174.87,1.86,52921.0,0.0,0.1788,0.0523,-0.0009,-0.06,0.4886,-0.0114,0.83
783,4000,0.6517,0.1242,0.2243,0.3477,0.4457,-0.0149,9.47,174.91,1.86,52832.0,0.0,0.1806,0.0555,-0.0009,-0.0623,0.5187,-0.0115,0.83
784,4000,0.6508,0.1224,0.227,0.3255,0.4569,-0.0183,9.17,172.78,1.85,53102.0,0.0,0.1747,0.0499,-0.001,-0.058,0.454,-0.0116,0.83
785,4000,0.6502,0.1246,0.2253,0.3189,0.456,-0.0181,9.83,160.12,1.84,53322.0,0.0,0.1738,0.0499,-0.0011,-0.0569,0.5154,-0.0124,0.83
786,4000,0.6463,0.1261,0.2277,0.3639,0.4281,-0.0188,9.52,144.98,1.86,52894.0,0.0,0.1847,0.0555,-0.0011,-0.0644,0.55,-0.0094,0.83
787,4000,0.6436,0.1264,0.2303,0.3311,0.4474,-0.0166,10.43,174.3,1.85,53080.0,0.0,0.1776,0.0533,-0.0012,-0.06,0.4984,-0.0104,0.83
788,4000,0.6455,0.1257,0.229,0.3271,0.4717,-0.0152,10.29,158.6,1.85,53028.0,0.0,0.178,0.0514,-0.0011,-0.0592,0.518,-0.0124,0.83
789,4000,0.6503,0.1231,0.2268,0.3413,0.4508,-0.0169,9.22,168.25,1.86,52758.0,0.0,0.1783,0.0528,-0.001,-0.0614,0.6259,-0.0123,0.83
790,4000,0.6481,0.1266,0.2255,0.3371,0.4331,-0.0194,10.09,165.23,1.87,52640.0,0.0,0.1726,0.0535,-0.0012,-0.0613,0.455,-0.011,0.84
791,4000,0.6468,0.1269,0.2266,0.3361,0.4316,-0.0179,9.62,173.13,1.85,53169.0,0.0,0.173,0.0525,-0.0009,-0.0585,0.4629,-0.0117,0.83
792,4000,0.6441,0.125,0.2312,0.3319,0.4494,-0.0164,9.72,169.34,1.86,52839.0,0.0,0.1751,0.0515,-0.0012,-0.061,0.4615,-0.0116,0.84
793,4000,0.643,0.1253,0.2319,0.3554,0.4566,-0.0148,10.17,161.45,1.85,52995.0,0.0,0.1857,0.0531,-0.0012,-0.0649,0.4591,-0.01,0.84
794,4000,0.643,0.1216,0.2359,0.3378,0.4399,-0.0173,9.62,173.25,1.85,52999.0,0.0,0.1773,0.0531,-0.0012,-0.0619,0.5444,-0.0119,0.84
795,4000,0.6394,0.1235,0.2375,0.3509,0.4456,-0.017,10.29,159.39,1.85,53211.0,0.0,0.1814,0.0538,-0.0009,-0.0636,0.557,-0.0119,0.84
796,4000,0.6397,0.124,0.2367,0.3524,0.4423,-0.0154,10.73,173.37,1.85,53037.0,0.0,0.1811,0.0541,-0.0008,-0.0647,0.5548,-0.0117,0.84
797,4000,0.639,0.1234,0.2381,0.3496,0.4497,-0.0181,10.0,156.37,1.86,52713.0,0.0,0.1811,0.0532,-0.0011,-0.0635,0.5381,-0.0116,0.84
798,4000,0.6383,0.1246,0.2378,0.352,0.4412,-0.018,10.55,187.1,1.85,53037.0,0.0,0.1808,0.0544,-0.0009,-0.0638,0.5502,-0.0123,0.84
799,4000,0.641,0.1226,0.2369,0.3498,0.4546,-0.0157,9.54,179.24,1.85,53179.0,0.0,0.1809,0.0539,-0.001,-0.0632,0.5601,-0.0121,0.84
800,4000,0.6372,0.1215,0.2418,0.3363,0.4466,-0.0157,8.87,178.96,1.85,53070.0,0.0,0.1778,0.0541,-0.0011,-0.0612,0.564,-0.0122,0.84
801,4000,0.6349,0.122,0.2437,0.3382,0.4352,-0.018,9.15,155.03,1.84,53571.0,0.0,0.1799,0.0532,-0.0007,-0.0614,0.5637,-0.0092,0.84
802,4000,0.6325,0.1231,0.2447,0.3508,0.4355,-0.0156,9.98,168.1,1.86,52770.0,0.0,0.1838,0.056,-0.0009,-0.0631,0.5435,-0.0093,0.84
803,4000,0.6328,0.1205,0.2471,0.3355,0.4468,-0.0184,8.8,166.32,1.86,52748.0,0.0,0.1802,0.0511,-0.0009,-0.0611,0.6215,-0.0123,0.84
804,4000,0.6308,0.1224,0.2473,0.3335,0.4504,-0.0174,9.27,170.55,1.85,53207.0,0.0,0.1808,0.052,-0.0009,-0.0609,0.6635,-0.0126,0.84
805,4000,0.6301,0.1269,0.2434,0.3221,0.4362,-0.0235,9.34,159.48,1.85,53173.0,0.0,0.1744,0.0498,-0.0007,-0.0569,0.611,-0.0115,0.84
806,4000,0.6318,0.1302,0.2385,0.3209,0.4589,-0.018,9.76,156.7,1.86,52904.0,0.0,0.1758,0.0502,-0.0009,-0.0568,0.575,-0.0115,0.85
807,4000,0.6405,0.1291,0.231,0.3388,0.4803,-0.0156,8.92,167.87,1.85,53041.0,0.0,0.1875,0.0529,-0.0009,-0.0606,0.56,-0.0108,0.85
808,4000,0.6437,0.1284,0.2287,0.3281,0.4781,-0.0157,10.01,157.58,1.85,53036.0,0.0,0.1838,0.052,-0.001,-0.0593,0.6199,-0.0125,0.85
809,4000,0.6503,0.1273,0.2232,0.3308,0.4711,-0.0174,9.6,173.33,1.86,52907.0,0.0,0.1806,0.0516,-0.0011,-0.0601,0.6009,-0.0102,0.85
810,4000,0.6552,0.125,0.2208,0.334,0.4652,-0.0157,9.74,157.54,1.85,53203.0,0.0,0.1835,0.0524,-0.0008,-0.0606,0.6788,-0.012,0.85
811,4000,0.6598,0.1247,0.2166,0.3201,0.457,-0.0212,9.44,168.1,1.85,53074.0,0.0,0.178,0.0502,-0.001,-0.0578,0.634,-0.0099,0.85
812,4000,0.6638,0.123,0.2144,0.3208,0.4815,-0.0177,9.76,170.25,1.85,53088.0,0.0,0.1832,0.0491,-0.001,-0.0577,0.6587,-0.0108,0.85
813,4000,0.6659,0.1213,0.2138,0.3251,0.4638,-0.0154,10.01,152.2,1.85,53005.0,0.0,0.1823,0.0521,-0.0012,-0.0595,0.5775,-0.0114,0.85
814,4000,0.6618,0.1247,0.2145,0.3296,0.4444,-0.0208,10.07,165.99,1.86,52957.0,0.0,0.1814,0.0517,-0.001,-0.0585,0.6009,-0.0119,0.85
815,4000,0.6628,0.1277,0.2104,0.316,0.4786,-0.0168,11.61,164.47,1.85,53070.0,0.0,0.1819,0.0489,-0.0009,-0.0568,0.5731,-0.0123,0.85
816,4000,0.6711,0.1268,0.2031,0.333,0.4885,-0.016,10.69,151.23,1.85,53102.0,0.0,0.1907,0.051,-0.0009,-0.0596,0.6211,-0.0134,0.85
817,4000,0.6748,0.1281,0.1983,0.3324,0.4669,-0.0177,9.85,156.14,1.85,53123.0,0.0,0.1854,0.0513,-0.0007,-0.0599,0.5828,-0.0124,0.85
818,4000,0.6752,0.1298,0.1961,0.3238,0.4865,-0.0158,10.06,142.55,1.86,52950.0,0.0,0.1868,0.0501,-0.0012,-0.0596,0.6636,-0.0116,0.85
819,4000,0.6768,0.1295,0.1947,0.3351,0.4396,-0.02,9.41,159.54,1.86,52761.0,0.0,0.1817,0.0532,-0.0009,-0.0602,0.607,-0.0097,0.85
820,4000,0.6768,0.1299,0.1943,0.2991,0.4774,-0.0197,9.8,152.87,1.85,53088.0,0.0,0.1744,0.0463,-0.0008,-0.0542,0.5572,-0.0115,0.85
821,4000,0.6787,0.1288,0.1934,0.3274,0.4613,-0.0175,10.19,172.84,1.84,53316.0,0.0,0.184,0.0512,-0.0011,-0.0591,0.5596,-0.0118,0.85
822,4000,0.6799,0.1287,0.1922,0.3226,0.467,-0.0192,9.31,154.9,1.86,52850.0,0.0,0.1808,0.0501,-0.001,-0.0592,0.5394,-0.0087,0.85
823,4000,0.6792,0.1266,0.1947,0.3129,0.4784,-0.015,9.27,138.4,1.85,53011.0,0.0,0.1776,0.05,-0.0012,-0.0588,0.4884,-0.0072,0.85
824,4000,0.6852,0.1228,0.1925,0.3395,0.4828,-0.014,9.67,188.36,1.86,52830.0,0.0,0.1906,0.0532,-0.0008,-0.0627,0.4681,-0.0113,0.85
825,4000,0.6838,0.1197,0.1971,0.326,0.4538,-0.0177,10.28,160.8,1.86,52845.0,0.0,0.1804,0.0523,-0.0009,-0.0591,0.5565,-0.012,0.85
826,4000,0.6788,0.1221,0.1995,0.3443,0.4309,-0.02,11.03,187.67,1.85,53117.0,0.0,0.1845,0.0552,-0.001,-0.0628,0.4852,0.0009,0.85
827,4000,0.6753,0.1194,0.2056,0.3357,0.4703,-0.0132,10.49,181.74,1.86,52776.0,0.0,0.1861,0.0538,-0.001,-0.0611,0.4693,-0.0071,0.85
828,4000,0.6774,0.1159,0.2071,0.3501,0.446,-0.0156,10.57,172.3,1.85,53141.0,0.0,0.1891,0.0553,-0.0009,-0.0643,0.4676,-0.0117,0.85
829,4000,0.6827,0.1119,0.2059,0.3381,0.4809,-0.0141,10.31,181.27,1.86,52930.0,0.0,0.186,0.0535,-0.001,-0.0627,0.5332,-0.011,0.85
830,4000,0.6787,0.1128,0.209,0.3428,0.4654,-0.0156,10.16,155.75,1.85,53034.0,0.0,0.1912,0.0545,-0.001,-0.0618,0.5705,-0.0116,0.85
831,4000,0.6737,0.1127,0.2136,0.3279,0.4559,-0.0176,9.82,179.32,1.86,52957.0,0.0,0.1786,0.054,-0.0008,-0.0613,0.556,-0.012,0.85
832,4000,0.6644,0.1175,0.2182,0.3428,0.4393,-0.0181,10.34,176.42,1.85,53164.0,0.0,0.18,0.0544,-0.0009,-0.0639,0.5396,-0.0114,0.85
833,4000,0.6599,0.121,0.2194,0.3342,0.4661,-0.0187,9.14,142.47,1.83,53584.0,0.0,0.178,0.0527,-0.0011,-0.0656,0.5945,-0.0127,0.85
834,4000,0.658,0.1245,0.2179,0.3303,0.4507,-0.0174,8.73,166.05,1.85,53150.0,0.0,0.1751,0.0534,-0.0008,-0.0629,0.4857,-0.0113,0.85
835,4000,0.6573,0.1235,0.2197,0.3201,0.4472,-0.0191,9.07,151.86,1.85,53165.0,0.0,0.1743,0.0522,-0.0009,-0.0609,0.5744,-0.0124,0.85
836,4000,0.6547,0.124,0.2218,0.3128,0.4558,-0.0199,9.46,140.41,1.86,52981.0,0.0,0.17,0.0501,-0.0009,-0.06,0.5795,-0.0112,0.85
837,4000,0.6572,0.1264,0.2168,0.345,0.4354,-0.0204,8.79,171.81,1.84,53290.0,0.0,0.1803,0.0549,-0.001,-0.0646,0.5747,-0.0119,0.85
838,4000,0.6523,0.1297,0.2183,0.35,0.4559,-0.0168,10.32,166.55,1.84,53394.0,0.0,0.1875,0.0565,-0.0011,-0.0675,0.5106,-0.0082,0.85
839,4000,0.6466,0.1273,0.2263,0.3367,0.4668,-0.0152,10.18,179.08,1.86,52894.0,0.0,0.1841,0.0546,-0.0013,-0.0651,0.5274,-0.0079,0.85
840,4000,0.6492,0.1252,0.2258,0.3242,0.4471,-0.0205,9.98,168.8,1.84,53373.0,0.0,0.176,0.0523,-0.001,-0.0618,0.5477,-0.0119,0.85
841,4000,0.6557,0.1251,0.2195,0.3375,0.4981,-0.0174,10.69,154.12,1.85,53009.0,0.0,0.1865,0.0508,-0.0009,-0.0656,0.5365,-0.0113,0.85
842,4000,0.6653,0.1229,0.2121,0.3448,0.4712,-0.0159,10.6,139.2,1.84,53396.0,0.0,0.189,0.054,-0.001,-0.0651,0.5985,-0.0115,0.85
843,4000,0.67,0.1216,0.2087,0.3375,0.4527,-0.0179,11.14,167.12,1.84,53367.0,0.0,0.1829,0.0553,-0.0011,-0.0653,0.5544,-0.0081,0.85
844,4000,0.6638,0.1237,0.2127,0.3376,0.4492,-0.0196,10.1,164.07,1.85,53098.0,0.0,0.1807,0.0528,-0.0008,-0.0643,0.5831,-0.0091,0.85
845,4000,0.6575,0.1274,0.2153,0.3227,0.4591,-0.0173,10.64,194.98,1.85,53120.0,0.0,0.1822,0.0543,-0.0009,-0.0615,0.6013,-0.0117,0.85
846,4000,0.6534,0.1284,0.2185,0.3374,0.4628,-0.0193,9.34,163.57,1.84,53492.0,0.0,0.1831,0.0533,-0.0009,-0.0643,0.5065,-0.0122,0.85
847,4000,0.6523,0.1281,0.22,0.3574,0.4443,-0.0138,10.25,184.91,1.86,52833.0,0.0,0.1876,0.0585,-0.001,-0.0673,0.4921,-0.0119,0.86
848,4000,0.652,0.1262,0.2223,0.3378,0.4651,-0.0155,8.79,179.6,1.85,52997.0,0.0,0.1837,0.0539,-0.0008,-0.0642,0.455,-0.0118,0.85
849,4000,0.6537,0.1247,0.2219,0.323,0.4634,-0.0171,8.93,176.96,1.86,52982.0,0.0,0.1758,0.0511,-0.0009,-0.062,0.4834,-0.0123,0.86
850,4000,0.6565,0.124,0.2198,0.3447,0.4582,-0.0164,9.01,181.66,1.87,52674.0,0.0,0.1886,0.057,-0.0012,-0.0685,0.443,-0.0118,0.86
851,4000,0.6587,0.1232,0.2184,0.338,0.4662,-0.0151,8.86,156.85,1.85,53232.0,0.0,0.1872,0.0533,-0.0009,-0.0655,0.4713,-0.0126,0.86
852,4000,0.6593,0.1254,0.2155,0.315,0.4831,-0.0161,9.76,156.04,1.85,53012.0,0.0,0.1796,0.0512,-0.0009,-0.0605,0.512,-0.0126,0.86
853,4000,0.6632,0.1262,0.2108,0.3457,0.4597,-0.0165,9.72,183.43,1.85,53053.0,0.0,0.188,0.0555,-0.001,-0.0646,0.5523,-0.0108,0.86
854,4000,0.6626,0.1255,0.2121,0.3409,0.4754,-0.015,9.79,163.02,1.87,52666.0,0.0,0.1876,0.0523,-0.001,-0.0646,0.5322,-0.011,0.86
855,4000,0.6629,0.124,0.2133,0.3459,0.4531,-0.0182,9.8,154.14,1.85,53095.0,0.0,0.1871,0.055,-0.001,-0.0626,0.4859,-0.0117,0.86
856,4000,0.6602,0.1246,0.2155,0.3503,0.4565,-0.0161,10.19,171.84,1.85,53079.0,0.0,0.1887,0.0556,-0.0011,-0.0656,0.5319,-0.0121,0.86
857,4000,0.6537,0.1282,0.2183,0.3329,0.4449,-0.0203,8.59,163.93,1.85,53271.0,0.0,0.1842,0.0545,-0.0008,-0.0629,0.5327,-0.0103,0.86
858,4000,0.6522,0.128,0.2201,0.3229,0.4604,-0.0189,8.91,144.39,1.85,53222.0,0.0,0.1822,0.0518,-0.0009,-0.059,0.5252,-0.0115,0.86
859,4000,0.6493,0.1288,0.2221,0.3448,0.4657,-0.0159,9.54,161.12,1.84,53459.0,0.0,0.1897,0.0547,-0.001,-0.0639,0.5308,-0.0114,0.86
860,4000,0.6519,0.1278,0.2207,0.3198,0.4664,-0.0164,9.8,169.24,1.86,52986.0,0.0,0.1779,0.0524,-0.0012,-0.0607,0.5862,-0.0126,0.86
861,4000,0.6532,0.1277,0.2194,0.3259,0.4389,-0.0175,9.52,200.4,1.81,54167.0,0.0,0.1773,0.0541,-0.0013,-0.0605,0.6067,-0.0115,0.86
862,4000,0.6558,0.1239,0.2203,0.3297,0.4903,-0.0175,10.34,134.41,1.85,53247.0,0.0,0.1919,0.0504,-0.001,-0.0605,0.5025,-0.0123,0.86
863,4000,0.6658,0.1186,0.2158,0.3358,0.4958,-0.015,8.94,165.13,1.85,53155.0,0.0,0.1891,0.0514,-0.0011,-0.0617,0.6217,-0.0125,0.86
864,4000,0.6643,0.1202,0.2159,0.3435,0.4508,-0.0201,10.31,161.27,1.86,52974.0,0.0,0.191,0.0542,-0.0009,-0.062,0.5427,-0.0121,0.86
865,4000,0.6686,0.1232,0.2087,0.3118,0.4932,-0.0173,9.07,132.66,1.84,53309.0,0.0,0.18,0.049,-0.0012,-0.0587,0.6004,-0.0126,0.86
866,4000,0.672,0.1253,0.2033,0.3497,0.4864,-0.0168,11.13,171.71,1.86,52970.0,0.0,0.1947,0.0538,-0.0011,-0.0623,0.6447,-0.0099,0.86
867,4000,0.6721,0.1283,0.1998,0.3213,0.4602,-0.0215,9.64,159.61,1.85,53154.0,0.0,0.179,0.051,-0.0009,-0.0587,0.613,-0.0112,0.86
868,4000,0.6692,0.1337,0.1973,0.3128,0.4616,-0.0208,10.08,159.59,1.86,52929.0,0.0,0.1799,0.0491,-0.001,-0.0567,0.4504,-0.0128,0.86
869,4000,0.6718,0.1317,0.1967,0.347,0.4926,-0.0121,10.13,192.89,1.86,52991.0,0.0,0.1973,0.0548,-0.001,-0.0624,0.4542,-0.0117,0.86
870,4000,0.675,0.1251,0.2001,0.3314,0.4601,-0.0177,10.07,168.0,1.85,53039.0,0.0,0.1836,0.0542,-0.001,-0.0598,0.5039,-0.0119,0.86
871,4000,0.6751,0.1256,0.1999,0.3268,0.4611,-0.019,9.57,167.06,1.86,52946.0,0.0,0.1828,0.0518,-0.001,-0.0598,0.6229,-0.0122,0.86
872,4000,0.6772,0.1252,0.1986,0.3344,0.4812,-0.0181,9.7,150.37,1.84,53299.0,0.0,0.1849,0.0519,-0.001,-0.0614,0.5811,-0.0126,0.87
873,4000,0.6806,0.1259,0.1944,0.3272,0.4783,-0.0183,10.6,160.34,1.84,53299.0,0.0,0.1884,0.0528,-0.0011,-0.0584,0.5514,-0.0123,0.87
874,4000,0.6822,0.124,0.1948,0.3256,0.4768,-0.0175,9.6,160.95,1.86,52950.0,0.0,0.1814,0.0515,-0.0011,-0.0578,0.5879,-0.0108,0.86
875,4000,0.6855,0.1232,0.1923,0.3443,0.4735,-0.0139,10.1,146.07,1.86,52916.0,0.0,0.1906,0.0563,-0.001,-0.0604,0.5256,-0.0119,0.87
876,4000,0.6852,0.1234,0.1921,0.333,0.4587,-0.0187,9.57,166.91,1.86,52906.0,0.0,0.1833,0.0543,-0.0011,-0.0595,0.5944,-0.0084,0.87
877,4000,0.6789,0.1277,0.1936,0.3282,0.4583,-0.0186,9.44,147.73,1.85,53130.0,0.0,0.1783,0.0531,-0.001,-0.0579,0.558,-0.0081,0.87
878,4000,0.6745,0.1309,0.1947,0.3486,0.4569,-0.0184,11.22,175.75,1.86,52913.0,0.0,0.1852,0.0555,-0.001,-0.0604,0.512,-0.0114,0.87
879,4000,0.6703,0.1347,0.1952,0.2931,0.4535,-0.0205,8.07,163.58,1.86,52942.0,0.0,0.1642,0.0496,-0.0012,-0.054,0.4943,-0.0106,0.87
880,4000,0.6687,0.1354,0.1961,0.2973,0.4707,-0.0184,9.09,161.43,1.85,53066.0,0.0,0.1721,0.0482,-0.0011,-0.0526,0.4752,-0.012,0.87
881,4000,0.6666,0.1357,0.198,0.3315,0.4374,-0.0164,10.16,178.13,1.86,52961.0,0.0,0.178,0.0564,-0.0009,-0.0601,0.5173,-0.009,0.87
882,4000,0.6636,0.1335,0.2034,0.3371,0.4695,-0.0182,9.59,150.42,1.87,52654.0,0.0,0.181,0.0531,-0.0011,-0.0598,0.5191,-0.0077,0.87
883,4000,0.666,0.1315,0.203,0.3413,0.4661,-0.0183,10.08,171.44,1.86,52911.0,0.0,0.1833,0.0559,-0.0009,-0.0595,0.5284,-0.0115,0.87
884,4000,0.6683,0.1301,0.2021,0.3386,0.4662,-0.0151,10.49,163.62,1.85,53146.0,0.0,0.1808,0.0552,-0.0009,-0.0586,0.4838,-0.0124,0.87
885,4000,0.6709,0.1292,0.2004,0.3344,0.4804,-0.017,11.21,166.06,1.86,52994.0,0.0,0.1863,0.054,-0.0011,-0.0589,0.4981,-0.0112,0.87
886,4000,0.6756,0.1298,0.1951,0.3216,0.4697,-0.0194,10.02,165.72,1.86,52849.0,0.0,0.1773,0.0508,-0.001,-0.056,0.5043,-0.0109,0.87
887,4000,0.6713,0.1329,0.196,0.3261,0.4642,-0.0171,10.32,149.88,1.86,52984.0,0.0,0.1803,0.0537,-0.0009,-0.0564,0.4529,-0.0113,0.87
888,4000,0.6697,0.1302,0.2003,0.3492,0.4618,-0.0142,10.18,146.49,1.85,53164.0,0.0,0.1867,0.0575,-0.0009,-0.0635,0.4373,-0.0125,0.87
889,4000,0.6698,0.1274,0.2031,0.3466,0.4591,-0.0135,9.47,185.35,1.85,53170.0,0.0,0.1844,0.0573,-0.001,-0.0608,0.4586,-0.0101,0.87
890,4000,0.6667,0.1249,0.2087,0.3423,0.4492,-0.0194,9.88,155.62,1.86,52930.0,0.0,0.1804,0.0547,-0.0013,-0.0596,0.4865,-0.0102,0.87
891,4000,0.6654,0.1243,0.2105,0.3263,0.4599,-0.0145,9.94,178.44,1.86,52714.0,0.0,0.1775,0.0548,-0.0011,-0.0576,0.5195,-0.012,0.87
892,4000,0.6673,0.1208,0.2122,0.3236,0.4741,-0.0181,10.03,151.04,1.84,53403.0,0.0,0.1739,0.0515,-0.0011,-0.0557,0.5415,-0.0119,0.87
893,4000,0.6663,0.1233,0.2109,0.3273,0.4594,-0.0205,10.08,138.99,1.86,52931.0,0.0,0.1794,0.0517,-0.0009,-0.0564,0.4548,-0.0128,0.87
894,4000,0.6657,0.1245,0.2104,0.3087,0.4711,-0.0192,9.12,141.73,1.85,53083.0,0.0,0.1717,0.0496,-0.0011,-0.0543,0.5016,-0.0098,0.87
895,4000,0.6708,0.1242,0.2056,0.3213,0.4905,-0.0171,11.18,167.6,1.84,53288.0,0.0,0.182,0.0499,-0.0009,-0.0568,0.4176,-0.0115,0.87
896,4000,0.6752,0.1225,0.2029,0.3133,0.4703,-0.0175,9.72,171.88,1.86,52747.0,0.0,0.1736,0.0492,-0.0009,-0.0542,0.4728,-0.0109,0.87
897,4000,0.681,0.1217,0.1978,0.3026,0.5091,-0.0141,10.31,163.96,1.82,54087.0,0.0,0.1784,0.047,-0.0009,-0.0525,0.5226,-0.0128,0.87
898,4000,0.6832,0.1172,0.1998,0.3337,0.4716,-0.0155,9.4,175.94,1.85,53180.0,0.0,0.1891,0.0523,-0.0011,-0.0582,0.5156,-0.0133,0.87
899,4000,0.6839,0.1168,0.1992,0.3188,0.4858,-0.0177,9.8,145.26,1.85,53159.0,0.0,0.1816,0.0484,-0.0011,-0.0561,0.5161,-0.0123,0.87
900,4000,0.689,0.1172,0.1938,0.3033,0.4923,-0.0201,9.76,147.75,1.85,53191.0,0.0,0.1771,0.0458,-0.001,-0.0518,0.5224,-0.0133,0.87
901,4000,0.6917,0.12,0.1883,0.3099,0.4916,-0.0182,9.7,143.62,1.86,52922.0,0.0,0.1776,0.0476,-0.0009,-0.0522,0.5509,-0.0124,0.87
902,4000,0.6912,0.123,0.1857,0.3193,0.4876,-0.0173,10.65,146.77,1.85,53156.0,0.0,0.1813,0.0497,-0.0009,-0.0539,0.5346,-0.0112,0.87
903,4000,0.6904,0.1224,0.1872,0.3162,0.4893,-0.0168,9.18,155.61,1.85,53054.0,0.0,0.1795,0.0493,-0.001,-0.0536,0.6197,-0.0114,0.87
904,4000,0.6876,0.1247,0.1878,0.3147,0.4744,-0.018,9.46,164.39,1.86,52796.0,0.0,0.1786,0.0505,-0.001,-0.0527,0.7119,-0.0113,0.87
905,4000,0.6856,0.1268,0.1877,0.307,0.4579,-0.021,8.93,149.75,1.85,53224.0,0.0,0.1749,0.0512,-0.0009,-0.0509,0.7289,-0.0118,0.87
906,4000,0.6869,0.1301,0.1831,0.3076,0.4741,-0.0205,9.69,160.03,1.84,53293.0,0.0,0.173,0.0505,-0.0011,-0.0511,0.7383,-0.0123,0.87
907,4000,0.6856,0.1296,0.1851,0.2959,0.4973,-0.0201,10.64,146.45,1.84,53355.0,0.0,0.1757,0.048,-0.001,-0.0492,0.735,-0.0123,0.87
908,4000,0.6874,0.1303,0.1828,0.3146,0.4685,-0.022,8.03,172.55,1.85,53042.0,0.0,0.1725,0.0518,-0.0009,-0.0535,0.8552,-0.0113,0.87
909,4000,0.6805,0.1428,0.1772,0.3018,0.4422,-0.0305,9.44,145.78,1.85,53038.0,0.0,0.1681,0.0487,-0.0009,-0.0507,0.8658,-0.0117,0.87
910,4000,0.6749,0.1569,0.1685,0.2889,0.4616,-0.0287,10.24,149.66,1.85,53086.0,0.0,0.1669,0.0473,-0.0009,-0.0476,0.8261,-0.0104,0.87
911,4000,0.6728,0.168,0.1595,0.2861,0.4615,-0.0288,8.43,153.02,1.86,52740.0,0.0,0.1663,0.0469,-0.001,-0.0476,0.7727,-0.0121,0.87
912,4000,0.6704,0.1766,0.1533,0.3121,0.4789,-0.0245,10.18,149.98,1.86,52970.0,0.0,0.18,0.0476,-0.0009,-0.0515,0.8206,-0.0098,0.87
913,4000,0.6724,0.1806,0.1473,0.2806,0.4794,-0.0281,9.89,138.56,1.86,52723.0,0.0,0.165,0.0442,-0.0011,-0.0454,0.7329,-0.0122,0.87
914,4000,0.6745,0.183,0.1429,0.3054,0.4758,-0.0274,11.45,154.21,1.85,53123.0,0.0,0.1743,0.0468,-0.001,-0.0507,0.81,-0.0123,0.87
915,4000,0.6816,0.1792,0.1395,0.3247,0.4983,-0.0223,10.44,155.66,1.86,52889.0,0.0,0.1839,0.0485,-0.001,-0.0525,0.7874,-0.0112,0.87
916,4000,0.6868,0.177,0.1365,0.3182,0.5001,-0.0222,10.23,135.82,1.86,52821.0,0.0,0.1839,0.0472,-0.0012,-0.0528,0.8246,-0.0112,0.87
917,4000,0.6958,0.1717,0.1328,0.3285,0.5149,-0.0199,11.22,145.29,1.85,53024.0,0.0,0.1874,0.048,-0.001,-0.054,0.7537,-0.0125,0.87
918,4000,0.7034,0.1673,0.1294,0.3297,0.5272,-0.0186,10.46,138.8,1.85,53073.0,0.0,0.1903,0.0479,-0.0012,-0.0536,0.6981,-0.0128,0.87
919,4000,0.7103,0.1648,0.1248,0.3182,0.513,-0.0208,10.94,142.28,1.85,53006.0,0.0,0.1808,0.0462,-0.001,-0.0532,0.736,-0.0112,0.87
920,4000,0.7211,0.1608,0.118,0.3263,0.5149,-0.0205,10.31,142.56,1.85,53101.0,0.0,0.187,0.0482,-0.0012,-0.0543,0.788,-0.0129,0.87
921,4000,0.7239,0.1568,0.1193,0.346,0.4985,-0.0207,11.56,155.13,1.86,52730.0,0.0,0.1899,0.0509,-0.0011,-0.0577,0.7938,-0.0117,0.87
922,4000,0.7235,0.1548,0.1217,0.333,0.4997,-0.0218,10.35,147.05,1.85,53209.0,0.0,0.1854,0.0494,-0.0012,-0.0564,0.7668,-0.0116,0.87
923,4000,0.7198,0.157,0.1232,0.3195,0.4936,-0.0228,10.04,122.63,1.86,52763.0,0.0,0.1776,0.0463,-0.0009,-0.0529,0.7706,-0.0115,0.87
924,4000,0.7195,0.1579,0.1225,0.3334,0.4956,-0.0216,9.05,131.78,1.86,52901.0,0.0,0.1861,0.0482,-0.0009,-0.056,0.7242,-0.0127,0.87
925,4000,0.7151,0.1569,0.128,0.3387,0.4993,-0.0207,10.99,140.29,1.8,54704.0,0.0,0.1849,0.0497,-0.001,-0.0568,0.7482,-0.0133,0.87
926,4000,0.7173,0.1547,0.128,0.3553,0.5012,-0.0183,9.65,136.12,1.87,52684.0,0.0,0.1898,0.0531,-0.001,-0.0598,0.773,-0.0125,0.87
927,4000,0.7221,0.15,0.1279,0.3436,0.5169,-0.0184,11.49,141.98,1.87,52527.0,0.0,0.1911,0.0497,-0.001,-0.0573,0.8117,-0.0118,0.87
928,4000,0.7261,0.1493,0.1246,0.3218,0.5143,-0.0204,10.78,133.12,1.86,52819.0,0.0,0.1805,0.0466,-0.0012,-0.0539,0.7633,-0.0082,0.87
929,4000,0.7282,0.1479,0.1239,0.3405,0.5026,-0.0199,10.41,143.13,1.86,52793.0,0.0,0.1838,0.0516,-0.0008,-0.0575,0.7511,-0.0127,0.87
930,4000,0.7251,0.1466,0.1283,0.344,0.5056,-0.0194,10.22,153.83,1.86,52897.0,0.0,0.188,0.0513,-0.001,-0.0582,0.7141,-0.0131,0.87
931,4000,0.7254,0.1469,0.1276,0.3265,0.5198,-0.0189,10.11,137.51,1.86,52858.0,0.0,0.1814,0.0477,-0.0013,-0.0548,0.7323,-0.0123,0.87
932,4000,0.7263,0.1488,0.125,0.3265,0.5283,-0.0175,10.69,147.04,1.86,52902.0,0.0,0.1856,0.0483,-0.0009,-0.0547,0.6359,-0.0128,0.87
933,4000,0.7339,0.1449,0.1212,0.3395,0.5224,-0.0184,10.53,167.93,1.87,52579.0,0.0,0.1835,0.0511,-0.0014,-0.057,0.7203,-0.0126,0.87
934,4000,0.7311,0.1451,0.1238,0.3228,0.4961,-0.0218,9.63,124.01,1.86,52834.0,0.0,0.1741,0.0487,-0.0009,-0.0548,0.6438,-0.0129,0.87
935,4000,0.7293,0.1438,0.1268,0.3413,0.5073,-0.0202,9.58,141.95,1.86,52852.0,0.0,0.1786,0.052,-0.001,-0.0576,0.6884,-0.0138,0.87
936,4000,0.7258,0.1436,0.1306,0.3566,0.5133,-0.0172,10.25,148.52,1.87,52709.0,0.0,0.1851,0.0539,-0.0011,-0.0602,0.6414,-0.0119,0.87
937,4000,0.7281,0.142,0.13,0.3261,0.5373,-0.0172,10.09,114.99,1.87,52565.0,0.0,0.1777,0.0476,-0.0009,-0.053,0.6279,-0.0128,0.86
938,4000,0.7343,0.1373,0.1286,0.3653,0.5164,-0.0158,11.94,171.73,1.86,52757.0,0.0,0.1864,0.0559,-0.0009,-0.0616,0.5956,-0.0113,0.86
939,4000,0.7368,0.1318,0.1316,0.3675,0.5149,-0.0167,10.62,142.06,1.86,52723.0,0.0,0.1902,0.0549,-0.001,-0.0612,0.5823,-0.0121,0.86
940,4000,0.7392,0.1269,0.1342,0.366,0.5201,-0.0146,11.44,157.55,1.86,52725.0,0.0,0.1813,0.0553,-0.0009,-0.0602,0.6245,-0.0134,0.86
941,4000,0.7354,0.1258,0.1391,0.3552,0.5045,-0.0183,10.14,152.77,1.86,52928.0,0.0,0.1806,0.0547,-0.0009,-0.0596,0.5854,-0.013,0.86
942,4000,0.7376,0.1246,0.1381,0.3458,0.5303,-0.016,10.8,153.72,1.87,52692.0,0.0,0.1817,0.0525,-0.0011,-0.0568,0.6294,-0.0126,0.87
943,4000,0.7376,0.1236,0.1391,0.3639,0.4917,-0.0189,9.85,148.92,1.87,52687.0,0.0,0.1819,0.0577,-0.0012,-0.063,0.644,-0.0097,0.86
944,4000,0.741,0.122,0.1373,0.3651,0.5212,-0.0172,10.9,145.52,1.86,52823.0,0.0,0.1854,0.0561,-0.0011,-0.0608,0.6232,-0.012,0.86
945,4000,0.7389,0.1225,0.1388,0.3559,0.5158,-0.0176,10.2,147.85,1.87,52546.0,0.0,0.1807,0.0559,-0.0011,-0.0592,0.6041,-0.0129,0.86
946,4000,0.7392,0.1234,0.1377,0.3534,0.5031,-0.0193,9.65,158.15,1.85,53019.0,0.0,0.1817,0.0549,-0.0012,-0.0612,0.6582,-0.0119,0.86
947,4000,0.7385,0.1265,0.1352,0.3616,0.5084,-0.0191,10.69,170.8,1.87,52499.0,0.0,0.1843,0.0578,-0.0011,-0.0638,0.5842,-0.0114,0.86
948,4000,0.7391,0.1267,0.1345,0.3644,0.5232,-0.0155,10.49,146.01,1.85,53083.0,0.0,0.1875,0.0573,-0.0012,-0.0635,0.6319,-0.0123,0.86
949,4000,0.7428,0.1242,0.1334,0.3409,0.5253,-0.0179,10.37,136.52,1.86,52906.0,0.0,0.18,0.0526,-0.0011,-0.0596,0.617,-0.0127,0.86
950,4000,0.7462,0.1242,0.13,0.349,0.5307,-0.0165,11.43,136.37,1.87,52666.0,0.0,0.1886,0.0539,-0.0011,-0.0613,0.5935,-0.0124,0.86
951,4000,0.7489,0.127,0.1247,0.3211,0.5315,-0.0215,10.64,158.26,1.86,52944.0,0.0,0.1714,0.0497,-0.001,-0.0558,0.622,-0.0124,0.86
952,4000,0.7525,0.128,0.1205,0.3466,0.5256,-0.0176,10.8,144.07,1.86,52816.0,0.0,0.1808,0.0537,-0.0011,-0.0619,0.5886,-0.0126,0.86
953,4000,0.7546,0.1272,0.1191,0.3515,0.5404,-0.0156,11.02,143.41,1.86,52746.0,0.0,0.1859,0.0544,-0.0013,-0.0616,0.5506,-0.0117,0.86
954,4000,0.7574,0.1258,0.1176,0.3559,0.5318,-0.0155,11.07,145.32,1.86,52960.0,0.0,0.1904,0.0549,-0.0011,-0.0632,0.5687,-0.0127,0.86
955,4000,0.7588,0.1227,0.1193,0.3409,0.5397,-0.0157,11.32,142.22,1.87,52702.0,0.0,0.1814,0.0518,-0.001,-0.0603,0.5722,-0.0134,0.86
956,4000,0.759,0.1225,0.1192,0.3435,0.5183,-0.0207,11.07,148.03,1.86,52749.0,0.0,0.1829,0.0534,-0.001,-0.0617,0.5799,-0.0108,0.86
957,4000,0.7572,0.1244,0.1192,0.3439,0.5316,-0.0169,10.76,145.4,1.86,52845.0,0.0,0.184,0.0524,-0.0012,-0.06,0.6776,-0.0127,0.86
958,4000,0.7531,0.1277,0.1199,0.3548,0.5149,-0.0173,10.83,143.59,1.86,52897.0,0.0,0.1857,0.0552,-0.0011,-0.0645,0.546,-0.0121,0.86
959,4000,0.7502,0.1304,0.1201,0.3392,0.5127,-0.0199,9.59,134.91,1.86,52973.0,0.0,0.1809,0.0524,-0.0009,-0.0589,0.5575,-0.013,0.86
960,4000,0.7488,0.1312,0.1205,0.3602,0.5042,-0.0181,9.88,145.29,1.87,52477.0,0.0,0.1855,0.0561,-0.0011,-0.0645,0.5787,-0.0126,0.86
961,4000,0.7436,0.1328,0.1241,0.357,0.5081,-0.0185,9.8,134.91,1.87,52524.0,0.0,0.1893,0.0546,-0.001,-0.0626,0.5902,-0.013,0.86
962,4000,0.7442,0.1313,0.1247,0.3613,0.5242,-0.0149,10.44,163.74,1.87,52634.0,0.0,0.1955,0.0544,-0.001,-0.0633,0.613,-0.0124,0.86
963,4000,0.7449,0.1302,0.1251,0.3535,0.5205,-0.0177,10.46,142.23,1.87,52664.0,0.0,0.1896,0.053,-0.0012,-0.0623,0.7116,-0.0133,0.86
964,4000,0.7417,0.132,0.1266,0.3618,0.4933,-0.0203,10.14,166.14,1.87,52471.0,0.0,0.1861,0.056,-0.0012,-0.0645,0.6267,-0.0133,0.86
965,4000,0.735,0.1347,0.1306,0.3544,0.5131,-0.0186,10.45,150.27,1.87,52647.0,0.0,0.1905,0.0537,-0.0011,-0.0618,0.6044,-0.0125,0.86
966,4000,0.738,0.1326,0.1297,0.3577,0.5137,-0.0165,9.91,149.25,1.86,52764.0,0.0,0.1942,0.0539,-0.0013,-0.0638,0.6263,-0.0131,0.86
967,4000,0.7396,0.1326,0.128,0.351,0.5159,-0.0195,9.99,140.84,1.87,52688.0,0.0,0.1916,0.0522,-0.0013,-0.0618,0.6446,-0.0107,0.86
968,4000,0.7398,0.1306,0.1297,0.3473,0.5357,-0.016,10.17,122.89,1.86,52763.0,0.0,0.1911,0.0517,-0.0011,-0.0587,0.6214,-0.0124,0.86
969,4000,0.7386,0.129,0.1323,0.3544,0.4952,-0.0206,10.28,156.59,1.87,52597.0,0.0,0.1859,0.0538,-0.0011,-0.0622,0.5496,-0.0133,0.87
970,4000,0.736,0.129,0.1351,0.3411,0.5225,-0.0187,10.84,152.66,1.87,52471.0,0.0,0.1869,0.0517,-0.0012,-0.0595,0.6008,-0.0136,0.87
971,4000,0.7347,0.1275,0.1379,0.3759,0.5127,-0.0158,11.5,144.13,1.86,52828.0,0.0,0.1927,0.0563,-0.0011,-0.0654,0.5409,-0.0127,0.87
972,4000,0.7369,0.1223,0.1409,0.3734,0.5294,-0.0137,11.39,156.08,1.87,52694.0,0.0,0.1975,0.056,-0.0012,-0.0668,0.5653,-0.0133,0.87
973,4000,0.7362,0.1207,0.1434,0.3651,0.5195,-0.0172,11.11,142.52,1.87,52509.0,0.0,0.1905,0.0548,-0.0011,-0.0656,0.6695,-0.0125,0.87
974,4000,0.7345,0.1222,0.1435,0.3708,0.4879,-0.021,11.01,151.28,1.87,52657.0,0.0,0.1865,0.0565,-0.0014,-0.0642,0.6075,-0.0112,0.87
975,4000,0.7281,0.1268,0.1454,0.3534,0.4927,-0.0216,9.26,129.98,1.85,53265.0,0.0,0.1809,0.0526,-0.0011,-0.0621,0.5988,-0.0128,0.87
976,4000,0.7271,0.1307,0.1424,0.3818,0.4982,-0.0184,11.51,161.33,1.86,52849.0,0.0,0.1913,0.0572,-0.001,-0.0668,0.6098,-0.0127,0.87
977,4000,0.7284,0.1303,0.1415,0.3858,0.51,-0.0165,10.69,162.52,1.87,52569.0,0.0,0.2009,0.0572,-0.0011,-0.0678,0.6358,-0.0128,0.87
978,4000,0.7254,0.1331,0.1418,0.3555,0.5093,-0.0183,11.36,157.76,1.86,52893.0,0.0,0.188,0.0529,-0.0011,-0.0617,0.5832,-0.0127,0.87
979,4000,0.7215,0.1354,0.1436,0.3723,0.494,-0.0186,11.8,165.32,1.86,52986.0,0.0,0.1907,0.0553,-0.0011,-0.0649,0.5703,-0.0101,0.87
980,4000,0.723,0.1317,0.1458,0.3583,0.5025,-0.0182,10.46,133.25,1.87,52708.0,0.0,0.1889,0.0534,-0.0012,-0.0623,0.5889,-0.009,0.87
981,4000,0.7263,0.1277,0.1465,0.3618,0.5098,-0.0183,10.64,153.25,1.86,52975.0,0.0,0.1882,0.0541,-0.0015,-0.0627,0.5287,-0.0135,0.87
982,4000,0.7229,0.1265,0.1513,0.3759,0.5095,-0.0151,11.06,141.1,1.87,52507.0,0.0,0.1966,0.0564,-0.0014,-0.0655,0.5508,-0.0127,0.87
983,4000,0.7248,0.1223,0.1533,0.3554,0.529,-0.0165,10.38,130.47,1.87,52677.0,0.0,0.1878,0.0524,-0.0013,-0.0629,0.5717,-0.0119,0.87
984,4000,0.7225,0.1233,0.1547,0.3659,0.502,-0.0172,10.83,150.66,1.87,52554.0,0.0,0.1866,0.0541,-0.0013,-0.0648,0.5411,-0.013,0.87
985,4000,0.7284,0.1206,0.1517,0.3508,0.5158,-0.0177,10.54,153.02,1.86,52892.0,0.0,0.1879,0.0523,-0.0012,-0.061,0.5711,-0.011,0.87
986,4000,0.736,0.1179,0.1469,0.3414,0.5429,-0.0149,10.85,153.52,1.87,52697.0,0.0,0.1888,0.0502,-0.0014,-0.0602,0.5721,-0.0136,0.87
987,4000,0.7392,0.1177,0.1437,0.3576,0.5101,-0.0196,11.01,127.59,1.86,52743.0,0.0,0.1915,0.0532,-0.0012,-0.0628,0.6606,-0.0101,0.87
988,4000,0.7417,0.1186,0.14,0.361,0.5123,-0.0183,10.55,147.9,1.86,52836.0,0.0,0.1956,0.0536,-0.001,-0.0644,0.5597,-0.0123,0.87
989,4000,0.7449,0.1175,0.1379,0.3476,0.5563,-0.0132,11.22,143.1,1.86,52742.0,0.0,0.1962,0.0506,-0.0011,-0.0622,0.6375,-0.0072,0.87
990,4000,0.746,0.1189,0.1353,0.3639,0.5189,-0.0164,11.82,170.19,1.87,52533.0,0.0,0.1899,0.0546,-0.0014,-0.0652,0.6299,-0.0086,0.87
991,4000,0.7487,0.1178,0.1337,0.3473,0.5379,-0.0155,10.26,128.84,1.87,52656.0,0.0,0.1911,0.0498,-0.001,-0.0606,0.6089,-0.0131,0.87
992,4000,0.7517,0.1166,0.1319,0.3589,0.5292,-0.0145,11.1,158.74,1.84,53318.0,0.0,0.1927,0.0532,-0.0018,-0.0648,0.5629,-0.0129,0.87
993,4000,0.7559,0.1123,0.1323,0.3561,0.5394,-0.0139,11.35,139.85,1.86,52984.0,0.0,0.2004,0.0509,-0.0012,-0.0628,0.6277,-0.0132,0.87
994,4000,0.7634,0.1093,0.1278,0.3274,0.5479,-0.0167,10.34,131.68,1.86,52984.0,0.0,0.1857,0.0471,-0.0013,-0.0593,0.6193,-0.0135,0.87
995,4000,0.7597,0.1154,0.1254,0.3549,0.5178,-0.0197,10.91,143.13,1.86,52813.0,0.0,0.1929,0.0517,-0.0011,-0.064,0.6933,-0.0112,0.87
996,4000,0.7592,0.1178,0.1234,0.3441,0.5247,-0.0177,11.71,135.78,1.87,52577.0,0.0,0.1902,0.0484,-0.0011,-0.0606,0.6055,-0.0131,0.87
997,4000,0.757,0.1215,0.1218,0.357,0.5115,-0.0199,10.04,132.51,1.85,53026.0,0.0,0.1952,0.0522,-0.0012,-0.0661,0.6809,-0.0108,0.87
998,4000,0.7584,0.1266,0.1151,0.3274,0.5379,-0.0174,10.77,129.47,1.86,52789.0,0.0,0.1901,0.0465,-0.001,-0.0592,0.6266,-0.0124,0.87
999,4000,0.7587,0.1279,0.1134,0.3424,0.5301,-0.0184,9.68,142.21,1.86,52768.0,0.0,0.199,0.0483,-0.0013,-0.0607,0.5973,-0.0127,0.87
1000,4000,0.7587,0.1251,0.1161,0.347,0.5463,-0.0146,11.65,145.44,1.86,52978.0,0.0,0.2015,0.0494,-0.0012,-0.0618,0.5793,-0.0133,0.87
1001,4000,0.7634,0.1186,0.118,0.3545,0.5288,-0.0164,9.71,145.21,1.86,52985.0,0.0,0.1988,0.0508,-0.0009,-0.0635,0.6208,-0.0111,0.87
1002,4000,0.7611,0.1186,0.1203,0.3465,0.5446,-0.0147,10.8,143.64,1.87,52430.0,0.0,0.1979,0.0487,-0.0013,-0.062,0.5955,-0.0129,0.87
1003,4000,0.7602,0.1171,0.1228,0.3527,0.5327,-0.0153,11.15,137.11,1.85,52999.0,0.0,0.1987,0.0496,-0.0011,-0.0622,0.592,-0.013,0.87
1004,4000,0.7641,0.1153,0.1206,0.3518,0.5417,-0.0154,11.47,162.26,1.86,52854.0,0.0,0.2008,0.0505,-0.0011,-0.0629,0.6927,-0.013,0.87
1005,4000,0.7583,0.1193,0.1224,0.3337,0.5157,-0.0204,9.41,131.19,1.86,52808.0,0.0,0.1878,0.0479,-0.0012,-0.0609,0.6224,-0.0139,0.87
1006,4000,0.7529,0.1248,0.1225,0.3803,0.5185,-0.0164,10.83,146.77,1.84,53325.0,0.0,0.2038,0.0565,-0.0011,-0.0693,0.6459,-0.0132,0.88
1007,4000,0.7486,0.1251,0.1266,0.3779,0.5155,-0.0152,10.81,143.01,1.87,52671.0,0.0,0.2059,0.0543,-0.0011,-0.0689,0.5604,-0.0129,0.88
1008,4000,0.7446,0.1257,0.1298,0.3624,0.5083,-0.018,10.01,147.37,1.87,52587.0,0.0,0.1995,0.0529,-0.0012,-0.0662,0.6109,-0.0133,0.88
1009,4000,0.744,0.1259,0.1302,0.3385,0.527,-0.0176,10.29,133.35,1.86,52922.0,0.0,0.1894,0.0482,-0.0013,-0.0623,0.5596,-0.012,0.88
1010,4000,0.7477,0.1256,0.127,0.348,0.5474,-0.015,11.53,145.74,1.85,53083.0,0.0,0.2009,0.0498,-0.001,-0.0631,0.5644,-0.0132,0.88
1011,4000,0.7503,0.1221,0.1279,0.3694,0.5159,-0.0154,10.55,151.55,1.85,53054.0,0.0,0.203,0.054,-0.0011,-0.0679,0.5495,-0.0119,0.88
1012,4000,0.7511,0.1221,0.1272,0.3592,0.5197,-0.0163,11.19,167.74,1.88,52392.0,0.0,0.1967,0.0514,-0.0011,-0.0652,0.6032,-0.0123,0.88
1013,4000,0.7461,0.1229,0.1314,0.3576,0.5058,-0.0188,11.3,159.54,1.87,52567.0,0.0,0.192,0.0518,-0.0013,-0.065,0.6399,-0.0126,0.88
1014,4000,0.7459,0.1216,0.1331,0.3714,0.5212,-0.0171,11.4,168.65,1.87,52487.0,0.0,0.2024,0.0537,-0.0012,-0.0682,0.6192,-0.0133,0.88
1015,4000,0.7439,0.1221,0.1343,0.3599,0.519,-0.0171,10.62,151.4,1.85,53169.0,0.0,0.1978,0.0522,-0.0012,-0.0653,0.612,-0.0124,0.88
1016,4000,0.7401,0.1233,0.1366,0.3708,0.5069,-0.017,10.33,146.86,1.86,52808.0,0.0,0.1941,0.0547,-0.0011,-0.0676,0.5262,-0.0123,0.88
1017,4000,0.7434,0.1202,0.1366,0.3465,0.5339,-0.0162,11.55,149.36,1.86,52764.0,0.0,0.1896,0.0511,-0.0011,-0.0632,0.5573,-0.0136,0.88
1018,4000,0.7451,0.1173,0.1381,0.3734,0.5111,-0.0149,10.57,145.51,1.86,52862.0,0.0,0.2028,0.0527,-0.0011,-0.0668,0.5773,-0.0124,0.88
1019,4000,0.7413,0.1185,0.1407,0.3695,0.523,-0.0153,11.42,143.54,1.86,52751.0,0.0,0.2012,0.0543,-0.0011,-0.069,0.5819,-0.0143,0.88
1020,4000,0.7415,0.1189,0.1403,0.359,0.5064,-0.0184,10.32,147.63,1.85,53103.0,0.0,0.1944,0.0524,-0.0012,-0.0654,0.647,-0.0104,0.88
1021,4000,0.7405,0.1205,0.1397,0.3656,0.5134,-0.0169,11.32,142.83,1.86,52818.0,0.0,0.1959,0.0533,-0.0014,-0.0685,0.6063,-0.012,0.88
1022,4000,0.7418,0.1208,0.1381,0.3904,0.5099,-0.0149,11.71,151.31,1.86,52945.0,0.0,0.2037,0.0568,-0.001,-0.0708,0.5806,-0.0132,0.89
1023,4000,0.7379,0.1218,0.1407,0.3513,0.4839,-0.023,9.71,145.69,1.87,52651.0,0.0,0.1881,0.0506,-0.001,-0.0643,0.5207,-0.0127,0.89
1024,4000,0.738,0.1248,0.1374,0.3731,0.5237,-0.0146,11.24,161.61,1.86,52881.0,0.0,0.2029,0.0532,-0.001,-0.0667,0.5727,-0.0129,0.88
1025,4000,0.7407,0.1235,0.1361,0.3633,0.5325,-0.0142,10.84,145.08,1.86,52945.0,0.0,0.1958,0.0521,-0.0011,-0.0654,0.5905,-0.0102,0.88
1026,4000,0.7378,0.1245,0.138,0.366,0.5062,-0.0189,10.94,160.34,1.87,52608.0,0.0,0.1935,0.0543,-0.001,-0.0682,0.547,-0.0128,0.88
1027,4000,0.7361,0.1269,0.1372,0.3695,0.5193,-0.0154,11.08,146.73,1.86,52737.0,0.0,0.1972,0.0538,-0.0012,-0.066,0.5482,-0.0104,0.88
1028,4000,0.7393,0.124,0.137,0.3491,0.5265,-0.0161,10.9,142.01,1.87,52520.0,0.0,0.1911,0.0503,-0.0011,-0.0633,0.5603,-0.0123,0.88
1029,4000,0.7391,0.1232,0.138,0.3657,0.5045,-0.0176,10.31,153.24,1.85,53147.0,0.0,0.194,0.0524,-0.001,-0.066,0.5799,-0.0125,0.88
1030,4000,0.7382,0.1228,0.1393,0.3634,0.5135,-0.0188,10.93,147.8,1.85,53139.0,0.0,0.1919,0.053,-0.0011,-0.0633,0.5978,-0.0135,0.88
1031,4000,0.7366,0.1223,0.1414,0.3712,0.5039,-0.0166,10.59,142.67,1.86,52909.0,0.0,0.1963,0.0537,-0.001,-0.0654,0.6227,-0.0105,0.88
1032,4000,0.7329,0.1249,0.1423,0.3694,0.505,-0.0188,11.32,153.87,1.86,52944.0,0.0,0.1992,0.0537,-0.001,-0.0664,0.5762,-0.0127,0.88
1033,4000,0.7322,0.1252,0.1426,0.3697,0.5091,-0.0177,10.1,159.45,1.87,52586.0,0.0,0.1948,0.0545,-0.001,-0.0666,0.6249,-0.0131,0.89
1034,4000,0.7291,0.1294,0.1416,0.351,0.508,-0.0205,9.01,137.26,1.85,53084.0,0.0,0.1899,0.0516,-0.001,-0.0622,0.6277,-0.0108,0.89
1035,4000,0.7219,0.1323,0.146,0.3942,0.4997,-0.0151,11.34,155.81,1.83,53659.0,0.0,0.2074,0.058,-0.0011,-0.0694,0.6243,-0.012,0.89
1036,4000,0.7222,0.1313,0.1468,0.3646,0.4992,-0.0183,10.37,154.98,1.87,52702.0,0.0,0.1935,0.0531,-0.0012,-0.0654,0.515,-0.0133,0.89
1037,4000,0.724,0.129,0.1472,0.3377,0.5337,-0.017,11.68,147.57,1.85,53155.0,0.0,0.1858,0.0494,-0.0009,-0.0604,0.5304,-0.0136,0.89
1038,4000,0.7299,0.1262,0.1441,0.3764,0.5159,-0.016,10.75,146.27,1.86,52848.0,0.0,0.1995,0.0557,-0.0012,-0.0677,0.5218,-0.0134,0.89
1039,4000,0.7287,0.124,0.1474,0.3728,0.5062,-0.0182,10.65,156.22,1.86,52709.0,0.0,0.1974,0.0558,-0.0008,-0.0656,0.5514,-0.0139,0.89
1040,4000,0.7299,0.1224,0.1476,0.3578,0.5149,-0.0167,10.47,141.74,1.86,52865.0,0.0,0.1925,0.0521,-0.0011,-0.0631,0.5196,-0.0131,0.89
1041,4000,0.7361,0.1191,0.1448,0.3702,0.5178,-0.0152,10.84,145.92,1.86,52710.0,0.0,0.1941,0.055,-0.0011,-0.0655,0.5793,-0.0111,0.89
1042,4000,0.7357,0.1175,0.1468,0.3731,0.512,-0.0155,11.88,172.97,1.87,52703.0,0.0,0.1969,0.0552,-0.0012,-0.0648,0.505,-0.0119,0.89
1043,4000,0.7338,0.1173,0.1489,0.3906,0.4972,-0.0168,11.42,162.11,1.81,54191.0,0.0,0.2,0.0587,-0.0012,-0.0675,0.5546,-0.0127,0.89
1044,4000,0.7307,0.117,0.1523,0.3645,0.5112,-0.0166,10.56,159.29,1.87,52626.0,0.0,0.1938,0.0547,-0.0011,-0.0627,0.579,-0.0129,0.89
1045,4000,0.7266,0.116,0.1575,0.3708,0.5089,-0.0155,10.99,157.18,1.87,52639.0,0.0,0.1956,0.0558,-0.0012,-0.0645,0.4776,-0.0133,0.89
1046,4000,0.7287,0.1152,0.1563,0.3693,0.5233,-0.0164,11.64,140.87,1.87,52434.0,0.0,0.1968,0.0559,-0.001,-0.063,0.5448,-0.009,0.89
1047,4000,0.7348,0.1121,0.1533,0.3792,0.5409,-0.0116,11.97,162.12,1.86,52719.0,0.0,0.2078,0.0568,-0.001,-0.0642,0.4736,-0.0107,0.89
1048,4000,0.7365,0.1126,0.1512,0.3993,0.5069,-0.0149,11.33,169.42,1.84,53461.0,0.0,0.2024,0.0609,-0.0011,-0.0694,0.635,-0.0127,0.89
1049,4000,0.7317,0.112,0.1566,0.3846,0.4911,-0.0176,10.83,170.13,1.87,52432.0,0.0,0.1955,0.0593,-0.0015,-0.0671,0.5678,-0.0137,0.89
1050,4000,0.7293,0.1109,0.1601,0.3775,0.5012,-0.0174,10.03,152.18,1.86,52761.0,0.0,0.1983,0.0572,-0.0012,-0.0643,0.6015,-0.012,0.89
1051,4000,0.7232,0.1142,0.1632,0.376,0.5109,-0.0162,11.98,145.31,1.87,52612.0,0.0,0.1967,0.0568,-0.0011,-0.0644,0.5993,-0.0137,0.89
1052,4000,0.7216,0.1165,0.1624,0.3617,0.5208,-0.0188,10.54,130.87,1.85,53187.0,0.0,0.1973,0.0549,-0.0011,-0.0614,0.5907,-0.0119,0.89
1053,4000,0.7267,0.1187,0.155,0.3609,0.5196,-0.0177,10.2,150.59,1.85,53171.0,0.0,0.1954,0.0547,-0.0012,-0.0635,0.6535,-0.0115,0.89
1054,4000,0.7324,0.1196,0.1484,0.3516,0.5224,-0.0166,10.09,146.27,1.86,52973.0,0.0,0.1925,0.0526,-0.0012,-0.0615,0.5888,-0.0085,0.89
1055,4000,0.7365,0.1186,0.1452,0.3653,0.519,-0.0178,11.1,153.73,1.87,52671.0,0.0,0.1932,0.0554,-0.0013,-0.0645,0.597,-0.0126,0.89
1056,4000,0.7377,0.1174,0.145,0.3878,0.5056,-0.0166,11.5,171.32,1.86,52843.0,0.0,0.2052,0.0595,-0.0014,-0.0672,0.5781,-0.0135,0.89
1057,4000,0.7345,0.119,0.1464,0.3714,0.5332,-0.016,11.74,156.41,1.85,52995.0,0.0,0.2021,0.0555,-0.0013,-0.0657,0.5815,-0.0102,0.89
1058,4000,0.7408,0.1178,0.1416,0.3693,0.5382,-0.0142,12.17,156.18,1.86,52778.0,0.0,0.2046,0.0552,-0.0013,-0.0652,0.5478,-0.0114,0.89
1059,4000,0.7441,0.1138,0.1423,0.3813,0.5294,-0.014,11.59,147.13,1.82,54094.0,0.0,0.2045,0.0579,-0.0013,-0.0662,0.5414,-0.0131,0.89
1060,4000,0.7472,0.1137,0.1393,0.3645,0.5628,-0.0119,12.65,166.68,1.87,52658.0,0.0,0.2052,0.0547,-0.0012,-0.0648,0.5838,-0.0124,0.89
1061,4000,0.7591,0.1088,0.1329,0.3532,0.5304,-0.0171,10.88,147.37,1.86,52813.0,0.0,0.1938,0.0532,-0.0012,-0.063,0.6013,-0.0124,0.89
1062,4000,0.762,0.11,0.129,0.3751,0.5469,-0.014,10.9,151.48,1.87,52676.0,0.0,0.2057,0.0564,-0.0012,-0.0678,0.5857,-0.0142,0.89
1063,4000,0.7668,0.1076,0.1266,0.3568,0.55,-0.0132,11.22,153.03,1.84,53285.0,0.0,0.2007,0.0529,-0.0013,-0.064,0.6237,-0.0125,0.89
1064,4000,0.7715,0.1064,0.1231,0.3591,0.531,-0.0161,10.85,134.69,1.86,52743.0,0.0,0.1988,0.0535,-0.0013,-0.0638,0.5,-0.0131,0.89
1065,4000,0.7702,0.1062,0.1245,0.3662,0.5491,-0.0123,11.19,154.85,1.86,52922.0,0.0,0.1999,0.0547,-0.0013,-0.0661,0.5175,-0.0134,0.89
1066,4000,0.7743,0.1039,0.1227,0.3624,0.5437,-0.0155,10.43,135.27,1.87,52571.0,0.0,0.2013,0.0542,-0.0013,-0.0636,0.5894,-0.0132,0.89
1067,4000,0.7757,0.1035,0.1214,0.3664,0.5315,-0.0164,10.55,148.49,1.86,52859.0,0.0,0.197,0.0556,-0.0012,-0.0659,0.5647,-0.0132,0.89
1068,4000,0.7749,0.1065,0.1191,0.3702,0.5091,-0.019,10.22,160.37,1.86,52760.0,0.0,0.1935,0.0565,-0.0012,-0.0661,0.5457,-0.013,0.89
1069,4000,0.768,0.1106,0.122,0.3624,0.5293,-0.0172,12.06,163.17,1.86,52931.0,0.0,0.1967,0.0553,-0.0012,-0.0642,0.5681,-0.012,0.89
1070,4000,0.7621,0.114,0.1243,0.382,0.5117,-0.0164,11.35,161.75,1.86,52918.0,0.0,0.2012,0.0582,-0.0013,-0.068,0.5016,-0.0125,0.89
1071,4000,0.7603,0.1103,0.1297,0.3888,0.5123,-0.016,10.36,163.82,1.86,52796.0,0.0,0.2025,0.0585,-0.0015,-0.0687,0.6408,-0.011,0.89
1072,4000,0.7528,0.113,0.1346,0.3588,0.4972,-0.0202,11.06,147.85,1.85,53118.0,0.0,0.1911,0.0536,-0.0013,-0.0641,0.477,-0.0127,0.89
1073,4000,0.7464,0.1118,0.142,0.4036,0.4871,-0.016,10.54,151.97,1.87,52543.0,0.0,0.1972,0.0611,-0.0014,-0.0723,0.456,-0.013,0.89
1074,4000,0.744,0.1123,0.1439,0.3841,0.5224,-0.0139,11.75,161.13,1.86,52967.0,0.0,0.2016,0.0581,-0.0014,-0.0687,0.5847,-0.0104,0.89
1075,4000,0.7383,0.1122,0.1494,0.3835,0.4794,-0.0188,10.46,163.51,1.84,53358.0,0.0,0.1898,0.0585,-0.0015,-0.0687,0.4448,-0.0131,0.89
1076,4000,0.7284,0.1124,0.1592,0.4152,0.4806,-0.0158,10.75,163.95,1.86,52901.0,0.0,0.1993,0.0635,-0.0014,-0.0745,0.5735,-0.0114,0.89
1077,4000,0.7245,0.1153,0.1602,0.3735,0.5089,-0.0186,10.71,154.27,1.86,52902.0,0.0,0.1902,0.057,-0.0013,-0.0664,0.5764,-0.0125,0.89
1078,4000,0.7232,0.1183,0.1585,0.3891,0.4788,-0.0197,9.5,147.57,1.85,53228.0,0.0,0.194,0.0597,-0.0013,-0.0676,0.5711,-0.0116,0.9
1079,4000,0.722,0.1196,0.1586,0.3816,0.5033,-0.019,9.69,134.02,1.86,52813.0,0.0,0.1925,0.058,-0.0014,-0.0674,0.5228,-0.0132,0.9
1080,4000,0.7201,0.1214,0.1587,0.3888,0.5029,-0.0167,10.57,148.0,1.86,52728.0,0.0,0.1932,0.0586,-0.0013,-0.0669,0.5353,-0.0122,0.9
1081,4000,0.7186,0.1213,0.1603,0.4049,0.4981,-0.0151,11.71,179.36,1.87,52487.0,0.0,0.1968,0.0627,-0.0012,-0.0707,0.5787,-0.0132,0.9
1082,4000,0.7155,0.119,0.1658,0.409,0.5046,-0.0131,10.66,160.38,1.86,52842.0,0.0,0.2028,0.0627,-0.0013,-0.0704,0.5319,-0.0131,0.9
1083,4000,0.7137,0.1181,0.1684,0.3925,0.5079,-0.0154,12.01,165.16,1.87,52598.0,0.0,0.1986,0.061,-0.0013,-0.0663,0.5288,-0.0132,0.9
1084,4000,0.7153,0.1172,0.1676,0.3969,0.4882,-0.0163,11.28,166.47,1.86,52752.0,0.0,0.1952,0.0603,-0.0012,-0.0675,0.4771,-0.0132,0.9
1085,4000,0.7116,0.1176,0.1707,0.41,0.4954,-0.0142,12.33,163.99,1.85,53108.0,0.0,0.2022,0.0629,-0.0013,-0.07,0.4528,-0.0131,0.9
1086,4000,0.7149,0.1142,0.1709,0.4126,0.4873,-0.016,11.14,168.05,1.86,52933.0,0.0,0.1953,0.0638,-0.0013,-0.0692,0.5008,-0.0128,0.9
1087,4000,0.7124,0.1118,0.1758,0.4078,0.4904,-0.016,11.8,170.62,1.86,52952.0,0.0,0.1944,0.0623,-0.0014,-0.0699,0.498,-0.0116,0.9
1088,4000,0.7125,0.1118,0.1757,0.3906,0.4925,-0.017,11.31,154.89,1.86,52733.0,0.0,0.189,0.0598,-0.0013,-0.0662,0.4897,-0.0132,0.9
1089,4000,0.7153,0.1113,0.1736,0.3842,0.4887,-0.0183,10.46,173.52,1.86,52988.0,0.0,0.1881,0.0586,-0.0013,-0.0646,0.5464,-0.0112,0.9
1090,4000,0.7105,0.1145,0.1752,0.4028,0.4808,-0.016,10.52,155.7,1.87,52676.0,0.0,0.1906,0.0622,-0.0013,-0.0674,0.5069,-0.0125,0.9
1091,4000,0.7082,0.1171,0.1752,0.3968,0.4896,-0.0165,11.21,170.74,1.84,53288.0,0.0,0.1926,0.0605,-0.0013,-0.0662,0.5202,-0.0125,0.9
1092,4000,0.7024,0.1194,0.1788,0.4231,0.4337,-0.0193,10.78,173.55,1.86,52912.0,0.0,0.1929,0.066,-0.0013,-0.0714,0.4288,-0.012,0.9
1093,4000,0.696,0.1201,0.1846,0.3904,0.4813,-0.0183,11.25,161.12,1.85,53137.0,0.0,0.1919,0.0596,-0.0013,-0.0642,0.5421,-0.0133,0.9
1094,4000,0.6939,0.1201,0.1865,0.4004,0.494,-0.0145,10.83,159.15,1.87,52599.0,0.0,0.1929,0.0611,-0.0013,-0.066,0.5752,-0.0133,0.9
1095,4000,0.693,0.1194,0.1882,0.4055,0.4845,-0.0169,10.7,159.15,1.86,52724.0,0.0,0.2004,0.0629,-0.0012,-0.0672,0.5659,-0.0108,0.9
1096,4000,0.6962,0.1198,0.1847,0.4015,0.4906,-0.0176,10.76,165.35,1.87,52567.0,0.0,0.1934,0.0635,-0.0011,-0.0685,0.539,-0.0113,0.9
1097,4000,0.6983,0.1203,0.182,0.4032,0.5149,-0.0128,11.63,157.7,1.86,52765.0,0.0,0.202,0.0617,-0.0013,-0.0661,0.557,-0.0131,0.9
1098,4000,0.703,0.1204,0.1768,0.403,0.4996,-0.0148,10.13,167.93,1.85,53027.0,0.0,0.198,0.0619,-0.0016,-0.0678,0.5286,-0.0136,0.9
1099,4000,0.7021,0.1196,0.1785,0.4137,0.4677,-0.0183,10.9,145.05,1.87,52595.0,0.0,0.1981,0.0643,-0.0015,-0.0687,0.5484,-0.0134,0.9
1100,4000,0.7019,0.119,0.1792,0.3951,0.4913,-0.0178,10.92,163.69,1.86,52789.0,0.0,0.1986,0.0614,-0.0015,-0.0649,0.5468,-0.0125,0.9
1101,4000,0.7009,0.1162,0.183,0.4235,0.489,-0.0146,10.45,162.68,1.86,52918.0,0.0,0.204,0.0666,-0.0014,-0.0701,0.5411,-0.0127,0.9
1102,4000,0.7033,0.1151,0.1818,0.3764,0.5182,-0.0161,10.77,148.81,1.86,52849.0,0.0,0.1962,0.0581,-0.0015,-0.0614,0.6121,-0.0115,0.9
1103,4000,0.7072,0.1157,0.1778,0.3933,0.4902,-0.0183,10.73,167.02,1.85,53138.0,0.0,0.1973,0.0601,-0.0013,-0.0643,0.5836,-0.0111,0.9
1104,4000,0.7079,0.1167,0.1762,0.4056,0.4843,-0.017,11.25,166.88,1.79,54893.0,0.0,0.2027,0.0627,-0.0013,-0.0665,0.5855,-0.0107,0.9
1105,4000,0.7103,0.1146,0.1758,0.386,0.5109,-0.0162,10.79,151.96,1.86,52787.0,0.0,0.1941,0.0603,-0.0015,-0.0644,0.5062,-0.012,0.9
1106,4000,0.7197,0.1144,0.1663,0.3867,0.5318,-0.0141,10.85,151.52,1.85,52998.0,0.0,0.2053,0.0589,-0.0013,-0.0644,0.5502,-0.0139,0.9
1107,4000,0.7294,0.1137,0.1574,0.3758,0.5339,-0.0149,10.96,155.49,1.86,52856.0,0.0,0.2032,0.0575,-0.0013,-0.0623,0.6141,-0.0115,0.9
1108,4000,0.7321,0.1158,0.1524,0.3849,0.5209,-0.0148,10.99,147.21,1.86,52989.0,0.0,0.2028,0.0588,-0.0014,-0.0627,0.6305,-0.0099,0.9
1109,4000,0.7351,0.1156,0.1496,0.3944,0.5102,-0.0156,11.46,177.99,1.87,52635.0,0.0,0.2072,0.061,-0.0014,-0.0643,0.6519,-0.0122,0.9
1110,4000,0.7369,0.118,0.1451,0.3682,0.506,-0.019,10.91,155.04,1.86,52918.0,0.0,0.1971,0.0571,-0.0015,-0.0603,0.6217,-0.0124,0.9
1111,4000,0.7354,0.1175,0.1471,0.3784,0.5004,-0.0191,10.72,145.18,1.85,52997.0,0.0,0.1973,0.0583,-0.0012,-0.0621,0.5706,-0.0139,0.9
1112,4000,0.7352,0.1169,0.1479,0.3783,0.5254,-0.0141,10.97,148.48,1.86,52837.0,0.0,0.2069,0.0589,-0.0015,-0.0614,0.5893,-0.0127,0.9
1113,4000,0.7333,0.1172,0.1496,0.375,0.5314,-0.014,11.17,155.72,1.86,52804.0,0.0,0.2023,0.0568,-0.0014,-0.0612,0.6284,-0.0131,0.9
1114,4000,0.7377,0.1172,0.1452,0.36,0.5193,-0.0178,10.48,152.8,1.87,52631.0,0.0,0.1948,0.0546,-0.0015,-0.0601,0.5792,-0.0121,0.9
1115,4000,0.7414,0.1183,0.1403,0.3683,0.5321,-0.0154,11.64,158.69,1.84,53482.0,0.0,0.2003,0.056,-0.0014,-0.0601,0.4935,-0.0139,0.9
1116,4000,0.7443,0.1167,0.139,0.3662,0.5426,-0.0135,11.12,151.05,1.82,53940.0,0.0,0.2009,0.0552,-0.0014,-0.0607,0.5732,-0.0129,0.9
1117,4000,0.7502,0.1122,0.1376,0.3737,0.5272,-0.0152,11.07,161.54,1.87,52540.0,0.0,0.2017,0.0561,-0.0014,-0.0615,0.5798,-0.0132,0.9
1118,4000,0.7505,0.1101,0.1394,0.3839,0.5171,-0.0146,10.18,145.97,1.86,52882.0,0.0,0.2047,0.0594,-0.0014,-0.0626,0.5746,-0.0132,0.9
1119,4000,0.7512,0.1106,0.1383,0.3595,0.5202,-0.0179,10.81,154.33,1.85,53057.0,0.0,0.1966,0.0547,-0.0012,-0.0609,0.5589,-0.0073,0.9
1120,4000,0.7541,0.107,0.1389,0.3772,0.5319,-0.0143,10.85,150.25,1.86,52931.0,0.0,0.2029,0.059,-0.0013,-0.0627,0.5511,-0.0076,0.9
1121,4000,0.7501,0.108,0.142,0.3788,0.5116,-0.0158,10.73,135.65,1.86,52933.0,0.0,0.1999,0.058,-0.0013,-0.0646,0.5736,-0.0126,0.9
1122,4000,0.7524,0.1087,0.1389,0.3641,0.5287,-0.0174,11.64,156.74,1.86,52751.0,0.0,0.1973,0.0559,-0.0013,-0.0621,0.5965,-0.0142,0.9
1123,4000,0.753,0.1107,0.1364,0.3611,0.5348,-0.0164,12.03,158.79,1.85,53141.0,0.0,0.1996,0.0547,-0.0013,-0.0617,0.6208,-0.0118,0.9
1124,4000,0.7543,0.1124,0.1335,0.3773,0.5202,-0.0165,11.54,160.77,1.86,52863.0,0.0,0.2035,0.0574,-0.0012,-0.0634,0.6079,-0.0128,0.9
1125,4000,0.7548,0.1131,0.1324,0.3549,0.5278,-0.0178,11.32,146.41,1.87,52675.0,0.0,0.1981,0.0532,-0.0012,-0.0598,0.6145,-0.0126,0.9
1126,4000,0.7601,0.1118,0.1284,0.3547,0.5337,-0.0168,10.16,135.93,1.86,52939.0,0.0,0.1935,0.0541,-0.0012,-0.0614,0.5942,-0.0121,0.9
1127,4000,0.7638,0.1105,0.126,0.3556,0.5485,-0.0137,11.33,146.93,1.86,52873.0,0.0,0.1966,0.0532,-0.0013,-0.0615,0.6187,-0.0134,0.9
1128,4000,0.7688,0.1106,0.1208,0.3544,0.5514,-0.0162,11.88,139.91,1.87,52590.0,0.0,0.2007,0.052,-0.0014,-0.0607,0.6233,-0.0138,0.9
1129,4000,0.7719,0.1113,0.1172,0.3306,0.5452,-0.0157,11.13,127.52,1.87,52618.0,0.0,0.1889,0.0485,-0.0013,-0.0579,0.4565,-0.0134,0.9
1130,4000,0.7741,0.1106,0.1159,0.3805,0.5385,-0.0141,11.58,163.48,1.85,53101.0,0.0,0.2066,0.0565,-0.0012,-0.0657,0.5423,-0.0135,0.9
1131,4000,0.7747,0.1092,0.1165,0.3618,0.5589,-0.0129,12.3,151.38,1.86,52725.0,0.0,0.2036,0.0529,-0.0012,-0.0619,0.5897,-0.0114,0.9
1132,4000,0.7741,0.1093,0.117,0.3729,0.5334,-0.0159,12.42,165.02,1.86,52977.0,0.0,0.2056,0.0552,-0.0015,-0.0667,0.4477,-0.013,0.9
1133,4000,0.7711,0.1094,0.1197,0.3705,0.5465,-0.0143,11.73,151.28,1.84,53540.0,0.0,0.2,0.055,-0.0011,-0.0649,0.5802,-0.0114,0.9
1134,4000,0.7718,0.1098,0.1187,0.359,0.5344,-0.0172,11.27,164.45,1.86,52782.0,0.0,0.1941,0.0545,-0.0014,-0.0624,0.5818,-0.013,0.9
1135,4000,0.7705,0.1115,0.1182,0.3794,0.5228,-0.0166,10.86,166.12,1.86,52841.0,0.0,0.2,0.0573,-0.0014,-0.0667,0.5216,-0.0114,0.9
1136,4000,0.7682,0.1146,0.1173,0.3556,0.5171,-0.0179,11.8,155.59,1.87,52556.0,0.0,0.1919,0.0528,-0.0011,-0.0631,0.5043,-0.0129,0.9
1137,4000,0.7707,0.1138,0.1155,0.3557,0.5446,-0.0162,10.17,132.43,1.86,52884.0,0.0,0.1965,0.053,-0.0015,-0.0624,0.6005,-0.0108,0.9
1138,4000,0.768,0.1161,0.116,0.3825,0.5132,-0.0154,11.61,157.1,1.87,52647.0,0.0,0.2001,0.0581,-0.0014,-0.0666,0.5295,-0.0119,0.91
1139,4000,0.7606,0.1168,0.1228,0.3626,0.5252,-0.0163,10.94,154.98,1.87,52668.0,0.0,0.1972,0.0538,-0.0012,-0.0639,0.5111,-0.0091,0.91
1140,4000,0.7569,0.1165,0.1269,0.3941,0.5304,-0.0115,11.09,149.78,1.86,52814.0,0.0,0.2062,0.06,-0.0014,-0.0692,0.4751,-0.0086,0.91
1141,4000,0.7542,0.1136,0.1324,0.3937,0.5202,-0.0135,12.16,151.58,1.86,52967.0,0.0,0.1999,0.0596,-0.0012,-0.0675,0.488,-0.0126,0.91
1142,4000,0.7515,0.1128,0.136,0.3793,0.5229,-0.0146,11.84,168.11,1.85,53137.0,0.0,0.202,0.057,-0.0013,-0.0667,0.515,-0.0132,0.91
1143,4000,0.7469,0.1127,0.1405,0.3899,0.4945,-0.0187,10.71,160.73,1.87,52582.0,0.0,0.1997,0.0594,-0.0013,-0.0679,0.5086,-0.013,0.91
1144,4000,0.7445,0.1121,0.1434,0.4019,0.518,-0.0129,10.92,143.07,1.86,52907.0,0.0,0.2028,0.0612,-0.0014,-0.0698,0.5074,-0.0131,0.91
1145,4000,0.7406,0.1137,0.1459,0.3785,0.5062,-0.0181,10.29,138.59,1.87,52625.0,0.0,0.1918,0.0572,-0.0013,-0.0652,0.5471,-0.0102,0.91
1146,4000,0.7387,0.1166,0.1449,0.3711,0.5149,-0.0158,11.24,149.64,1.87,52605.0,0.0,0.1937,0.0557,-0.0014,-0.0659,0.4688,-0.0115,0.91
1147,4000,0.7367,0.1158,0.1477,0.4022,0.5067,-0.0149,11.19,157.31,1.85,53016.0,0.0,0.2015,0.0618,-0.0012,-0.0703,0.5676,-0.0138,0.91
1148,4000,0.735,0.1186,0.1466,0.3705,0.5091,-0.0165,10.55,152.28,1.86,52757.0,0.0,0.1917,0.0569,-0.0015,-0.0644,0.4922,-0.0128,0.91
1149,4000,0.7297,0.1192,0.1514,0.4063,0.4789,-0.0171,10.54,152.17,1.87,52603.0,0.0,0.1955,0.0638,-0.0013,-0.0711,0.4676,-0.0127,0.91
1150,4000,0.7238,0.12,0.1564,0.3891,0.5092,-0.0161,11.11,164.9,1.86,52870.0,0.0,0.1993,0.0601,-0.0013,-0.0677,0.4585,-0.0132,0.91
1151,4000,0.7211,0.1206,0.1587,0.3952,0.5011,-0.0169,10.26,156.41,1.86,52933.0,0.0,0.1987,0.061,-0.0013,-0.067,0.4938,-0.0121,0.91
1152,4000,0.7248,0.1176,0.158,0.4006,0.5212,-0.0131,11.8,161.87,1.86,52925.0,0.0,0.2078,0.0607,-0.0013,-0.0671,0.4153,-0.0125,0.91
1153,4000,0.7302,0.1124,0.1577,0.4021,0.5075,-0.0136,10.73,150.8,1.87,52705.0,0.0,0.2007,0.0615,-0.0013,-0.0668,0.4855,-0.0118,0.91
1154,4000,0.7266,0.112,0.1617,0.4031,0.4904,-0.0175,12.24,181.48,1.86,52893.0,0.0,0.1968,0.0624,-0.0014,-0.068,0.47,-0.0112,0.91
1155,4000,0.7224,0.1121,0.1658,0.4041,0.5043,-0.0149,10.75,163.82,1.86,52786.0,0.0,0.2,0.062,-0.0013,-0.0662,0.5385,-0.0131,0.91
1156,4000,0.7138,0.1184,0.168,0.4052,0.4856,-0.0192,10.88,164.51,1.87,52669.0,0.0,0.1997,0.0623,-0.0014,-0.0681,0.5293,-0.0132,0.91
1157,4000,0.7088,0.1192,0.1723,0.3924,0.4833,-0.0186,10.97,163.03,1.88,52414.0,0.0,0.1961,0.0594,-0.0011,-0.0662,0.5136,-0.0128,0.91
1158,4000,0.7041,0.1234,0.1727,0.4228,0.4965,-0.0135,12.09,171.0,1.87,52669.0,0.0,0.2072,0.0665,-0.0016,-0.0706,0.4456,-0.0126,0.91
1159,4000,0.7032,0.1225,0.1746,0.4077,0.4838,-0.0163,10.91,179.72,1.88,52284.0,0.0,0.1964,0.063,-0.0014,-0.0691,0.4682,-0.0126,0.91
1160,4000,0.7008,0.1223,0.1774,0.4298,0.4844,-0.0146,10.78,185.01,1.86,52778.0,0.0,0.2054,0.0676,-0.0014,-0.0717,0.4743,-0.0124,0.91
1161,4000,0.7,0.119,0.1818,0.411,0.4874,-0.0144,11.45,176.35,1.86,52866.0,0.0,0.197,0.0639,-0.0014,-0.07,0.5154,-0.0115,0.91
1162,4000,0.6946,0.1194,0.187,0.4185,0.4769,-0.0154,10.62,165.43,1.86,52710.0,0.0,0.2029,0.0657,-0.0014,-0.0704,0.467,-0.0132,0.92
1163,4000,0.6908,0.1178,0.1922,0.3926,0.4753,-0.0184,11.41,155.83,1.87,52582.0,0.0,0.1938,0.0611,-0.0014,-0.0667,0.5096,-0.0107,0.92
1164,4000,0.6938,0.1168,0.1898,0.3758,0.5026,-0.0154,10.66,157.55,1.87,52678.0,0.0,0.1911,0.0583,-0.0014,-0.0632,0.5244,-0.0122,0.92
1165,4000,0.6902,0.1165,0.1935,0.4,0.4956,-0.0146,11.09,133.77,1.87,52651.0,0.0,0.2003,0.0615,-0.0013,-0.0663,0.5482,-0.0132,0.92
1166,4000,0.6983,0.1148,0.187,0.381,0.4991,-0.0176,10.35,157.84,1.87,52655.0,0.0,0.1917,0.0587,-0.0013,-0.0636,0.5742,-0.0113,0.92
1167,4000,0.6973,0.1163,0.1864,0.3855,0.4729,-0.019,10.58,152.23,1.89,52137.0,0.0,0.1907,0.0592,-0.0012,-0.0652,0.4866,-0.0086,0.92
1168,4000,0.6972,0.1154,0.1874,0.4183,0.4957,-0.0118,11.35,172.0,1.87,52590.0,0.0,0.2094,0.0641,-0.0015,-0.0707,0.4876,-0.0126,0.92
1169,4000,0.6985,0.1121,0.1894,0.4004,0.4843,-0.0181,10.21,161.84,1.87,52657.0,0.0,0.2007,0.0611,-0.0013,-0.0673,0.5206,-0.0094,0.92
1170,4000,0.6989,0.1127,0.1884,0.409,0.4957,-0.0153,10.49,176.17,1.87,52582.0,0.0,0.2078,0.0627,-0.0016,-0.0695,0.5619,-0.0082,0.92
1171,4000,0.6987,0.1136,0.1878,0.4181,0.4842,-0.0166,10.71,171.8,1.86,52715.0,0.0,0.2071,0.0638,-0.0013,-0.0699,0.5333,-0.0124,0.92
1172,4000,0.6933,0.1142,0.1929,0.4359,0.4568,-0.0168,10.62,167.6,1.83,53648.0,0.0,0.2087,0.0671,-0.0014,-0.0744,0.508,-0.0114,0.92
1173,4000,0.6905,0.115,0.195,0.4085,0.4699,-0.0166,10.57,166.82,1.85,53020.0,0.0,0.2003,0.0617,-0.0013,-0.069,0.4575,-0.0135,0.92
1174,4000,0.6871,0.1135,0.2001,0.4156,0.4737,-0.0154,10.92,159.36,1.86,52948.0,0.0,0.2021,0.064,-0.0017,-0.07,0.5617,-0.0119,0.92
1175,4000,0.6848,0.1169,0.1991,0.4147,0.4788,-0.0176,11.78,189.36,1.86,52801.0,0.0,0.2054,0.0633,-0.0017,-0.069,0.5055,-0.0131,0.92
1176,4000,0.6837,0.1195,0.1974,0.4065,0.4565,-0.0184,11.37,181.14,1.87,52522.0,0.0,0.1881,0.0621,-0.0015,-0.0681,0.5255,-0.0115,0.92
1177,4000,0.6806,0.1209,0.1989,0.4079,0.4729,-0.0162,11.79,161.72,1.87,52506.0,0.0,0.1965,0.0634,-0.0014,-0.0671,0.5084,-0.0133,0.92
1178,4000,0.6792,0.12,0.2011,0.4235,0.4593,-0.0176,10.76,164.91,1.86,52897.0,0.0,0.2027,0.0656,-0.0016,-0.0697,0.4597,-0.0132,0.92
1179,4000,0.6814,0.1201,0.1987,0.4163,0.4826,-0.0159,11.05,158.35,1.87,52633.0,0.0,0.2036,0.0642,-0.0015,-0.0677,0.5027,-0.0127,0.92
1180,4000,0.6812,0.1228,0.1962,0.3994,0.4704,-0.019,11.27,175.4,1.87,52527.0,0.0,0.1949,0.0613,-0.0017,-0.0651,0.5507,-0.0127,0.92
1181,4000,0.6791,0.1236,0.1975,0.4201,0.5011,-0.0131,11.2,162.77,1.87,52524.0,0.0,0.2068,0.0649,-0.0019,-0.0695,0.5222,-0.0131,0.92
1182,4000,0.6814,0.1209,0.198,0.4261,0.453,-0.0178,10.9,177.73,1.86,52838.0,0.0,0.204,0.0661,-0.0016,-0.0711,0.4977,-0.0136,0.92
1183,4000,0.6772,0.119,0.2041,0.4092,0.4738,-0.0166,10.16,155.75,1.87,52651.0,0.0,0.1986,0.0632,-0.0016,-0.0671,0.5485,-0.0124,0.92
1184,4000,0.6749,0.1195,0.2059,0.4328,0.4691,-0.0141,11.56,180.59,1.87,52612.0,0.0,0.2141,0.067,-0.0014,-0.072,0.4975,-0.0131,0.92
1185,4000,0.6771,0.1151,0.208,0.4115,0.5047,-0.0138,12.35,176.5,1.87,52443.0,0.0,0.2119,0.0629,-0.0017,-0.0687,0.5889,-0.0126,0.92
1186,4000,0.6846,0.1116,0.204,0.4028,0.4937,-0.0156,10.26,142.89,1.88,52416.0,0.0,0.2029,0.0613,-0.0015,-0.0675,0.6058,-0.013,0.92
1187,4000,0.6923,0.1134,0.1947,0.3848,0.5089,-0.0161,10.55,158.96,1.86,52916.0,0.0,0.1993,0.0578,-0.0018,-0.064,0.6298,-0.0123,0.92
1188,4000,0.6971,0.1144,0.189,0.3944,0.4924,-0.0174,10.59,161.01,1.87,52451.0,0.0,0.2042,0.0594,-0.0015,-0.0653,0.5887,-0.0123,0.92
1189,4000,0.703,0.1157,0.1818,0.3874,0.4933,-0.0173,9.98,145.38,1.86,52850.0,0.0,0.2008,0.0581,-0.0015,-0.064,0.5837,-0.012,0.92
1190,4000,0.7051,0.1164,0.1793,0.3796,0.4909,-0.0184,10.48,147.53,1.86,52762.0,0.0,0.2011,0.0574,-0.0016,-0.0638,0.5757,-0.0125,0.92
1191,4000,0.703,0.1185,0.1795,0.4151,0.4848,-0.0154,11.18,160.61,1.87,52635.0,0.0,0.2118,0.0628,-0.0017,-0.0698,0.5392,-0.0134,0.92
1192,4000,0.7032,0.1177,0.1796,0.3921,0.5069,-0.0164,11.43,168.46,1.87,52530.0,0.0,0.2057,0.059,-0.0016,-0.0667,0.5838,-0.0101,0.92
1193,4000,0.706,0.1183,0.1762,0.3788,0.5139,-0.0164,11.13,141.67,1.87,52666.0,0.0,0.2041,0.0569,-0.0012,-0.0645,0.5831,-0.0127,0.92
1194,4000,0.7094,0.1202,0.1714,0.3874,0.5169,-0.0177,11.74,144.64,1.87,52669.0,0.0,0.2085,0.0587,-0.0015,-0.0654,0.6333,-0.0131,0.92
1195,4000,0.7162,0.1218,0.163,0.3784,0.5146,-0.0171,11.03,155.93,1.86,52850.0,0.0,0.2038,0.0572,-0.0015,-0.065,0.6714,-0.0128,0.92
1196,4000,0.7187,0.1222,0.1598,0.3957,0.5011,-0.0163,11.38,143.88,1.87,52449.0,0.0,0.211,0.0588,-0.0015,-0.0671,0.5525,-0.0132,0.92
1197,4000,0.7219,0.1201,0.1585,0.3706,0.5233,-0.0166,11.14,160.24,1.85,53063.0,0.0,0.2004,0.0552,-0.0012,-0.0628,0.5435,-0.0102,0.92
1198,4000,0.7271,0.1211,0.1521,0.3733,0.5238,-0.0154,11.47,157.44,1.88,52407.0,0.0,0.203,0.0553,-0.0014,-0.0654,0.5974,-0.0085,0.92
1199,4000,0.732,0.1194,0.1488,0.3693,0.5221,-0.0161,11.78,158.65,1.86,52847.0,0.0,0.2007,0.0536,-0.0014,-0.0634,0.5771,-0.0126,0.92
1200,4000,0.7326,0.12,0.1476,0.387,0.5278,-0.0148,11.5,146.05,1.86,52928.0,0.0,0.2133,0.0566,-0.0013,-0.0672,0.5921,-0.012,0.93
1201,4000,0.7352,0.1189,0.1463,0.3833,0.5043,-0.0166,10.44,160.89,1.78,55072.0,0.0,0.2061,0.057,-0.0017,-0.0665,0.5689,-0.0129,0.93
1202,4000,0.7363,0.1158,0.1482,0.3667,0.5353,-0.0135,11.28,150.02,1.86,52823.0,0.0,0.2051,0.0531,-0.0013,-0.0623,0.5595,-0.0125,0.92
1203,4000,0.738,0.1149,0.1474,0.3722,0.5118,-0.0168,10.62,144.14,1.87,52577.0,0.0,0.2014,0.0553,-0.0015,-0.0641,0.5549,-0.012,0.93
1204,4000,0.739,0.1154,0.1459,0.3715,0.5246,-0.0166,10.84,147.36,1.87,52534.0,0.0,0.206,0.0539,-0.0014,-0.0632,0.6022,-0.0138,0.93
1205,4000,0.7381,0.1157,0.1464,0.3669,0.5313,-0.0148,11.69,154.19,1.87,52606.0,0.0,0.2008,0.0535,-0.0016,-0.0623,0.6263,-0.0121,0.92
1206,4000,0.7378,0.1149,0.1476,0.3695,0.5157,-0.015,11.22,153.31,1.82,53965.0,0.0,0.2011,0.0541,-0.0014,-0.0634,0.6053,-0.0131,0.92
1207,4000,0.7329,0.1162,0.1514,0.3838,0.4784,-0.0192,10.5,150.84,1.85,53107.0,0.0,0.204,0.0571,-0.0014,-0.0672,0.5221,-0.0093,0.92
1208,4000,0.731,0.1183,0.1512,0.3575,0.4932,-0.019,10.3,156.19,1.87,52641.0,0.0,0.1906,0.0522,-0.0014,-0.0599,0.4586,-0.0085,0.92
1209,4000,0.7295,0.118,0.153,0.3892,0.5042,-0.0143,10.76,150.34,1.87,52630.0,0.0,0.2056,0.0576,-0.0014,-0.0657,0.529,-0.0128,0.92
1210,4000,0.7241,0.1185,0.1581,0.3809,0.4882,-0.0172,10.73,179.02,1.86,52952.0,0.0,0.1967,0.056,-0.0015,-0.0648,0.4255,-0.0103,0.92
1211,4000,0.7196,0.1206,0.1605,0.3772,0.4762,-0.0196,9.67,146.71,1.87,52512.0,0.0,0.1885,0.0564,-0.0015,-0.0646,0.4974,-0.0117,0.92
1212,4000,0.7184,0.1193,0.1628,0.3851,0.4999,-0.0145,10.13,160.63,1.86,52890.0,0.0,0.2012,0.0572,-0.0015,-0.0653,0.5314,-0.0132,0.92
1213,4000,0.7172,0.118,0.1654,0.3959,0.4895,-0.0155,10.79,177.62,1.87,52546.0,0.0,0.1967,0.0593,-0.0014,-0.067,0.5478,-0.0127,0.92
1214,4000,0.7169,0.1174,0.1662,0.4112,0.4598,-0.0188,9.85,160.05,1.86,52810.0,0.0,0.1999,0.0625,-0.0014,-0.0696,0.5276,-0.0132,0.92
1215,4000,0.7124,0.1166,0.1715,0.4112,0.4793,-0.0136,11.36,167.89,1.87,52595.0,0.0,0.2003,0.0628,-0.0016,-0.0704,0.5188,-0.0111,0.92
1216,4000,0.7123,0.1129,0.1753,0.4021,0.4854,-0.0145,11.28,163.79,1.87,52460.0,0.0,0.1975,0.0612,-0.0013,-0.0679,0.4888,-0.0088,0.92
1217,4000,0.7075,0.1096,0.1834,0.4267,0.4741,-0.0143,11.65,173.84,1.87,52579.0,0.0,0.2017,0.0649,-0.0012,-0.0736,0.5682,-0.0127,0.92
1218,4000,0.6995,0.1092,0.192,0.4256,0.4769,-0.0129,10.73,146.61,1.85,53129.0,0.0,0.2069,0.0646,-0.0013,-0.0729,0.4867,-0.0121,0.92
1219,4000,0.6963,0.107,0.1974,0.4147,0.4861,-0.0143,10.91,154.88,1.88,52223.0,0.0,0.2006,0.0634,-0.0013,-0.0712,0.5775,-0.0118,0.93
1220,4000,0.6943,0.1097,0.1968,0.3898,0.4836,-0.0185,10.74,164.98,1.87,52621.0,0.0,0.1939,0.0592,-0.0014,-0.0671,0.6109,-0.013,0.93
1221,4000,0.6935,0.1107,0.197,0.3854,0.4855,-0.0165,11.59,153.46,1.87,52487.0,0.0,0.1958,0.0582,-0.0013,-0.0641,0.5695,-0.0109,0.93
1222,4000,0.6919,0.1115,0.1977,0.4121,0.4636,-0.0161,11.78,169.67,1.87,52608.0,0.0,0.198,0.0621,-0.0013,-0.0705,0.5784,-0.0111,0.92
1223,4000,0.6877,0.112,0.2013,0.3915,0.4823,-0.0161,10.83,155.56,1.87,52605.0,0.0,0.1976,0.0582,-0.0014,-0.0659,0.6172,-0.0126,0.92
1224,4000,0.688,0.1131,0.1999,0.4061,0.4855,-0.016,10.56,158.89,1.86,52839.0,0.0,0.2029,0.0611,-0.0012,-0.071,0.5091,-0.0122,0.93
1225,4000,0.6932,0.111,0.1966,0.3793,0.518,-0.0138,10.99,142.74,1.83,53724.0,0.0,0.2033,0.0563,-0.0012,-0.0653,0.6058,-0.0119,0.93
1226,4000,0.6976,0.1111,0.192,0.3975,0.5123,-0.0127,11.79,161.96,1.88,52376.0,0.0,0.2106,0.0594,-0.0015,-0.069,0.4734,-0.0133,0.93
1227,4000,0.7024,0.1093,0.1888,0.3785,0.5069,-0.0146,11.33,139.88,1.86,52978.0,0.0,0.1975,0.0565,-0.0014,-0.0655,0.5804,-0.0126,0.93
1228,4000,0.7055,0.1117,0.1832,0.3672,0.5189,-0.0145,10.82,147.21,1.88,52370.0,0.0,0.1953,0.0546,-0.0015,-0.0635,0.5843,-0.0121,0.93
1229,4000,0.7117,0.1121,0.1767,0.3728,0.5032,-0.0163,10.99,151.75,1.86,52736.0,0.0,0.1954,0.0551,-0.0013,-0.0651,0.5447,-0.0124,0.93
1230,4000,0.7168,0.1119,0.1717,0.3713,0.5053,-0.0161,10.89,152.13,1.81,54317.0,0.0,0.1968,0.0552,-0.0014,-0.0639,0.4803,-0.0128,0.93
1231,4000,0.7166,0.1131,0.1709,0.3858,0.4992,-0.0153,11.7,154.97,1.87,52697.0,0.0,0.1982,0.0567,-0.0014,-0.0672,0.5704,-0.0142,0.93
1232,4000,0.7138,0.1153,0.1716,0.3865,0.4799,-0.0179,10.45,144.76,1.87,52652.0,0.0,0.2003,0.0586,-0.0014,-0.068,0.5303,-0.0122,0.93
1233,4000,0.7086,0.1194,0.1727,0.3959,0.4984,-0.0143,11.18,169.12,1.88,52210.0,0.0,0.2062,0.0592,-0.0013,-0.0698,0.5344,-0.0129,0.93
1234,4000,0.7044,0.1203,0.1763,0.3714,0.5146,-0.015,10.44,144.03,1.8,54703.0,0.0,0.1996,0.0543,-0.0014,-0.0648,0.4875,-0.0114,0.93
1235,4000,0.7041,0.1194,0.1775,0.4043,0.472,-0.0173,10.41,180.8,1.89,52080.0,0.0,0.2047,0.0617,-0.0014,-0.0719,0.4747,-0.0126,0.93
1236,4000,0.7077,0.1176,0.1754,0.3966,0.4937,-0.0154,11.24,171.15,1.88,52358.0,0.0,0.202,0.0598,-0.0014,-0.0694,0.4883,-0.0115,0.93
1237,4000,0.7117,0.1134,0.1758,0.4177,0.4935,-0.0142,11.29,165.46,1.87,52612.0,0.0,0.2137,0.0633,-0.0015,-0.0733,0.5161,-0.013,0.93
1238,4000,0.7136,0.1121,0.1755,0.4072,0.4956,-0.0129,12.23,165.63,1.88,52357.0,0.0,0.2126,0.0609,-0.0016,-0.0711,0.5478,-0.0111,0.93
1239,4000,0.7159,0.1111,0.1737,0.3993,0.4994,-0.0165,10.68,167.06,1.87,52578.0,0.0,0.2053,0.0597,-0.0018,-0.0704,0.5357,-0.0112,0.93
1240,4000,0.7189,0.1085,0.1732,0.4093,0.5099,-0.0124,10.92,151.69,1.88,52226.0,0.0,0.216,0.062,-0.0016,-0.073,0.5825,-0.0135,0.93
1241,4000,0.7244,0.1067,0.1692,0.3822,0.5028,-0.0158,11.09,156.33,1.86,52746.0,0.0,0.2034,0.057,-0.0018,-0.0671,0.5666,-0.0105,0.93
1242,4000,0.7231,0.1091,0.168,0.403,0.4807,-0.0177,10.46,166.07,1.83,53677.0,0.0,0.2093,0.0604,-0.0014,-0.0729,0.6109,-0.0094,0.93
1243,4000,0.7221,0.111,0.1673,0.3751,0.5101,-0.0154,11.5,152.09,1.82,53984.0,0.0,0.2034,0.0558,-0.0013,-0.0656,0.5625,-0.0137,0.93
1244,4000,0.7237,0.1117,0.1648,0.3723,0.521,-0.0151,10.59,150.34,1.88,52389.0,0.0,0.2018,0.0551,-0.0017,-0.0659,0.6179,-0.0116,0.93
1245,4000,0.7226,0.1123,0.1655,0.383,0.4978,-0.0174,9.92,157.26,1.87,52477.0,0.0,0.2033,0.058,-0.0017,-0.0686,0.6873,-0.0131,0.93
1246,4000,0.7154,0.1181,0.167,0.3923,0.4984,-0.0167,11.2,167.78,1.86,52910.0,0.0,0.2099,0.0595,-0.0013,-0.0701,0.5954,-0.0121,0.93
1247,4000,0.7149,0.1175,0.1682,0.3866,0.5103,-0.0144,11.27,141.34,1.87,52437.0,0.0,0.2046,0.0582,-0.0013,-0.0689,0.5666,-0.0123,0.93
1248,4000,0.7156,0.1173,0.1677,0.3907,0.5059,-0.015,11.35,181.21,1.85,53219.0,0.0,0.2092,0.0581,-0.0016,-0.0691,0.5157,-0.013,0.93
1249,4000,0.7156,0.1138,0.1711,0.3951,0.5063,-0.0134,10.61,154.03,1.87,52457.0,0.0,0.2111,0.0588,-0.0017,-0.07,0.5286,-0.0135,0.93
1250,4000,0.7139,0.114,0.1726,0.3677,0.4927,-0.0182,11.02,171.39,1.87,52518.0,0.0,0.1952,0.0548,-0.0015,-0.0651,0.4715,-0.0104,0.93
1251,4000,0.7127,0.114,0.1738,0.3842,0.4881,-0.0177,11.04,151.24,1.78,55242.0,0.0,0.2056,0.058,-0.0014,-0.0675,0.5103,-0.0128,0.93
1252,4000,0.7096,0.1143,0.1766,0.4035,0.493,-0.0139,11.6,159.34,1.88,52358.0,0.0,0.2112,0.0605,-0.0015,-0.0716,0.4552,-0.013,0.93
1253,4000,0.711,0.112,0.1775,0.3812,0.5323,-0.0125,11.52,151.87,1.87,52489.0,0.0,0.209,0.0571,-0.0019,-0.0674,0.4788,-0.0127,0.93
1254,4000,0.7196,0.108,0.1731,0.4118,0.525,-0.0107,11.16,173.62,1.88,52250.0,0.0,0.218,0.0614,-0.0017,-0.073,0.4822,-0.0113,0.93
1255,4000,0.7218,0.1049,0.1743,0.389,0.5098,-0.0152,11.2,144.47,1.87,52553.0,0.0,0.2058,0.0582,-0.0018,-0.0694,0.5026,-0.0128,0.93
1256,4000,0.7218,0.1052,0.174,0.3919,0.5086,-0.0152,11.16,148.52,1.87,52614.0,0.0,0.2048,0.0592,-0.0016,-0.0693,0.5539,-0.0115,0.93
1257,4000,0.7198,0.1057,0.1754,0.39,0.4836,-0.0156,9.76,134.33,1.87,52591.0,0.0,0.204,0.0583,-0.0017,-0.0691,0.4432,-0.0131,0.93
1258,4000,0.714,0.109,0.1778,0.4075,0.4855,-0.0152,11.26,167.19,1.87,52668.0,0.0,0.2128,0.0608,-0.0018,-0.0722,0.5452,-0.0096,0.93
1259,4000,0.7081,0.1102,0.1824,0.4488,0.4463,-0.0147,10.82,177.92,1.87,52595.0,0.0,0.2204,0.0684,-0.0017,-0.0798,0.5147,-0.0086,0.93
1260,4000,0.6947,0.1132,0.1927,0.4281,0.4587,-0.0149,11.75,182.14,1.86,52779.0,0.0,0.2098,0.0645,-0.0016,-0.0764,0.4987,-0.0136,0.93
1261,4000,0.6885,0.1121,0.1999,0.4262,0.4608,-0.0168,10.66,162.88,1.86,52750.0,0.0,0.2132,0.0649,-0.0018,-0.0754,0.5352,-0.0135,0.93
1262,4000,0.6872,0.1137,0.1996,0.391,0.4842,-0.0157,11.11,163.17,1.87,52688.0,0.0,0.1972,0.0582,-0.0016,-0.0691,0.5337,-0.0123,0.93
1263,4000,0.6869,0.1158,0.1979,0.416,0.4617,-0.0167,11.3,184.45,1.87,52612.0,0.0,0.206,0.0631,-0.0017,-0.0728,0.4463,-0.0132,0.93
1264,4000,0.6843,0.1161,0.2002,0.4094,0.469,-0.014,10.83,175.42,1.86,52755.0,0.0,0.2036,0.0625,-0.0015,-0.0709,0.5413,-0.0113,0.93
1265,4000,0.6867,0.1114,0.2024,0.4014,0.4634,-0.0179,10.7,151.42,1.88,52423.0,0.0,0.1979,0.0613,-0.0018,-0.0698,0.471,-0.0127,0.93
1266,4000,0.6778,0.1155,0.2072,0.4339,0.4411,-0.0164,11.32,163.13,1.8,54625.0,0.0,0.2064,0.0663,-0.0019,-0.075,0.4979,-0.0119,0.93
1267,4000,0.6741,0.1166,0.2098,0.4126,0.4583,-0.018,10.33,151.25,1.86,52713.0,0.0,0.1992,0.0624,-0.0019,-0.0703,0.5375,-0.013,0.93
1268,4000,0.6713,0.1145,0.2148,0.4369,0.4479,-0.0161,10.86,184.39,1.87,52473.0,0.0,0.2069,0.0667,-0.0015,-0.0739,0.56,-0.0137,0.93
1269,4000,0.6596,0.1156,0.2253,0.4397,0.4399,-0.0165,10.51,174.67,1.87,52442.0,0.0,0.2097,0.0672,-0.0017,-0.0758,0.5332,-0.0114,0.93
1270,4000,0.6572,0.1149,0.2284,0.4536,0.4279,-0.0168,10.8,179.99,1.85,53068.0,0.0,0.2047,0.0702,-0.0017,-0.0777,0.4977,-0.0137,0.93
1271,4000,0.6514,0.1177,0.2314,0.4354,0.4355,-0.017,10.04,200.81,1.88,52306.0,0.0,0.2062,0.0661,-0.0018,-0.0744,0.4745,-0.0113,0.93
1272,4000,0.6449,0.1204,0.2352,0.4236,0.4397,-0.0182,11.25,166.67,1.89,52035.0,0.0,0.199,0.065,-0.0017,-0.0717,0.4339,-0.0124,0.93
1273,4000,0.6461,0.1187,0.2357,0.4504,0.4421,-0.0149,11.03,181.73,1.87,52586.0,0.0,0.2113,0.0699,-0.002,-0.0753,0.4831,-0.0127,0.93
1274,4000,0.6433,0.1189,0.2383,0.4514,0.448,-0.0143,11.37,175.98,1.88,52425.0,0.0,0.207,0.07,-0.0018,-0.0759,0.5006,-0.0137,0.93
1275,4000,0.6447,0.1184,0.2373,0.4602,0.4297,-0.0179,10.69,199.48,1.88,52262.0,0.0,0.206,0.0717,-0.0021,-0.0776,0.5457,-0.0122,0.93
1276,4000,0.6396,0.1201,0.2407,0.4437,0.4411,-0.0176,9.72,165.33,1.87,52637.0,0.0,0.2106,0.0689,-0.002,-0.0745,0.5769,-0.013,0.93
1277,4000,0.6335,0.1239,0.2428,0.4597,0.4312,-0.0166,11.39,216.86,1.88,52325.0,0.0,0.2077,0.0721,-0.002,-0.0765,0.485,-0.0139,0.93
1278,4000,0.6289,0.1208,0.2509,0.466,0.4524,-0.0133,10.85,164.42,1.86,52807.0,0.0,0.2206,0.0725,-0.0018,-0.0798,0.463,-0.0139,0.93
1279,4000,0.6317,0.1189,0.25,0.4403,0.4579,-0.0145,10.34,186.42,1.87,52677.0,0.0,0.2083,0.0681,-0.002,-0.0733,0.5448,-0.0133,0.93
1280,4000,0.6344,0.1175,0.2484,0.4446,0.4552,-0.0147,9.92,183.85,1.87,52682.0,0.0,0.201,0.0692,-0.0023,-0.0752,0.4506,-0.01,0.93
1281,4000,0.6375,0.1149,0.2481,0.4343,0.4464,-0.0168,9.64,168.21,1.81,54244.0,0.0,0.205,0.0666,-0.0021,-0.0731,0.6051,-0.0117,0.93
1282,4000,0.6328,0.1192,0.2485,0.4291,0.4213,-0.0208,9.8,156.56,1.87,52474.0,0.0,0.2044,0.0673,-0.0018,-0.0741,0.5475,-0.0126,0.93
1283,4000,0.6302,0.1227,0.2476,0.4391,0.4481,-0.0157,9.4,165.55,1.87,52556.0,0.0,0.2061,0.0678,-0.0023,-0.0746,0.5554,-0.0127,0.93
1284,4000,0.6323,0.1195,0.2487,0.4472,0.4656,-0.0132,11.33,184.63,1.87,52531.0,0.0,0.2154,0.0697,-0.0023,-0.0758,0.4692,-0.0129,0.93
1285,4000,0.636,0.1142,0.2505,0.468,0.4495,-0.0128,10.5,163.93,1.86,52933.0,0.0,0.2196,0.0731,-0.0024,-0.0786,0.4999,-0.0096,0.93
1286,4000,0.6377,0.1133,0.2495,0.4483,0.4473,-0.0161,10.33,167.05,1.87,52557.0,0.0,0.2136,0.0697,-0.0021,-0.0755,0.5056,-0.0084,0.93
1287,4000,0.6427,0.1108,0.247,0.4207,0.4822,-0.0133,10.86,168.83,1.87,52696.0,0.0,0.2082,0.0645,-0.0022,-0.0696,0.5122,-0.0126,0.93
1288,4000,0.649,0.1077,0.2438,0.4542,0.4577,-0.0158,11.04,177.15,1.87,52506.0,0.0,0.2169,0.0702,-0.0023,-0.0757,0.6384,-0.0117,0.93
1289,4000,0.6493,0.1109,0.2404,0.4375,0.4551,-0.0162,10.73,183.18,1.87,52684.0,0.0,0.2111,0.0678,-0.0021,-0.074,0.5285,-0.0121,0.93
1290,4000,0.6482,0.1114,0.2409,0.4727,0.4543,-0.0138,11.09,181.02,1.86,52732.0,0.0,0.2189,0.0724,-0.0024,-0.0789,0.5177,-0.0112,0.93
1291,4000,0.6475,0.1102,0.2427,0.4592,0.4409,-0.0148,10.28,178.84,1.87,52510.0,0.0,0.2178,0.0715,-0.0024,-0.0782,0.476,-0.0128,0.93
1292,4000,0.648,0.1077,0.2448,0.4575,0.4244,-0.0151,10.03,181.55,1.85,53061.0,0.0,0.2132,0.0705,-0.002,-0.0782,0.5273,-0.0117,0.93
1293,4000,0.6434,0.1091,0.2479,0.4607,0.4481,-0.0162,12.03,181.79,1.88,52369.0,0.0,0.2179,0.0708,-0.0021,-0.0774,0.4459,-0.013,0.93
1294,4000,0.6432,0.1088,0.2485,0.4709,0.441,-0.0125,10.95,199.0,1.87,52591.0,0.0,0.2214,0.0724,-0.002,-0.0789,0.5092,-0.0131,0.93
1295,4000,0.6381,0.1107,0.2517,0.4346,0.4237,-0.021,10.94,181.5,1.87,52498.0,0.0,0.2029,0.0666,-0.0021,-0.0737,0.5818,-0.014,0.93
1296,4000,0.6357,0.1125,0.2525,0.4761,0.4151,-0.0156,11.54,200.79,1.84,53517.0,0.0,0.2151,0.0738,-0.0023,-0.0817,0.5086,-0.0129,0.93
1297,4000,0.6334,0.1109,0.2564,0.4629,0.4154,-0.0172,10.02,196.56,1.88,52363.0,0.0,0.208,0.0722,-0.0023,-0.0808,0.4902,-0.0123,0.93
1298,4000,0.6294,0.1131,0.2582,0.4792,0.4321,-0.0152,9.74,182.23,1.84,53457.0,0.0,0.2179,0.0738,-0.002,-0.0816,0.6164,-0.0124,0.93
1299,4000,0.6256,0.1166,0.2585,0.4472,0.436,-0.0169,10.32,173.37,1.89,52084.0,0.0,0.2104,0.0693,-0.002,-0.0759,0.5605,-0.0131,0.93
1300,4000,0.6226,0.1184,0.2594,0.4642,0.4261,-0.0161,10.57,188.31,1.86,52802.0,0.0,0.2138,0.0712,-0.0025,-0.0799,0.6,-0.0133,0.93
1301,4000,0.6166,0.1209,0.263,0.4374,0.4321,-0.0176,11.7,181.83,1.86,52816.0,0.0,0.2051,0.0667,-0.0018,-0.0755,0.5105,-0.0116,0.93
1302,4000,0.6121,0.1212,0.2669,0.4929,0.4253,-0.014,12.44,217.48,1.86,52833.0,0.0,0.2246,0.0769,-0.0025,-0.0856,0.5759,-0.0131,0.93
1303,4000,0.6126,0.119,0.2684,0.4429,0.4348,-0.0177,10.84,201.19,1.87,52581.0,0.0,0.2073,0.0676,-0.0019,-0.0757,0.5165,-0.0122,0.93
1304,4000,0.6077,0.1178,0.2745,0.4562,0.4304,-0.0155,10.89,170.78,1.88,52278.0,0.0,0.2116,0.0705,-0.0022,-0.0781,0.5989,-0.013,0.93
1305,4000,0.606,0.1173,0.2767,0.4444,0.4298,-0.0168,11.54,179.74,1.87,52495.0,0.0,0.2149,0.0684,-0.002,-0.0788,0.5003,-0.0105,0.93
1306,4000,0.6065,0.1157,0.2778,0.4504,0.4511,-0.0145,10.5,156.3,1.88,52308.0,0.0,0.2177,0.0676,-0.0025,-0.0776,0.5224,-0.0122,0.93
1307,4000,0.6108,0.1178,0.2714,0.4333,0.4519,-0.0152,11.57,180.53,1.87,52449.0,0.0,0.2119,0.0656,-0.002,-0.0767,0.542,-0.014,0.94
1308,4000,0.6149,0.1174,0.2679,0.4272,0.4378,-0.0191,11.48,183.9,1.88,52384.0,0.0,0.207,0.0653,-0.0023,-0.0744,0.5419,-0.0122,0.94
1309,4000,0.6188,0.1178,0.2637,0.4202,0.4625,-0.015,10.21,182.96,1.86,52769.0,0.0,0.2115,0.0645,-0.002,-0.0736,0.5822,-0.0132,0.94
1310,4000,0.6189,0.1171,0.2643,0.4596,0.452,-0.0135,10.91,173.45,1.87,52552.0,0.0,0.2236,0.0705,-0.0029,-0.0826,0.5113,-0.0129,0.94
1311,4000,0.6226,0.1112,0.2665,0.4461,0.4732,-0.0127,11.75,178.31,1.86,52723.0,0.0,0.2178,0.0677,-0.0023,-0.0793,0.5372,-0.013,0.94
1312,4000,0.6302,0.1095,0.2605,0.4469,0.4402,-0.0195,11.74,177.74,1.88,52309.0,0.0,0.2108,0.0695,-0.002,-0.0798,0.5335,-0.0093,0.94
1313,4000,0.6295,0.1118,0.2589,0.4691,0.4333,-0.0138,10.71,176.36,1.86,52791.0,0.0,0.2228,0.0721,-0.0025,-0.0852,0.475,-0.0132,0.94
1314,4000,0.627,0.1117,0.2616,0.4773,0.4337,-0.0149,11.9,201.86,1.89,52139.0,0.0,0.232,0.074,-0.0027,-0.0847,0.5689,-0.013,0.94
1315,4000,0.6261,0.1144,0.2599,0.4514,0.423,-0.0189,11.49,198.5,1.87,52497.0,0.0,0.2144,0.0688,-0.0021,-0.0815,0.5366,-0.0117,0.94
1316,4000,0.6255,0.1147,0.2603,0.4431,0.4274,-0.0186,10.4,182.19,1.88,52340.0,0.0,0.2134,0.0672,-0.0025,-0.0793,0.5075,-0.0086,0.94
1317,4000,0.6255,0.1152,0.2599,0.4584,0.4578,-0.0127,11.35,182.1,1.88,52208.0,0.0,0.2216,0.0704,-0.0024,-0.0825,0.4859,-0.0136,0.94
1318,4000,0.6237,0.1164,0.2605,0.4782,0.4366,-0.0143,10.16,173.38,1.88,52215.0,0.0,0.2226,0.0739,-0.0023,-0.0863,0.5309,-0.012,0.94
1319,4000,0.627,0.1116,0.2619,0.4731,0.4376,-0.0139,11.1,187.1,1.87,52611.0,0.0,0.2257,0.0729,-0.0028,-0.0857,0.5343,-0.0134,0.94
1320,4000,0.6259,0.1123,0.2623,0.4526,0.4256,-0.0182,10.36,171.08,1.88,52322.0,0.0,0.2153,0.0688,-0.0024,-0.0818,0.4937,-0.0139,0.94
1321,4000,0.6277,0.1129,0.2599,0.4517,0.446,-0.0159,11.0,160.12,1.87,52594.0,0.0,0.2219,0.0685,-0.0024,-0.0821,0.5148,-0.0102,0.94
1322,4000,0.6288,0.1131,0.2585,0.4585,0.4367,-0.017,10.32,176.73,1.87,52604.0,0.0,0.2171,0.0708,-0.0022,-0.0844,0.5572,-0.0097,0.94
1323,4000,0.6331,0.1134,0.2537,0.4409,0.4527,-0.0152,11.09,190.14,1.87,52442.0,0.0,0.2138,0.067,-0.0024,-0.0798,0.5887,-0.0111,0.94
1324,4000,0.6334,0.1156,0.2515,0.4416,0.4454,-0.0184,10.75,197.15,1.89,52142.0,0.0,0.2156,0.0672,-0.0025,-0.0813,0.4949,-0.0113,0.94
1325,4000,0.6355,0.1146,0.2505,0.4536,0.4512,-0.0151,10.82,170.84,1.87,52594.0,0.0,0.2219,0.0689,-0.0025,-0.0834,0.5294,-0.0132,0.94
1326,4000,0.6359,0.1164,0.2483,0.4573,0.4611,-0.016,11.68,173.82,1.87,52496.0,0.0,0.2288,0.0694,-0.0023,-0.0856,0.6274,-0.0141,0.94
1327,4000,0.636,0.1175,0.2469,0.4329,0.4635,-0.0165,11.26,174.87,1.87,52705.0,0.0,0.2221,0.0646,-0.0023,-0.0791,0.5067,-0.013,0.94
1328,4000,0.6381,0.1164,0.2458,0.4323,0.4722,-0.0145,11.11,172.55,1.88,52219.0,0.0,0.2139,0.0644,-0.0022,-0.0803,0.4982,-0.0128,0.94
1329,4000,0.6419,0.1176,0.2407,0.4289,0.4784,-0.0149,11.47,158.43,1.87,52433.0,0.0,0.2187,0.0636,-0.0019,-0.0782,0.5867,-0.0127,0.94
1330,4000,0.6477,0.1153,0.2371,0.4404,0.4653,-0.015,11.39,161.49,1.86,52718.0,0.0,0.2196,0.0664,-0.0023,-0.0827,0.5923,-0.0128,0.94
1331,4000,0.6494,0.1166,0.234,0.4369,0.4698,-0.017,10.98,179.78,1.87,52656.0,0.0,0.2161,0.0655,-0.0023,-0.0814,0.5994,-0.0128,0.94
1332,4000,0.6577,0.1152,0.2271,0.4404,0.4631,-0.0163,11.79,182.05,1.88,52216.0,0.0,0.2224,0.0661,-0.0021,-0.082,0.637,-0.0126,0.94
1333,4000,0.6614,0.1169,0.2217,0.4159,0.47,-0.0177,11.56,170.29,1.88,52244.0,0.0,0.2169,0.0614,-0.0018,-0.0764,0.5678,-0.0131,0.94
1334,4000,0.664,0.1189,0.2174,0.4154,0.4739,-0.0158,10.35,151.65,1.88,52378.0,0.0,0.2154,0.0613,-0.0018,-0.077,0.5373,-0.0133,0.94
1335,4000,0.6654,0.1191,0.2159,0.4362,0.4657,-0.0144,11.72,168.91,1.87,52496.0,0.0,0.2176,0.065,-0.0019,-0.0831,0.545,-0.0131,0.94
1336,4000,0.6734,0.1156,0.2115,0.3991,0.4955,-0.0161,9.97,146.17,1.89,52116.0,0.0,0.2098,0.0586,-0.0017,-0.075,0.6037,-0.0144,0.94
1337,4000,0.6741,0.1168,0.2092,0.4317,0.464,-0.0154,11.42,186.47,1.88,52281.0,0.0,0.2197,0.0637,-0.0024,-0.0819,0.5617,-0.0139,0.94
1338,4000,0.6743,0.1123,0.2134,0.4406,0.4832,-0.012,10.7,167.02,1.87,52522.0,0.0,0.2304,0.0652,-0.0022,-0.0847,0.6083,-0.0114,0.94
1339,4000,0.676,0.1127,0.2113,0.3948,0.4753,-0.0195,11.05,170.03,1.8,54530.0,0.0,0.2033,0.0577,-0.0018,-0.0755,0.619,-0.0129,0.95
1340,4000,0.6793,0.1132,0.2076,0.414,0.4933,-0.016,10.45,172.17,1.86,52943.0,0.0,0.218,0.0594,-0.0018,-0.0794,0.644,-0.0139,0.95
1341,4000,0.6834,0.1132,0.2037,0.4311,0.4983,-0.0141,11.42,171.27,1.81,54209.0,0.0,0.2285,0.0631,-0.0018,-0.0826,0.6368,-0.0134,0.94
1342,4000,0.6881,0.112,0.2004,0.3878,0.5059,-0.016,10.15,144.54,1.77,55409.0,0.0,0.2134,0.0561,-0.0016,-0.0746,0.6636,-0.0134,0.95
1343,4000,0.6905,0.1153,0.1945,0.3876,0.4975,-0.0178,10.52,155.61,1.88,52321.0,0.0,0.2124,0.0545,-0.0015,-0.0735,0.6435,-0.0139,0.95
1344,4000,0.6914,0.1184,0.1907,0.4045,0.474,-0.0183,11.16,147.76,1.88,52381.0,0.0,0.2113,0.0584,-0.0015,-0.0779,0.6327,-0.0126,0.95
1345,4000,0.6912,0.1194,0.1899,0.4143,0.4938,-0.0152,11.23,158.63,1.88,52221.0,0.0,0.219,0.0589,-0.0017,-0.0809,0.5927,-0.0125,0.95
1346,4000,0.6968,0.1162,0.1875,0.3883,0.4974,-0.0161,9.74,147.66,1.86,52821.0,0.0,0.205,0.0554,-0.0016,-0.0746,0.6292,-0.013,0.95
1347,4000,0.7014,0.1161,0.1828,0.3684,0.5191,-0.0171,10.39,151.07,1.87,52515.0,0.0,0.2053,0.0517,-0.0018,-0.0718,0.603,-0.0131,0.95
1348,4000,0.7102,0.1123,0.1778,0.3813,0.5266,-0.0144,10.97,154.64,1.88,52381.0,0.0,0.2075,0.0515,-0.0016,-0.0749,0.6314,-0.0139,0.95
1349,4000,0.7139,0.1151,0.1713,0.3608,0.4981,-0.0203,10.03,145.68,1.87,52668.0,0.0,0.1988,0.0502,-0.0014,-0.0698,0.6268,-0.0145,0.95
1350,4000,0.7167,0.1172,0.1664,0.3778,0.5109,-0.0163,10.76,149.41,1.87,52549.0,0.0,0.2061,0.0523,-0.0013,-0.0733,0.6329,-0.0134,0.95
1351,4000,0.7122,0.1195,0.1685,0.3965,0.5005,-0.0168,11.44,169.49,1.86,52876.0,0.0,0.2154,0.055,-0.0015,-0.0767,0.6137,-0.0108,0.95
1352,4000,0.7101,0.1207,0.1694,0.3846,0.5072,-0.0161,11.26,162.57,1.88,52307.0,0.0,0.2086,0.0535,-0.0015,-0.0754,0.613,-0.0128,0.95
1353,4000,0.7091,0.1237,0.1672,0.3847,0.5057,-0.0176,10.46,156.89,1.85,53182.0,0.0,0.2099,0.0548,-0.0017,-0.0758,0.5526,-0.0128,0.95
1354,4000,0.7111,0.1234,0.1655,0.4022,0.5011,-0.0148,10.79,162.61,1.86,52931.0,0.0,0.2196,0.0559,-0.0014,-0.0788,0.6089,-0.0137,0.95
1355,4000,0.7136,0.121,0.1653,0.3824,0.5206,-0.0158,11.53,161.03,1.86,52824.0,0.0,0.2122,0.0538,-0.0015,-0.075,0.56,-0.014,0.95
1356,4000,0.7195,0.1198,0.1607,0.3777,0.4923,-0.0191,9.85,165.07,1.87,52474.0,0.0,0.2029,0.0536,-0.0017,-0.0739,0.6218,-0.0124,0.95
1357,4000,0.7191,0.1226,0.1585,0.3998,0.5213,-0.0144,11.11,150.11,1.8,54568.0,0.0,0.2192,0.0564,-0.0018,-0.0799,0.5699,-0.0133,0.95
1358,4000,0.7229,0.123,0.1543,0.3853,0.5035,-0.0192,11.18,184.76,1.87,52558.0,0.0,0.2093,0.0545,-0.0016,-0.0755,0.603,-0.012,0.95
1359,4000,0.7219,0.1258,0.1526,0.3917,0.4931,-0.0199,10.38,152.8,1.87,52494.0,0.0,0.2102,0.0557,-0.0017,-0.0772,0.6741,-0.0141,0.95
1360,4000,0.7193,0.1324,0.1486,0.4103,0.4872,-0.0183,11.3,181.97,1.88,52417.0,0.0,0.2135,0.0591,-0.0019,-0.0801,0.6247,-0.0113,0.95
1361,4000,0.7186,0.1331,0.1485,0.3987,0.5168,-0.0161,11.39,145.81,1.87,52709.0,0.0,0.2125,0.0562,-0.0018,-0.0766,0.6008,-0.0137,0.95
1362,4000,0.7203,0.1307,0.1492,0.4048,0.5001,-0.0165,11.37,174.76,1.88,52327.0,0.0,0.2134,0.058,-0.002,-0.078,0.6155,-0.0135,0.95
1363,4000,0.7209,0.1301,0.1492,0.3838,0.5097,-0.0186,10.34,146.9,1.87,52479.0,0.0,0.2076,0.0551,-0.0017,-0.0736,0.645,-0.0136,0.95
1364,4000,0.7182,0.1314,0.1506,0.4242,0.4651,-0.018,10.73,160.98,1.87,52436.0,0.0,0.2164,0.0615,-0.002,-0.0822,0.5346,-0.0112,0.95
1365,4000,0.7169,0.129,0.1545,0.4253,0.4876,-0.0158,11.03,169.29,1.88,52400.0,0.0,0.2262,0.0608,-0.0019,-0.0816,0.5166,-0.011,0.95
1366,4000,0.7158,0.1258,0.1591,0.4456,0.481,-0.0138,11.25,191.05,1.87,52454.0,0.0,0.2231,0.0644,-0.0021,-0.0848,0.5572,-0.0129,0.95
1367,4000,0.71,0.1234,0.1674,0.4124,0.4918,-0.0159,11.29,151.32,1.87,52643.0,0.0,0.216,0.0595,-0.002,-0.0787,0.5443,-0.0119,0.95
1368,4000,0.7088,0.1229,0.1691,0.4116,0.4832,-0.0172,10.7,154.29,1.88,52161.0,0.0,0.2141,0.0597,-0.0019,-0.0783,0.5884,-0.0137,0.95
1369,4000,0.7027,0.1258,0.1725,0.4233,0.4861,-0.018,11.62,166.36,1.86,52977.0,0.0,0.2165,0.0613,-0.002,-0.0795,0.557,-0.0109,0.95
1370,4000,0.7032,0.1242,0.1735,0.4178,0.4835,-0.0185,10.51,179.78,1.89,52043.0,0.0,0.2209,0.061,-0.0023,-0.0791,0.4975,-0.012,0.95
1371,4000,0.6992,0.1268,0.1752,0.4083,0.4768,-0.0203,12.0,182.75,1.86,52734.0,0.0,0.2138,0.0604,-0.002,-0.0785,0.5713,-0.013,0.95
1372,4000,0.6991,0.1286,0.1735,0.402,0.4942,-0.0185,10.58,172.28,1.88,52366.0,0.0,0.2109,0.0585,-0.0024,-0.0763,0.5641,-0.014,0.95
1373,4000,0.6949,0.1308,0.1752,0.4184,0.4694,-0.0177,10.52,152.86,1.87,52545.0,0.0,0.2115,0.0625,-0.0023,-0.0787,0.5347,-0.0109,0.95
1374,4000,0.6869,0.1303,0.1834,0.4654,0.438,-0.0143,10.31,193.3,1.87,52537.0,0.0,0.2227,0.0691,-0.0026,-0.089,0.4652,-0.0125,0.95
1375,4000,0.6791,0.1283,0.1933,0.4598,0.456,-0.014,11.95,212.15,1.87,52649.0,0.0,0.228,0.0681,-0.0026,-0.0871,0.4803,-0.0132,0.95
1376,4000,0.6717,0.1255,0.2038,0.4521,0.4361,-0.0162,10.7,170.66,1.88,52348.0,0.0,0.2215,0.0676,-0.0023,-0.087,0.4961,-0.0128,0.95
1377,4000,0.6668,0.1263,0.2078,0.4459,0.4585,-0.018,11.08,168.05,1.87,52671.0,0.0,0.2187,0.0671,-0.002,-0.0845,0.5526,-0.0125,0.95
1378,4000,0.6657,0.1273,0.208,0.4366,0.4617,-0.017,10.91,165.23,1.87,52666.0,0.0,0.2149,0.0661,-0.0022,-0.0837,0.4723,-0.014,0.95
1379,4000,0.6683,0.1256,0.207,0.4225,0.4694,-0.0183,11.58,165.91,1.86,52760.0,0.0,0.2127,0.0634,-0.0023,-0.0801,0.5584,-0.0134,0.95
1380,4000,0.6702,0.1236,0.2071,0.4322,0.486,-0.0158,11.06,159.6,1.86,52799.0,0.0,0.2184,0.0648,-0.0024,-0.0809,0.5841,-0.0121,0.95
1381,4000,0.6675,0.1252,0.2078,0.4416,0.4478,-0.0184,10.05,171.52,1.87,52545.0,0.0,0.215,0.0667,-0.0023,-0.0838,0.5249,-0.013,0.95
1382,4000,0.6654,0.1255,0.2097,0.4416,0.4831,-0.0145,10.97,162.92,1.87,52549.0,0.0,0.2213,0.0647,-0.0024,-0.0832,0.5939,-0.0142,0.95
1383,4000,0.6673,0.1231,0.2105,0.4162,0.4624,-0.0199,10.06,143.02,1.83,53831.0,0.0,0.2065,0.0615,-0.0024,-0.0789,0.5346,-0.0134,0.95
1384,4000,0.6717,0.1192,0.2101,0.4272,0.4884,-0.0132,11.48,177.38,1.86,52779.0,0.0,0.2158,0.0629,-0.0019,-0.0816,0.61,-0.0123,0.95
1385,4000,0.6758,0.1187,0.2061,0.3985,0.4948,-0.0163,11.02,153.1,1.87,52503.0,0.0,0.2103,0.0587,-0.0022,-0.0751,0.5616,-0.0103,0.95
1386,4000,0.6786,0.1192,0.2027,0.4029,0.4907,-0.0159,10.71,158.85,1.86,52738.0,0.0,0.2056,0.0593,-0.0019,-0.0773,0.5213,-0.013,0.96
1387,4000,0.6849,0.1179,0.1977,0.3982,0.5043,-0.014,11.2,184.14,1.87,52674.0,0.0,0.2131,0.0574,-0.002,-0.0742,0.5166,-0.0132,0.95
1388,4000,0.6887,0.1162,0.1959,0.4112,0.4998,-0.0149,11.65,163.13,1.87,52607.0,0.0,0.2158,0.0598,-0.0025,-0.0776,0.5607,-0.0131,0.95
1389,4000,0.6915,0.1125,0.1968,0.4,0.4967,-0.0153,10.15,142.44,1.86,52730.0,0.0,0.2087,0.0574,-0.0019,-0.0743,0.5972,-0.0127,0.96
1390,4000,0.6971,0.1109,0.1926,0.3978,0.494,-0.0156,10.37,157.85,1.87,52530.0,0.0,0.2075,0.0575,-0.0017,-0.0761,0.5462,-0.0121,0.96
1391,4000,0.7002,0.1112,0.189,0.3881,0.5169,-0.0148,10.82,153.58,1.87,52673.0,0.0,0.2097,0.0556,-0.0017,-0.0732,0.6416,-0.013,0.96
1392,4000,0.7042,0.1142,0.1818,0.3738,0.5091,-0.0185,10.55,148.49,1.87,52633.0,0.0,0.2046,0.0526,-0.0019,-0.0711,0.5488,-0.0126,0.96
1393,4000,0.7046,0.1148,0.1808,0.407,0.4901,-0.0152,10.79,158.93,1.87,52599.0,0.0,0.2147,0.0581,-0.0018,-0.0759,0.531,-0.0137,0.96
1394,4000,0.7074,0.1155,0.1774,0.3798,0.4995,-0.0179,10.47,156.64,1.81,54455.0,0.0,0.2039,0.0542,-0.0018,-0.0719,0.4953,-0.0107,0.96
1395,4000,0.7101,0.1155,0.1747,0.4171,0.5009,-0.0141,11.91,184.16,1.85,53251.0,0.0,0.2177,0.0594,-0.002,-0.0783,0.6063,-0.0095,0.96
1396,4000,0.7083,0.1154,0.1767,0.4063,0.4908,-0.0163,9.9,156.43,1.86,52716.0,0.0,0.2112,0.0591,-0.002,-0.0768,0.5899,-0.0139,0.96
1397,4000,0.7076,0.1182,0.1746,0.4219,0.4893,-0.0136,10.86,156.88,1.83,53619.0,0.0,0.2196,0.0609,-0.0017,-0.0792,0.5286,-0.0143,0.96
1398,4000,0.7064,0.1191,0.1748,0.4275,0.5036,-0.0121,11.03,181.72,1.87,52541.0,0.0,0.2218,0.0617,-0.0017,-0.0797,0.4844,-0.0142,0.96
1399,4000,0.7055,0.1175,0.1774,0.4158,0.4887,-0.0158,11.45,161.29,1.87,52460.0,0.0,0.217,0.0596,-0.0016,-0.0761,0.6197,-0.0111,0.96
1400,4000,0.6996,0.1167,0.1841,0.4206,0.4646,-0.0178,9.68,181.06,1.87,52506.0,0.0,0.2126,0.0615,-0.0017,-0.0796,0.5418,-0.0128,0.96
1401,4000,0.693,0.1203,0.1869,0.432,0.4729,-0.0168,11.91,174.93,1.85,53064.0,0.0,0.2195,0.0628,-0.0019,-0.0814,0.5586,-0.0124,0.96
1402,4000,0.6926,0.1192,0.1884,0.4063,0.4769,-0.0187,11.43,173.95,1.87,52579.0,0.0,0.2086,0.0586,-0.0016,-0.0749,0.5901,-0.0134,0.96
1403,4000,0.69,0.1201,0.1902,0.4202,0.4551,-0.0202,10.15,164.56,1.86,52739.0,0.0,0.2035,0.0611,-0.0018,-0.0781,0.4731,-0.0138,0.96
1404,4000,0.685,0.1231,0.1922,0.4274,0.4679,-0.0171,9.86,168.63,1.87,52547.0,0.0,0.2136,0.0603,-0.0021,-0.078,0.5689,-0.012,0.96
1405,4000,0.6866,0.1254,0.1882,0.4134,0.4937,-0.0173,10.34,169.91,1.87,52588.0,0.0,0.2134,0.0592,-0.0019,-0.0762,0.5085,-0.0131,0.96
1406,4000,0.6859,0.125,0.1893,0.4286,0.464,-0.0184,11.18,173.91,1.87,52591.0,0.0,0.2126,0.0621,-0.0017,-0.0786,0.4774,-0.0135,0.96
1407,4000,0.6776,0.1254,0.1972,0.4152,0.4858,-0.0156,10.63,164.39,1.87,52621.0,0.0,0.2125,0.0596,-0.0018,-0.0757,0.5647,-0.008,0.96
1408,4000,0.6719,0.1286,0.1997,0.4089,0.4718,-0.0183,10.44,164.0,1.84,53326.0,0.0,0.2021,0.0584,-0.002,-0.0744,0.5413,-0.0097,0.96
1409,4000,0.669,0.1289,0.2023,0.4385,0.4643,-0.0155,11.87,179.8,1.87,52588.0,0.0,0.2136,0.0627,-0.0018,-0.0788,0.4982,-0.0126,0.96
1410,4000,0.6685,0.1273,0.2047,0.4331,0.4763,-0.0166,11.13,174.42,1.88,52390.0,0.0,0.2133,0.0626,-0.0023,-0.0786,0.5276,-0.0135,0.96
1411,4000,0.6738,0.1242,0.2025,0.4169,0.4827,-0.0162,11.24,182.61,1.86,52823.0,0.0,0.2164,0.0584,-0.0021,-0.0743,0.5393,-0.0142,0.96
1412,4000,0.6693,0.1271,0.2041,0.4234,0.4552,-0.0195,10.92,174.96,1.85,53222.0,0.0,0.2083,0.0617,-0.002,-0.078,0.495,-0.0143,0.96
1413,4000,0.667,0.1317,0.2017,0.41,0.4844,-0.0177,10.93,181.12,1.88,52345.0,0.0,0.2144,0.058,-0.0018,-0.0735,0.5328,-0.0127,0.96
1414,4000,0.6643,0.1344,0.2015,0.4205,0.4645,-0.0186,10.5,162.08,1.88,52319.0,0.0,0.2108,0.0601,-0.0018,-0.0747,0.5302,-0.0127,0.96
1415,4000,0.6621,0.1365,0.2016,0.4196,0.4568,-0.0192,10.7,166.59,1.86,52721.0,0.0,0.2076,0.0598,-0.0019,-0.0753,0.4879,-0.0124,0.96
1416,4000,0.658,0.1396,0.2026,0.4633,0.4431,-0.018,11.3,182.36,1.86,52864.0,0.0,0.2234,0.0656,-0.002,-0.0832,0.5503,-0.0128,0.96
1417,4000,0.656,0.1382,0.2059,0.4379,0.466,-0.0156,11.29,174.03,1.86,52771.0,0.0,0.2162,0.0623,-0.0018,-0.0779,0.5558,-0.0143,0.96
1418,4000,0.6581,0.131,0.2109,0.4506,0.4801,-0.0124,11.83,190.69,1.86,52743.0,0.0,0.2238,0.0636,-0.002,-0.0792,0.5506,-0.0129,0.96
1419,4000,0.6556,0.1275,0.2169,0.4474,0.4499,-0.0174,10.09,188.73,1.86,52738.0,0.0,0.2153,0.0643,-0.0018,-0.0794,0.6147,-0.0132,0.96
1420,4000,0.6522,0.1294,0.2183,0.4146,0.4692,-0.0205,11.44,174.31,1.87,52601.0,0.0,0.207,0.0586,-0.0017,-0.0717,0.5746,-0.0133,0.96
1421,4000,0.6554,0.1284,0.2162,0.4299,0.4643,-0.018,10.56,168.33,1.87,52513.0,0.0,0.2147,0.0617,-0.002,-0.076,0.5289,-0.0113,0.96
1422,4000,0.6597,0.1277,0.2126,0.4257,0.4801,-0.0165,10.88,165.99,1.87,52459.0,0.0,0.2132,0.0602,-0.0019,-0.0743,0.5766,-0.0118,0.96
1423,4000,0.661,0.1276,0.2114,0.4312,0.4685,-0.0178,10.73,172.44,1.83,53622.0,0.0,0.2173,0.062,-0.002,-0.0768,0.5642,-0.0125,0.96
1424,4000,0.6601,0.1298,0.2104,0.4444,0.4657,-0.0159,11.34,191.11,1.86,52898.0,0.0,0.2182,0.0624,-0.0019,-0.0771,0.5241,-0.0139,0.96
1425,4000,0.66,0.1276,0.2126,0.4374,0.4748,-0.016,10.66,151.1,1.86,52920.0,0.0,0.2207,0.0634,-0.0016,-0.0753,0.5956,-0.0138,0.96
1426,4000,0.6605,0.1312,0.2084,0.4092,0.476,-0.0208,10.53,173.55,1.87,52648.0,0.0,0.2064,0.0582,-0.0016,-0.0712,0.5774,-0.0129,0.96
1427,4000,0.6596,0.1319,0.2085,0.4278,0.46,-0.0185,11.39,166.41,1.87,52604.0,0.0,0.2126,0.0601,-0.0015,-0.0743,0.5117,-0.014,0.96
1428,4000,0.6619,0.1293,0.209,0.4376,0.4938,-0.012,11.24,166.56,1.88,52350.0,0.0,0.2245,0.0617,-0.0023,-0.0765,0.5083,-0.0121,0.96
1429,4000,0.6679,0.1242,0.2081,0.43,0.4713,-0.0177,10.84,171.84,1.87,52638.0,0.0,0.2166,0.0612,-0.002,-0.0748,0.4977,-0.0139,0.96
1430,4000,0.6763,0.1188,0.2054,0.4271,0.5129,-0.0122,11.31,177.85,1.87,52545.0,0.0,0.2221,0.0594,-0.0019,-0.073,0.5087,-0.0134,0.96
1431,4000,0.6789,0.1176,0.2042,0.4131,0.4876,-0.0164,9.91,149.83,1.87,52614.0,0.0,0.2166,0.0592,-0.0018,-0.0723,0.576,-0.0135,0.96
1432,4000,0.6858,0.117,0.1977,0.4172,0.4859,-0.0155,11.02,185.24,1.86,52715.0,0.0,0.2155,0.0586,-0.0016,-0.0715,0.5133,-0.0137,0.96
1433,4000,0.686,0.1175,0.1972,0.4417,0.4873,-0.0135,11.33,153.26,1.86,52791.0,0.0,0.2239,0.0624,-0.0018,-0.0759,0.5152,-0.0096,0.96
1434,4000,0.6875,0.1157,0.1977,0.4152,0.488,-0.0152,11.39,167.98,1.79,54776.0,0.0,0.2139,0.0575,-0.002,-0.0715,0.5254,-0.0119,0.96
1435,4000,0.6922,0.1138,0.1949,0.3934,0.4973,-0.0183,11.11,158.28,1.87,52682.0,0.0,0.2079,0.056,-0.0017,-0.0677,0.5552,-0.0133,0.96
1436,4000,0.6912,0.1158,0.1937,0.4129,0.4881,-0.0167,11.38,158.88,1.86,52751.0,0.0,0.2132,0.0578,-0.0017,-0.0687,0.5891,-0.0124,0.96
1437,4000,0.6874,0.1169,0.1964,0.4242,0.4568,-0.0197,9.95,156.6,1.87,52685.0,0.0,0.2135,0.0597,-0.0017,-0.0717,0.5031,-0.0129,0.97
1438,4000,0.6841,0.1163,0.2001,0.4452,0.4611,-0.0157,10.63,179.3,1.86,52860.0,0.0,0.222,0.064,-0.0019,-0.0771,0.4921,-0.0125,0.97
1439,4000,0.68,0.1164,0.2041,0.4245,0.471,-0.0173,10.93,180.45,1.86,52744.0,0.0,0.2129,0.0611,-0.0017,-0.0718,0.5604,-0.013,0.96
1440,4000,0.6781,0.1199,0.2025,0.4281,0.4615,-0.018,10.63,173.92,1.86,52786.0,0.0,0.2137,0.0621,-0.0016,-0.0731,0.4827,-0.0133,0.96
1441,4000,0.6736,0.1205,0.2064,0.4341,0.4639,-0.0171,11.43,174.4,1.87,52535.0,0.0,0.2202,0.0627,-0.0018,-0.0751,0.5267,-0.0131,0.96
1442,4000,0.6754,0.1203,0.2048,0.4225,0.4622,-0.0186,11.36,187.21,1.87,52685.0,0.0,0.2134,0.0619,-0.0022,-0.0729,0.5406,-0.0125,0.96
1443,4000,0.6729,0.1221,0.2055,0.4264,0.4626,-0.0175,10.93,168.84,1.87,52563.0,0.0,0.215,0.0624,-0.0018,-0.0744,0.5333,-0.0131,0.96
1444,4000,0.673,0.1234,0.2042,0.4272,0.4683,-0.0175,10.96,179.38,1.86,52754.0,0.0,0.2139,0.0638,-0.0022,-0.0729,0.5793,-0.0129,0.96
1445,4000,0.671,0.1213,0.2083,0.4566,0.46,-0.0154,11.46,187.28,1.88,52418.0,0.0,0.2272,0.0671,-0.0019,-0.0786,0.4777,-0.0137,0.96
1446,4000,0.6699,0.1205,0.2101,0.4432,0.4755,-0.0153,11.75,196.69,1.87,52488.0,0.0,0.2218,0.0637,-0.0018,-0.076,0.4966,-0.0127,0.96
1447,4000,0.6664,0.1228,0.211,0.4314,0.4659,-0.0172,10.61,166.36,1.86,52883.0,0.0,0.2145,0.0623,-0.0016,-0.0743,0.569,-0.0123,0.96
1448,4000,0.664,0.1245,0.2115,0.4519,0.4821,-0.0137,12.41,190.45,1.87,52540.0,0.0,0.2313,0.0665,-0.0022,-0.0788,0.5627,-0.0132,0.96
1449,4000,0.6649,0.1229,0.2122,0.4312,0.4452,-0.0179,10.18,174.94,1.85,53165.0,0.0,0.2112,0.0631,-0.0017,-0.0744,0.5217,-0.0109,0.96
1450,4000,0.6637,0.1238,0.2125,0.4072,0.4961,-0.0157,11.17,151.91,1.86,52856.0,0.0,0.215,0.0588,-0.0018,-0.0691,0.5259,-0.013,0.96
1451,4000,0.6638,0.1223,0.2139,0.4338,0.4705,-0.0153,10.72,174.07,1.87,52681.0,0.0,0.2195,0.0628,-0.0018,-0.0751,0.5463,-0.0129,0.96
1452,4000,0.6698,0.1182,0.212,0.4226,0.4878,-0.0148,11.17,171.44,1.86,52759.0,0.0,0.2143,0.0611,-0.0017,-0.0728,0.5163,-0.0139,0.96
1453,4000,0.6709,0.1199,0.2094,0.3942,0.4793,-0.0207,11.01,158.43,1.86,52921.0,0.0,0.203,0.0573,-0.002,-0.0683,0.5982,-0.0128,0.97
1454,4000,0.6782,0.1168,0.2053,0.4226,0.4918,-0.0154,11.21,169.06,1.88,52414.0,0.0,0.2203,0.0605,-0.0017,-0.0719,0.5431,-0.0096,0.97
1455,4000,0.683,0.1157,0.2016,0.407,0.4916,-0.0159,11.79,166.04,1.86,52881.0,0.0,0.2167,0.0598,-0.002,-0.0728,0.4985,-0.0128,0.97
1456,4000,0.6872,0.1146,0.1982,0.4033,0.4934,-0.017,11.61,185.56,1.87,52658.0,0.0,0.2132,0.0578,-0.0017,-0.0693,0.4911,-0.0138,0.97
1457,4000,0.691,0.1134,0.1956,0.4159,0.4826,-0.0174,10.91,163.34,1.86,52712.0,0.0,0.216,0.0597,-0.002,-0.0711,0.6032,-0.013,0.97
1458,4000,0.6963,0.1127,0.191,0.3867,0.5081,-0.0175,10.86,155.65,1.87,52486.0,0.0,0.2105,0.0559,-0.0018,-0.0662,0.5251,-0.009,0.97
1459,4000,0.693,0.1159,0.1911,0.4186,0.4694,-0.0165,12.19,177.22,1.87,52659.0,0.0,0.2143,0.061,-0.0017,-0.0714,0.5545,-0.0135,0.97
1460,4000,0.6893,0.1195,0.1914,0.4056,0.4834,-0.0174,11.01,183.35,1.86,52751.0,0.0,0.2143,0.0594,-0.0018,-0.0697,0.4547,-0.013,0.97
1461,4000,0.6864,0.1215,0.1927,0.4072,0.4956,-0.0148,11.19,165.51,1.86,52783.0,0.0,0.2145,0.0586,-0.0017,-0.0695,0.4483,-0.013,0.97
1462,4000,0.6865,0.1222,0.1921,0.4131,0.4632,-0.0183,9.71,165.48,1.86,52870.0,0.0,0.2089,0.0599,-0.0015,-0.0708,0.4869,-0.0125,0.97
1463,4000,0.6798,0.1241,0.1968,0.4175,0.4409,-0.0192,10.05,169.77,1.86,52795.0,0.0,0.207,0.0628,-0.0018,-0.0726,0.4915,-0.0089,0.97
1464,4000,0.6782,0.1225,0.1996,0.4398,0.4598,-0.0142,12.01,186.38,1.86,52833.0,0.0,0.218,0.0652,-0.0016,-0.0778,0.4477,-0.0113,0.97
1465,4000,0.6792,0.1211,0.1997,0.4114,0.4667,-0.0186,10.4,152.55,1.82,53967.0,0.0,0.2094,0.0602,-0.0018,-0.07,0.4848,-0.0103,0.97
1466,4000,0.6766,0.1194,0.204,0.4459,0.4409,-0.0155,10.54,163.91,1.84,53385.0,0.0,0.2174,0.067,-0.0019,-0.0776,0.5251,-0.0136,0.97
1467,4000,0.6735,0.1196,0.2068,0.4515,0.4428,-0.0172,11.43,199.66,1.86,52750.0,0.0,0.2194,0.068,-0.002,-0.0791,0.5197,-0.0117,0.97
1468,4000,0.6666,0.1215,0.2119,0.4539,0.4161,-0.0195,10.46,190.85,1.87,52453.0,0.0,0.2171,0.0675,-0.002,-0.0771,0.4303,-0.0091,0.97
1469,4000,0.6601,0.1197,0.2203,0.4504,0.4562,-0.0132,10.84,168.08,1.86,52858.0,0.0,0.2218,0.0667,-0.0022,-0.078,0.4083,-0.0121,0.97
1470,4000,0.661,0.1162,0.2231,0.4586,0.4565,-0.0143,11.47,194.69,1.87,52640.0,0.0,0.2208,0.0687,-0.0019,-0.0812,0.415,-0.0131,0.97
1471,4000,0.6602,0.1127,0.2275,0.4647,0.4794,-0.0106,11.44,195.69,1.87,52653.0,0.0,0.2309,0.0685,-0.0021,-0.0815,0.448,-0.0139,0.96
1472,4000,0.6608,0.1089,0.2307,0.4538,0.4604,-0.0149,10.86,188.53,1.86,52715.0,0.0,0.2199,0.0672,-0.0021,-0.0778,0.5379,-0.011,0.96
1473,4000,0.6601,0.1088,0.2315,0.4357,0.4455,-0.0206,10.73,165.96,1.85,53268.0,0.0,0.2077,0.0647,-0.0017,-0.0757,0.5151,-0.0127,0.97
1474,4000,0.6568,0.1126,0.2309,0.4692,0.4377,-0.015,10.96,191.59,1.87,52656.0,0.0,0.2194,0.0717,-0.002,-0.0815,0.4927,-0.0138,0.97
1475,4000,0.6559,0.1124,0.232,0.4487,0.445,-0.0166,10.98,180.01,1.87,52635.0,0.0,0.2152,0.068,-0.0018,-0.0776,0.4616,-0.0123,0.97
1476,4000,0.6565,0.1123,0.2318,0.4352,0.4631,-0.0177,11.33,174.1,1.86,52850.0,0.0,0.2157,0.0654,-0.0019,-0.0748,0.5504,-0.0129,0.97
1477,4000,0.6562,0.1126,0.2316,0.4326,0.4496,-0.0159,11.11,177.72,1.82,53881.0,0.0,0.2157,0.0645,-0.0019,-0.0741,0.5518,-0.0134,0.97
1478,4000,0.6577,0.1124,0.2304,0.4191,0.4807,-0.0164,11.07,159.86,1.87,52491.0,0.0,0.2121,0.0627,-0.0019,-0.0715,0.5362,-0.0145,0.97
1479,4000,0.6598,0.1137,0.2271,0.4547,0.4536,-0.0157,11.42,186.32,1.87,52704.0,0.0,0.2182,0.0686,-0.0021,-0.077,0.5054,-0.0115,0.97
1480,4000,0.663,0.1123,0.2255,0.4479,0.4675,-0.0157,10.8,149.94,1.86,52838.0,0.0,0.2233,0.0673,-0.0019,-0.0759,0.5531,-0.0106,0.97
1481,4000,0.6609,0.1146,0.2251,0.4476,0.4581,-0.0145,11.88,191.93,1.87,52607.0,0.0,0.2184,0.0676,-0.0017,-0.0753,0.4526,-0.0129,0.97
1482,4000,0.6565,0.1141,0.2297,0.445,0.455,-0.0152,11.06,161.92,1.88,52418.0,0.0,0.222,0.0662,-0.0019,-0.0738,0.4726,-0.0127,0.97
1483,4000,0.6546,0.114,0.2317,0.4559,0.4683,-0.0126,11.12,188.67,1.85,53156.0,0.0,0.2248,0.0682,-0.0017,-0.0776,0.4718,-0.0131,0.97
1484,4000,0.6568,0.1136,0.2296,0.4267,0.4694,-0.0156,10.04,161.27,1.86,52922.0,0.0,0.2132,0.062,-0.0019,-0.0733,0.5778,-0.0116,0.97
1485,4000,0.6592,0.1145,0.2263,0.4161,0.4856,-0.0155,11.07,166.12,1.87,52633.0,0.0,0.2132,0.0615,-0.0019,-0.0709,0.5345,-0.0131,0.97
1486,4000,0.6648,0.1146,0.2206,0.4268,0.4809,-0.0166,11.45,179.05,1.87,52675.0,0.0,0.2175,0.0631,-0.0018,-0.0718,0.541,-0.013,0.97
1487,4000,0.6708,0.1114,0.2178,0.4233,0.4762,-0.0145,11.23,158.47,1.87,52668.0,0.0,0.2141,0.0628,-0.0018,-0.0725,0.4591,-0.0138,0.97
1488,4000,0.6694,0.1106,0.22,0.4246,0.4703,-0.0138,10.54,172.3,1.87,52643.0,0.0,0.2175,0.0641,-0.0016,-0.0729,0.4849,-0.0107,0.97
1489,4000,0.6699,0.1097,0.2204,0.4094,0.4994,-0.0136,10.75,165.13,1.86,52835.0,0.0,0.2116,0.0613,-0.0018,-0.0711,0.5681,-0.0121,0.97
1490,4000,0.6736,0.1087,0.2179,0.4083,0.4691,-0.0169,11.23,163.36,1.87,52693.0,0.0,0.2067,0.0614,-0.0019,-0.0713,0.4877,-0.0135,0.97
1491,4000,0.6751,0.108,0.2172,0.4264,0.4686,-0.0156,10.16,152.2,1.87,52593.0,0.0,0.2177,0.0625,-0.0014,-0.0729,0.5531,-0.0133,0.97
1492,4000,0.6752,0.1073,0.2178,0.4472,0.4649,-0.0145,11.02,187.12,1.88,52411.0,0.0,0.2235,0.0668,-0.0017,-0.0774,0.6351,-0.0129,0.97
1493,4000,0.6742,0.1077,0.2184,0.3977,0.4606,-0.0184,10.45,171.76,1.87,52501.0,0.0,0.1989,0.0589,-0.0015,-0.0678,0.486,-0.0118,0.97
1494,4000,0.6677,0.1122,0.2207,0.4366,0.4433,-0.0157,9.95,168.94,1.87,52600.0,0.0,0.2135,0.0667,-0.0017,-0.075,0.5026,-0.0136,0.97
1495,4000,0.6632,0.1159,0.2216,0.4289,0.4649,-0.0152,10.77,167.85,1.88,52310.0,0.0,0.2095,0.0639,-0.0018,-0.0732,0.4935,-0.013,0.97
1496,4000,0.6657,0.1118,0.2231,0.4087,0.4926,-0.0159,11.0,164.82,1.87,52616.0,0.0,0.2076,0.0608,-0.0021,-0.0709,0.5316,-0.0135,0.98
1497,4000,0.6635,0.1127,0.2243,0.4311,0.4729,-0.0159,10.96,188.5,1.87,52433.0,0.0,0.2098,0.0653,-0.002,-0.0739,0.5842,-0.0129,0.97
1498,4000,0.6643,0.1126,0.2235,0.4098,0.4737,-0.0173,10.58,154.9,1.88,52416.0,0.0,0.2042,0.0613,-0.0018,-0.0697,0.4976,-0.0133,0.97
1499,4000,0.6631,0.1146,0.2229,0.4576,0.4344,-0.0174,11.26,182.63,1.87,52513.0,0.0,0.2092,0.0695,-0.0019,-0.078,0.4783,-0.0131,0.97
1500,4000,0.6569,0.1155,0.228,0.4658,0.4541,-0.0131,10.59,179.81,1.87,52542.0,0.0,0.2245,0.0703,-0.0019,-0.0827,0.4637,-0.0138,0.97
1501,4000,0.6557,0.1132,0.2316,0.4623,0.4756,-0.0122,12.41,197.69,1.82,54096.0,0.0,0.2276,0.0692,-0.0021,-0.0794,0.431,-0.0135,0.97
1502,4000,0.6577,0.1097,0.2332,0.4465,0.482,-0.0115,10.6,164.06,1.87,52595.0,0.0,0.2147,0.0682,-0.002,-0.0774,0.508,-0.0132,0.97
1503,4000,0.6608,0.106,0.2337,0.4549,0.4513,-0.0154,9.82,178.91,1.86,52732.0,0.0,0.2179,0.0698,-0.002,-0.0793,0.4989,-0.0142,0.97
1504,4000,0.6593,0.1076,0.2336,0.4407,0.4473,-0.0167,10.68,193.22,1.87,52698.0,0.0,0.2083,0.0665,-0.0017,-0.0776,0.4181,-0.0105,0.97
1505,4000,0.6525,0.1072,0.2409,0.4571,0.4221,-0.0181,10.32,172.38,1.87,52436.0,0.0,0.2154,0.0682,-0.002,-0.0787,0.4786,-0.0121,0.97
1506,4000,0.6513,0.1064,0.2429,0.4738,0.4657,-0.0103,11.22,193.97,1.88,52416.0,0.0,0.2244,0.0734,-0.0018,-0.0848,0.5132,-0.014,0.97
1507,4000,0.649,0.1084,0.2433,0.442,0.441,-0.0199,10.74,199.85,1.87,52453.0,0.0,0.2083,0.0662,-0.0016,-0.0784,0.5276,-0.0132,0.97
1508,4000,0.6425,0.1118,0.2464,0.438,0.4514,-0.0165,11.4,165.73,1.87,52667.0,0.0,0.2099,0.0651,-0.0018,-0.0761,0.5183,-0.0125,0.97
1509,4000,0.6435,0.1146,0.2426,0.4267,0.4564,-0.0168,9.84,155.27,1.87,52438.0,0.0,0.2036,0.0638,-0.0019,-0.0746,0.5063,-0.0133,0.98
1510,4000,0.6454,0.1157,0.2394,0.4579,0.4487,-0.0152,11.03,175.13,1.87,52507.0,0.0,0.2192,0.0688,-0.0019,-0.0809,0.5141,-0.0136,0.98
1511,4000,0.6484,0.1139,0.2383,0.4441,0.4689,-0.0143,11.22,177.49,1.87,52438.0,0.0,0.2212,0.0664,-0.0018,-0.0768,0.5255,-0.0128,0.98
1512,4000,0.6528,0.1115,0.2362,0.4298,0.4742,-0.0155,11.03,188.87,1.87,52626.0,0.0,0.2158,0.0642,-0.0018,-0.0764,0.6289,-0.0127,0.98
1513,4000,0.6513,0.1116,0.2376,0.4365,0.4744,-0.0134,11.74,181.69,1.86,52799.0,0.0,0.2172,0.065,-0.0017,-0.0776,0.517,-0.0093,0.98
1514,4000,0.654,0.1123,0.2342,0.4265,0.4659,-0.0184,10.54,165.57,1.87,52669.0,0.0,0.2199,0.0628,-0.0015,-0.0751,0.5321,-0.0119,0.98
1515,4000,0.6564,0.1145,0.2296,0.429,0.4818,-0.0135,10.49,183.67,1.86,52712.0,0.0,0.2153,0.0639,-0.0018,-0.0754,0.587,-0.0132,0.98
1516,4000,0.6583,0.1151,0.2271,0.4235,0.4826,-0.0168,10.86,141.62,1.85,53163.0,0.0,0.2172,0.0618,-0.0017,-0.0734,0.5794,-0.0129,0.98
1517,4000,0.663,0.1159,0.2216,0.4159,0.4572,-0.0177,10.8,160.05,1.88,52244.0,0.0,0.2098,0.0619,-0.0017,-0.073,0.569,-0.0081,0.98
1518,4000,0.6608,0.119,0.2207,0.4348,0.4567,-0.0166,10.55,172.8,1.79,54791.0,0.0,0.2132,0.0653,-0.0015,-0.0757,0.5613,-0.0137,0.98
1519,4000,0.6608,0.1186,0.2211,0.4283,0.4641,-0.0171,10.58,152.14,1.86,52918.0,0.0,0.2172,0.0635,-0.0015,-0.0762,0.5251,-0.0138,0.98
1520,4000,0.6627,0.1191,0.2185,0.4284,0.4694,-0.0165,10.55,163.87,1.87,52508.0,0.0,0.2139,0.0648,-0.0017,-0.0775,0.5099,-0.0119,0.98
1521,4000,0.6616,0.1189,0.2197,0.44,0.451,-0.0165,9.79,154.86,1.85,53058.0,0.0,0.2229,0.0648,-0.0019,-0.0791,0.4609,-0.0126,0.98
1522,4000,0.6632,0.1169,0.2202,0.4198,0.4601,-0.0182,10.14,162.91,1.88,52231.0,0.0,0.2151,0.061,-0.0026,-0.074,0.557,-0.0121,0.98
1523,4000,0.6641,0.1198,0.2163,0.4516,0.4687,-0.0146,11.19,187.91,1.87,52668.0,0.0,0.2241,0.0676,-0.0018,-0.0791,0.4884,-0.0129,0.98
1524,4000,0.6635,0.1205,0.2162,0.4388,0.4613,-0.0147,10.61,168.93,1.88,52304.0,0.0,0.2186,0.0645,-0.0019,-0.0783,0.4914,-0.0126,0.98
1525,4000,0.6643,0.1192,0.2167,0.4223,0.4789,-0.0163,11.0,174.87,1.85,53164.0,0.0,0.2144,0.0631,-0.0017,-0.0743,0.5205,-0.0117,0.98
1526,4000,0.6591,0.12,0.2211,0.4344,0.4353,-0.0189,10.19,180.47,1.87,52496.0,0.0,0.2138,0.0658,-0.002,-0.078,0.5079,-0.0122,0.98
1527,4000,0.6573,0.1196,0.2234,0.4332,0.4583,-0.0163,10.17,161.35,1.88,52370.0,0.0,0.2162,0.065,-0.0021,-0.0771,0.5455,-0.0117,0.98
1528,4000,0.6555,0.1199,0.225,0.4436,0.4553,-0.0179,11.06,192.47,1.89,52120.0,0.0,0.2181,0.0659,-0.002,-0.0806,0.5422,-0.0089,0.98
1529,4000,0.656,0.1194,0.2248,0.421,0.493,-0.0148,11.55,177.5,1.87,52474.0,0.0,0.2174,0.062,-0.0023,-0.0743,0.4768,-0.0139,0.98
1530,4000,0.6596,0.117,0.2234,0.4595,0.4666,-0.0128,10.83,164.86,1.87,52645.0,0.0,0.2245,0.0692,-0.0024,-0.0807,0.5557,-0.0122,0.98
1531,4000,0.6584,0.1148,0.2269,0.4626,0.4505,-0.015,11.07,178.16,1.87,52608.0,0.0,0.2239,0.0697,-0.0021,-0.0841,0.556,-0.0136,0.98
1532,4000,0.657,0.1158,0.2277,0.4677,0.4357,-0.0162,11.72,194.83,1.86,52711.0,0.0,0.2232,0.07,-0.0022,-0.0846,0.531,-0.0114,0.98
1533,4000,0.6519,0.1155,0.2331,0.4808,0.4213,-0.0167,11.34,211.8,1.81,54266.0,0.0,0.2271,0.0733,-0.0022,-0.0865,0.486,-0.0121,0.98
1534,4000,0.6509,0.113,0.2367,0.4467,0.4756,-0.0137,10.76,188.13,1.86,52799.0,0.0,0.222,0.0667,-0.0021,-0.082,0.5896,-0.0117,0.98
1535,4000,0.6533,0.1127,0.2343,0.4408,0.4405,-0.0186,11.42,175.99,1.88,52266.0,0.0,0.2199,0.0659,-0.0019,-0.0808,0.4629,-0.0139,0.98
1536,4000,0.6533,0.1136,0.2337,0.4345,0.4547,-0.0165,10.97,175.76,1.86,52818.0,0.0,0.2167,0.0641,-0.0021,-0.0799,0.4696,-0.0106,0.98
1537,4000,0.6471,0.1155,0.2381,0.4603,0.4306,-0.0177,10.19,176.48,1.87,52458.0,0.0,0.2208,0.0695,-0.0023,-0.0846,0.4503,-0.0122,0.98
1538,4000,0.6427,0.1151,0.2429,0.5024,0.4251,-0.0141,11.13,198.89,1.87,52591.0,0.0,0.2371,0.0762,-0.0023,-0.0933,0.4689,-0.0122,0.98
1539,4000,0.6365,0.1164,0.2478,0.4582,0.4301,-0.0181,10.18,186.9,1.87,52556.0,0.0,0.2244,0.0692,-0.0022,-0.0835,0.4463,-0.0138,0.98
1540,4000,0.6307,0.1169,0.2531,0.4788,0.4297,-0.0124,10.98,191.87,1.87,52517.0,0.0,0.2275,0.0712,-0.002,-0.0874,0.4389,-0.0122,0.98
1541,4000,0.6288,0.1203,0.2514,0.448,0.4454,-0.0184,10.53,171.19,1.87,52703.0,0.0,0.2245,0.0674,-0.002,-0.0827,0.4881,-0.0127,0.98
1542,4000,0.6283,0.1219,0.2502,0.4406,0.447,-0.0184,10.38,180.93,1.88,52338.0,0.0,0.2178,0.065,-0.0022,-0.0793,0.4515,-0.0111,0.98
1543,4000,0.624,0.1218,0.2547,0.4775,0.4229,-0.0154,11.01,197.1,1.88,52300.0,0.0,0.2283,0.0717,-0.0021,-0.0893,0.4228,-0.0132,0.98
1544,4000,0.6207,0.1199,0.2599,0.4764,0.4303,-0.0169,10.6,162.94,1.89,52094.0,0.0,0.2292,0.0718,-0.0025,-0.0899,0.5848,-0.0125,0.98
1545,4000,0.6186,0.1248,0.2571,0.4502,0.4389,-0.0187,10.89,178.74,1.88,52292.0,0.0,0.2243,0.0676,-0.0021,-0.083,0.4943,-0.0128,0.98
1546,4000,0.6165,0.128,0.2559,0.4627,0.428,-0.018,10.07,193.12,1.81,54412.0,0.0,0.2256,0.0694,-0.0023,-0.0845,0.5465,-0.012,0.98
1547,4000,0.6179,0.1255,0.2569,0.4491,0.4516,-0.0154,10.38,190.08,1.87,52445.0,0.0,0.2209,0.0675,-0.002,-0.0822,0.5583,-0.0106,0.98
1548,4000,0.6201,0.1237,0.2564,0.4494,0.4373,-0.0154,11.08,181.67,1.86,52731.0,0.0,0.2199,0.0671,-0.002,-0.0853,0.5123,-0.0122,0.98
1549,4000,0.6234,0.1225,0.2544,0.4633,0.4422,-0.0157,11.69,189.49,1.88,52396.0,0.0,0.2247,0.0687,-0.0019,-0.0835,0.5154,-0.0117,0.97
1550,4000,0.6244,0.1189,0.257,0.4591,0.4438,-0.0161,10.73,177.58,1.87,52512.0,0.0,0.2232,0.0702,-0.002,-0.0826,0.5116,-0.0128,0.97
1551,4000,0.6258,0.1175,0.257,0.4393,0.4687,-0.0133,11.94,191.48,1.88,52353.0,0.0,0.2239,0.0659,-0.0022,-0.0794,0.4642,-0.0131,0.97
1552,4000,0.6289,0.1153,0.2561,0.4479,0.448,-0.0163,11.55,180.83,1.88,52292.0,0.0,0.2241,0.0673,-0.0019,-0.082,0.6026,-0.0137,0.97
1553,4000,0.6322,0.1177,0.2503,0.4118,0.4543,-0.0185,10.15,161.84,1.86,52727.0,0.0,0.207,0.0616,-0.0023,-0.0749,0.5467,-0.0118,0.97
1554,4000,0.636,0.1198,0.2445,0.442,0.454,-0.0152,10.6,170.62,1.87,52499.0,0.0,0.2228,0.0664,-0.0024,-0.081,0.5556,-0.0139,0.97
1555,4000,0.6383,0.1214,0.2405,0.4376,0.459,-0.0169,10.29,154.83,1.87,52461.0,0.0,0.2181,0.0647,-0.0022,-0.0778,0.5281,-0.0107,0.97
1556,4000,0.6394,0.1234,0.2375,0.4199,0.4649,-0.0176,10.28,159.23,1.87,52484.0,0.0,0.2153,0.0618,-0.0018,-0.0752,0.5134,-0.0118,0.97
1557,4000,0.6475,0.122,0.2307,0.4228,0.4985,-0.0147,11.72,168.84,1.87,52644.0,0.0,0.2216,0.0626,-0.0024,-0.0775,0.5033,-0.0136,0.97
1558,4000,0.657,0.1209,0.2226,0.4362,0.4925,-0.0114,11.63,180.36,1.87,52601.0,0.0,0.2278,0.0655,-0.0021,-0.0796,0.5022,-0.013,0.98
1559,4000,0.6625,0.1217,0.2163,0.4086,0.4686,-0.0173,11.58,198.35,1.86,52743.0,0.0,0.2114,0.0601,-0.0019,-0.0739,0.5007,-0.0136,0.98
1560,4000,0.6674,0.12,0.2132,0.4381,0.4803,-0.0136,11.43,186.35,1.86,52797.0,0.0,0.2292,0.0651,-0.0018,-0.0798,0.5141,-0.0131,0.98
1561,4000,0.668,0.1191,0.2131,0.4235,0.4746,-0.0169,11.5,165.42,1.88,52180.0,0.0,0.2171,0.0631,-0.0021,-0.0767,0.5209,-0.0128,0.98
1562,4000,0.6638,0.1196,0.217,0.4524,0.4378,-0.0158,10.05,183.64,1.87,52526.0,0.0,0.2244,0.0684,-0.0021,-0.0821,0.5087,-0.0133,0.98
1563,4000,0.6607,0.1187,0.2211,0.4351,0.4789,-0.0143,10.58,163.62,1.88,52425.0,0.0,0.2196,0.0656,-0.0021,-0.0797,0.4725,-0.0121,0.98
1564,4000,0.6634,0.1159,0.2212,0.4331,0.483,-0.0125,11.43,165.78,1.88,52270.0,0.0,0.2237,0.0646,-0.002,-0.0777,0.4673,-0.0117,0.98
1565,4000,0.6652,0.1147,0.2204,0.4248,0.4458,-0.0175,9.74,140.07,1.88,52327.0,0.0,0.2115,0.0637,-0.002,-0.0761,0.428,-0.0132,0.98
1566,4000,0.663,0.1181,0.2191,0.4305,0.4558,-0.0172,10.67,166.2,1.88,52398.0,0.0,0.2178,0.0648,-0.002,-0.0775,0.5351,-0.0133,0.98
1567,4000,0.6606,0.121,0.2187,0.4515,0.4501,-0.0171,11.02,165.17,1.87,52615.0,0.0,0.2253,0.0688,-0.0021,-0.0821,0.5472,-0.0128,0.98
1568,4000,0.6588,0.1213,0.2201,0.4375,0.4531,-0.0179,11.38,196.69,1.87,52488.0,0.0,0.2226,0.0656,-0.0023,-0.0801,0.4837,-0.0139,0.98
1569,4000,0.6547,0.1216,0.2241,0.4484,0.4459,-0.0159,10.95,167.57,1.88,52396.0,0.0,0.2266,0.068,-0.002,-0.0835,0.4702,-0.0124,0.98
1570,4000,0.6526,0.1201,0.2278,0.4596,0.4423,-0.0162,11.33,188.3,1.87,52668.0,0.0,0.2225,0.0701,-0.0026,-0.0838,0.4304,-0.0131,0.98
1571,4000,0.6503,0.1216,0.2286,0.4435,0.4515,-0.0173,11.21,190.96,1.86,52712.0,0.0,0.2183,0.0669,-0.0023,-0.0809,0.4906,-0.0121,0.98
1572,4000,0.6428,0.1224,0.2352,0.4767,0.4384,-0.0151,11.46,190.86,1.88,52200.0,0.0,0.2289,0.0732,-0.0023,-0.0869,0.4758,-0.011,0.98
1573,4000,0.6435,0.1186,0.2384,0.483,0.4609,-0.012,11.7,193.74,1.86,52821.0,0.0,0.2355,0.0739,-0.0022,-0.0892,0.5256,-0.0134,0.98
1574,4000,0.645,0.1182,0.2373,0.4455,0.4459,-0.0176,11.29,205.07,1.87,52663.0,0.0,0.2175,0.0681,-0.0019,-0.0828,0.4703,-0.0131,0.98
1575,4000,0.6451,0.1161,0.2392,0.4628,0.4355,-0.0156,10.18,172.03,1.85,53081.0,0.0,0.2222,0.0699,-0.0022,-0.0837,0.4299,-0.0111,0.98
1576,4000,0.645,0.1143,0.2412,0.4559,0.4486,-0.0145,11.53,180.68,1.87,52466.0,0.0,0.2235,0.0688,-0.0021,-0.0814,0.4108,-0.0127,0.98
1577,4000,0.6422,0.1119,0.2462,0.4606,0.4412,-0.0162,11.02,193.16,1.87,52629.0,0.0,0.2284,0.0701,-0.0022,-0.0833,0.5223,-0.0132,0.98
1578,4000,0.641,0.1127,0.2464,0.4598,0.4594,-0.0156,11.84,196.19,1.87,52638.0,0.0,0.2274,0.07,-0.0021,-0.0847,0.549,-0.0117,0.98
1579,4000,0.6401,0.114,0.2463,0.4522,0.4421,-0.0176,9.88,159.09,1.86,52715.0,0.0,0.2205,0.068,-0.0025,-0.0805,0.5712,-0.0113,0.98
1580,4000,0.6369,0.1181,0.2455,0.4462,0.4356,-0.0198,10.93,158.44,1.83,53735.0,0.0,0.213,0.0682,-0.0024,-0.0811,1.1427,-0.0044,0.98
1581,4000,0.6372,0.1197,0.2438,0.4571,0.4513,-0.0172,11.46,185.68,1.89,52064.0,0.0,0.2248,0.0692,-0.0024,-0.0838,0.4493,-0.0083,0.98
1582,4000,0.6372,0.1209,0.2423,0.4417,0.4675,-0.0159,11.6,170.47,1.88,52286.0,0.0,0.2254,0.0668,-0.0024,-0.0803,0.5048,-0.0113,0.98
1583,4000,0.6369,0.1231,0.2402,0.4595,0.4299,-0.0178,11.11,188.87,1.87,52446.0,0.0,0.2232,0.0697,-0.002,-0.0829,0.503,-0.0127,0.98
1584,4000,0.6319,0.1249,0.2434,0.4696,0.4418,-0.0163,12.42,187.81,1.88,52235.0,0.0,0.2311,0.0701,-0.0022,-0.0856,0.4586,-0.0132,0.98
1585,4000,0.6347,0.1271,0.2384,0.4428,0.4522,-0.0196,10.3,173.39,1.87,52592.0,0.0,0.2165,0.0674,-0.0025,-0.0806,0.4904,-0.0122,0.98
1586,4000,0.6351,0.1247,0.2404,0.476,0.4454,-0.013,11.27,189.6,1.88,52362.0,0.0,0.2296,0.0732,-0.0021,-0.0859,0.4246,-0.0129,0.98
1587,4000,0.6344,0.1239,0.2422,0.4743,0.4285,-0.0164,10.58,204.87,1.84,53480.0,0.0,0.2304,0.0707,-0.0019,-0.0839,0.5232,-0.0093,0.98
1588,4000,0.629,0.1238,0.2474,0.5042,0.4141,-0.0135,11.03,205.0,1.87,52653.0,0.0,0.2378,0.0775,-0.0027,-0.089,0.4813,-0.0084,0.98
1589,4000,0.6232,0.1234,0.2537,0.485,0.4318,-0.0157,11.88,203.24,1.87,52627.0,0.0,0.2279,0.0716,-0.0021,-0.0877,0.4997,-0.012,0.98
1590,4000,0.6246,0.1212,0.2545,0.4571,0.4449,-0.0172,10.59,188.0,1.88,52196.0,0.0,0.2259,0.0698,-0.0022,-0.0829,0.5585,-0.0123,0.98
1591,4000,0.6267,0.1223,0.2512,0.4621,0.4331,-0.0201,10.49,186.4,1.86,52762.0,0.0,0.2191,0.0716,-0.0025,-0.0827,0.5947,-0.0127,0.98
1592,4000,0.6261,0.1217,0.2524,0.4905,0.4163,-0.0167,10.58,183.41,1.86,52762.0,0.0,0.2289,0.075,-0.0021,-0.0879,0.5204,-0.011,0.98
1593,4000,0.6251,0.1209,0.2542,0.4612,0.4302,-0.0184,10.94,179.97,1.86,52726.0,0.0,0.2155,0.069,-0.0027,-0.0802,0.4823,-0.0135,0.98
1594,4000,0.6267,0.1202,0.2533,0.4858,0.421,-0.0172,9.94,201.22,1.88,52392.0,0.0,0.2262,0.0733,-0.0024,-0.0825,0.5122,-0.0132,0.98
1595,4000,0.6212,0.1212,0.258,0.4724,0.4148,-0.0186,11.78,195.42,1.87,52612.0,0.0,0.2183,0.0722,-0.0027,-0.0839,0.5359,-0.0118,0.98
1596,4000,0.6173,0.1194,0.2638,0.4962,0.4406,-0.0121,11.36,189.69,1.88,52384.0,0.0,0.2367,0.074,-0.002,-0.0868,0.5404,-0.0118,0.98
1597,4000,0.6176,0.1151,0.2679,0.4456,0.4496,-0.0179,11.32,177.12,1.86,52715.0,0.0,0.2167,0.0681,-0.0022,-0.0784,0.5438,-0.0132,0.98
1598,4000,0.6242,0.1127,0.2638,0.462,0.4584,-0.0165,11.43,197.72,1.86,52743.0,0.0,0.2285,0.0697,-0.0022,-0.0805,0.6192,-0.0122,0.98
1599,4000,0.623,0.1153,0.2624,0.4353,0.4622,-0.0173,11.89,163.98,1.87,52550.0,0.0,0.2197,0.0647,-0.0019,-0.0768,0.5717,-0.0133,0.98
1600,4000,0.6293,0.1146,0.2568,0.4508,0.4696,-0.0164,11.01,158.14,1.87,52709.0,0.0,0.2242,0.0665,-0.0024,-0.077,0.618,-0.0134,0.98
1601,4000,0.6387,0.1146,0.2474,0.4374,0.4616,-0.0175,11.28,180.85,1.8,54609.0,0.0,0.2192,0.0642,-0.0021,-0.075,0.6141,-0.0115,0.98
1602,4000,0.6388,0.1208,0.2411,0.4207,0.4771,-0.0173,11.06,161.44,1.87,52550.0,0.0,0.213,0.0622,-0.0019,-0.074,0.5266,-0.009,0.98
1603,4000,0.6458,0.1207,0.2337,0.4311,0.5131,-0.0122,11.23,164.11,1.88,52370.0,0.0,0.2286,0.0633,-0.0022,-0.0739,0.6663,-0.0141,0.98
1604,4000,0.6538,0.1205,0.2256,0.4543,0.4564,-0.0171,12.44,198.49,1.86,52797.0,0.0,0.2268,0.0665,-0.002,-0.0791,0.6036,-0.0138,0.98
1605,4000,0.6521,0.12,0.228,0.4255,0.4649,-0.017,10.61,163.07,1.88,52338.0,0.0,0.2201,0.0634,-0.0018,-0.0749,0.5472,-0.0137,0.99
1606,4000,0.6602,0.1172,0.2225,0.4337,0.4989,-0.0127,11.01,144.26,1.87,52477.0,0.0,0.2267,0.064,-0.0018,-0.0752,0.5654,-0.0126,0.99
1607,4000,0.6659,0.1157,0.2186,0.422,0.4817,-0.0165,11.51,142.99,1.87,52574.0,0.0,0.2201,0.0609,-0.0016,-0.0739,0.5471,-0.014,0.99
1608,4000,0.6723,0.113,0.2149,0.4189,0.482,-0.0151,10.97,181.01,1.87,52606.0,0.0,0.2181,0.062,-0.0019,-0.0735,0.6237,-0.0093,0.99
1609,4000,0.6761,0.1126,0.2115,0.4121,0.4881,-0.0157,11.97,175.63,1.88,52317.0,0.0,0.2211,0.0597,-0.0018,-0.0713,0.5372,-0.0088,0.99
1610,4000,0.6804,0.1112,0.2087,0.4252,0.4768,-0.0169,10.81,171.39,1.88,52411.0,0.0,0.2181,0.0615,-0.0021,-0.0727,0.548,-0.0125,0.99
1611,4000,0.6825,0.113,0.2048,0.4186,0.4759,-0.0162,9.71,142.57,1.88,52314.0,0.0,0.2184,0.061,-0.0017,-0.0727,0.6072,-0.0137,0.99
1612,4000,0.6847,0.1156,0.2002,0.4293,0.4638,-0.0167,11.31,199.78,1.86,52743.0,0.0,0.221,0.0624,-0.002,-0.074,0.5664,-0.0136,0.99
1613,4000,0.6842,0.1156,0.2005,0.4077,0.4959,-0.0151,11.82,173.55,1.87,52530.0,0.0,0.2189,0.0591,-0.0016,-0.0703,0.5964,-0.0144,0.99
1614,4000,0.6861,0.1159,0.1983,0.4055,0.4679,-0.019,10.75,171.89,1.87,52563.0,0.0,0.2109,0.0586,-0.0016,-0.0708,0.5824,-0.0131,0.99
1615,4000,0.6889,0.1151,0.1963,0.4185,0.4778,-0.0173,11.02,168.68,1.79,54865.0,0.0,0.2206,0.0597,-0.0021,-0.071,0.583,-0.0145,0.99
1616,4000,0.6864,0.1197,0.1941,0.4283,0.4701,-0.0181,11.54,175.61,1.86,52751.0,0.0,0.2184,0.0621,-0.0015,-0.0744,0.5526,-0.0149,0.99
1617,4000,0.6872,0.1195,0.1935,0.4195,0.4711,-0.0176,10.67,162.09,1.87,52597.0,0.0,0.2174,0.0607,-0.0018,-0.0726,0.635,-0.0132,0.99
1618,4000,0.6864,0.1197,0.1942,0.4362,0.4758,-0.0148,11.74,183.5,1.86,52732.0,0.0,0.2192,0.0632,-0.0017,-0.0755,0.5048,-0.0138,0.99
1619,4000,0.6834,0.1172,0.2,0.4177,0.4831,-0.013,11.43,167.42,1.87,52614.0,0.0,0.2175,0.0603,-0.0017,-0.0719,0.5148,-0.0143,0.99
1620,4000,0.6864,0.1136,0.2007,0.4418,0.4833,-0.0127,10.73,170.13,1.87,52479.0,0.0,0.2236,0.0637,-0.0017,-0.0772,0.588,-0.0131,0.99
1621,4000,0.6863,0.1133,0.2012,0.4138,0.4822,-0.0155,10.48,154.64,1.87,52447.0,0.0,0.2151,0.0589,-0.0019,-0.0698,0.5202,-0.0121,0.99
1622,4000,0.6889,0.1162,0.1954,0.4042,0.4883,-0.0165,10.3,159.94,1.83,53635.0,0.0,0.2112,0.0579,-0.0017,-0.0686,0.4422,-0.0117,0.99
1623,4000,0.6909,0.1136,0.196,0.4116,0.5101,-0.0121,10.96,151.49,1.84,53415.0,0.0,0.2203,0.0591,-0.0017,-0.0703,0.5013,-0.0133,0.99
1624,4000,0.6942,0.1098,0.1965,0.4256,0.4924,-0.0136,12.18,177.33,1.88,52426.0,0.0,0.2259,0.0604,-0.0019,-0.0721,0.5444,-0.0132,0.99
1625,4000,0.6937,0.1108,0.196,0.4037,0.474,-0.0202,9.15,152.34,1.88,52393.0,0.0,0.2105,0.0575,-0.0017,-0.068,0.5531,-0.0135,0.99
1626,4000,0.6912,0.1141,0.1949,0.4356,0.495,-0.0134,11.83,183.37,1.87,52699.0,0.0,0.2282,0.0612,-0.0018,-0.0745,0.572,-0.0124,1.0
1627,4000,0.688,0.1126,0.1994,0.4357,0.475,-0.0163,11.82,169.23,1.87,52529.0,0.0,0.2251,0.0619,-0.0017,-0.0727,0.5351,-0.0086,1.0
1628,4000,0.6827,0.1144,0.2029,0.4431,0.4701,-0.016,10.76,184.14,1.87,52679.0,0.0,0.2254,0.0638,-0.0018,-0.0752,0.6034,-0.013,1.0
1629,4000,0.6782,0.1148,0.207,0.4439,0.4752,-0.0152,11.35,175.58,1.86,52770.0,0.0,0.2296,0.0645,-0.0018,-0.0743,0.5373,-0.0132,1.0
1630,4000,0.6808,0.114,0.2052,0.4063,0.5096,-0.0145,11.23,155.16,1.88,52421.0,0.0,0.2161,0.059,-0.0015,-0.0681,0.5146,-0.0126,1.0
1631,4000,0.6813,0.1132,0.2055,0.4529,0.458,-0.0146,11.23,187.98,1.87,52604.0,0.0,0.2233,0.0666,-0.0019,-0.0793,0.5133,-0.0129,1.0
1632,4000,0.6766,0.1139,0.2095,0.4271,0.4546,-0.0189,10.39,164.7,1.88,52423.0,0.0,0.2129,0.0618,-0.0017,-0.0721,0.6213,-0.0128,1.0
1633,4000,0.6756,0.1157,0.2088,0.4583,0.4654,-0.0163,10.61,172.97,1.86,52746.0,0.0,0.2328,0.0663,-0.0018,-0.0783,0.5729,-0.0134,1.0
1634,4000,0.6747,0.1166,0.2089,0.4445,0.4527,-0.017,11.24,167.42,1.86,52878.0,0.0,0.2185,0.0655,-0.0019,-0.0737,0.5184,-0.0125,1.0
1635,4000,0.6696,0.1201,0.2106,0.4288,0.4855,-0.015,10.9,169.58,1.87,52645.0,0.0,0.2228,0.0632,-0.0015,-0.0711,0.5869,-0.0132,1.0
1636,4000,0.6669,0.1233,0.2103,0.436,0.4461,-0.0213,10.21,163.83,1.87,52448.0,0.0,0.2175,0.0651,-0.0019,-0.073,0.5107,-0.0124,1.0
1637,4000,0.6667,0.1238,0.2102,0.4398,0.4688,-0.0167,10.98,167.64,1.87,52448.0,0.0,0.2225,0.0649,-0.002,-0.0736,0.6391,-0.0091,1.0
1638,4000,0.6694,0.124,0.2073,0.4106,0.4697,-0.0186,10.14,150.5,1.86,52924.0,0.0,0.2168,0.0608,-0.0016,-0.0674,0.5591,-0.0136,1.0
1639,4000,0.6695,0.1254,0.2057,0.4191,0.4605,-0.0197,11.35,177.76,1.85,53006.0,0.0,0.2163,0.0627,-0.0017,-0.0695,0.5492,-0.0134,1.0
1640,4000,0.6676,0.1265,0.2066,0.4361,0.4703,-0.0171,11.04,177.45,1.87,52520.0,0.0,0.2243,0.0641,-0.0019,-0.0699,0.6165,-0.0132,1.0
1641,4000,0.6678,0.1259,0.2071,0.4616,0.4674,-0.0141,10.74,185.25,1.86,52769.0,0.0,0.232,0.0691,-0.002,-0.0771,0.5406,-0.0142,1.0
1642,4000,0.6609,0.126,0.2138,0.4449,0.4676,-0.0161,10.76,182.25,1.86,52969.0,0.0,0.2247,0.0668,-0.0021,-0.0738,0.5318,-0.013,1.0
1643,4000,0.6575,0.1256,0.2175,0.4588,0.4394,-0.0165,11.38,189.4,1.87,52443.0,0.0,0.2237,0.069,-0.002,-0.077,0.5562,-0.0136,1.0
1644,4000,0.6569,0.1242,0.2192,0.4453,0.4831,-0.0142,11.43,190.59,1.87,52502.0,0.0,0.2311,0.0674,-0.0019,-0.0736,0.5215,-0.0136,1.0
1645,4000,0.6528,0.1248,0.2227,0.4638,0.4526,-0.0142,10.33,184.08,1.87,52518.0,0.0,0.2275,0.0697,-0.0023,-0.076,0.5975,-0.0137,1.0
1646,4000,0.65,0.1246,0.2257,0.4092,0.4629,-0.0196,9.8,157.43,1.84,53481.0,0.0,0.2094,0.0621,-0.0022,-0.0652,0.5568,-0.0137,1.0
1647,4000,0.6472,0.1269,0.2262,0.4368,0.4613,-0.0166,11.06,163.14,1.88,52416.0,0.0,0.2198,0.0668,-0.002,-0.072,0.5529,-0.014,1.0
1648,4000,0.6476,0.1257,0.2267,0.4328,0.4783,-0.0171,10.82,157.49,1.86,52724.0,0.0,0.2236,0.066,-0.0019,-0.0715,0.6382,-0.0139,1.0
1649,4000,0.6546,0.126,0.2195,0.4208,0.4867,-0.0172,11.43,172.65,1.86,52830.0,0.0,0.2163,0.0651,-0.002,-0.0694,0.6694,-0.009,1.0
1650,4000,0.6574,0.1285,0.2142,0.4173,0.4711,-0.0211,9.86,174.74,1.87,52540.0,0.0,0.2176,0.0648,-0.0021,-0.071,0.6245,-0.0104,1.0
1651,4000,0.6578,0.1297,0.2126,0.4435,0.4599,-0.0174,10.93,176.94,1.83,53679.0,0.0,0.2224,0.0688,-0.0027,-0.0741,0.5928,-0.0127,1.0
1652,4000,0.6611,0.1256,0.2134,0.438,0.4868,-0.0139,10.93,180.89,1.88,52391.0,0.0,0.2246,0.0679,-0.0019,-0.0711,0.5904,-0.0115,1.0
1653,4000,0.6658,0.12,0.2142,0.4118,0.494,-0.0148,11.75,175.97,1.88,52300.0,0.0,0.217,0.0625,-0.002,-0.067,0.5917,-0.0135,1.0
1654,4000,0.6723,0.1159,0.2118,0.4381,0.4719,-0.0162,9.95,169.86,1.88,52297.0,0.0,0.2222,0.069,-0.0021,-0.0738,0.5987,-0.0127,1.0
1655,4000,0.6726,0.1164,0.211,0.4272,0.4872,-0.0163,9.36,147.61,1.87,52517.0,0.0,0.219,0.0662,-0.0022,-0.0698,0.6584,-0.0134,1.0
1656,4000,0.6779,0.1143,0.2079,0.4239,0.5124,-0.0146,11.33,175.3,1.85,53162.0,0.0,0.2283,0.0646,-0.0023,-0.0695,0.6125,-0.0139,1.0
1657,4000,0.6862,0.1129,0.2009,0.4222,0.4869,-0.0172,11.91,165.84,1.87,52462.0,0.0,0.2227,0.0652,-0.002,-0.07,0.558,-0.0139,1.0
1658,4000,0.6902,0.1158,0.194,0.3998,0.5174,-0.015,10.29,152.46,1.87,52658.0,0.0,0.2181,0.0606,-0.0022,-0.0654,0.5734,-0.012,1.0
1659,4000,0.6965,0.1164,0.1875,0.4126,0.4976,-0.0149,11.37,177.45,1.87,52585.0,0.0,0.2188,0.0625,-0.002,-0.0689,0.5182,-0.0117,1.0
1660,4000,0.6948,0.1167,0.1889,0.4234,0.4756,-0.016,10.27,171.92,1.88,52345.0,0.0,0.2166,0.0656,-0.0017,-0.0715,0.5578,-0.0134,1.0
1661,4000,0.6963,0.1162,0.188,0.4088,0.4875,-0.0161,9.7,155.7,1.87,52562.0,0.0,0.217,0.0614,-0.0021,-0.0672,0.5741,-0.0117,1.0
1662,4000,0.6953,0.1144,0.191,0.4226,0.5035,-0.014,11.4,175.28,1.89,51957.0,0.0,0.2278,0.0639,-0.0023,-0.0699,0.6285,-0.0087,1.0
1663,4000,0.6996,0.1141,0.1872,0.4146,0.5035,-0.0141,12.26,175.23,1.87,52545.0,0.0,0.2169,0.0633,-0.0021,-0.0687,0.5623,-0.0127,1.0
1664,4000,0.7044,0.1117,0.1846,0.4015,0.5029,-0.0148,11.17,178.25,1.88,52428.0,0.0,0.2157,0.061,-0.0022,-0.0654,0.5638,-0.0135,1.01
1665,4000,0.7027,0.1128,0.1849,0.4146,0.4696,-0.0178,9.06,133.8,1.87,52559.0,0.0,0.215,0.0629,-0.0018,-0.0698,0.5386,-0.0133,1.0
1666,4000,0.7001,0.1134,0.1868,0.3949,0.509,-0.0152,11.52,153.79,1.87,52610.0,0.0,0.2113,0.0589,-0.0018,-0.0642,0.5136,-0.0139,1.0
1667,4000,0.7001,0.1134,0.187,0.4218,0.4905,-0.0138,11.11,160.96,1.88,52311.0,0.0,0.2241,0.0635,-0.0019,-0.0688,0.575,-0.0097,1.0
1668,4000,0.6966,0.1162,0.1877,0.3922,0.473,-0.0211,10.16,169.28,1.86,52761.0,0.0,0.2046,0.0598,-0.002,-0.0652,0.5488,-0.0093,1.0
1669,4000,0.6927,0.1199,0.1879,0.411,0.4705,-0.0188,10.42,177.16,1.85,53065.0,0.0,0.2146,0.0621,-0.0016,-0.0695,0.4825,-0.0119,1.0
1670,4000,0.6905,0.1187,0.1913,0.439,0.4704,-0.0144,9.91,172.45,1.88,52266.0,0.0,0.2235,0.0675,-0.002,-0.0742,0.5803,-0.0131,1.0
1671,4000,0.6843,0.1165,0.1998,0.4509,0.4249,-0.018,10.3,192.71,1.86,52760.0,0.0,0.221,0.0696,-0.0023,-0.0773,0.5387,-0.0115,1.0
1672,4000,0.68,0.1158,0.2045,0.4421,0.4642,-0.0158,10.67,168.77,1.88,52375.0,0.0,0.2255,0.067,-0.0018,-0.0742,0.5577,-0.0088,1.0
1673,4000,0.6816,0.1156,0.203,0.4328,0.4768,-0.0152,11.39,194.32,1.87,52554.0,0.0,0.2162,0.0675,-0.002,-0.0727,0.4671,-0.0132,1.0
1674,4000,0.6797,0.1143,0.206,0.4344,0.455,-0.0181,11.8,178.9,1.87,52455.0,0.0,0.2145,0.0657,-0.002,-0.0712,0.5576,-0.0132,1.0
1675,4000,0.6765,0.1165,0.207,0.4462,0.462,-0.0151,11.48,192.41,1.89,52132.0,0.0,0.2193,0.0689,-0.0025,-0.0743,0.4761,-0.0136,1.0
1676,4000,0.6739,0.1143,0.2118,0.4795,0.4434,-0.0144,11.5,192.84,1.86,52846.0,0.0,0.2263,0.0743,-0.0019,-0.0821,0.4651,-0.01,1.0
1677,4000,0.669,0.1117,0.2193,0.4712,0.4591,-0.0143,11.17,187.29,1.88,52257.0,0.0,0.2301,0.0724,-0.0022,-0.081,0.4646,-0.0082,1.0
1678,4000,0.6683,0.107,0.2249,0.4788,0.4556,-0.0128,11.62,200.22,1.89,52129.0,0.0,0.2324,0.0737,-0.0021,-0.0822,0.4873,-0.0118,1.0
1679,4000,0.666,0.1055,0.2288,0.4548,0.4549,-0.016,11.0,181.44,1.87,52489.0,0.0,0.2174,0.0701,-0.0019,-0.0765,0.457,-0.0131,1.0
1680,4000,0.6614,0.1082,0.2309,0.4651,0.4358,-0.0179,10.81,198.55,1.88,52195.0,0.0,0.2196,0.0716,-0.0022,-0.08,0.4851,-0.0111,1.0
1681,4000,0.6566,0.1089,0.235,0.4652,0.4709,-0.0135,11.37,177.07,1.89,52049.0,0.0,0.2258,0.072,-0.0026,-0.0775,0.4746,-0.0086,1.0
1682,4000,0.6572,0.1085,0.2348,0.4901,0.4701,-0.0127,11.62,197.02,1.88,52315.0,0.0,0.2337,0.0764,-0.0024,-0.0857,0.5009,-0.013,1.0
1683,4000,0.6533,0.108,0.2392,0.4553,0.4422,-0.0183,10.78,180.25,1.87,52541.0,0.0,0.2167,0.0704,-0.0023,-0.0782,0.526,-0.013,1.0
1684,4000,0.6493,0.1118,0.2394,0.4375,0.4385,-0.0198,10.41,194.71,1.82,54090.0,0.0,0.2044,0.0667,-0.0021,-0.0738,0.4688,-0.0128,1.0
1685,4000,0.6438,0.1153,0.2414,0.4676,0.4483,-0.0152,10.68,190.4,1.91,51528.0,0.0,0.2194,0.0731,-0.0024,-0.0801,0.4674,-0.0132,1.01
1686,4000,0.6455,0.1158,0.2391,0.4567,0.4519,-0.0164,10.48,165.28,1.88,52296.0,0.0,0.2204,0.0704,-0.0021,-0.0788,0.4617,-0.0138,1.0
1687,4000,0.6433,0.116,0.2414,0.463,0.4622,-0.0127,12.02,191.13,1.87,52526.0,0.0,0.2225,0.072,-0.0023,-0.0806,0.5758,-0.0126,1.0
1688,4000,0.6451,0.1136,0.2421,0.4546,0.4493,-0.017,11.26,199.0,1.87,52529.0,0.0,0.2172,0.0705,-0.0022,-0.079,0.4501,-0.0111,1.0
1689,4000,0.6422,0.1149,0.2439,0.4645,0.4539,-0.0145,11.46,187.9,1.87,52587.0,0.0,0.221,0.0711,-0.0022,-0.0801,0.5057,-0.0126,1.0
1690,4000,0.6384,0.115,0.2478,0.4481,0.463,-0.0146,9.96,186.42,1.87,52509.0,0.0,0.2198,0.069,-0.002,-0.0777,0.4584,-0.0134,1.01
1691,4000,0.6357,0.117,0.2482,0.4617,0.4527,-0.0149,9.81,183.85,1.88,52265.0,0.0,0.2175,0.0715,-0.0025,-0.0804,0.539,-0.0117,1.01
1692,4000,0.6381,0.1206,0.2425,0.4701,0.4305,-0.0192,10.88,203.71,1.93,50862.0,0.0,0.2241,0.0722,-0.0022,-0.0839,0.4857,-0.0124,1.01
1693,4000,0.6325,0.1217,0.2466,0.4738,0.4319,-0.0172,11.52,194.48,1.93,50887.0,0.0,0.2286,0.0721,-0.0025,-0.0828,0.5135,-0.013,1.01
1694,4000,0.6305,0.1207,0.2495,0.4612,0.4668,-0.014,10.65,167.9,1.91,51425.0,0.0,0.2228,0.0702,-0.0022,-0.0813,0.5232,-0.0132,1.01
1695,4000,0.6343,0.1172,0.2492,0.4552,0.4433,-0.0184,10.21,188.21,1.87,52638.0,0.0,0.218,0.0689,-0.0025,-0.0792,0.4798,-0.0106,1.01
1696,4000,0.639,0.116,0.2457,0.4425,0.4713,-0.0159,10.58,162.9,1.88,52334.0,0.0,0.216,0.0658,-0.0024,-0.076,0.459,-0.0126,1.01
1697,4000,0.6437,0.1146,0.2426,0.4474,0.4444,-0.0183,9.97,166.08,1.88,52179.0,0.0,0.2158,0.0681,-0.0021,-0.0775,0.4797,-0.0096,1.01
1698,4000,0.6433,0.1164,0.2415,0.4719,0.4167,-0.0179,10.33,182.78,1.88,52216.0,0.0,0.2163,0.0705,-0.0024,-0.0849,0.4934,-0.0109,1.01
1699,4000,0.6367,0.1146,0.2497,0.4694,0.4169,-0.0167,10.47,173.12,1.9,51865.0,0.0,0.2195,0.0699,-0.0021,-0.083,0.481,-0.0134,1.01
1700,4000,0.636,0.115,0.25,0.4718,0.4492,-0.0137,11.92,211.16,1.91,51339.0,0.0,0.2254,0.07,-0.0023,-0.0809,0.4664,-0.0093,1.01
1701,4000,0.6311,0.1149,0.2551,0.4688,0.4163,-0.0174,10.79,167.75,1.89,51978.0,0.0,0.2175,0.0697,-0.0021,-0.0828,0.4918,-0.0108,1.01
1702,4000,0.6243,0.1162,0.2607,0.4995,0.4043,-0.0166,11.25,196.81,1.88,52411.0,0.0,0.2269,0.0743,-0.0021,-0.089,0.4438,-0.0115,1.01
1703,4000,0.6185,0.1154,0.2674,0.47,0.4353,-0.0182,11.0,181.4,1.89,52126.0,0.0,0.2225,0.0689,-0.0024,-0.0814,0.4628,-0.0119,1.01
1704,4000,0.6181,0.1159,0.267,0.4847,0.4108,-0.0179,9.96,178.73,1.85,53102.0,0.0,0.2175,0.0716,-0.002,-0.0851,0.4558,-0.0133,1.01
1705,4000,0.6143,0.1179,0.2687,0.5088,0.4204,-0.0144,11.26,188.51,1.87,52645.0,0.0,0.2309,0.0755,-0.0024,-0.09,0.4215,-0.0111,1.01
1706,4000,0.6149,0.1173,0.2686,0.4945,0.4104,-0.0155,11.12,209.34,1.88,52388.0,0.0,0.2206,0.0723,-0.0021,-0.0879,0.496,-0.0126,1.01
1707,4000,0.6151,0.1143,0.2712,0.4832,0.4375,-0.0138,10.9,204.94,1.87,52650.0,0.0,0.2191,0.0723,-0.0024,-0.0852,0.5169,-0.0129,1.01
1708,4000,0.6132,0.1148,0.2725,0.475,0.433,-0.015,11.04,179.08,1.88,52391.0,0.0,0.218,0.0705,-0.0018,-0.084,0.4372,-0.0124,1.01
1709,4000,0.613,0.1129,0.2745,0.4972,0.4273,-0.0135,10.99,202.94,1.88,52357.0,0.0,0.221,0.0722,-0.0024,-0.0876,0.4449,-0.0099,1.01
1710,4000,0.6109,0.116,0.2734,0.4761,0.4197,-0.0171,10.88,206.64,1.88,52390.0,0.0,0.2201,0.0682,-0.0018,-0.0826,0.453,-0.011,1.01
1711,4000,0.6058,0.1156,0.2791,0.4975,0.402,-0.015,10.59,185.09,1.87,52460.0,0.0,0.2212,0.0729,-0.0024,-0.087,0.4565,-0.012,1.01
1712,4000,0.5984,0.1187,0.2836,0.4765,0.419,-0.0181,10.7,197.84,1.88,52396.0,0.0,0.221,0.0697,-0.002,-0.084,0.5222,-0.0124,1.01
1713,4000,0.5934,0.1197,0.2876,0.4761,0.4119,-0.0181,10.15,198.69,1.89,52108.0,0.0,0.2113,0.0709,-0.0021,-0.0865,0.442,-0.0115,1.01
1714,4000,0.5911,0.1186,0.2911,0.4889,0.4048,-0.0169,10.3,190.49,1.88,52378.0,0.0,0.2201,0.0716,-0.0024,-0.0847,0.464,-0.0124,1.01
1715,4000,0.5893,0.1209,0.2909,0.4787,0.4426,-0.0162,11.42,181.42,1.88,52305.0,0.0,0.222,0.0704,-0.0022,-0.0847,0.4779,-0.0122,1.01
1716,4000,0.5966,0.1214,0.2829,0.4538,0.4317,-0.0172,10.94,190.69,1.88,52333.0,0.0,0.2158,0.0666,-0.002,-0.0778,0.5303,-0.0122,1.01
1717,4000,0.6017,0.12,0.2792,0.4648,0.4547,-0.0148,10.68,181.85,1.88,52370.0,0.0,0.223,0.0689,-0.0019,-0.0805,0.5211,-0.0098,1.01
1718,4000,0.6075,0.1178,0.2752,0.4573,0.4455,-0.0176,10.3,167.5,1.88,52286.0,0.0,0.2141,0.0684,-0.0026,-0.0791,0.5686,-0.0086,1.01
1719,4000,0.6069,0.1187,0.2749,0.4731,0.4228,-0.0171,10.32,185.44,1.89,52145.0,0.0,0.224,0.0697,-0.0021,-0.082,0.5815,-0.0133,1.01
1720,4000,0.6098,0.1191,0.2715,0.4425,0.4474,-0.0165,10.88,170.02,1.88,52229.0,0.0,0.2131,0.0654,-0.0026,-0.0743,0.4686,-0.0139,1.01
1721,4000,0.6186,0.1173,0.2646,0.4535,0.4364,-0.0196,10.03,171.01,1.87,52445.0,0.0,0.2089,0.0681,-0.0019,-0.0799,0.5503,-0.0133,1.01
1722,4000,0.6217,0.1162,0.2627,0.468,0.4756,-0.0118,12.43,196.99,1.88,52356.0,0.0,0.2314,0.0693,-0.0024,-0.0817,0.5257,-0.0135,1.01
1723,4000,0.6263,0.1148,0.2592,0.4508,0.4492,-0.0163,10.01,161.71,1.9,51872.0,0.0,0.2223,0.0677,-0.0021,-0.0809,0.47,-0.0138,1.01
1724,4000,0.6288,0.1158,0.2557,0.4417,0.4597,-0.0159,11.32,178.88,1.89,52045.0,0.0,0.2218,0.0657,-0.002,-0.0771,0.4895,-0.0128,1.01
1725,4000,0.6318,0.1142,0.2543,0.4429,0.4926,-0.0111,11.72,171.35,1.85,53139.0,0.0,0.2194,0.0666,-0.0021,-0.0779,0.533,-0.0115,1.01
1726,4000,0.6357,0.1148,0.2495,0.4516,0.4405,-0.0179,10.0,164.72,1.89,52149.0,0.0,0.2167,0.0675,-0.0023,-0.0796,0.5523,-0.0138,1.01
1727,4000,0.6372,0.117,0.2458,0.4352,0.4658,-0.0174,11.36,170.07,1.88,52330.0,0.0,0.2157,0.0644,-0.0023,-0.0778,0.5716,-0.011,1.01
1728,4000,0.6349,0.1193,0.2457,0.4426,0.4118,-0.0219,10.78,171.56,1.89,52109.0,0.0,0.2111,0.0656,-0.0021,-0.0788,0.5703,-0.0122,1.01
1729,4000,0.6322,0.1238,0.244,0.4482,0.4815,-0.0152,10.85,176.39,1.88,52393.0,0.0,0.2222,0.0664,-0.0023,-0.078,0.5296,-0.0132,1.01
1730,4000,0.6386,0.1228,0.2386,0.4516,0.4667,-0.0145,11.04,197.94,1.84,53558.0,0.0,0.2213,0.0675,-0.0022,-0.0809,0.5202,-0.0125,1.01
1731,4000,0.6429,0.1188,0.2385,0.461,0.4668,-0.0132,10.73,171.77,1.89,52090.0,0.0,0.2278,0.0677,-0.002,-0.0806,0.5193,-0.0135,1.01
1732,4000,0.6495,0.118,0.2327,0.431,0.4591,-0.0168,10.54,176.49,1.88,52160.0,0.0,0.2199,0.0637,-0.0021,-0.0764,0.5595,-0.0131,1.01
1733,4000,0.6432,0.1217,0.2353,0.444,0.4637,-0.0159,11.36,179.8,1.91,51356.0,0.0,0.2231,0.0661,-0.0024,-0.0776,0.485,-0.0107,1.01
1734,4000,0.6458,0.1206,0.2339,0.4685,0.4572,-0.0135,11.47,205.86,1.96,50280.0,0.0,0.2269,0.0704,-0.0023,-0.0824,0.4782,-0.0117,1.01
1735,4000,0.6484,0.1182,0.2338,0.4593,0.4638,-0.0153,10.95,177.68,1.98,49714.0,0.0,0.2286,0.069,-0.0023,-0.0814,0.5447,-0.0137,1.01
1736,4000,0.6495,0.117,0.2341,0.4457,0.4473,-0.0168,11.33,178.31,1.91,51393.0,0.0,0.2224,0.0665,-0.0019,-0.081,0.4399,-0.0126,1.01
1737,4000,0.6488,0.118,0.2339,0.4242,0.4693,-0.0174,12.48,190.44,1.93,50822.0,0.0,0.2168,0.0636,-0.002,-0.0746,0.5153,-0.0127,1.01
1738,4000,0.6494,0.1206,0.2305,0.4432,0.4608,-0.0165,11.77,184.47,1.94,50620.0,0.0,0.2282,0.067,-0.0023,-0.0804,0.5098,-0.0117,1.01
1739,4000,0.6517,0.1211,0.2278,0.4328,0.4724,-0.0178,10.85,169.52,1.91,51380.0,0.0,0.2259,0.0645,-0.0021,-0.0773,0.4917,-0.0129,1.01
1740,4000,0.6523,0.1221,0.2265,0.4464,0.4754,-0.0144,11.5,171.21,1.95,50350.0,0.0,0.229,0.0668,-0.0019,-0.0795,0.5386,-0.0107,1.01
1741,4000,0.6523,0.1204,0.228,0.4484,0.4464,-0.0171,11.22,193.75,1.94,50565.0,0.0,0.2234,0.0678,-0.0023,-0.082,0.5232,-0.0084,1.01
1742,4000,0.6521,0.1205,0.2281,0.4524,0.4403,-0.0191,11.09,182.6,1.95,50358.0,0.0,0.2245,0.0678,-0.0024,-0.0812,0.4829,-0.0123,1.01
1743,4000,0.65,0.1225,0.2281,0.444,0.4454,-0.0176,10.65,175.25,1.97,50013.0,0.0,0.2215,0.0671,-0.0022,-0.0796,0.4307,-0.0135,1.01
1744,4000,0.6523,0.119,0.2291,0.4746,0.4647,-0.0138,11.57,179.65,1.95,50406.0,0.0,0.2414,0.0724,-0.0022,-0.0869,0.555,-0.0137,1.01
1745,4000,0.6572,0.1167,0.2266,0.4503,0.4653,-0.0161,11.63,177.42,1.97,49952.0,0.0,0.2257,0.0685,-0.0019,-0.0805,0.4842,-0.0133,1.01
1746,4000,0.6588,0.1179,0.224,0.4507,0.4583,-0.0175,10.75,192.75,1.96,50119.0,0.0,0.2234,0.0679,-0.0022,-0.0807,0.6065,-0.0135,1.01
1747,4000,0.6586,0.1206,0.2218,0.4483,0.4522,-0.0165,10.86,197.33,1.97,49814.0,0.0,0.2234,0.0677,-0.0022,-0.0796,0.5142,-0.0106,1.01
1748,4000,0.6548,0.1195,0.2269,0.4722,0.4428,-0.0139,11.44,192.7,1.97,49908.0,0.0,0.2301,0.072,-0.0023,-0.0855,0.4844,-0.0123,1.01
1749,4000,0.6569,0.1182,0.226,0.4358,0.465,-0.0159,11.35,183.78,1.94,50598.0,0.0,0.224,0.0659,-0.002,-0.0789,0.5315,-0.0138,1.01
1750,4000,0.652,0.1186,0.2304,0.4504,0.4475,-0.0187,11.23,178.77,1.96,50130.0,0.0,0.2214,0.0679,-0.0022,-0.0791,0.5772,-0.0114,1.01
1751,4000,0.6477,0.1214,0.2313,0.43,0.4545,-0.0202,10.57,176.08,1.99,49498.0,0.0,0.2179,0.0647,-0.002,-0.0776,0.5241,-0.0113,1.01
1752,4000,0.6516,0.1212,0.2272,0.4236,0.4879,-0.015,11.69,171.04,2.13,46064.0,0.0,0.217,0.0642,-0.0023,-0.0777,0.54,-0.0133,1.01
1753,4000,0.6603,0.1161,0.2236,0.463,0.4723,-0.0131,10.61,177.65,2.06,47648.0,0.0,0.2307,0.0698,-0.002,-0.0835,0.6334,-0.0135,1.02
1754,4000,0.6578,0.1194,0.2228,0.4303,0.4465,-0.0217,10.9,169.19,2.07,47585.0,0.0,0.218,0.0649,-0.0023,-0.0775,0.5036,-0.0114,1.02
1755,4000,0.6603,0.1179,0.2218,0.4548,0.4736,-0.0131,11.87,177.84,2.05,48019.0,0.0,0.2321,0.0685,-0.0024,-0.0816,0.6137,-0.0112,1.02
1756,4000,0.6592,0.1156,0.2252,0.4399,0.4654,-0.0165,11.57,171.74,1.96,50153.0,0.0,0.2253,0.0673,-0.0019,-0.0795,0.5985,-0.0122,1.02
1757,4000,0.6601,0.1141,0.2257,0.4357,0.4937,-0.0151,12.11,170.8,1.95,50423.0,0.0,0.2288,0.0664,-0.0019,-0.078,0.5744,-0.0115,1.02
1758,4000,0.6647,0.1135,0.2218,0.4111,0.5,-0.0147,10.38,161.18,1.98,49696.0,0.0,0.2182,0.0622,-0.002,-0.074,0.5073,-0.0134,1.02
1759,4000,0.6691,0.1148,0.2161,0.4291,0.4881,-0.0153,10.24,146.68,2.01,48973.0,0.0,0.2258,0.0648,-0.0022,-0.0771,0.6107,-0.0128,1.02
1760,4000,0.6687,0.1186,0.2127,0.4189,0.4957,-0.0157,10.73,179.67,1.87,52585.0,0.0,0.219,0.0625,-0.0021,-0.075,0.6184,-0.0125,1.02
1761,4000,0.6699,0.122,0.208,0.4064,0.4784,-0.0178,11.06,170.18,1.86,52968.0,0.0,0.2159,0.0608,-0.0021,-0.0732,0.6134,-0.0135,1.02
1762,4000,0.6708,0.1232,0.206,0.4096,0.4745,-0.0183,10.57,166.79,2.22,44290.0,0.0,0.2154,0.0614,-0.0021,-0.0745,0.5731,-0.0132,1.02
1763,4000,0.6709,0.1239,0.2052,0.4077,0.497,-0.0168,10.47,160.71,2.43,40459.0,0.0,0.2179,0.0598,-0.002,-0.0732,0.5434,-0.0128,1.02
1764,4000,0.6667,0.1268,0.2065,0.4286,0.4645,-0.0166,11.5,178.33,2.63,37371.0,0.0,0.2211,0.0634,-0.0023,-0.0776,0.5508,-0.0137,1.02
1765,4000,0.6677,0.1264,0.206,0.4285,0.4686,-0.0178,10.44,184.48,2.9,33911.0,0.0,0.2191,0.0649,-0.0021,-0.0773,0.5767,-0.0117,1.02
1766,4000,0.6632,0.1303,0.2067,0.4108,0.4853,-0.0164,10.98,172.4,3.15,31212.0,0.0,0.2181,0.0623,-0.0024,-0.0745,0.5372,-0.0089,1.02
