iteration,total,hold_success,dropped,time_out,r_face_alignment,r_hold_bonus,r_dropped_penalty,mean_reward,mean_ep_len,iter_time_s,steps_per_s,invalid_state,r_hold_progress,r_grasp_contact,r_excess_force,r_joint_limits,value_loss,surrogate_loss,action_std
699,4699,0.0,0.0531,0.0352,0.016,0.0,-0.0834,-2.03,22.91,2.83,34738.0,0.0,0.0004,0.002,-0.0,-0.0029,6.5229,0.0539,1.15
700,4699,0.0,0.2338,0.0895,0.0433,0.0,-0.11,-1.79,39.43,1.79,54828.0,0.0,0.0045,0.0081,-0.0,-0.011,2.0439,0.0137,1.15
701,4699,0.0579,0.3568,0.1162,0.0917,0.2103,-0.079,2.84,57.48,1.77,55675.0,0.0,0.0588,0.0133,-0.0001,-0.0174,5.2195,0.01,1.15
702,4699,0.1937,0.4228,0.1186,0.1069,0.2543,-0.0748,2.29,60.24,1.79,54868.0,0.0,0.0696,0.0157,-0.0002,-0.0212,3.4042,0.0035,1.15
703,4699,0.2405,0.4577,0.1102,0.108,0.2282,-0.0824,2.07,67.22,1.79,54861.0,0.0,0.0653,0.0178,-0.0002,-0.025,2.5818,0.0002,1.15
704,4699,0.274,0.4761,0.1004,0.1201,0.2764,-0.0739,1.86,65.9,1.79,54871.0,0.0,0.0767,0.0196,-0.0002,-0.027,2.5936,-0.0015,1.15
705,4699,0.2923,0.4913,0.0952,0.1174,0.261,-0.0782,2.09,69.54,1.82,53959.0,0.0,0.0728,0.0199,-0.0002,-0.0281,2.3721,-0.0046,1.15
706,4699,0.2966,0.51,0.0917,0.1136,0.2252,-0.0865,2.18,75.46,1.8,54720.0,0.0,0.0654,0.0206,-0.0001,-0.0298,2.0146,-0.0069,1.14
707,4699,0.3032,0.5233,0.089,0.1228,0.2503,-0.0799,2.12,62.74,1.79,54975.0,0.0,0.072,0.0227,-0.0001,-0.0331,2.0756,-0.0039,1.14
708,4699,0.3102,0.5357,0.087,0.1178,0.2184,-0.0867,2.29,79.98,1.79,55045.0,0.0,0.064,0.0241,-0.0008,-0.0346,1.7514,-0.0047,1.14
709,4699,0.3139,0.5456,0.0866,0.1225,0.2369,-0.0831,2.08,102.03,1.8,54757.0,0.0,0.068,0.0273,-0.0002,-0.0382,1.3166,-0.0056,1.14
710,4699,0.3158,0.5561,0.0878,0.1257,0.2637,-0.0781,1.97,84.26,1.79,54912.0,0.0,0.0738,0.0285,-0.0002,-0.0397,1.2158,-0.007,1.14
711,4699,0.3231,0.5617,0.0878,0.1305,0.2352,-0.0828,2.87,100.96,1.8,54610.0,0.0,0.0676,0.0317,-0.0002,-0.0449,1.1191,-0.0063,1.13
712,4699,0.3252,0.5705,0.0892,0.1197,0.2221,-0.0828,1.74,103.5,1.78,55330.0,0.0,0.062,0.0352,-0.0002,-0.048,1.019,-0.0071,1.13
713,4699,0.3267,0.5808,0.0887,0.1299,0.2351,-0.0834,1.88,124.14,1.8,54674.0,0.0,0.0686,0.0329,-0.0002,-0.0461,0.9642,-0.007,1.13
714,4699,0.3365,0.5718,0.0922,0.1464,0.2129,-0.0686,1.59,117.93,1.8,54691.0,0.0,0.0642,0.0474,-0.0002,-0.0703,1.0315,-0.007,1.12
715,4699,0.3423,0.5481,0.1101,0.1411,0.1931,-0.0697,1.12,144.47,1.79,55019.0,0.0,0.0571,0.0506,-0.0002,-0.0751,0.9764,-0.0082,1.12
716,4699,0.3377,0.5344,0.1283,0.1358,0.1919,-0.0649,1.2,163.38,1.78,55153.0,0.0,0.0554,0.0521,-0.0002,-0.0761,0.8888,-0.0045,1.12
717,4699,0.3194,0.5276,0.1537,0.131,0.1923,-0.0673,1.16,112.96,1.78,55090.0,0.0,0.0556,0.0474,-0.0002,-0.0718,0.8848,-0.0076,1.11
718,4699,0.3174,0.5219,0.1614,0.1339,0.209,-0.0687,1.35,128.54,1.79,55000.0,0.0,0.0602,0.0419,-0.0002,-0.0651,0.8237,-0.0081,1.11
719,4699,0.3186,0.5165,0.1657,0.136,0.2421,-0.0603,2.03,118.23,1.77,55542.0,0.0,0.0677,0.0439,-0.0001,-0.0644,0.7858,-0.0074,1.11
720,4699,0.3204,0.5093,0.1709,0.1298,0.2259,-0.061,1.04,143.52,1.78,55283.0,0.0,0.0624,0.0448,-0.0001,-0.0661,0.7262,-0.0083,1.11
721,4699,0.3261,0.4921,0.1822,0.1333,0.2395,-0.0573,1.51,161.7,1.79,54971.0,0.0,0.0677,0.0435,-0.0001,-0.0666,0.7435,-0.0087,1.1
722,4699,0.3277,0.4833,0.1894,0.1312,0.2281,-0.0615,1.73,156.41,1.79,54881.0,0.0,0.0645,0.0419,-0.0001,-0.0639,0.6652,-0.0067,1.1
723,4699,0.3315,0.4704,0.1984,0.1268,0.2621,-0.0506,2.15,159.69,1.78,55094.0,0.0,0.0726,0.0439,-0.0001,-0.0634,0.6117,-0.0036,1.1
724,4699,0.3358,0.4576,0.2069,0.1291,0.2701,-0.052,1.85,180.71,1.78,55358.0,0.0,0.0734,0.0421,-0.0001,-0.0631,0.5734,-0.0053,1.09
725,4699,0.3378,0.4451,0.2173,0.1301,0.2599,-0.0498,2.57,161.65,1.78,55288.0,0.0,0.0732,0.0437,-0.0001,-0.0685,0.5326,-0.0083,1.09
726,4699,0.3483,0.432,0.22,0.1286,0.2693,-0.0536,3.57,139.93,1.78,55167.0,0.0,0.0753,0.0382,-0.0001,-0.0638,0.5294,-0.0027,1.09
727,4699,0.3524,0.4215,0.2264,0.1377,0.2739,-0.048,1.81,172.01,1.8,54700.0,0.0,0.0772,0.0434,-0.0001,-0.0734,0.5131,-0.0066,1.08
728,4699,0.3522,0.411,0.2371,0.1235,0.2679,-0.0492,1.99,139.4,1.8,54548.0,0.0,0.0746,0.0412,-0.0001,-0.0684,0.513,-0.0058,1.08
729,4699,0.3496,0.4042,0.2464,0.1149,0.2458,-0.0453,2.85,175.98,1.78,55309.0,0.0,0.0708,0.0459,-0.0001,-0.0761,0.5483,0.0004,1.08
730,4699,0.3475,0.3938,0.259,0.1108,0.234,-0.0476,2.52,168.42,1.79,54888.0,0.0,0.0637,0.0453,-0.0001,-0.0778,0.4436,-0.0091,1.08
731,4699,0.3475,0.3875,0.2653,0.1138,0.2347,-0.0497,-0.18,202.76,1.78,55300.0,0.0,0.066,0.0432,-0.0001,-0.0754,0.4303,-0.0096,1.07
732,4699,0.3486,0.3749,0.2766,0.111,0.2443,-0.0408,1.64,164.96,1.79,54971.0,0.0,0.0667,0.0475,-0.0,-0.0819,0.4946,-0.0072,1.07
733,4699,0.351,0.3625,0.2866,0.1136,0.2455,-0.0451,3.27,152.91,1.78,55189.0,0.0,0.0701,0.0442,-0.0001,-0.0766,0.4454,-0.0037,1.07
734,4699,0.3562,0.3482,0.2956,0.1159,0.261,-0.0446,2.48,150.4,1.8,54763.0,0.0,0.0708,0.0423,-0.0001,-0.0731,0.4246,-0.0082,1.06
735,4699,0.359,0.3436,0.2975,0.1185,0.2695,-0.0445,1.55,139.0,1.79,54780.0,0.0,0.0725,0.0423,-0.0001,-0.0717,0.4339,-0.0045,1.06
736,4699,0.3598,0.3458,0.2944,0.1307,0.2628,-0.0446,1.68,180.2,1.78,55177.0,0.0,0.0758,0.0449,-0.0,-0.0762,0.378,-0.0061,1.06
737,4699,0.3654,0.3385,0.2961,0.1238,0.2774,-0.0412,2.2,138.29,1.8,54741.0,0.0,0.0776,0.0439,-0.0,-0.0736,0.4578,-0.0057,1.06
738,4699,0.374,0.3303,0.2958,0.1245,0.2923,-0.0399,2.7,172.84,1.78,55309.0,0.0,0.0787,0.0438,-0.0001,-0.0715,0.4481,-0.0086,1.05
739,4699,0.3776,0.3225,0.2999,0.1232,0.2763,-0.04,2.56,156.77,1.78,55348.0,0.0,0.0763,0.0455,-0.0001,-0.0719,0.4238,-0.0066,1.05
740,4699,0.3802,0.3205,0.2993,0.1216,0.2867,-0.0483,2.55,152.47,1.78,55198.0,0.0,0.0766,0.0403,-0.0001,-0.0621,0.4022,-0.0048,1.05
741,4699,0.3872,0.3146,0.2983,0.1324,0.2994,-0.0416,2.8,152.09,1.78,55127.0,0.0,0.0847,0.0448,-0.0001,-0.0686,0.4194,-0.0062,1.05
742,4699,0.3925,0.3118,0.2957,0.129,0.3075,-0.0376,3.87,166.01,1.79,54908.0,0.0,0.0843,0.0464,-0.0001,-0.0655,0.3672,-0.0096,1.05
743,4699,0.3941,0.3106,0.2954,0.1163,0.2717,-0.044,2.35,176.25,1.78,55265.0,0.0,0.0744,0.0466,-0.0001,-0.064,0.3924,-0.0065,1.05
744,4699,0.3948,0.3084,0.2968,0.1189,0.2851,-0.0378,2.19,170.7,1.79,54806.0,0.0,0.0766,0.0495,-0.0001,-0.067,0.3952,-0.0059,1.05
745,4699,0.3988,0.302,0.2993,0.125,0.2673,-0.0392,2.28,168.83,1.78,55101.0,0.0,0.0768,0.0526,-0.0001,-0.0708,0.3861,-0.0083,1.04
746,4699,0.3998,0.2974,0.303,0.1204,0.2843,-0.0409,2.33,162.68,1.78,55232.0,0.0,0.0787,0.0485,-0.0001,-0.063,0.3972,-0.0071,1.04
747,4699,0.4006,0.2989,0.3009,0.1192,0.2737,-0.0419,3.01,169.58,1.7,57937.0,0.0,0.0754,0.0497,-0.0002,-0.0653,0.4164,-0.0055,1.04
748,4699,0.4058,0.2939,0.3007,0.1277,0.2976,-0.0367,3.05,156.16,1.8,54634.0,0.0,0.0795,0.0507,-0.0002,-0.0673,0.4656,-0.006,1.04
749,4699,0.4122,0.2914,0.2969,0.1326,0.2908,-0.0383,1.69,181.93,1.79,54933.0,0.0,0.0811,0.051,-0.0002,-0.0671,0.3931,-0.0092,1.04
750,4699,0.4143,0.2857,0.3003,0.1235,0.2919,-0.0348,2.25,173.87,1.68,58469.0,0.0,0.0781,0.0529,-0.0001,-0.0726,0.393,-0.0059,1.03
751,4699,0.4159,0.2788,0.3056,0.127,0.3027,-0.0328,4.05,164.42,1.82,54090.0,0.0,0.0816,0.0513,-0.0002,-0.0704,0.4009,-0.0061,1.03
752,4699,0.416,0.277,0.3073,0.1315,0.2968,-0.0412,3.76,159.59,1.76,55827.0,0.0,0.0814,0.0476,-0.0002,-0.0675,0.3995,-0.0076,1.03
753,4699,0.4181,0.2785,0.3036,0.125,0.2979,-0.0373,2.7,172.18,1.8,54653.0,0.0,0.0806,0.0501,-0.0002,-0.0677,0.3772,-0.0072,1.03
754,4699,0.4159,0.2807,0.3036,0.1232,0.262,-0.0353,2.64,181.41,1.79,55069.0,0.0,0.0723,0.057,-0.0002,-0.075,0.394,-0.0089,1.03
755,4699,0.4145,0.2773,0.3083,0.1227,0.2861,-0.0372,3.52,145.11,1.78,55321.0,0.0,0.0775,0.0508,-0.0002,-0.0713,0.409,-0.0091,1.03
756,4699,0.4109,0.277,0.3121,0.1227,0.2814,-0.0401,3.59,148.22,1.78,55260.0,0.0,0.0747,0.0492,-0.0001,-0.0701,0.418,-0.0089,1.02
757,4699,0.4038,0.281,0.3152,0.1246,0.3015,-0.0358,5.0,159.85,1.79,54873.0,0.0,0.0808,0.0495,-0.0001,-0.0708,0.357,-0.0055,1.02
758,4699,0.4067,0.2746,0.3189,0.121,0.2853,-0.0336,2.65,185.68,1.8,54506.0,0.0,0.0757,0.0531,-0.0002,-0.0761,0.3821,-0.0059,1.02
759,4699,0.4121,0.2705,0.3177,0.1217,0.2936,-0.0382,2.44,173.57,1.78,55115.0,0.0,0.078,0.0488,-0.0001,-0.0688,0.4268,-0.0089,1.02
760,4699,0.4104,0.2715,0.3184,0.1182,0.2588,-0.0367,2.66,171.81,1.79,54913.0,0.0,0.0712,0.0544,-0.0002,-0.0754,0.4375,-0.0088,1.02
761,4699,0.4094,0.2698,0.321,0.1338,0.3017,-0.0339,2.85,173.36,1.79,54886.0,0.0,0.0828,0.0513,-0.0002,-0.074,0.3402,-0.0099,1.01
762,4699,0.4077,0.2656,0.3268,0.1281,0.2844,-0.0329,2.03,171.36,1.8,54706.0,0.0,0.0785,0.054,-0.0002,-0.0794,0.3964,-0.0099,1.01
763,4699,0.406,0.2625,0.3315,0.1257,0.272,-0.0347,3.6,172.15,1.79,54964.0,0.0,0.0737,0.0526,-0.0002,-0.0769,0.3758,-0.0066,1.01
764,4699,0.4023,0.262,0.3357,0.1229,0.2804,-0.033,1.84,184.65,1.78,55313.0,0.0,0.0775,0.0537,-0.0002,-0.0771,0.3709,-0.01,1.01
765,4699,0.4073,0.2573,0.3354,0.1357,0.3019,-0.0353,2.09,177.25,1.8,54625.0,0.0,0.0824,0.05,-0.0002,-0.0696,0.4664,-0.0098,1.01
766,4699,0.4067,0.259,0.3343,0.1398,0.3065,-0.0331,3.3,190.89,1.78,55079.0,0.0,0.0864,0.0499,-0.0001,-0.0759,0.3348,-0.0089,1.01
767,4699,0.4091,0.2541,0.3368,0.1186,0.2946,-0.0333,2.37,159.43,1.78,55092.0,0.0,0.0784,0.0501,-0.0002,-0.0722,0.413,-0.0097,1.01
768,4699,0.4074,0.2563,0.3362,0.1257,0.2881,-0.0331,2.96,191.9,1.7,57921.0,0.0,0.0766,0.0519,-0.0001,-0.0753,0.352,-0.0071,1.01
769,4699,0.4066,0.2526,0.3407,0.1256,0.2782,-0.0328,2.44,182.41,1.8,54736.0,0.0,0.0748,0.0545,-0.0002,-0.0743,0.328,-0.0065,1.01
770,4699,0.4054,0.2497,0.3449,0.128,0.2964,-0.0313,3.66,168.34,1.79,54997.0,0.0,0.0812,0.0501,-0.0001,-0.0745,0.3443,-0.0096,1.0
771,4699,0.4038,0.248,0.3482,0.1316,0.2846,-0.0317,2.43,189.75,1.78,55082.0,0.0,0.0764,0.0547,-0.0002,-0.0788,0.3373,-0.0076,1.0
772,4699,0.4079,0.2431,0.3491,0.1336,0.2998,-0.0278,3.23,190.33,1.8,54655.0,0.0,0.0819,0.0537,-0.0002,-0.0754,0.3845,-0.0086,1.0
773,4699,0.4083,0.2411,0.3506,0.1376,0.3182,-0.0287,3.86,185.54,1.79,55039.0,0.0,0.0875,0.0523,-0.0001,-0.0746,0.3648,-0.0078,1.0
774,4699,0.412,0.2411,0.3469,0.1404,0.2944,-0.0348,3.59,176.68,1.78,55121.0,0.0,0.0825,0.0509,-0.0001,-0.0745,0.4143,-0.0091,1.0
775,4699,0.4159,0.2425,0.3416,0.1237,0.2752,-0.0361,2.38,191.59,1.79,54895.0,0.0,0.0737,0.0523,-0.0001,-0.0757,0.4026,-0.008,1.0
776,4699,0.4146,0.241,0.3445,0.1358,0.302,-0.0327,3.33,182.38,1.79,55065.0,0.0,0.0809,0.0515,-0.0002,-0.0751,0.4186,-0.0056,1.0
777,4699,0.4196,0.2391,0.3414,0.149,0.3259,-0.0269,3.41,198.74,1.78,55180.0,0.0,0.0904,0.0525,-0.0002,-0.0783,0.3692,-0.0066,1.0
778,4699,0.4283,0.2366,0.3353,0.1432,0.3418,-0.0325,4.67,162.76,1.78,55099.0,0.0,0.0923,0.0468,-0.0001,-0.0682,0.3359,-0.0097,0.99
779,4699,0.4384,0.2319,0.33,0.1459,0.3211,-0.0284,4.09,166.42,1.78,55234.0,0.0,0.0854,0.051,-0.0001,-0.0771,0.3921,-0.0055,0.99
780,4699,0.4412,0.2326,0.3264,0.1378,0.2812,-0.0374,2.88,189.2,1.79,54888.0,0.0,0.0759,0.0527,-0.0002,-0.0752,0.401,-0.0063,0.99
781,4699,0.4364,0.2343,0.3295,0.155,0.3125,-0.0343,3.43,144.31,1.78,55175.0,0.0,0.0858,0.0505,-0.0002,-0.0724,0.3902,-0.0086,0.99
782,4699,0.4356,0.2374,0.327,0.1412,0.3079,-0.0333,3.26,166.9,1.8,54590.0,0.0,0.0835,0.0508,-0.0002,-0.0742,0.3563,-0.0104,0.99
783,4699,0.4369,0.2367,0.3265,0.1479,0.3114,-0.0276,3.4,207.35,1.79,54965.0,0.0,0.0851,0.0554,-0.0002,-0.0822,0.4089,-0.0082,0.99
784,4699,0.4346,0.2371,0.3283,0.1393,0.2802,-0.037,3.0,170.93,1.77,55390.0,0.0,0.0788,0.0527,-0.0001,-0.0802,0.3809,-0.0074,0.99
785,4699,0.4351,0.2369,0.328,0.149,0.3259,-0.0272,5.49,163.48,1.8,54749.0,0.0,0.0888,0.0519,-0.0001,-0.0745,0.38,-0.0108,0.99
786,4699,0.4391,0.2346,0.3262,0.144,0.2847,-0.032,3.23,173.89,1.74,56594.0,0.0,0.077,0.0549,-0.0002,-0.0769,0.3556,-0.0075,0.99
787,4699,0.4374,0.2351,0.3275,0.1525,0.2991,-0.0335,2.61,201.28,1.79,54777.0,0.0,0.0872,0.0518,-0.0001,-0.0785,0.4042,-0.01,0.99
788,4699,0.4371,0.2353,0.3276,0.1517,0.3089,-0.0337,4.08,148.27,1.78,55072.0,0.0,0.0853,0.0498,-0.0001,-0.0753,0.3802,-0.007,0.99
789,4699,0.4415,0.2374,0.321,0.1574,0.3069,-0.029,4.45,196.7,1.79,54968.0,0.0,0.0844,0.0543,-0.0001,-0.0827,0.3435,-0.0076,0.99
790,4699,0.4386,0.2396,0.3217,0.1495,0.2912,-0.0365,2.84,193.31,1.79,54895.0,0.0,0.082,0.0512,-0.0001,-0.0738,0.3917,-0.0073,0.99
791,4699,0.4365,0.2397,0.3239,0.1652,0.3247,-0.0322,3.99,170.13,1.79,54975.0,0.0,0.0878,0.05,-0.0001,-0.072,0.371,-0.0106,0.99
792,4699,0.4396,0.2364,0.324,0.1461,0.2691,-0.0347,3.19,184.99,1.76,55992.0,0.0,0.0743,0.0529,-0.0001,-0.079,0.3722,-0.0064,0.99
793,4699,0.4389,0.234,0.327,0.1627,0.3314,-0.0297,4.24,182.62,1.81,54243.0,0.0,0.0909,0.0505,-0.0002,-0.0747,0.3583,-0.0068,0.99
794,4699,0.434,0.2364,0.3296,0.1556,0.2844,-0.0378,4.5,155.83,1.8,54532.0,0.0,0.08,0.0523,-0.0002,-0.0745,0.359,-0.0105,0.98
795,4699,0.429,0.2429,0.328,0.1831,0.2959,-0.0363,3.57,178.08,1.78,55100.0,0.0,0.0861,0.0535,-0.0002,-0.0787,0.4233,-0.0103,0.98
796,4699,0.4335,0.2424,0.324,0.18,0.3255,-0.0299,4.09,174.84,1.78,55371.0,0.0,0.0911,0.0518,-0.0001,-0.0779,0.3859,-0.0092,0.98
797,4699,0.4379,0.243,0.3191,0.1698,0.2974,-0.0392,3.76,166.33,1.79,55041.0,0.0,0.0838,0.0512,-0.0001,-0.0743,0.4031,-0.0079,0.98
798,4699,0.4346,0.2448,0.3206,0.1744,0.3023,-0.0295,4.15,198.22,1.79,55064.0,0.0,0.0827,0.055,-0.0002,-0.079,0.3838,-0.0098,0.98
799,4699,0.4323,0.2423,0.3253,0.1736,0.2941,-0.037,4.42,152.06,1.78,55110.0,0.0,0.0855,0.0539,-0.0001,-0.0789,0.4279,-0.01,0.98
800,4699,0.4319,0.244,0.3241,0.1808,0.3166,-0.0364,3.93,182.16,1.8,54546.0,0.0,0.0887,0.0525,-0.0001,-0.0728,0.4254,-0.0095,0.98
801,4699,0.431,0.2485,0.3205,0.1686,0.2916,-0.0376,2.67,187.55,1.7,57690.0,0.0,0.0828,0.0539,-0.0001,-0.0757,0.4069,-0.0096,0.98
802,4699,0.431,0.2551,0.3139,0.1758,0.3161,-0.0366,5.06,180.29,1.78,55115.0,0.0,0.0896,0.0513,-0.0002,-0.0693,0.4491,-0.0095,0.97
803,4699,0.4391,0.2529,0.3081,0.192,0.3468,-0.0323,5.46,181.24,1.78,55162.0,0.0,0.0999,0.0504,-0.0002,-0.0753,0.4972,-0.0097,0.97
804,4699,0.4497,0.2514,0.2992,0.193,0.3395,-0.037,5.37,181.33,1.78,55175.0,0.0,0.0954,0.0505,-0.0002,-0.0742,0.449,-0.0094,0.97
805,4699,0.4594,0.2498,0.291,0.1798,0.3371,-0.0332,4.52,188.09,1.79,54861.0,0.0,0.094,0.0523,-0.0002,-0.0742,0.4277,-0.0083,0.97
806,4699,0.468,0.25,0.2822,0.1784,0.3372,-0.0385,3.95,165.66,1.8,54572.0,0.0,0.0948,0.0481,-0.0002,-0.0664,0.462,-0.0088,0.97
807,4699,0.4698,0.2545,0.2759,0.1764,0.3379,-0.0368,3.86,163.29,1.79,55038.0,0.0,0.0954,0.0484,-0.0001,-0.0699,0.4931,-0.0087,0.96
808,4699,0.4735,0.2557,0.271,0.1927,0.3511,-0.0345,5.36,170.06,1.79,54790.0,0.0,0.0987,0.0505,-0.0002,-0.0744,0.4883,-0.0081,0.96
809,4699,0.4813,0.2532,0.2657,0.1643,0.3268,-0.041,3.87,151.42,1.79,54929.0,0.0,0.089,0.0477,-0.0002,-0.0659,0.4679,-0.0095,0.96
810,4699,0.4802,0.2556,0.2642,0.1797,0.3423,-0.0341,6.33,178.17,1.79,54895.0,0.0,0.0953,0.0509,-0.0002,-0.0686,0.4996,-0.0101,0.96
811,4699,0.4826,0.2547,0.2626,0.1912,0.3408,-0.0376,4.49,192.38,1.78,55375.0,0.0,0.0985,0.0506,-0.0003,-0.0761,0.4161,-0.0093,0.96
812,4699,0.4857,0.2522,0.262,0.1953,0.3709,-0.0331,5.22,158.76,1.78,55347.0,0.0,0.105,0.0485,-0.0003,-0.0768,0.4049,-0.0104,0.96
813,4699,0.494,0.2468,0.2593,0.184,0.351,-0.032,5.78,140.77,1.79,54789.0,0.0,0.0993,0.0515,-0.0003,-0.0733,0.4274,-0.0104,0.96
814,4699,0.5033,0.2449,0.252,0.1914,0.3859,-0.029,7.02,137.83,1.78,55264.0,0.0,0.1086,0.0485,-0.0003,-0.0725,0.4165,-0.0077,0.96
815,4699,0.5092,0.2421,0.249,0.1825,0.3539,-0.0334,4.37,173.75,1.76,55876.0,0.0,0.1005,0.0516,-0.0003,-0.0716,0.4047,-0.0066,0.96
816,4699,0.5096,0.243,0.2475,0.1883,0.3801,-0.0338,6.19,166.69,1.79,54938.0,0.0,0.1072,0.047,-0.0002,-0.0686,0.4067,-0.0108,0.95
817,4699,0.5137,0.2395,0.2468,0.1961,0.377,-0.0275,5.79,156.62,1.77,55386.0,0.0,0.1063,0.0531,-0.0003,-0.077,0.4118,-0.0099,0.95
818,4699,0.5154,0.2419,0.2429,0.1854,0.3715,-0.0347,5.91,161.49,1.79,54950.0,0.0,0.1064,0.0487,-0.0003,-0.0674,0.4452,-0.0098,0.95
819,4699,0.5143,0.2439,0.242,0.1782,0.3298,-0.0402,4.8,151.71,1.78,55149.0,0.0,0.0944,0.0489,-0.0002,-0.073,0.5096,-0.0108,0.95
820,4699,0.5077,0.2531,0.2394,0.1785,0.324,-0.0414,4.36,172.41,1.79,54944.0,0.0,0.092,0.0476,-0.0001,-0.0738,0.4409,-0.0103,0.95
821,4699,0.5056,0.2539,0.2407,0.1928,0.3674,-0.0326,5.24,155.96,1.78,55376.0,0.0,0.1017,0.0483,-0.0002,-0.076,0.4747,-0.0103,0.95
822,4699,0.5058,0.2549,0.2396,0.1802,0.347,-0.0391,5.04,170.01,1.78,55218.0,0.0,0.1024,0.0454,-0.0002,-0.0697,0.3862,-0.0103,0.94
823,4699,0.5084,0.2558,0.2361,0.1903,0.3742,-0.0365,5.58,146.56,1.79,54820.0,0.0,0.1063,0.0459,-0.0002,-0.0721,0.4795,-0.0085,0.94
824,4699,0.5125,0.2574,0.2304,0.1994,0.3824,-0.0299,5.86,170.37,1.78,55104.0,0.0,0.1089,0.0489,-0.0002,-0.0727,0.4316,-0.0104,0.94
825,4699,0.5149,0.2522,0.2334,0.1889,0.3403,-0.0371,6.07,180.18,1.79,55033.0,0.0,0.094,0.0491,-0.0002,-0.0774,0.4052,-0.0103,0.94
826,4699,0.5107,0.2516,0.2382,0.2062,0.3527,-0.0396,5.38,146.11,1.76,55864.0,0.0,0.1051,0.0484,-0.0003,-0.0762,0.4582,-0.0103,0.94
827,4699,0.5035,0.2559,0.2411,0.1986,0.335,-0.0366,4.98,185.29,1.78,55239.0,0.0,0.0999,0.05,-0.0002,-0.0759,0.4074,-0.0102,0.94
828,4699,0.5036,0.2575,0.2394,0.2058,0.3567,-0.0388,6.27,187.89,1.79,54968.0,0.0,0.1039,0.0471,-0.0003,-0.0754,0.4973,-0.0103,0.94
829,4699,0.5056,0.2618,0.2331,0.2045,0.3575,-0.035,4.79,164.48,1.78,55189.0,0.0,0.1055,0.0483,-0.0004,-0.0758,0.4568,-0.0095,0.94
830,4699,0.5058,0.2615,0.2332,0.1912,0.3432,-0.0406,5.57,172.17,1.77,55393.0,0.0,0.099,0.048,-0.0003,-0.072,0.4488,-0.0105,0.94
831,4699,0.5071,0.2587,0.2346,0.2049,0.3639,-0.0392,4.87,144.75,1.78,55200.0,0.0,0.1057,0.0465,-0.0003,-0.0719,0.4749,-0.0094,0.94
832,4699,0.5074,0.2654,0.2277,0.1996,0.3375,-0.0388,4.09,181.66,1.78,55210.0,0.0,0.0991,0.0489,-0.0005,-0.0719,0.4282,-0.0104,0.94
833,4699,0.5025,0.2698,0.2283,0.206,0.3671,-0.0373,6.37,148.57,1.79,54836.0,0.0,0.1047,0.0454,-0.0003,-0.0716,0.4106,-0.0099,0.94
834,4699,0.5121,0.2668,0.2216,0.1989,0.3593,-0.0355,5.33,152.03,1.8,54735.0,0.0,0.1022,0.0492,-0.0004,-0.0696,0.4522,-0.0086,0.94
835,4699,0.5133,0.267,0.2201,0.2088,0.338,-0.0393,6.88,153.3,1.81,54421.0,0.0,0.102,0.0479,-0.0003,-0.0726,0.4355,-0.0107,0.94
836,4699,0.5099,0.2681,0.2225,0.2172,0.3664,-0.0351,6.05,154.28,1.8,54720.0,0.0,0.1106,0.049,-0.0003,-0.0765,0.3991,-0.0107,0.93
837,4699,0.5141,0.264,0.2221,0.2229,0.3796,-0.0345,4.3,161.19,1.78,55110.0,0.0,0.1114,0.0475,-0.0003,-0.0737,0.4312,-0.0098,0.93
838,4699,0.5129,0.2658,0.2214,0.2101,0.3412,-0.0387,5.82,149.23,1.79,54831.0,0.0,0.1009,0.0506,-0.0004,-0.0746,0.4345,-0.0113,0.93
839,4699,0.5146,0.2701,0.2153,0.2214,0.3909,-0.0346,6.69,147.06,1.8,54644.0,0.0,0.1135,0.0459,-0.0004,-0.0726,0.4067,-0.0099,0.93
840,4699,0.5242,0.2616,0.2143,0.2361,0.3707,-0.0352,6.09,144.94,1.78,55378.0,0.0,0.1126,0.0481,-0.0004,-0.0794,0.4703,-0.0105,0.93
841,4699,0.5222,0.2642,0.2136,0.2061,0.3378,-0.041,5.27,150.69,1.8,54630.0,0.0,0.1036,0.0504,-0.0004,-0.0718,0.407,-0.0108,0.93
842,4699,0.5166,0.2693,0.2141,0.213,0.3572,-0.0399,5.08,172.73,1.79,54921.0,0.0,0.1053,0.0484,-0.0004,-0.074,0.3834,-0.0092,0.93
843,4699,0.5152,0.2716,0.2132,0.2279,0.3808,-0.0328,7.17,161.62,1.79,55040.0,0.0,0.1143,0.0497,-0.0003,-0.0759,0.492,-0.01,0.93
844,4699,0.5159,0.2696,0.2148,0.2133,0.3585,-0.0379,6.81,172.0,1.8,54608.0,0.0,0.1067,0.048,-0.0003,-0.0704,0.3878,-0.0093,0.92
845,4699,0.5211,0.2654,0.2138,0.214,0.3769,-0.0355,6.68,153.5,1.8,54669.0,0.0,0.1103,0.0479,-0.0003,-0.0713,0.3994,-0.0098,0.93
846,4699,0.5238,0.2643,0.2119,0.2101,0.3532,-0.038,5.77,158.19,1.78,55100.0,0.0,0.1058,0.0494,-0.0005,-0.0722,0.4105,-0.0105,0.93
847,4699,0.5213,0.266,0.2127,0.2059,0.3563,-0.0409,5.1,162.41,1.8,54757.0,0.0,0.1053,0.048,-0.0004,-0.0709,0.4465,-0.0109,0.92
848,4699,0.5256,0.2668,0.2075,0.2115,0.3683,-0.0397,5.77,141.4,1.81,54410.0,0.0,0.1082,0.0474,-0.0003,-0.0704,0.4372,-0.0111,0.92
849,4699,0.5234,0.2727,0.2039,0.2186,0.3702,-0.0389,5.52,154.8,1.69,58205.0,0.0,0.1091,0.0479,-0.0003,-0.0729,0.4136,-0.0102,0.92
850,4699,0.526,0.2755,0.1985,0.2153,0.3599,-0.0398,5.87,157.26,1.74,56490.0,0.0,0.107,0.0489,-0.0003,-0.0709,0.4468,-0.0095,0.92
851,4699,0.526,0.2779,0.196,0.2067,0.3914,-0.0389,6.24,148.87,1.74,56498.0,0.0,0.11,0.0444,-0.0003,-0.066,0.504,-0.0106,0.92
852,4699,0.5254,0.2844,0.1902,0.206,0.3604,-0.0436,5.59,150.89,1.79,54783.0,0.0,0.1068,0.0474,-0.0003,-0.0685,0.5013,-0.0104,0.92
853,4699,0.5293,0.2862,0.1846,0.2226,0.3975,-0.0374,5.72,135.14,1.79,54828.0,0.0,0.1144,0.0446,-0.0003,-0.0697,0.4217,-0.0103,0.92
854,4699,0.5315,0.2876,0.1811,0.2174,0.3813,-0.0417,6.16,143.85,1.79,54795.0,0.0,0.1125,0.0454,-0.0003,-0.0664,0.4428,-0.0096,0.92
855,4699,0.5318,0.292,0.1765,0.2132,0.3698,-0.0449,5.45,172.18,1.79,54972.0,0.0,0.1087,0.0449,-0.0003,-0.0698,0.4188,-0.0091,0.92
856,4699,0.5296,0.2948,0.1759,0.2256,0.3898,-0.037,5.53,149.54,1.8,54588.0,0.0,0.1158,0.0483,-0.0004,-0.0699,0.4496,-0.0099,0.92
857,4699,0.534,0.2953,0.1709,0.2293,0.3925,-0.0388,6.7,133.52,1.81,54434.0,0.0,0.1145,0.044,-0.0003,-0.068,0.451,-0.0098,0.91
858,4699,0.5413,0.2914,0.1676,0.2332,0.3895,-0.038,5.02,137.99,1.79,54804.0,0.0,0.1171,0.0465,-0.0004,-0.0714,0.4228,-0.0101,0.91
859,4699,0.5412,0.2928,0.1662,0.2253,0.3749,-0.0403,5.8,141.44,1.81,54456.0,0.0,0.1147,0.048,-0.0005,-0.0721,0.4925,-0.0037,0.91
860,4699,0.5453,0.2901,0.1648,0.2323,0.3945,-0.0385,7.38,133.76,1.81,54428.0,0.0,0.1178,0.044,-0.0003,-0.0698,0.4286,-0.0062,0.91
861,4699,0.5514,0.2838,0.165,0.2504,0.3986,-0.0371,7.83,154.85,1.78,55338.0,0.0,0.1245,0.0465,-0.0003,-0.0746,0.4198,-0.0099,0.91
862,4699,0.5635,0.2744,0.1624,0.2393,0.4115,-0.037,6.17,129.32,1.81,54326.0,0.0,0.1226,0.0463,-0.0003,-0.0702,0.4153,-0.0092,0.91
863,4699,0.57,0.2686,0.1619,0.251,0.3995,-0.0354,7.17,153.02,1.8,54720.0,0.0,0.1246,0.0469,-0.0002,-0.0754,0.4569,-0.01,0.91
864,4699,0.5744,0.2668,0.1593,0.2563,0.4117,-0.0337,6.34,149.5,1.81,54347.0,0.0,0.1264,0.0454,-0.0002,-0.0761,0.4586,-0.0101,0.91
865,4699,0.5776,0.2658,0.1572,0.2528,0.3901,-0.0369,6.49,159.65,1.75,56157.0,0.0,0.1207,0.0466,-0.0002,-0.0753,0.372,-0.0101,0.9
866,4699,0.5738,0.2678,0.1589,0.2439,0.3869,-0.0386,6.43,152.4,1.81,54433.0,0.0,0.1183,0.0476,-0.0003,-0.0723,0.3964,-0.0116,0.91
867,4699,0.5745,0.2687,0.1571,0.2467,0.4063,-0.0365,6.65,150.76,1.82,53946.0,0.0,0.1213,0.0456,-0.0002,-0.0709,0.4488,-0.0104,0.9
868,4699,0.5749,0.271,0.1543,0.2448,0.3727,-0.0397,6.86,171.04,1.79,54912.0,0.0,0.1175,0.0474,-0.0003,-0.0753,0.4759,-0.0094,0.9
869,4699,0.5757,0.2692,0.1553,0.2488,0.3941,-0.0392,6.11,170.82,1.8,54595.0,0.0,0.1247,0.0449,-0.0003,-0.0727,0.432,-0.0098,0.9
870,4699,0.5766,0.2672,0.1565,0.2619,0.4299,-0.0331,7.1,151.25,1.82,54143.0,0.0,0.1336,0.0466,-0.0002,-0.0729,0.4311,-0.011,0.9
871,4699,0.578,0.2638,0.1585,0.2566,0.3935,-0.0347,7.37,156.98,1.77,55497.0,0.0,0.1227,0.0483,-0.0002,-0.0748,0.4623,-0.0107,0.9
872,4699,0.5736,0.2631,0.1636,0.2539,0.3679,-0.0395,6.43,158.77,1.83,53840.0,0.0,0.117,0.0482,-0.0002,-0.0763,0.4154,-0.0111,0.9
873,4699,0.5693,0.2665,0.1644,0.2484,0.3868,-0.0406,5.94,154.69,1.81,54220.0,0.0,0.1244,0.0457,-0.0002,-0.0716,0.4204,-0.0091,0.9
874,4699,0.5692,0.2677,0.1635,0.2661,0.4077,-0.0368,8.12,155.23,1.8,54621.0,0.0,0.1268,0.0455,-0.0002,-0.0737,0.4046,-0.011,0.9
875,4699,0.5674,0.2698,0.1636,0.2541,0.414,-0.0374,8.23,158.38,1.77,55419.0,0.0,0.1241,0.0434,-0.0002,-0.0704,0.5243,-0.0114,0.9
876,4699,0.5733,0.2648,0.1625,0.2484,0.3926,-0.0362,6.65,172.52,1.81,54458.0,0.0,0.1182,0.0486,-0.0003,-0.0717,0.4675,-0.0103,0.9
877,4699,0.5717,0.2644,0.1644,0.2633,0.394,-0.0367,8.15,166.65,1.81,54195.0,0.0,0.1243,0.0488,-0.0003,-0.072,0.4977,-0.0101,0.9
878,4699,0.5728,0.2635,0.1643,0.2499,0.3735,-0.0398,6.52,172.17,1.8,54493.0,0.0,0.1193,0.0491,-0.0003,-0.0713,0.4942,-0.011,0.89
879,4699,0.5706,0.2674,0.1625,0.2539,0.403,-0.039,6.64,141.41,1.79,54864.0,0.0,0.1256,0.0436,-0.0002,-0.0676,0.5669,-0.0098,0.89
880,4699,0.5702,0.272,0.1583,0.2379,0.3882,-0.0432,6.38,130.72,1.81,54303.0,0.0,0.1199,0.0427,-0.0002,-0.0662,0.5675,-0.0118,0.89
881,4699,0.5634,0.2802,0.1568,0.2416,0.3792,-0.0423,6.16,144.74,1.79,54774.0,0.0,0.1173,0.0421,-0.0003,-0.0666,0.5782,-0.0108,0.89
882,4699,0.5622,0.2815,0.1568,0.2547,0.3769,-0.0418,6.25,137.25,1.81,54454.0,0.0,0.1224,0.0449,-0.0002,-0.0722,0.5172,-0.0099,0.89
883,4699,0.5621,0.2786,0.1598,0.2727,0.3922,-0.0347,6.22,151.95,1.8,54546.0,0.0,0.1221,0.0478,-0.0003,-0.0762,0.5084,-0.0118,0.89
884,4699,0.5587,0.2802,0.1619,0.2342,0.369,-0.0446,6.74,147.56,1.8,54713.0,0.0,0.1109,0.0433,-0.0002,-0.0636,0.4723,-0.0117,0.89
885,4699,0.5559,0.282,0.1628,0.2443,0.3766,-0.0415,6.8,172.04,1.8,54675.0,0.0,0.1192,0.0451,-0.0003,-0.0682,0.4972,-0.0121,0.89
886,4699,0.5545,0.2811,0.1651,0.2622,0.4037,-0.0352,9.1,166.99,1.8,54651.0,0.0,0.1269,0.0437,-0.0002,-0.0708,0.4943,-0.0108,0.89
887,4699,0.558,0.2753,0.1674,0.2629,0.3856,-0.0366,6.79,162.21,1.8,54653.0,0.0,0.121,0.0453,-0.0002,-0.0723,0.4079,-0.0117,0.89
888,4699,0.561,0.27,0.1698,0.2664,0.4007,-0.0343,7.21,151.45,1.77,55421.0,0.0,0.1307,0.0442,-0.0002,-0.0717,0.4832,-0.0106,0.89
889,4699,0.5617,0.2676,0.1714,0.2749,0.4074,-0.0335,8.21,144.17,1.81,54201.0,0.0,0.1332,0.0458,-0.0002,-0.0741,0.4336,-0.011,0.89
890,4699,0.5696,0.262,0.1689,0.2817,0.4137,-0.035,6.01,153.74,1.78,55266.0,0.0,0.1348,0.0435,-0.0002,-0.0766,0.4525,-0.0121,0.89
891,4699,0.5732,0.2597,0.1677,0.2733,0.4139,-0.0334,6.81,152.82,1.81,54183.0,0.0,0.1257,0.0442,-0.0003,-0.0735,0.502,-0.0118,0.89
892,4699,0.5773,0.2586,0.1647,0.2764,0.3975,-0.0379,7.09,165.24,1.79,54784.0,0.0,0.1334,0.0453,-0.0003,-0.0755,0.529,-0.0113,0.89
893,4699,0.5733,0.2617,0.1658,0.2675,0.3675,-0.0414,6.65,150.49,1.81,54267.0,0.0,0.1186,0.0448,-0.0002,-0.0755,0.4932,-0.0108,0.89
894,4699,0.5677,0.2679,0.1652,0.2756,0.4086,-0.0333,6.73,158.45,1.8,54759.0,0.0,0.1277,0.0464,-0.0002,-0.0761,0.5126,-0.012,0.89
895,4699,0.5681,0.2643,0.1685,0.2743,0.3873,-0.0382,7.12,147.34,1.8,54691.0,0.0,0.1277,0.0451,-0.0002,-0.0756,0.5144,-0.0103,0.89
896,4699,0.5645,0.2696,0.167,0.2636,0.3908,-0.039,7.33,140.45,1.81,54370.0,0.0,0.128,0.0439,-0.0003,-0.0718,0.4681,-0.0118,0.89
897,4699,0.5602,0.2747,0.1661,0.2536,0.3955,-0.0371,7.54,146.09,1.81,54280.0,0.0,0.122,0.0445,-0.0004,-0.0718,0.5239,-0.0115,0.89
898,4699,0.5579,0.2767,0.1662,0.2616,0.3859,-0.0375,6.45,152.88,1.8,54586.0,0.0,0.1232,0.0449,-0.0003,-0.0739,0.4496,-0.0121,0.89
899,4699,0.5657,0.2738,0.1611,0.2677,0.4104,-0.0362,7.14,145.79,1.8,54479.0,0.0,0.1315,0.0438,-0.0003,-0.0753,0.4883,-0.0116,0.89
900,4699,0.569,0.2732,0.1583,0.276,0.4172,-0.0346,7.88,160.96,1.8,54521.0,0.0,0.1354,0.0456,-0.0003,-0.0772,0.5055,-0.0098,0.89
901,4699,0.571,0.2714,0.1581,0.2663,0.385,-0.0392,6.91,165.37,1.79,55025.0,0.0,0.1264,0.045,-0.0003,-0.0737,0.4457,-0.0072,0.89
902,4699,0.5665,0.271,0.163,0.2564,0.4071,-0.0358,7.0,137.85,1.81,54338.0,0.0,0.1228,0.044,-0.0003,-0.0701,0.502,-0.0111,0.89
903,4699,0.5675,0.2755,0.1576,0.2705,0.3819,-0.0389,5.85,148.65,1.81,54297.0,0.0,0.1262,0.0462,-0.0003,-0.0757,0.4535,-0.0108,0.89
904,4699,0.5644,0.2771,0.1592,0.2633,0.3867,-0.0374,7.25,152.65,1.82,54140.0,0.0,0.1264,0.0467,-0.0003,-0.0728,0.4682,-0.01,0.89
905,4699,0.5616,0.2769,0.1622,0.2688,0.378,-0.0403,7.11,152.68,1.79,54885.0,0.0,0.1186,0.0453,-0.0004,-0.0741,0.4649,-0.0116,0.89
906,4699,0.5645,0.2735,0.1628,0.2773,0.3997,-0.0343,6.47,157.64,1.79,54803.0,0.0,0.129,0.0478,-0.0004,-0.0789,0.4343,-0.0099,0.89
907,4699,0.559,0.2751,0.1667,0.2822,0.3962,-0.036,7.93,174.14,1.81,54175.0,0.0,0.1352,0.0483,-0.0003,-0.0752,0.4669,-0.0118,0.89
908,4699,0.5592,0.2716,0.17,0.291,0.3813,-0.0362,7.41,163.74,1.81,54170.0,0.0,0.1281,0.0483,-0.0004,-0.0776,0.5169,-0.0107,0.89
909,4699,0.5571,0.2719,0.1717,0.2772,0.4008,-0.0373,6.8,164.54,1.8,54676.0,0.0,0.1293,0.0456,-0.0003,-0.0731,0.5022,-0.0096,0.88
910,4699,0.5581,0.2707,0.1719,0.277,0.3921,-0.0381,8.76,163.38,1.81,54316.0,0.0,0.1276,0.0453,-0.0003,-0.0742,0.4408,-0.0116,0.88
911,4699,0.5568,0.2706,0.1732,0.2804,0.4111,-0.035,8.22,145.82,1.8,54654.0,0.0,0.1328,0.0469,-0.0003,-0.0752,0.4553,-0.011,0.88
912,4699,0.5581,0.2714,0.1713,0.2662,0.353,-0.0439,7.27,166.04,1.81,54374.0,0.0,0.1171,0.0472,-0.0005,-0.0738,0.41,-0.0109,0.88
913,4699,0.558,0.2684,0.1746,0.322,0.4075,-0.0318,9.02,158.54,1.81,54289.0,0.0,0.1464,0.0478,-0.0002,-0.0832,0.454,-0.011,0.88
914,4699,0.5619,0.2622,0.1768,0.2908,0.4128,-0.0311,6.71,157.84,1.81,54270.0,0.0,0.136,0.0475,-0.0003,-0.0797,0.4757,-0.0107,0.88
915,4699,0.5595,0.2609,0.1803,0.3117,0.3869,-0.0347,7.66,159.95,1.8,54601.0,0.0,0.1318,0.0498,-0.0004,-0.0845,0.3925,-0.0121,0.88
916,4699,0.5677,0.2533,0.1795,0.301,0.4263,-0.0289,6.96,168.99,1.81,54229.0,0.0,0.1372,0.0485,-0.0003,-0.0787,0.4092,-0.0111,0.88
917,4699,0.5758,0.2474,0.1776,0.3022,0.4075,-0.0347,8.01,165.35,1.82,54144.0,0.0,0.1363,0.046,-0.0002,-0.0765,0.4627,-0.0119,0.88
918,4699,0.5798,0.2453,0.1754,0.278,0.4126,-0.0353,8.83,151.77,1.81,54304.0,0.0,0.1316,0.0437,-0.0003,-0.07,0.491,-0.0122,0.87
919,4699,0.5834,0.246,0.1708,0.2998,0.3871,-0.0372,6.34,152.37,1.81,54224.0,0.0,0.125,0.047,-0.0003,-0.0759,0.5352,-0.0107,0.87
920,4699,0.5827,0.2478,0.1697,0.2992,0.4179,-0.0345,7.86,148.87,1.83,53839.0,0.0,0.1347,0.047,-0.0004,-0.0756,0.4955,-0.0091,0.87
921,4699,0.5846,0.2452,0.1707,0.3024,0.4131,-0.0314,7.58,161.61,1.81,54356.0,0.0,0.13,0.0489,-0.0002,-0.0783,0.5136,-0.0114,0.87
922,4699,0.5884,0.2424,0.1697,0.2956,0.4209,-0.0312,7.26,163.88,1.81,54325.0,0.0,0.1365,0.0471,-0.0003,-0.0762,0.5715,-0.0105,0.87
923,4699,0.5866,0.2461,0.1677,0.2898,0.4103,-0.039,8.1,157.48,1.81,54195.0,0.0,0.1328,0.0449,-0.0003,-0.0745,0.5155,-0.009,0.87
924,4699,0.5853,0.2472,0.168,0.2825,0.407,-0.0347,6.63,138.9,1.8,54721.0,0.0,0.128,0.0484,-0.0003,-0.0769,0.5399,-0.0103,0.87
925,4699,0.5864,0.2448,0.169,0.2916,0.4242,-0.0338,7.61,126.17,1.81,54385.0,0.0,0.1369,0.045,-0.0003,-0.0728,0.479,-0.0093,0.87
926,4699,0.591,0.2397,0.1696,0.293,0.4301,-0.0293,7.83,149.56,1.81,54326.0,0.0,0.138,0.0489,-0.0003,-0.0771,0.4838,-0.0103,0.87
927,4699,0.5949,0.237,0.1685,0.2693,0.412,-0.0361,8.04,155.63,1.81,54273.0,0.0,0.1306,0.0455,-0.0003,-0.0759,0.4177,-0.0107,0.87
928,4699,0.594,0.236,0.1705,0.289,0.4053,-0.0311,7.81,152.25,1.81,54348.0,0.0,0.1326,0.0484,-0.0003,-0.0793,0.4538,-0.0106,0.87
929,4699,0.5961,0.2353,0.1691,0.2839,0.4156,-0.0353,7.21,158.51,1.8,54671.0,0.0,0.1379,0.046,-0.0002,-0.0766,0.4768,-0.0111,0.87
930,4699,0.5979,0.2346,0.1679,0.2813,0.4127,-0.0324,6.76,167.55,1.81,54433.0,0.0,0.1318,0.0473,-0.0003,-0.0775,0.4811,-0.0097,0.87
931,4699,0.5945,0.2339,0.1723,0.285,0.4141,-0.0304,6.32,164.54,1.81,54204.0,0.0,0.1291,0.048,-0.0002,-0.0806,0.4655,-0.0108,0.86
932,4699,0.5907,0.2334,0.1765,0.2961,0.4158,-0.03,7.34,165.4,1.78,55215.0,0.0,0.1386,0.0504,-0.0003,-0.081,0.4854,-0.0121,0.86
933,4699,0.5889,0.2309,0.1806,0.3053,0.4116,-0.0297,8.39,158.16,1.81,54297.0,0.0,0.1403,0.0485,-0.0002,-0.0817,0.5083,-0.0104,0.86
934,4699,0.5899,0.2315,0.179,0.3095,0.4245,-0.0284,9.25,169.23,1.82,54105.0,0.0,0.1387,0.05,-0.0002,-0.0836,0.4731,-0.0108,0.86
935,4699,0.5947,0.2298,0.1761,0.2942,0.4206,-0.0313,8.09,153.06,1.82,53944.0,0.0,0.1385,0.0483,-0.0004,-0.0789,0.5284,-0.01,0.86
936,4699,0.5911,0.2306,0.1791,0.2968,0.3791,-0.0337,8.06,155.87,1.79,54818.0,0.0,0.1251,0.052,-0.0002,-0.0844,0.5013,-0.0111,0.86
937,4699,0.5892,0.2297,0.1815,0.3121,0.3937,-0.0291,7.18,175.04,1.82,54103.0,0.0,0.1336,0.0532,-0.0004,-0.0874,0.5328,-0.0124,0.86
938,4699,0.5849,0.2285,0.187,0.3147,0.3966,-0.0323,8.18,161.02,1.8,54463.0,0.0,0.1353,0.0511,-0.0002,-0.0869,0.561,-0.0114,0.86
939,4699,0.5808,0.229,0.1905,0.3024,0.4052,-0.0305,8.2,149.03,1.8,54464.0,0.0,0.1366,0.0514,-0.0003,-0.0859,0.4243,-0.0117,0.86
940,4699,0.58,0.2272,0.193,0.3031,0.4156,-0.0277,7.92,136.58,1.76,55865.0,0.0,0.1331,0.0507,-0.0002,-0.082,0.4466,-0.0112,0.86
941,4699,0.5852,0.2214,0.1936,0.3133,0.4367,-0.0253,8.82,173.02,1.81,54165.0,0.0,0.1428,0.0527,-0.0002,-0.0857,0.409,-0.0118,0.86
942,4699,0.594,0.2129,0.1934,0.2986,0.4198,-0.0292,6.98,160.02,1.82,54030.0,0.0,0.132,0.0508,-0.0002,-0.0786,0.5043,-0.0113,0.86
943,4699,0.5944,0.2132,0.1928,0.3071,0.4133,-0.0308,7.94,161.47,1.82,54034.0,0.0,0.1377,0.0494,-0.0002,-0.0807,0.5531,-0.0109,0.86
944,4699,0.596,0.2108,0.1936,0.3129,0.4365,-0.0269,7.4,164.78,1.82,53934.0,0.0,0.1416,0.0511,-0.0002,-0.0828,0.4703,-0.0109,0.86
945,4699,0.5957,0.2125,0.1922,0.2994,0.4215,-0.0307,7.8,161.19,1.82,54065.0,0.0,0.1365,0.0491,-0.0003,-0.0777,0.4001,-0.0115,0.86
946,4699,0.5992,0.2106,0.1907,0.3091,0.409,-0.028,7.52,163.54,1.82,54118.0,0.0,0.1318,0.0512,-0.0003,-0.0826,0.5288,-0.0118,0.86
947,4699,0.5966,0.2097,0.1939,0.3154,0.3983,-0.0285,7.14,155.37,1.82,54066.0,0.0,0.1342,0.0538,-0.0004,-0.0831,0.4975,-0.0118,0.86
948,4699,0.592,0.2122,0.196,0.3183,0.4034,-0.0295,8.22,169.47,1.8,54472.0,0.0,0.1376,0.054,-0.0002,-0.0864,0.3925,-0.0116,0.85
949,4699,0.5935,0.2065,0.2002,0.332,0.4293,-0.0211,9.28,177.92,1.82,53926.0,0.0,0.1399,0.0556,-0.0003,-0.0882,0.3861,-0.0112,0.85
950,4699,0.6002,0.1967,0.2034,0.3302,0.4186,-0.0269,7.0,155.74,1.82,53903.0,0.0,0.1441,0.0542,-0.0003,-0.0852,0.4265,-0.0099,0.85
951,4699,0.5994,0.1956,0.2052,0.3281,0.3872,-0.0309,6.33,155.45,1.73,56986.0,0.0,0.135,0.0536,-0.0002,-0.0879,0.4517,-0.0112,0.85
952,4699,0.5989,0.1962,0.2049,0.3111,0.4108,-0.0296,8.28,161.88,1.81,54453.0,0.0,0.1364,0.0519,-0.0002,-0.0791,0.4842,-0.0105,0.85
953,4699,0.5928,0.2009,0.2065,0.3304,0.3844,-0.0271,7.95,185.53,1.81,54217.0,0.0,0.1325,0.0563,-0.0003,-0.0886,0.4342,-0.0116,0.85
954,4699,0.5913,0.195,0.2139,0.3346,0.4157,-0.0253,7.64,172.99,1.82,53982.0,0.0,0.1408,0.0534,-0.0002,-0.0865,0.4404,-0.0114,0.85
955,4699,0.5925,0.1968,0.2112,0.3331,0.4193,-0.0261,8.56,161.79,1.81,54377.0,0.0,0.1436,0.0537,-0.0002,-0.0885,0.4405,-0.0115,0.85
956,4699,0.5963,0.1938,0.2105,0.3274,0.4318,-0.0244,8.33,176.5,1.81,54411.0,0.0,0.1393,0.0535,-0.0003,-0.0832,0.4205,-0.012,0.85
957,4699,0.5971,0.1939,0.2095,0.3315,0.418,-0.0275,8.75,172.2,1.82,53897.0,0.0,0.1388,0.0527,-0.0002,-0.0839,0.3868,-0.0115,0.85
958,4699,0.5995,0.1906,0.2104,0.3323,0.4106,-0.0269,6.97,181.28,1.81,54402.0,0.0,0.1394,0.0547,-0.0003,-0.0861,0.4375,-0.0116,0.85
959,4699,0.6003,0.1894,0.2104,0.3394,0.4213,-0.0234,7.69,191.72,1.81,54199.0,0.0,0.1465,0.0547,-0.0002,-0.0898,0.4147,-0.0108,0.85
960,4699,0.5998,0.1826,0.2176,0.3446,0.4181,-0.0228,9.55,171.2,1.81,54276.0,0.0,0.1489,0.0546,-0.0003,-0.0883,0.4496,-0.0111,0.85
961,4699,0.6014,0.1807,0.218,0.3299,0.4109,-0.0266,8.43,174.95,1.82,54138.0,0.0,0.1414,0.0543,-0.0003,-0.0827,0.4542,-0.0114,0.85
962,4699,0.6018,0.1826,0.2159,0.3337,0.4127,-0.0265,8.69,191.33,1.82,54110.0,0.0,0.139,0.0558,-0.0003,-0.0858,0.4395,-0.0088,0.85
963,4699,0.6017,0.1804,0.2182,0.3344,0.4094,-0.0258,8.65,181.02,1.76,55870.0,0.0,0.1399,0.0539,-0.0002,-0.085,0.4435,-0.0107,0.85
964,4699,0.5995,0.1784,0.2223,0.3381,0.4115,-0.0256,8.45,176.08,1.81,54275.0,0.0,0.1488,0.0529,-0.0002,-0.0876,0.4471,-0.0101,0.85
965,4699,0.594,0.1816,0.2246,0.3338,0.3917,-0.0292,7.31,179.51,1.82,54029.0,0.0,0.1342,0.0554,-0.0002,-0.0853,0.4227,-0.0076,0.85
966,4699,0.5923,0.1835,0.2244,0.3409,0.3894,-0.0284,8.16,160.22,1.81,54275.0,0.0,0.1439,0.0558,-0.0004,-0.088,0.4604,-0.0081,0.85
967,4699,0.5889,0.187,0.2243,0.3445,0.4018,-0.0276,8.43,151.13,1.81,54364.0,0.0,0.1417,0.0565,-0.0004,-0.0874,0.4118,-0.0069,0.85
968,4699,0.5862,0.1857,0.2284,0.3462,0.3818,-0.028,7.37,180.29,1.81,54321.0,0.0,0.1358,0.0566,-0.0003,-0.0877,0.4838,-0.0111,0.84
969,4699,0.5829,0.1888,0.2285,0.3286,0.397,-0.0274,7.92,165.11,1.81,54304.0,0.0,0.1313,0.0542,-0.0004,-0.0817,0.4477,-0.0113,0.84
970,4699,0.5768,0.1916,0.2319,0.338,0.3904,-0.0264,8.12,164.14,1.81,54436.0,0.0,0.1366,0.0576,-0.0003,-0.0874,0.3927,-0.0109,0.84
971,4699,0.5751,0.1896,0.2355,0.3287,0.3978,-0.0259,7.72,171.54,1.81,54315.0,0.0,0.1348,0.0545,-0.0003,-0.084,0.3845,-0.0107,0.84
972,4699,0.5765,0.1881,0.2361,0.3373,0.4287,-0.0223,8.08,159.36,1.82,54028.0,0.0,0.1431,0.0541,-0.0003,-0.0818,0.4047,-0.0115,0.84
973,4699,0.5799,0.1869,0.2339,0.3459,0.4074,-0.0245,8.42,183.46,1.81,54243.0,0.0,0.14,0.0534,-0.0003,-0.0843,0.4355,-0.0103,0.84
974,4699,0.5823,0.1855,0.2329,0.3224,0.4119,-0.0283,7.97,153.08,1.82,54041.0,0.0,0.1368,0.0495,-0.0003,-0.0808,0.4991,-0.0099,0.84
975,4699,0.5818,0.1855,0.2333,0.3253,0.3901,-0.0284,9.25,160.99,1.81,54165.0,0.0,0.1256,0.053,-0.0004,-0.082,0.4154,-0.0108,0.84
976,4699,0.5793,0.1874,0.2337,0.3286,0.4037,-0.0265,7.4,183.68,1.81,54300.0,0.0,0.1316,0.0537,-0.0003,-0.0801,0.3878,-0.0085,0.84
977,4699,0.5786,0.1869,0.2348,0.336,0.4085,-0.0242,8.07,173.23,1.8,54554.0,0.0,0.1334,0.0533,-0.0002,-0.0804,0.4164,-0.0115,0.84
978,4699,0.5821,0.1826,0.2358,0.3453,0.4223,-0.0241,9.2,171.07,1.82,54064.0,0.0,0.1368,0.056,-0.0003,-0.085,0.4332,-0.0123,0.84
979,4699,0.5865,0.1831,0.2307,0.3357,0.4069,-0.0258,7.29,188.78,1.82,53970.0,0.0,0.1302,0.0558,-0.0003,-0.0827,0.4302,-0.0098,0.84
980,4699,0.5917,0.1845,0.2241,0.3158,0.4321,-0.0252,8.01,150.62,1.82,54012.0,0.0,0.1393,0.052,-0.0004,-0.0789,0.4656,-0.0106,0.84
981,4699,0.5967,0.1847,0.2188,0.3193,0.4465,-0.026,8.17,150.2,1.82,54043.0,0.0,0.1387,0.0501,-0.0002,-0.0782,0.4353,-0.0105,0.84
982,4699,0.6,0.1835,0.2168,0.3248,0.4102,-0.0254,6.77,176.52,1.81,54416.0,0.0,0.1351,0.0538,-0.0003,-0.0819,0.4236,-0.009,0.84
983,4699,0.6025,0.179,0.2187,0.3425,0.4354,-0.0213,8.64,172.45,1.81,54307.0,0.0,0.1409,0.0552,-0.0003,-0.082,0.392,-0.0064,0.84
984,4699,0.6044,0.176,0.2198,0.3423,0.4339,-0.0227,9.82,150.51,1.82,54081.0,0.0,0.1433,0.0542,-0.0004,-0.0857,0.4798,-0.0103,0.84
985,4699,0.6155,0.1734,0.2111,0.3098,0.4782,-0.0225,8.69,162.38,1.81,54354.0,0.0,0.149,0.047,-0.0003,-0.0751,0.4293,-0.0109,0.84
986,4699,0.6224,0.1721,0.2054,0.3203,0.4313,-0.0244,8.88,168.77,1.81,54348.0,0.0,0.14,0.0523,-0.0003,-0.0778,0.4732,-0.0083,0.84
987,4699,0.6243,0.1729,0.2028,0.319,0.4303,-0.0247,8.79,147.96,1.82,53924.0,0.0,0.1396,0.0513,-0.0002,-0.0791,0.3665,-0.0106,0.84
988,4699,0.6291,0.1694,0.2018,0.3174,0.4312,-0.0241,7.54,172.32,1.83,53731.0,0.0,0.1388,0.052,-0.0002,-0.0803,0.4569,-0.0112,0.83
989,4699,0.6341,0.1686,0.198,0.3167,0.4547,-0.0237,9.88,182.54,1.81,54304.0,0.0,0.1485,0.0481,-0.0002,-0.0789,0.4211,-0.0106,0.83
990,4699,0.6354,0.1675,0.1978,0.3258,0.4255,-0.0247,9.45,152.59,1.81,54425.0,0.0,0.1389,0.0521,-0.0003,-0.0806,0.4578,-0.0107,0.83
991,4699,0.6298,0.1694,0.2016,0.3391,0.4019,-0.0251,8.3,187.14,1.82,53918.0,0.0,0.1335,0.0569,-0.0003,-0.0875,0.4627,-0.0105,0.83
992,4699,0.6277,0.1711,0.2019,0.3227,0.4454,-0.0231,8.76,151.79,1.8,54474.0,0.0,0.1462,0.0506,-0.0002,-0.0791,0.4083,-0.0102,0.83
993,4699,0.6295,0.1735,0.1977,0.3133,0.424,-0.0278,8.03,164.26,1.81,54200.0,0.0,0.1369,0.0512,-0.0003,-0.0819,0.4638,-0.0108,0.83
994,4699,0.629,0.1749,0.1968,0.334,0.4456,-0.0229,9.7,155.9,1.8,54730.0,0.0,0.1487,0.0522,-0.0002,-0.0831,0.4254,-0.0116,0.83
995,4699,0.6269,0.1734,0.2002,0.3156,0.448,-0.0224,9.88,172.33,1.81,54208.0,0.0,0.1414,0.0507,-0.0002,-0.0789,0.3936,-0.0106,0.83
996,4699,0.6263,0.1713,0.2029,0.3122,0.4287,-0.0246,7.71,161.29,1.82,54132.0,0.0,0.1307,0.054,-0.0002,-0.0799,0.4663,-0.0103,0.83
997,4699,0.6263,0.1712,0.203,0.3122,0.4264,-0.0233,7.89,173.6,1.82,54088.0,0.0,0.133,0.0536,-0.0003,-0.0795,0.4322,-0.0116,0.83
998,4699,0.6286,0.1674,0.2044,0.3232,0.4271,-0.0233,6.67,156.15,1.82,54074.0,0.0,0.1406,0.0538,-0.0002,-0.0812,0.4442,-0.0103,0.83
999,4699,0.624,0.1705,0.206,0.3229,0.4055,-0.0238,9.01,195.46,1.81,54456.0,0.0,0.1272,0.0564,-0.0002,-0.083,0.47,-0.0104,0.83
1000,4699,0.6193,0.1714,0.2098,0.3215,0.4332,-0.0247,9.59,159.84,1.81,54239.0,0.0,0.1416,0.0531,-0.0002,-0.0801,0.5388,-0.0107,0.83
1001,4699,0.6201,0.1704,0.21,0.3189,0.4305,-0.025,8.29,167.67,1.78,55360.0,0.0,0.1357,0.0544,-0.0002,-0.0817,0.4664,-0.0102,0.83
1002,4699,0.6191,0.1737,0.2078,0.332,0.4482,-0.0228,9.7,166.44,1.82,54069.0,0.0,0.1486,0.0511,-0.0002,-0.0832,0.465,-0.0121,0.83
1003,4699,0.6208,0.1752,0.2044,0.3042,0.4351,-0.0251,8.1,146.94,1.81,54328.0,0.0,0.1351,0.052,-0.0003,-0.0759,0.4366,-0.0098,0.83
1004,4699,0.6179,0.1736,0.2087,0.337,0.4392,-0.0226,9.5,157.53,1.81,54198.0,0.0,0.1493,0.0547,-0.0003,-0.0833,0.4747,-0.0108,0.83
1005,4699,0.621,0.172,0.2073,0.3276,0.4187,-0.0253,7.89,158.47,1.82,54140.0,0.0,0.1385,0.0534,-0.0003,-0.0844,0.419,-0.0096,0.83
1006,4699,0.6215,0.1763,0.2024,0.3147,0.4085,-0.0283,7.52,155.31,1.81,54178.0,0.0,0.129,0.0548,-0.0002,-0.0784,0.4087,-0.0086,0.83
1007,4699,0.6174,0.1822,0.2008,0.3253,0.4214,-0.0272,7.36,159.98,1.82,53931.0,0.0,0.1383,0.0534,-0.0002,-0.081,0.4982,-0.0119,0.83
1008,4699,0.614,0.1872,0.1992,0.3142,0.4099,-0.028,7.05,164.99,1.81,54305.0,0.0,0.1288,0.0566,-0.0003,-0.0793,0.3686,-0.0108,0.83
1009,4699,0.6079,0.1905,0.2019,0.3287,0.4047,-0.0253,7.59,168.81,1.82,54161.0,0.0,0.1332,0.0591,-0.0003,-0.0841,0.4118,-0.0102,0.83
1010,4699,0.6064,0.1905,0.2033,0.3355,0.442,-0.0239,8.6,162.42,1.81,54201.0,0.0,0.1447,0.0543,-0.0002,-0.0842,0.3933,-0.0112,0.83
1011,4699,0.6052,0.1883,0.2068,0.3487,0.408,-0.0239,8.89,204.29,1.82,54099.0,0.0,0.144,0.0595,-0.0003,-0.0904,0.3879,-0.0105,0.83
1012,4699,0.6058,0.1845,0.2102,0.3324,0.431,-0.0224,8.6,154.81,1.82,54145.0,0.0,0.1413,0.0547,-0.0002,-0.0852,0.4007,-0.0115,0.83
1013,4699,0.6072,0.185,0.2082,0.3287,0.4414,-0.0252,9.1,168.81,1.82,54024.0,0.0,0.15,0.0529,-0.0003,-0.082,0.4472,-0.0116,0.83
1014,4699,0.6034,0.1855,0.2114,0.337,0.4094,-0.0254,9.81,173.83,1.81,54337.0,0.0,0.137,0.0582,-0.0003,-0.0855,0.4121,-0.0099,0.83
1015,4699,0.6032,0.1854,0.2117,0.3295,0.4207,-0.0254,7.78,172.25,1.81,54394.0,0.0,0.1336,0.0559,-0.0003,-0.0839,0.423,-0.0118,0.83
1016,4699,0.6021,0.1859,0.2123,0.3209,0.4392,-0.0242,8.42,168.16,1.82,54075.0,0.0,0.1372,0.0558,-0.0003,-0.0835,0.4419,-0.0117,0.83
1017,4699,0.6002,0.1859,0.2144,0.3376,0.4108,-0.0238,8.94,178.31,1.81,54219.0,0.0,0.1351,0.0587,-0.0003,-0.0864,0.4059,-0.012,0.83
1018,4699,0.6003,0.1841,0.2162,0.3178,0.4338,-0.025,8.89,171.67,1.81,54272.0,0.0,0.1352,0.0535,-0.0003,-0.0797,0.4755,-0.0108,0.83
1019,4699,0.6037,0.1799,0.2168,0.3196,0.423,-0.0267,7.88,142.21,1.81,54233.0,0.0,0.1366,0.0538,-0.0003,-0.0809,0.5126,-0.0112,0.83
1020,4699,0.6014,0.1806,0.2183,0.3313,0.3942,-0.0268,8.16,155.67,1.82,54119.0,0.0,0.1305,0.0575,-0.0003,-0.0856,0.4236,-0.0115,0.83
1021,4699,0.5996,0.1795,0.2212,0.3256,0.422,-0.0253,8.22,175.96,1.82,54112.0,0.0,0.1361,0.0563,-0.0003,-0.0842,0.4218,-0.0123,0.82
1022,4699,0.6035,0.1794,0.2173,0.3331,0.4219,-0.0228,8.81,184.27,1.82,53908.0,0.0,0.1353,0.058,-0.0003,-0.0832,0.4761,-0.0113,0.82
1023,4699,0.6127,0.1732,0.2143,0.316,0.4626,-0.0215,9.67,154.55,1.81,54264.0,0.0,0.1422,0.0506,-0.0002,-0.0796,0.4137,-0.0102,0.83
1024,4699,0.6171,0.1714,0.212,0.3451,0.42,-0.0224,9.06,163.26,1.81,54177.0,0.0,0.1377,0.0604,-0.0004,-0.088,0.4586,-0.0108,0.83
1025,4699,0.6182,0.1695,0.2127,0.3174,0.4451,-0.0252,9.91,146.19,1.81,54317.0,0.0,0.1393,0.0517,-0.0003,-0.0807,0.4206,-0.0099,0.83
1026,4699,0.6205,0.1705,0.2095,0.3399,0.4442,-0.0224,8.21,178.83,1.82,54123.0,0.0,0.152,0.0543,-0.0003,-0.0852,0.4242,-0.009,0.83
1027,4699,0.6176,0.1686,0.214,0.3286,0.4281,-0.0224,7.72,136.62,1.81,54205.0,0.0,0.1342,0.057,-0.0003,-0.0824,0.3938,-0.0117,0.83
1028,4699,0.6146,0.1718,0.2139,0.3208,0.4303,-0.0249,8.72,175.41,1.82,54093.0,0.0,0.1293,0.057,-0.0004,-0.0823,0.3562,-0.0115,0.83
1029,4699,0.6145,0.1692,0.2168,0.3259,0.4441,-0.0215,8.05,150.06,1.82,54062.0,0.0,0.1393,0.0551,-0.0003,-0.0824,0.4209,-0.0096,0.83
1030,4699,0.6197,0.1699,0.2109,0.3243,0.4533,-0.0225,8.79,148.98,1.82,54057.0,0.0,0.1436,0.0533,-0.0003,-0.0805,0.377,-0.0105,0.82
1031,4699,0.6281,0.166,0.2063,0.3285,0.4541,-0.0211,9.71,148.72,1.81,54320.0,0.0,0.141,0.0552,-0.0005,-0.0829,0.4171,-0.012,0.82
1032,4699,0.6363,0.1639,0.2001,0.3328,0.4489,-0.0231,8.42,165.65,1.81,54197.0,0.0,0.1433,0.0542,-0.0004,-0.0863,0.4232,-0.0098,0.82
1033,4699,0.645,0.1598,0.1955,0.3315,0.4701,-0.0207,7.82,162.16,1.83,53580.0,0.0,0.1476,0.0539,-0.0003,-0.0815,0.4028,-0.012,0.82
1034,4699,0.6433,0.1611,0.1958,0.3307,0.4283,-0.0246,8.59,173.26,1.81,54240.0,0.0,0.1401,0.0552,-0.0003,-0.0855,0.4978,-0.0112,0.82
1035,4699,0.6373,0.1652,0.1978,0.3274,0.4078,-0.0266,8.5,157.07,1.82,54143.0,0.0,0.1277,0.0578,-0.0003,-0.0818,0.4339,-0.0114,0.82
1036,4699,0.631,0.1711,0.1981,0.3287,0.4149,-0.0255,9.03,185.19,1.81,54279.0,0.0,0.1327,0.0573,-0.0004,-0.0839,0.4178,-0.0101,0.82
1037,4699,0.626,0.1707,0.2036,0.3439,0.4358,-0.0209,9.72,176.42,1.82,54013.0,0.0,0.1439,0.0571,-0.0004,-0.086,0.3821,-0.0117,0.82
1038,4699,0.6284,0.1678,0.2039,0.3408,0.4534,-0.0226,8.95,162.94,1.82,54160.0,0.0,0.1487,0.0539,-0.0003,-0.0864,0.4516,-0.0106,0.82
1039,4699,0.6316,0.1666,0.2018,0.318,0.448,-0.0235,9.3,170.59,1.82,53970.0,0.0,0.1387,0.0553,-0.0004,-0.0779,0.3863,-0.0124,0.82
1040,4699,0.6342,0.166,0.1998,0.3343,0.4129,-0.025,8.68,160.19,1.82,54120.0,0.0,0.1347,0.0573,-0.0003,-0.0858,0.3483,-0.0116,0.82
1041,4699,0.6328,0.1657,0.2016,0.3397,0.443,-0.0222,8.15,163.51,1.82,53903.0,0.0,0.1495,0.0562,-0.0003,-0.0877,0.3793,-0.0111,0.82
1042,4699,0.6301,0.1683,0.2015,0.3217,0.4379,-0.0243,7.4,145.39,1.8,54514.0,0.0,0.1396,0.0554,-0.0004,-0.0797,0.3829,-0.0116,0.82
1043,4699,0.6263,0.1713,0.2024,0.3359,0.436,-0.022,9.25,152.02,1.82,54141.0,0.0,0.1392,0.0569,-0.0004,-0.0847,0.4089,-0.0094,0.82
1044,4699,0.6294,0.1712,0.1994,0.3317,0.4568,-0.021,9.65,145.75,1.75,56141.0,0.0,0.1465,0.056,-0.0004,-0.0817,0.3865,-0.011,0.82
1045,4699,0.6319,0.1701,0.1981,0.3257,0.4349,-0.0262,8.31,161.36,1.83,53782.0,0.0,0.1459,0.0542,-0.0004,-0.0836,0.4983,-0.0099,0.82
1046,4699,0.6258,0.1729,0.2013,0.3375,0.4261,-0.0234,8.75,157.12,1.81,54326.0,0.0,0.1358,0.0585,-0.0005,-0.0858,0.4242,-0.0111,0.82
1047,4699,0.624,0.1719,0.2042,0.3513,0.4302,-0.0216,8.32,168.21,1.81,54331.0,0.0,0.1395,0.0604,-0.0005,-0.0869,0.381,-0.0115,0.82
1048,4699,0.6241,0.1739,0.2023,0.3233,0.4462,-0.0242,8.59,169.54,1.82,54138.0,0.0,0.1406,0.0533,-0.0004,-0.0824,0.4448,-0.0119,0.82
1049,4699,0.6258,0.1723,0.2021,0.3292,0.4369,-0.0247,9.94,166.53,1.83,53849.0,0.0,0.1372,0.0564,-0.0006,-0.0843,0.361,-0.0115,0.82
1050,4699,0.628,0.1685,0.2037,0.3524,0.4357,-0.0211,8.82,163.87,1.82,54089.0,0.0,0.1459,0.0597,-0.0004,-0.0887,0.4281,-0.01,0.82
1051,4699,0.6308,0.1646,0.2048,0.3294,0.4465,-0.0246,8.6,157.83,1.83,53733.0,0.0,0.1377,0.055,-0.0005,-0.0832,0.4259,-0.0109,0.82
1052,4699,0.6344,0.1646,0.2013,0.3301,0.4871,-0.0185,9.37,174.54,1.83,53836.0,0.0,0.1546,0.0513,-0.0005,-0.0815,0.3644,-0.0102,0.82
1053,4699,0.6392,0.1602,0.2009,0.3462,0.4313,-0.023,8.81,177.74,1.84,53490.0,0.0,0.1432,0.0573,-0.0005,-0.0906,0.4659,-0.0108,0.82
1054,4699,0.6416,0.1607,0.1979,0.3305,0.4635,-0.0232,9.1,154.6,1.83,53633.0,0.0,0.1518,0.0518,-0.0004,-0.0818,0.3678,-0.012,0.83
1055,4699,0.6476,0.1597,0.1927,0.3269,0.4652,-0.0227,9.7,175.24,1.82,54157.0,0.0,0.1438,0.0531,-0.0005,-0.0808,0.434,-0.0119,0.82
1056,4699,0.6484,0.1598,0.1918,0.3412,0.4435,-0.0229,9.02,158.35,1.81,54300.0,0.0,0.1482,0.0568,-0.0005,-0.0855,0.4647,-0.0089,0.82
1057,4699,0.646,0.1624,0.1916,0.3427,0.4263,-0.0239,9.57,151.28,1.84,53566.0,0.0,0.1389,0.0587,-0.0005,-0.089,0.4599,-0.0104,0.82
1058,4699,0.6368,0.1678,0.1954,0.3354,0.4192,-0.0264,7.99,181.15,1.82,54139.0,0.0,0.1333,0.0576,-0.0005,-0.0842,0.5284,-0.0103,0.82
1059,4699,0.6283,0.1701,0.2015,0.3472,0.411,-0.0255,8.37,154.62,1.83,53752.0,0.0,0.1371,0.0589,-0.0005,-0.0899,0.4194,-0.0113,0.82
1060,4699,0.6262,0.1714,0.2024,0.3449,0.4449,-0.0228,9.02,166.03,1.82,53930.0,0.0,0.1515,0.0557,-0.0005,-0.0894,0.4444,-0.0113,0.82
1061,4699,0.6283,0.1662,0.2055,0.3375,0.4574,-0.0215,8.62,164.73,1.82,54077.0,0.0,0.1456,0.0557,-0.0006,-0.0825,0.5251,-0.01,0.82
1062,4699,0.6332,0.1657,0.2011,0.3363,0.4546,-0.023,8.98,175.89,1.82,54075.0,0.0,0.1479,0.0538,-0.0004,-0.0843,0.4478,-0.0113,0.82
1063,4699,0.6344,0.1647,0.2008,0.3295,0.428,-0.0275,9.12,167.86,1.82,54091.0,0.0,0.1448,0.053,-0.0004,-0.0852,0.425,-0.0109,0.82
1064,4699,0.6386,0.1622,0.1992,0.3337,0.4688,-0.0199,9.68,177.56,1.81,54178.0,0.0,0.1481,0.0541,-0.0005,-0.0861,0.4411,-0.0119,0.82
1065,4699,0.6405,0.1661,0.1934,0.3085,0.4301,-0.0293,8.15,144.64,1.83,53786.0,0.0,0.1402,0.05,-0.0005,-0.0795,0.5019,-0.01,0.83
1066,4699,0.6399,0.1746,0.1857,0.3254,0.4378,-0.0289,9.61,158.56,1.81,54440.0,0.0,0.1458,0.0524,-0.0005,-0.0853,0.4292,-0.0104,0.83
1067,4699,0.6379,0.1786,0.1838,0.3345,0.4441,-0.0242,8.4,175.01,1.82,53944.0,0.0,0.1459,0.0553,-0.0005,-0.086,0.4324,-0.012,0.83
1068,4699,0.6383,0.1775,0.1844,0.3345,0.4594,-0.0231,9.49,158.36,1.82,54128.0,0.0,0.1476,0.0537,-0.0005,-0.0874,0.4639,-0.0111,0.83
1069,4699,0.6398,0.1768,0.1836,0.3449,0.4346,-0.0247,9.68,166.28,1.82,54135.0,0.0,0.1476,0.0571,-0.0006,-0.0885,0.3912,-0.0125,0.83
1070,4699,0.6437,0.1728,0.1837,0.3325,0.4883,-0.0184,9.21,149.59,1.82,54007.0,0.0,0.1536,0.053,-0.0004,-0.0849,0.4571,-0.0116,0.83
1071,4699,0.6446,0.1733,0.1823,0.3288,0.4455,-0.024,8.51,152.54,1.81,54331.0,0.0,0.1388,0.0561,-0.0007,-0.0828,0.4533,-0.0112,0.83
1072,4699,0.6392,0.1792,0.1819,0.3187,0.4209,-0.0298,8.23,158.93,1.81,54181.0,0.0,0.1354,0.0544,-0.0005,-0.0809,0.4188,-0.0114,0.83
1073,4699,0.6415,0.1801,0.1786,0.334,0.4518,-0.0237,7.92,155.67,1.82,53942.0,0.0,0.1491,0.0523,-0.0005,-0.0874,0.3988,-0.0097,0.83
1074,4699,0.6451,0.1786,0.1765,0.3342,0.4393,-0.0245,9.03,158.97,1.81,54371.0,0.0,0.1413,0.0572,-0.0006,-0.0848,0.3929,-0.0117,0.83
1075,4699,0.6514,0.1745,0.1743,0.3496,0.4434,-0.0242,10.11,167.5,1.81,54206.0,0.0,0.147,0.0578,-0.0005,-0.0905,0.3867,-0.0113,0.83
1076,4699,0.6535,0.1737,0.173,0.3297,0.4458,-0.0235,8.21,158.65,1.81,54401.0,0.0,0.144,0.0558,-0.0005,-0.0836,0.4621,-0.0121,0.83
1077,4699,0.6485,0.1725,0.1794,0.3439,0.4478,-0.0209,8.26,165.35,1.82,54100.0,0.0,0.15,0.0575,-0.0004,-0.089,0.3239,-0.0119,0.83
1078,4699,0.6481,0.1696,0.1825,0.3334,0.4566,-0.0221,9.63,153.68,1.82,54019.0,0.0,0.1469,0.0564,-0.0006,-0.086,0.4489,-0.0105,0.83
1079,4699,0.6399,0.172,0.1883,0.3249,0.4345,-0.0253,8.22,164.99,1.82,54054.0,0.0,0.139,0.0547,-0.0005,-0.0847,0.4459,-0.0117,0.83
1080,4699,0.6332,0.1749,0.1921,0.326,0.4477,-0.0234,9.59,159.48,1.82,54158.0,0.0,0.1462,0.0534,-0.0006,-0.0824,0.3369,-0.011,0.83
1081,4699,0.6351,0.1699,0.1953,0.3399,0.4452,-0.0223,8.52,151.5,1.81,54310.0,0.0,0.1507,0.0575,-0.0006,-0.0865,0.429,-0.0115,0.83
1082,4699,0.6352,0.1703,0.1947,0.3329,0.4425,-0.0233,8.11,154.64,1.8,54512.0,0.0,0.1437,0.0562,-0.0006,-0.0861,0.3927,-0.0115,0.83
1083,4699,0.6374,0.1694,0.1935,0.3517,0.4342,-0.0238,7.89,156.09,1.82,54130.0,0.0,0.1495,0.0587,-0.0005,-0.0923,0.4374,-0.0104,0.83
1084,4699,0.6392,0.1676,0.1934,0.3416,0.4432,-0.0233,7.73,169.59,1.82,54080.0,0.0,0.1487,0.0571,-0.0007,-0.0885,0.4203,-0.0111,0.82
1085,4699,0.6392,0.165,0.1959,0.3407,0.4888,-0.017,9.91,138.2,1.82,53970.0,0.0,0.1585,0.0558,-0.0007,-0.0888,0.4601,-0.0107,0.82
1086,4699,0.6437,0.1648,0.1915,0.3381,0.449,-0.0244,9.12,144.49,1.82,54003.0,0.0,0.1493,0.055,-0.0006,-0.0877,0.427,-0.0122,0.83
1087,4699,0.6406,0.1692,0.1902,0.3162,0.4422,-0.0268,8.63,153.95,1.83,53742.0,0.0,0.1401,0.0535,-0.0007,-0.0797,0.4386,-0.0125,0.82
1088,4699,0.641,0.1696,0.1895,0.331,0.4585,-0.0231,8.68,151.29,1.81,54329.0,0.0,0.1512,0.0534,-0.0006,-0.0855,0.4345,-0.012,0.82
1089,4699,0.6409,0.1728,0.1864,0.3347,0.462,-0.0266,10.61,164.93,1.81,54274.0,0.0,0.1564,0.0501,-0.0005,-0.0877,0.4147,-0.0124,0.82
1090,4699,0.6506,0.1707,0.1787,0.3264,0.4886,-0.0212,9.95,165.74,1.82,53906.0,0.0,0.158,0.0499,-0.0007,-0.0832,0.4174,-0.0121,0.82
1091,4699,0.6532,0.1703,0.1765,0.3363,0.4448,-0.0236,8.63,154.96,1.82,54070.0,0.0,0.1486,0.0557,-0.0006,-0.0884,0.4927,-0.0115,0.82
1092,4699,0.6528,0.1666,0.1809,0.34,0.4679,-0.0206,9.41,160.28,1.82,54011.0,0.0,0.1505,0.0556,-0.0005,-0.0877,0.4305,-0.0106,0.82
1093,4699,0.6541,0.1666,0.1795,0.3244,0.4747,-0.0224,9.16,155.07,1.82,53868.0,0.0,0.1547,0.0521,-0.0006,-0.0836,0.385,-0.0113,0.82
1094,4699,0.6605,0.1644,0.1753,0.3109,0.4673,-0.0237,8.92,133.3,1.82,53988.0,0.0,0.1467,0.0506,-0.0006,-0.0807,0.3938,-0.0105,0.82
1095,4699,0.6667,0.1619,0.1717,0.3168,0.4863,-0.022,10.03,157.1,1.82,54137.0,0.0,0.155,0.0509,-0.0006,-0.0821,0.4012,-0.0103,0.82
1096,4699,0.6741,0.1592,0.167,0.3222,0.4809,-0.0226,10.14,150.02,1.82,54112.0,0.0,0.1532,0.0518,-0.0005,-0.0842,0.4012,-0.012,0.82
1097,4699,0.6757,0.16,0.1645,0.3171,0.463,-0.0236,9.46,155.15,1.81,54163.0,0.0,0.149,0.0524,-0.0006,-0.0812,0.4458,-0.0113,0.82
1098,4699,0.6771,0.1631,0.16,0.3139,0.4594,-0.0241,8.51,160.12,1.82,53866.0,0.0,0.1462,0.0521,-0.0005,-0.0829,0.4827,-0.0122,0.82
1099,4699,0.6726,0.162,0.1657,0.3322,0.4597,-0.0204,9.38,155.78,1.83,53619.0,0.0,0.1485,0.0558,-0.0006,-0.0862,0.4352,-0.0119,0.82
1100,4699,0.6712,0.1591,0.1699,0.3275,0.4701,-0.0207,9.15,149.68,1.83,53848.0,0.0,0.1516,0.056,-0.0007,-0.0861,0.4086,-0.0118,0.82
1101,4699,0.6689,0.157,0.1743,0.3292,0.4687,-0.021,9.23,158.63,1.77,55554.0,0.0,0.1531,0.0533,-0.0005,-0.0863,0.433,-0.0121,0.82
1102,4699,0.6692,0.1591,0.1718,0.3227,0.4968,-0.0221,10.22,148.05,1.81,54232.0,0.0,0.1616,0.0488,-0.0005,-0.0846,0.4647,-0.0101,0.82
1103,4699,0.6787,0.1597,0.1616,0.3159,0.4846,-0.0223,9.36,139.19,1.82,54029.0,0.0,0.1557,0.0496,-0.0005,-0.0832,0.4768,-0.0114,0.82
1104,4699,0.6834,0.1584,0.1582,0.3063,0.465,-0.0241,9.5,141.05,1.82,54035.0,0.0,0.1454,0.0499,-0.0005,-0.0812,0.4593,-0.0104,0.82
1105,4699,0.6781,0.1612,0.1607,0.3186,0.4526,-0.0248,9.44,142.17,1.82,53995.0,0.0,0.148,0.0518,-0.0007,-0.084,0.4589,-0.0103,0.82
1106,4699,0.6777,0.1635,0.1588,0.3119,0.49,-0.0215,10.22,136.9,1.83,53814.0,0.0,0.1546,0.0485,-0.0006,-0.0813,0.4706,-0.0111,0.82
1107,4699,0.6783,0.1652,0.1565,0.32,0.4689,-0.0227,9.68,151.27,1.83,53780.0,0.0,0.1501,0.0511,-0.0006,-0.0854,0.4288,-0.0115,0.82
1108,4699,0.6822,0.1625,0.1553,0.3096,0.4742,-0.0226,9.44,145.47,1.82,54136.0,0.0,0.1488,0.0487,-0.0005,-0.0818,0.459,-0.0112,0.82
1109,4699,0.6821,0.1627,0.1551,0.3167,0.4542,-0.0266,9.33,143.52,1.82,53920.0,0.0,0.1475,0.0516,-0.0007,-0.0816,0.4261,-0.0112,0.82
1110,4699,0.6779,0.1673,0.1548,0.3171,0.4735,-0.0234,8.82,149.29,1.81,54258.0,0.0,0.1488,0.0517,-0.0006,-0.0813,0.4336,-0.0088,0.82
1111,4699,0.677,0.1669,0.1561,0.3278,0.4665,-0.0209,9.62,158.76,1.79,54858.0,0.0,0.1533,0.0514,-0.0007,-0.0866,0.412,-0.0123,0.82
1112,4699,0.6801,0.1644,0.1555,0.308,0.4659,-0.0247,7.5,145.97,1.82,54043.0,0.0,0.1452,0.05,-0.0005,-0.0803,0.506,-0.0102,0.82
1113,4699,0.6774,0.1631,0.1595,0.3232,0.4813,-0.0232,9.83,142.14,1.77,55426.0,0.0,0.1564,0.0487,-0.0004,-0.082,0.5108,-0.0113,0.82
1114,4699,0.6756,0.1655,0.1591,0.3217,0.4511,-0.026,9.51,149.42,1.82,54066.0,0.0,0.1459,0.0521,-0.0006,-0.0839,0.5329,-0.0107,0.82
1115,4699,0.6711,0.1717,0.1574,0.3156,0.4583,-0.0262,8.44,166.07,1.82,54106.0,0.0,0.1461,0.0502,-0.0006,-0.0832,0.4263,-0.012,0.82
1116,4699,0.6661,0.1744,0.1598,0.3243,0.4667,-0.0219,8.76,164.36,1.82,53949.0,0.0,0.1512,0.0511,-0.0006,-0.0856,0.449,-0.0105,0.82
1117,4699,0.6671,0.174,0.1595,0.2977,0.4699,-0.0261,10.77,142.02,1.82,53991.0,0.0,0.1443,0.0462,-0.0005,-0.0759,0.471,-0.012,0.82
1118,4699,0.6706,0.1708,0.159,0.3202,0.4795,-0.0217,9.94,174.04,1.82,54143.0,0.0,0.1504,0.0509,-0.0007,-0.0833,0.4626,-0.0112,0.82
1119,4699,0.6721,0.1681,0.1603,0.3321,0.4783,-0.0229,9.73,145.07,1.82,54127.0,0.0,0.157,0.0509,-0.0007,-0.0874,0.4936,-0.0112,0.82
1120,4699,0.6787,0.1663,0.1555,0.3137,0.4848,-0.0235,10.1,136.76,1.81,54187.0,0.0,0.1547,0.0475,-0.0005,-0.083,0.4707,-0.0115,0.82
1121,4699,0.6785,0.1665,0.1555,0.3134,0.4719,-0.0252,8.77,143.32,1.82,53914.0,0.0,0.1499,0.0473,-0.0005,-0.0821,0.4787,-0.0108,0.82
1122,4699,0.676,0.1718,0.1528,0.3083,0.4778,-0.027,9.44,138.53,1.89,52115.0,0.0,0.1562,0.0455,-0.0005,-0.0791,0.4863,-0.0115,0.82
1123,4699,0.6791,0.1723,0.149,0.3226,0.4824,-0.0216,10.05,146.6,1.83,53612.0,0.0,0.1536,0.0499,-0.0006,-0.084,0.4643,-0.0107,0.82
1124,4699,0.683,0.1696,0.1477,0.3043,0.4761,-0.0266,9.41,143.6,1.81,54371.0,0.0,0.1538,0.0459,-0.0006,-0.0782,0.4779,-0.0116,0.82
1125,4699,0.6839,0.1706,0.1457,0.3239,0.5006,-0.0216,9.76,144.79,1.82,53897.0,0.0,0.1616,0.0471,-0.0004,-0.0838,0.5258,-0.0104,0.82
1126,4699,0.6894,0.1668,0.1441,0.3197,0.4841,-0.0234,9.9,155.11,1.82,54023.0,0.0,0.1547,0.0491,-0.0006,-0.0822,0.5368,-0.0111,0.82
1127,4699,0.6882,0.1672,0.145,0.3243,0.4805,-0.0239,9.38,154.28,1.82,53949.0,0.0,0.1526,0.0499,-0.0006,-0.0849,0.5023,-0.0108,0.82
1128,4699,0.6827,0.1696,0.1482,0.3116,0.4704,-0.0253,9.25,151.61,1.81,54302.0,0.0,0.1504,0.0496,-0.0006,-0.0808,0.4648,-0.0111,0.82
1129,4699,0.679,0.1731,0.1483,0.3253,0.4892,-0.0223,9.61,161.03,1.82,53920.0,0.0,0.1602,0.0491,-0.0004,-0.0853,0.5034,-0.0117,0.82
1130,4699,0.6871,0.1682,0.1452,0.3149,0.5012,-0.0201,9.53,132.1,1.82,54122.0,0.0,0.162,0.0474,-0.0004,-0.0839,0.5428,-0.0096,0.82
1131,4699,0.694,0.1686,0.1379,0.3108,0.4754,-0.0256,9.39,140.15,1.81,54449.0,0.0,0.1554,0.046,-0.0006,-0.0798,0.5299,-0.008,0.82
1132,4699,0.6949,0.1722,0.1332,0.3129,0.4813,-0.0268,8.65,134.4,1.76,55787.0,0.0,0.1597,0.0445,-0.0004,-0.0808,0.539,-0.011,0.82
1133,4699,0.6966,0.1723,0.1315,0.3281,0.5063,-0.0222,10.81,169.71,1.82,54143.0,0.0,0.1685,0.0475,-0.0006,-0.0852,0.5136,-0.0113,0.81
1134,4699,0.7049,0.1678,0.1279,0.323,0.5176,-0.0209,9.04,149.48,1.82,54159.0,0.0,0.1705,0.0466,-0.0005,-0.0835,0.5213,-0.0121,0.82
1135,4699,0.705,0.1702,0.1252,0.316,0.4851,-0.0241,9.85,138.92,1.82,53874.0,0.0,0.1602,0.0466,-0.0005,-0.0832,0.4429,-0.0107,0.82
1136,4699,0.7071,0.1698,0.1233,0.3093,0.5076,-0.0226,10.3,150.44,1.83,53743.0,0.0,0.1653,0.0444,-0.0006,-0.0803,0.4742,-0.0115,0.82
1137,4699,0.711,0.1688,0.1204,0.3118,0.49,-0.0258,10.13,131.52,1.82,54103.0,0.0,0.1638,0.047,-0.0005,-0.0821,0.4756,-0.0125,0.82
1138,4699,0.7158,0.1678,0.1166,0.3193,0.5165,-0.021,10.33,143.22,1.84,53464.0,0.0,0.1688,0.0456,-0.0005,-0.0828,0.5944,-0.012,0.82
1139,4699,0.7166,0.1679,0.1158,0.3068,0.4859,-0.0256,9.4,161.83,1.84,53527.0,0.0,0.1557,0.0454,-0.0007,-0.0821,0.5415,-0.0122,0.82
1140,4699,0.717,0.1668,0.1165,0.3076,0.503,-0.0241,9.74,123.97,1.83,53614.0,0.0,0.1654,0.0445,-0.0006,-0.0789,0.5261,-0.0107,0.82
1141,4699,0.716,0.1676,0.1167,0.2983,0.479,-0.0277,8.55,128.26,1.84,53522.0,0.0,0.1551,0.0439,-0.0006,-0.0778,0.5735,-0.0112,0.82
1142,4699,0.7162,0.1713,0.1128,0.3025,0.5031,-0.025,9.12,139.57,1.83,53833.0,0.0,0.1605,0.0434,-0.0005,-0.0765,0.4946,-0.0117,0.82
1143,4699,0.7135,0.171,0.1156,0.3066,0.4857,-0.0224,8.41,134.25,1.83,53797.0,0.0,0.1564,0.0459,-0.0005,-0.0802,0.4785,-0.0115,0.82
1144,4699,0.7114,0.1684,0.1203,0.3061,0.506,-0.0221,10.39,140.97,1.84,53530.0,0.0,0.1601,0.0449,-0.0005,-0.0769,0.5075,-0.0098,0.82
1145,4699,0.7103,0.168,0.1219,0.3289,0.4925,-0.0205,9.84,167.54,1.82,54002.0,0.0,0.1687,0.0483,-0.0006,-0.0846,0.5164,-0.0117,0.82
1146,4699,0.712,0.1677,0.1208,0.2941,0.4877,-0.0273,9.3,124.14,1.83,53774.0,0.0,0.1562,0.0433,-0.0004,-0.0762,0.5196,-0.0111,0.82
1147,4699,0.7145,0.1685,0.1175,0.3105,0.5114,-0.0218,10.18,140.62,1.81,54353.0,0.0,0.1623,0.0453,-0.0006,-0.0795,0.5163,-0.0118,0.82
1148,4699,0.7134,0.1687,0.1184,0.3155,0.4661,-0.0263,8.75,160.67,1.83,53610.0,0.0,0.1554,0.0479,-0.0005,-0.0828,0.5085,-0.0112,0.81
1149,4699,0.7098,0.171,0.1197,0.3058,0.4815,-0.0271,9.45,140.14,1.81,54164.0,0.0,0.1556,0.0464,-0.0006,-0.0783,0.4777,-0.0114,0.81
1150,4699,0.7065,0.1718,0.1222,0.3198,0.4958,-0.0214,9.81,155.44,1.84,53405.0,0.0,0.1614,0.0482,-0.0006,-0.0842,0.488,-0.0117,0.81
1151,4699,0.7047,0.1725,0.1231,0.322,0.4835,-0.0239,9.66,149.75,1.77,55667.0,0.0,0.1625,0.0472,-0.0005,-0.0859,0.5241,-0.0111,0.81
1152,4699,0.7018,0.1751,0.1233,0.307,0.4932,-0.0259,9.03,125.03,1.83,53826.0,0.0,0.1644,0.0429,-0.0004,-0.0793,0.4645,-0.0121,0.81
1153,4699,0.7038,0.1762,0.1203,0.3127,0.495,-0.0241,9.89,133.18,1.83,53746.0,0.0,0.1619,0.0447,-0.0006,-0.08,0.5245,-0.0126,0.81
1154,4699,0.7089,0.1738,0.1176,0.3108,0.4906,-0.0255,9.03,133.17,1.77,55528.0,0.0,0.1629,0.0451,-0.0006,-0.0814,0.5855,-0.0116,0.81
1155,4699,0.7092,0.1766,0.1144,0.3004,0.4917,-0.0276,9.5,140.05,1.84,53492.0,0.0,0.1594,0.042,-0.0005,-0.0767,0.5872,-0.0119,0.81
1156,4699,0.7054,0.1812,0.1137,0.3219,0.4849,-0.0249,10.36,148.94,1.84,53382.0,0.0,0.1623,0.0473,-0.0007,-0.0847,0.5099,-0.0113,0.81
1157,4699,0.7082,0.1784,0.1136,0.3175,0.5157,-0.0221,9.56,130.56,1.82,54015.0,0.0,0.1725,0.0438,-0.0004,-0.0829,0.5662,-0.0101,0.81
1158,4699,0.7116,0.1769,0.1118,0.3123,0.5012,-0.0226,10.11,109.63,1.83,53683.0,0.0,0.1598,0.0461,-0.0007,-0.0826,0.5337,-0.0121,0.81
1159,4699,0.7168,0.1742,0.1093,0.3208,0.5124,-0.0231,9.72,138.83,1.83,53738.0,0.0,0.1707,0.0447,-0.0004,-0.0835,0.6254,-0.0114,0.81
1160,4699,0.7201,0.1727,0.1075,0.3132,0.4873,-0.027,8.54,124.07,1.82,53909.0,0.0,0.1644,0.0442,-0.0004,-0.0816,0.5275,-0.0106,0.81
1161,4699,0.7181,0.1721,0.1103,0.3081,0.494,-0.0231,9.09,119.0,1.83,53825.0,0.0,0.1629,0.0446,-0.0005,-0.0804,0.5696,-0.0127,0.81
1162,4699,0.719,0.1715,0.11,0.3116,0.5055,-0.0247,9.91,132.05,1.8,54729.0,0.0,0.1715,0.0423,-0.0005,-0.0811,0.528,-0.0104,0.81
1163,4699,0.7261,0.1691,0.1053,0.3138,0.5224,-0.0215,10.52,150.97,1.82,53873.0,0.0,0.1718,0.0434,-0.0006,-0.0812,0.5319,-0.0114,0.81
1164,4699,0.7257,0.1715,0.1033,0.3187,0.496,-0.024,9.76,152.91,1.83,53825.0,0.0,0.1675,0.0449,-0.0005,-0.0851,0.5939,-0.0112,0.81
1165,4699,0.7261,0.1693,0.1053,0.3273,0.499,-0.0207,9.39,139.31,1.77,55629.0,0.0,0.1696,0.0457,-0.0005,-0.0843,0.4964,-0.0122,0.81
1166,4699,0.7246,0.1658,0.1104,0.3033,0.4929,-0.0254,8.79,140.81,1.83,53631.0,0.0,0.1618,0.0434,-0.0005,-0.0795,0.5132,-0.0106,0.81
1167,4699,0.7211,0.167,0.1126,0.3092,0.4969,-0.0252,9.87,148.34,1.84,53308.0,0.0,0.1666,0.0436,-0.0005,-0.082,0.546,-0.0109,0.81
1168,4699,0.7199,0.1692,0.1116,0.3176,0.5019,-0.0233,9.11,153.36,1.84,53534.0,0.0,0.1701,0.0442,-0.0006,-0.0832,0.6066,-0.0117,0.81
1169,4699,0.7195,0.1701,0.1111,0.3074,0.4843,-0.0264,10.07,136.97,1.84,53561.0,0.0,0.1584,0.0443,-0.0006,-0.0814,0.5291,-0.0088,0.81
1170,4699,0.7207,0.1697,0.1102,0.3191,0.5161,-0.0222,10.4,147.42,1.83,53595.0,0.0,0.1727,0.0436,-0.0005,-0.0835,0.5607,-0.0102,0.81
1171,4699,0.7189,0.1723,0.1095,0.3197,0.485,-0.024,9.23,148.34,1.82,53881.0,0.0,0.1662,0.0439,-0.0005,-0.0845,0.5412,-0.0117,0.81
1172,4699,0.7181,0.172,0.1104,0.312,0.4924,-0.0235,9.44,144.11,1.78,55127.0,0.0,0.1632,0.0453,-0.0006,-0.0818,0.548,-0.0093,0.81
1173,4699,0.7131,0.1747,0.1126,0.3131,0.4877,-0.025,9.17,140.4,1.83,53575.0,0.0,0.1633,0.0446,-0.0006,-0.0831,0.507,-0.011,0.81
1174,4699,0.7052,0.1791,0.116,0.3158,0.5004,-0.0243,9.79,134.64,1.83,53682.0,0.0,0.1685,0.0436,-0.0004,-0.0841,0.5094,-0.0117,0.81
1175,4699,0.7083,0.1772,0.1147,0.3204,0.5075,-0.0222,9.38,137.61,1.82,54047.0,0.0,0.1707,0.0443,-0.0005,-0.0835,0.4621,-0.0125,0.81
1176,4699,0.7099,0.1747,0.1157,0.3127,0.4956,-0.0245,9.98,147.91,1.84,53478.0,0.0,0.1628,0.0445,-0.0005,-0.0805,0.4823,-0.0116,0.81
1177,4699,0.7143,0.1711,0.1151,0.3271,0.5261,-0.0185,10.9,143.85,1.83,53713.0,0.0,0.1776,0.0446,-0.0005,-0.0844,0.4912,-0.0128,0.81
1178,4699,0.7191,0.1665,0.1149,0.3151,0.5016,-0.0241,9.5,126.26,1.82,54094.0,0.0,0.1708,0.0428,-0.0004,-0.083,0.537,-0.011,0.81
1179,4699,0.7221,0.1645,0.1139,0.3309,0.5045,-0.0227,9.44,135.41,1.82,53934.0,0.0,0.1735,0.0451,-0.0005,-0.0893,0.5864,-0.0111,0.81
1180,4699,0.7249,0.1643,0.1115,0.308,0.4995,-0.0248,9.94,129.49,1.83,53735.0,0.0,0.1603,0.0444,-0.0006,-0.0805,0.5099,-0.0123,0.81
1181,4699,0.7251,0.1681,0.1075,0.3011,0.4945,-0.0261,9.6,117.7,1.83,53780.0,0.0,0.1587,0.0423,-0.0005,-0.0795,0.5465,-0.0114,0.81
1182,4699,0.7266,0.1723,0.1016,0.315,0.5288,-0.0223,10.49,137.31,1.82,54155.0,0.0,0.1757,0.0424,-0.0005,-0.0809,0.5725,-0.0126,0.81
1183,4699,0.7297,0.1717,0.0992,0.315,0.5051,-0.0252,10.7,136.61,1.82,53904.0,0.0,0.1678,0.0438,-0.0005,-0.0837,0.5672,-0.0104,0.81
1184,4699,0.7315,0.1711,0.0979,0.3125,0.5005,-0.025,9.62,147.55,1.82,53908.0,0.0,0.1654,0.0442,-0.0006,-0.081,0.5887,-0.0127,0.81
1185,4699,0.7347,0.1702,0.0954,0.3067,0.4971,-0.0253,9.76,145.5,1.83,53746.0,0.0,0.1642,0.0432,-0.0005,-0.0775,0.5152,-0.0126,0.81
1186,4699,0.7373,0.1673,0.0957,0.3044,0.5374,-0.0208,10.15,135.11,1.83,53633.0,0.0,0.1691,0.0414,-0.0005,-0.0798,0.5233,-0.0105,0.81
1187,4699,0.7397,0.1655,0.095,0.2992,0.5226,-0.0211,9.86,134.06,1.83,53675.0,0.0,0.1622,0.0406,-0.0006,-0.0771,0.5274,-0.0112,0.81
1188,4699,0.7387,0.1658,0.0955,0.2989,0.5058,-0.0256,10.31,131.12,1.83,53703.0,0.0,0.1636,0.041,-0.0004,-0.0768,0.4305,-0.0126,0.81
1189,4699,0.7404,0.1646,0.095,0.3131,0.5286,-0.0211,9.2,144.24,1.83,53704.0,0.0,0.1755,0.0424,-0.0004,-0.0828,0.4841,-0.0117,0.81
1190,4699,0.7387,0.1663,0.095,0.3163,0.5039,-0.0243,10.43,159.75,1.83,53636.0,0.0,0.1659,0.0458,-0.0005,-0.0853,0.4754,-0.011,0.81
1191,4699,0.735,0.1702,0.095,0.2894,0.4924,-0.0284,9.25,141.94,1.84,53349.0,0.0,0.1549,0.0406,-0.0004,-0.0761,0.4248,-0.0094,0.81
1192,4699,0.7331,0.172,0.0951,0.3184,0.5101,-0.0214,10.18,141.8,1.83,53835.0,0.0,0.1675,0.0451,-0.0006,-0.0835,0.4478,-0.008,0.81
1193,4699,0.7346,0.1697,0.096,0.3113,0.5242,-0.0219,10.32,153.17,1.84,53461.0,0.0,0.1679,0.0426,-0.0005,-0.0801,0.4389,-0.0116,0.81
1194,4699,0.7334,0.1671,0.0997,0.3086,0.521,-0.0213,9.29,123.86,1.83,53687.0,0.0,0.1703,0.0415,-0.0004,-0.0789,0.5087,-0.0108,0.81
1195,4699,0.7305,0.168,0.1017,0.3206,0.5091,-0.0214,10.75,149.98,1.82,53882.0,0.0,0.1704,0.0434,-0.0004,-0.083,0.4467,-0.0116,0.81
1196,4699,0.7293,0.1657,0.1052,0.317,0.515,-0.0207,10.67,142.03,1.82,53943.0,0.0,0.1694,0.0443,-0.0005,-0.0814,0.5289,-0.0104,0.81
1197,4699,0.7287,0.1657,0.1059,0.3176,0.5225,-0.0213,10.18,135.36,1.83,53706.0,0.0,0.1719,0.0437,-0.0005,-0.0821,0.4488,-0.012,0.81
1198,4699,0.7309,0.1633,0.1062,0.316,0.4943,-0.0237,9.62,150.31,1.82,53956.0,0.0,0.1636,0.0449,-0.0005,-0.0812,0.4796,-0.0113,0.81
1199,4699,0.7294,0.1635,0.1074,0.3191,0.5027,-0.0232,9.14,135.7,1.82,54019.0,0.0,0.1659,0.0447,-0.0005,-0.0822,0.5707,-0.0118,0.8
1200,4699,0.7202,0.1662,0.114,0.3302,0.4855,-0.0232,9.51,137.42,1.83,53712.0,0.0,0.1666,0.0462,-0.0005,-0.0867,0.4648,-0.0094,0.8
1201,4699,0.7176,0.1656,0.1176,0.3323,0.5091,-0.0204,10.41,154.52,1.83,53857.0,0.0,0.1717,0.046,-0.0004,-0.087,0.4994,-0.0076,0.8
1202,4699,0.7193,0.1626,0.1188,0.3316,0.4908,-0.024,9.67,152.37,1.84,53520.0,0.0,0.1696,0.0463,-0.0005,-0.0872,0.5644,-0.0111,0.8
1203,4699,0.7176,0.164,0.1191,0.3132,0.4928,-0.0254,9.72,154.6,1.82,53920.0,0.0,0.1662,0.0427,-0.0004,-0.082,0.4369,-0.0122,0.8
1204,4699,0.7186,0.1644,0.1177,0.3274,0.4975,-0.0222,9.33,145.34,1.82,53867.0,0.0,0.1686,0.0449,-0.0004,-0.0847,0.5336,-0.0114,0.8
1205,4699,0.7176,0.1666,0.1165,0.3341,0.5089,-0.0231,10.34,156.2,1.84,53425.0,0.0,0.1768,0.0455,-0.0004,-0.0852,0.4681,-0.0111,0.8
1206,4699,0.7198,0.1668,0.1139,0.3098,0.4895,-0.0242,9.54,150.5,1.83,53650.0,0.0,0.1637,0.0434,-0.0004,-0.078,0.4568,-0.0117,0.8
1207,4699,0.7262,0.1625,0.1118,0.323,0.5119,-0.0211,10.01,145.61,1.84,53377.0,0.0,0.1701,0.0432,-0.0004,-0.0795,0.4883,-0.0115,0.8
1208,4699,0.7264,0.1613,0.1127,0.3194,0.506,-0.0224,9.46,134.44,1.84,53432.0,0.0,0.1712,0.0427,-0.0004,-0.0816,0.4871,-0.0123,0.8
1209,4699,0.7231,0.1614,0.1161,0.3244,0.4769,-0.0259,9.87,167.78,1.84,53566.0,0.0,0.1629,0.0454,-0.0006,-0.0825,0.5079,-0.0113,0.8
1210,4699,0.7228,0.1614,0.1163,0.3243,0.4967,-0.0245,9.39,144.99,1.83,53771.0,0.0,0.1705,0.0439,-0.0003,-0.081,0.5567,-0.0121,0.8
1211,4699,0.7224,0.1624,0.1157,0.3477,0.4915,-0.0221,9.97,162.66,1.83,53737.0,0.0,0.1781,0.0468,-0.0004,-0.0878,0.5574,-0.0129,0.8
1212,4699,0.7162,0.1646,0.1198,0.3544,0.4812,-0.0232,11.22,159.77,1.82,53928.0,0.0,0.1736,0.05,-0.0004,-0.0895,0.5081,-0.0111,0.8
1213,4699,0.7187,0.1626,0.1194,0.3362,0.5139,-0.0222,9.44,130.21,1.83,53787.0,0.0,0.176,0.0455,-0.0004,-0.0841,0.5481,-0.0113,0.8
1214,4699,0.7181,0.1652,0.1174,0.3428,0.5021,-0.0223,10.56,160.23,1.83,53676.0,0.0,0.1745,0.047,-0.0004,-0.0862,0.5836,-0.0104,0.8
1215,4699,0.7222,0.1633,0.1152,0.3322,0.4885,-0.0259,9.88,147.85,1.84,53533.0,0.0,0.1666,0.0449,-0.0005,-0.0813,0.5396,-0.0111,0.8
1216,4699,0.722,0.1668,0.1117,0.3161,0.5296,-0.022,9.69,146.76,1.82,53929.0,0.0,0.1717,0.0436,-0.0004,-0.0761,0.5459,-0.0121,0.8
1217,4699,0.7257,0.1661,0.1087,0.3276,0.5151,-0.0211,11.08,144.1,1.83,53664.0,0.0,0.1757,0.0449,-0.0004,-0.0804,0.504,-0.0112,0.8
1218,4699,0.7341,0.1624,0.1039,0.3196,0.5321,-0.0203,10.37,148.5,1.84,53410.0,0.0,0.1722,0.0424,-0.0004,-0.0787,0.5006,-0.0131,0.8
1219,4699,0.7395,0.1596,0.1013,0.3243,0.5098,-0.0226,8.77,144.77,1.83,53654.0,0.0,0.1706,0.0442,-0.0003,-0.0792,0.5421,-0.0106,0.8
1220,4699,0.7362,0.1617,0.1024,0.3437,0.5061,-0.0228,10.0,163.35,1.84,53467.0,0.0,0.1841,0.0456,-0.0004,-0.085,0.5406,-0.0113,0.8
1221,4699,0.7337,0.1595,0.107,0.3307,0.5097,-0.0213,10.73,154.01,1.81,54190.0,0.0,0.1709,0.0459,-0.0004,-0.0798,0.5869,-0.0115,0.8
1222,4699,0.7387,0.1567,0.1046,0.348,0.5206,-0.0221,10.35,146.24,1.82,53952.0,0.0,0.1842,0.0456,-0.0004,-0.0831,0.4996,-0.0112,0.8
1223,4699,0.7423,0.1558,0.1019,0.3291,0.524,-0.0212,10.2,153.9,1.84,53377.0,0.0,0.1757,0.0435,-0.0004,-0.0811,0.5988,-0.0118,0.8
1224,4699,0.7462,0.1558,0.0983,0.3171,0.5042,-0.0249,9.07,150.11,1.84,53490.0,0.0,0.1669,0.0426,-0.0005,-0.0757,0.5842,-0.0113,0.8
1225,4699,0.7432,0.1598,0.0977,0.3115,0.507,-0.0257,10.83,139.51,1.84,53496.0,0.0,0.1711,0.0411,-0.0004,-0.075,0.5924,-0.0107,0.8
1226,4699,0.7436,0.1617,0.0954,0.321,0.5178,-0.022,10.51,154.81,1.83,53605.0,0.0,0.1664,0.0437,-0.0004,-0.0759,0.5285,-0.0124,0.8
1227,4699,0.7449,0.1632,0.0925,0.3174,0.5291,-0.0215,9.97,125.07,1.82,54024.0,0.0,0.1715,0.0415,-0.0005,-0.0744,0.5077,-0.0105,0.8
1228,4699,0.7486,0.1632,0.0887,0.3117,0.5272,-0.0244,9.86,134.56,1.85,53204.0,0.0,0.1757,0.0396,-0.0003,-0.0749,0.6147,-0.011,0.8
1229,4699,0.7472,0.1665,0.0866,0.324,0.4944,-0.0252,9.71,153.14,1.84,53552.0,0.0,0.168,0.0425,-0.0004,-0.0797,0.5174,-0.0124,0.8
1230,4699,0.7421,0.1728,0.0853,0.3243,0.5272,-0.0232,10.64,147.86,1.83,53603.0,0.0,0.1768,0.0413,-0.0004,-0.0776,0.5044,-0.0111,0.8
1231,4699,0.7422,0.1739,0.0842,0.3249,0.5092,-0.0252,8.73,134.18,1.83,53642.0,0.0,0.1763,0.042,-0.0004,-0.0802,0.5756,-0.0119,0.8
1232,4699,0.7384,0.1765,0.0853,0.3281,0.5148,-0.0231,9.85,129.43,1.82,53883.0,0.0,0.1732,0.0418,-0.0004,-0.0772,0.4504,-0.0124,0.8
1233,4699,0.7416,0.1741,0.0846,0.3254,0.5241,-0.0226,11.16,141.24,1.83,53710.0,0.0,0.177,0.0413,-0.0005,-0.076,0.5299,-0.0118,0.8
1234,4699,0.7425,0.1755,0.0822,0.3223,0.5217,-0.0246,10.13,148.71,1.8,54594.0,0.0,0.1761,0.0416,-0.0004,-0.0795,0.4719,-0.0123,0.8
1235,4699,0.7427,0.1718,0.0859,0.3545,0.5356,-0.02,10.49,131.32,1.84,53422.0,0.0,0.1854,0.0442,-0.0004,-0.0818,0.499,-0.0119,0.8
1236,4699,0.7457,0.1694,0.0851,0.3309,0.5139,-0.024,10.8,161.13,1.83,53584.0,0.0,0.1723,0.0413,-0.0004,-0.0776,0.5041,-0.0115,0.8
1237,4699,0.7455,0.1675,0.0873,0.3252,0.5318,-0.0204,10.7,132.78,1.8,54607.0,0.0,0.1742,0.0415,-0.0005,-0.0744,0.4793,-0.0129,0.8
1238,4699,0.7475,0.1649,0.088,0.324,0.5195,-0.0237,9.85,160.92,1.84,53566.0,0.0,0.1704,0.0414,-0.0004,-0.0777,0.5201,-0.0113,0.8
1239,4699,0.75,0.1632,0.087,0.3291,0.5294,-0.0211,10.43,160.88,1.84,53415.0,0.0,0.1728,0.0414,-0.0004,-0.0757,0.5321,-0.0079,0.8
1240,4699,0.7477,0.1632,0.0891,0.3491,0.5168,-0.0208,10.42,152.32,1.83,53724.0,0.0,0.179,0.0439,-0.0005,-0.0822,0.4881,-0.0119,0.8
1241,4699,0.7476,0.1608,0.0916,0.3322,0.507,-0.0245,9.49,140.93,1.78,55342.0,0.0,0.169,0.0414,-0.0006,-0.0767,0.5072,-0.011,0.79
1242,4699,0.7457,0.1614,0.0929,0.3321,0.5243,-0.0205,10.73,159.04,1.83,53580.0,0.0,0.1745,0.0411,-0.0004,-0.0765,0.4823,-0.0119,0.8
1243,4699,0.7474,0.1609,0.0917,0.3119,0.5172,-0.0259,10.07,139.99,1.82,53896.0,0.0,0.1724,0.038,-0.0003,-0.0722,0.5454,-0.0108,0.8
1244,4699,0.7468,0.1624,0.0908,0.3355,0.5107,-0.023,10.83,146.86,1.84,53523.0,0.0,0.1735,0.0419,-0.0003,-0.0811,0.4799,-0.0124,0.8
1245,4699,0.7461,0.1611,0.0929,0.3333,0.523,-0.0208,10.62,133.65,1.83,53670.0,0.0,0.181,0.0415,-0.0003,-0.0797,0.5124,-0.0114,0.8
1246,4699,0.7463,0.1629,0.0908,0.3073,0.5104,-0.0258,9.84,146.57,1.83,53573.0,0.0,0.1662,0.0394,-0.0003,-0.0744,0.4668,-0.0126,0.8
1247,4699,0.7438,0.1659,0.0903,0.3468,0.5262,-0.0201,10.54,153.99,1.83,53789.0,0.0,0.1705,0.0453,-0.0005,-0.0823,0.4627,-0.0117,0.8
1248,4699,0.745,0.1615,0.0938,0.3468,0.5093,-0.0215,9.48,149.84,1.83,53689.0,0.0,0.1761,0.0426,-0.0004,-0.0836,0.5496,-0.0122,0.8
1249,4699,0.7421,0.1673,0.0909,0.3364,0.5041,-0.0254,9.38,141.1,1.83,53697.0,0.0,0.1731,0.0424,-0.0003,-0.0817,0.5391,-0.0096,0.8
1250,4699,0.7373,0.171,0.0919,0.3395,0.5069,-0.0209,11.06,162.07,1.84,53502.0,0.0,0.1744,0.0446,-0.0004,-0.085,0.4717,-0.0079,0.8
1251,4699,0.7359,0.1703,0.0941,0.3163,0.5156,-0.0237,10.36,129.1,1.79,54867.0,0.0,0.1712,0.0396,-0.0004,-0.0738,0.5074,-0.0114,0.8
1252,4699,0.7317,0.1732,0.0954,0.3283,0.4936,-0.0242,9.25,137.65,1.83,53666.0,0.0,0.1675,0.041,-0.0002,-0.0775,0.5085,-0.0123,0.8
1253,4699,0.7277,0.1738,0.0987,0.3434,0.5046,-0.022,10.04,163.13,1.82,53900.0,0.0,0.1761,0.0439,-0.0004,-0.0828,0.48,-0.0114,0.8
1254,4699,0.7255,0.1712,0.1038,0.358,0.4988,-0.0206,10.95,173.9,1.84,53437.0,0.0,0.1756,0.0459,-0.0004,-0.0856,0.5445,-0.0111,0.8
1255,4699,0.7255,0.1676,0.1076,0.349,0.5278,-0.02,10.32,155.37,1.85,53245.0,0.0,0.1819,0.0432,-0.0004,-0.0822,0.4753,-0.0116,0.8
1256,4699,0.7291,0.1653,0.1067,0.3288,0.5107,-0.0233,10.08,121.71,1.82,53911.0,0.0,0.1767,0.0397,-0.0004,-0.0762,0.5497,-0.0123,0.8
1257,4699,0.726,0.1685,0.1064,0.3505,0.4886,-0.0223,9.88,161.82,1.84,53355.0,0.0,0.1756,0.045,-0.0005,-0.0843,0.5059,-0.0121,0.8
1258,4699,0.7216,0.1703,0.1091,0.3365,0.5107,-0.0228,10.11,139.39,1.84,53361.0,0.0,0.1776,0.0411,-0.0003,-0.0786,0.5224,-0.0116,0.8
1259,4699,0.7167,0.1747,0.1096,0.3239,0.4704,-0.0269,10.16,141.43,1.84,53563.0,0.0,0.1649,0.0412,-0.0004,-0.0754,0.5044,-0.0112,0.8
1260,4699,0.7119,0.1774,0.1117,0.3127,0.4885,-0.0278,9.8,123.22,1.84,53561.0,0.0,0.1636,0.038,-0.0003,-0.0741,0.5465,-0.0116,0.8
1261,4699,0.7078,0.18,0.1135,0.3622,0.4864,-0.0216,9.77,149.56,1.83,53855.0,0.0,0.1798,0.0461,-0.0004,-0.0857,0.438,-0.0127,0.8
1262,4699,0.7127,0.1738,0.1147,0.349,0.5046,-0.0218,9.94,150.95,1.84,53557.0,0.0,0.1789,0.0442,-0.0004,-0.0806,0.4861,-0.0112,0.8
1263,4699,0.7101,0.1729,0.118,0.3584,0.471,-0.026,10.24,159.59,1.84,53459.0,0.0,0.1705,0.0467,-0.0004,-0.0831,0.4715,-0.0103,0.79
1264,4699,0.7078,0.1699,0.1233,0.3505,0.4715,-0.0247,9.56,150.54,1.83,53798.0,0.0,0.1634,0.0441,-0.0004,-0.0813,0.4652,-0.0117,0.8
1265,4699,0.7063,0.1695,0.1252,0.365,0.4911,-0.0221,9.73,146.39,1.83,53796.0,0.0,0.1819,0.0443,-0.0004,-0.0854,0.4734,-0.0121,0.79
1266,4699,0.7026,0.1714,0.1269,0.3524,0.4918,-0.0227,10.15,153.21,1.84,53501.0,0.0,0.1691,0.045,-0.0005,-0.0806,0.4366,-0.0118,0.79
1267,4699,0.703,0.1692,0.1287,0.3655,0.4884,-0.02,9.5,150.74,1.83,53761.0,0.0,0.1686,0.0465,-0.0004,-0.0848,0.5226,-0.0125,0.79
1268,4699,0.6973,0.1712,0.1325,0.3787,0.467,-0.0231,10.02,169.41,1.83,53779.0,0.0,0.1724,0.0481,-0.0004,-0.0895,0.4525,-0.0128,0.8
1269,4699,0.6913,0.1705,0.139,0.3695,0.4718,-0.0229,10.17,164.61,1.83,53787.0,0.0,0.1689,0.0465,-0.0004,-0.0849,0.4661,-0.0116,0.79
1270,4699,0.6882,0.1694,0.1432,0.358,0.4828,-0.0224,8.98,132.58,1.83,53618.0,0.0,0.1677,0.0452,-0.0004,-0.083,0.548,-0.0126,0.8
1271,4699,0.6895,0.171,0.1399,0.3654,0.4717,-0.0255,9.73,159.72,1.83,53742.0,0.0,0.1746,0.0454,-0.0004,-0.0835,0.4582,-0.0116,0.8
1272,4699,0.6893,0.1726,0.1385,0.3338,0.475,-0.0259,9.64,129.02,1.83,53626.0,0.0,0.166,0.0431,-0.0003,-0.0758,0.4088,-0.0124,0.8
1273,4699,0.6928,0.1691,0.1386,0.3651,0.4994,-0.0171,11.24,150.13,1.85,53207.0,0.0,0.1778,0.0472,-0.0004,-0.0836,0.4595,-0.0124,0.8
1274,4699,0.6973,0.1657,0.1378,0.3445,0.4803,-0.0239,11.01,161.5,1.82,53900.0,0.0,0.1635,0.0433,-0.0004,-0.079,0.5333,-0.013,0.8
1275,4699,0.6929,0.1679,0.14,0.3658,0.4591,-0.0252,10.87,172.94,1.79,55010.0,0.0,0.1596,0.0472,-0.0004,-0.0824,0.4521,-0.012,0.8
1276,4699,0.6804,0.1732,0.1468,0.3508,0.4463,-0.0267,9.43,144.96,1.84,53566.0,0.0,0.1534,0.0459,-0.0003,-0.0793,0.4684,-0.0126,0.8
1277,4699,0.674,0.1761,0.1504,0.347,0.4633,-0.0236,9.61,140.94,1.83,53596.0,0.0,0.1573,0.0452,-0.0004,-0.0798,0.4667,-0.0126,0.8
1278,4699,0.6759,0.1729,0.1515,0.3536,0.4637,-0.0233,9.47,161.59,1.84,53568.0,0.0,0.1631,0.0456,-0.0005,-0.0824,0.4798,-0.012,0.8
1279,4699,0.6793,0.1706,0.1504,0.3479,0.4741,-0.0225,9.75,141.27,1.83,53631.0,0.0,0.1691,0.0458,-0.0006,-0.0804,0.5238,-0.0107,0.8
1280,4699,0.679,0.1672,0.1539,0.371,0.4711,-0.0226,11.04,154.76,1.83,53602.0,0.0,0.1686,0.0472,-0.0003,-0.0833,0.4351,-0.0116,0.8
1281,4699,0.6815,0.1649,0.1536,0.3517,0.4557,-0.0267,9.34,151.08,1.82,53931.0,0.0,0.1582,0.0468,-0.0003,-0.0775,0.5095,-0.0116,0.8
1282,4699,0.6813,0.1683,0.1504,0.3509,0.4738,-0.0245,10.18,155.17,1.82,53947.0,0.0,0.162,0.0448,-0.0004,-0.0788,0.4583,-0.0107,0.8
1283,4699,0.6843,0.1666,0.149,0.3575,0.4817,-0.0229,10.9,161.5,1.84,53481.0,0.0,0.168,0.0448,-0.0005,-0.078,0.4615,-0.0119,0.8
1284,4699,0.69,0.1608,0.1492,0.3696,0.4891,-0.0181,10.24,162.22,1.83,53837.0,0.0,0.1673,0.0466,-0.0004,-0.0796,0.4541,-0.0124,0.8
1285,4699,0.6884,0.1614,0.1504,0.3653,0.4633,-0.0239,10.68,179.4,1.83,53667.0,0.0,0.1662,0.0493,-0.0004,-0.0815,0.4542,-0.011,0.8
1286,4699,0.6861,0.162,0.1526,0.3541,0.4761,-0.0244,10.84,158.01,1.82,54038.0,0.0,0.1642,0.0464,-0.0004,-0.0804,0.6044,-0.0115,0.8
1287,4699,0.6841,0.1642,0.1524,0.3475,0.4848,-0.0227,9.36,141.6,1.82,54051.0,0.0,0.1656,0.0466,-0.0004,-0.0765,0.4577,-0.0124,0.8
1288,4699,0.6911,0.1634,0.1461,0.3597,0.5054,-0.0207,9.5,157.77,1.84,53395.0,0.0,0.172,0.047,-0.0003,-0.0816,0.4799,-0.011,0.8
1289,4699,0.7024,0.1602,0.1383,0.3521,0.5257,-0.0194,10.08,153.46,1.83,53669.0,0.0,0.1751,0.0465,-0.0004,-0.0783,0.5429,-0.0112,0.8
1290,4699,0.7034,0.1632,0.1341,0.344,0.4609,-0.0285,10.52,158.94,1.83,53790.0,0.0,0.1618,0.0464,-0.0004,-0.0767,0.4418,-0.0124,0.8
1291,4699,0.7045,0.1642,0.1318,0.3527,0.5125,-0.021,10.79,146.43,1.84,53393.0,0.0,0.1693,0.0461,-0.0004,-0.0785,0.4633,-0.0118,0.8
1292,4699,0.7043,0.1686,0.1276,0.3388,0.528,-0.0221,11.13,156.28,1.84,53365.0,0.0,0.1692,0.0442,-0.0004,-0.0735,0.4369,-0.0097,0.8
1293,4699,0.7127,0.1652,0.1226,0.3553,0.507,-0.0223,10.67,137.24,1.85,53217.0,0.0,0.1725,0.0458,-0.0004,-0.0785,0.5017,-0.0121,0.8
1294,4699,0.7166,0.1638,0.1201,0.3681,0.5081,-0.0202,10.93,157.58,1.84,53405.0,0.0,0.1766,0.0487,-0.0005,-0.085,0.5376,-0.0127,0.8
1295,4699,0.7234,0.1601,0.1173,0.3291,0.4992,-0.0257,9.42,145.4,1.82,53877.0,0.0,0.166,0.0436,-0.0004,-0.0733,0.4585,-0.012,0.8
1296,4699,0.7251,0.1623,0.1136,0.3292,0.5078,-0.0221,9.91,129.45,1.83,53679.0,0.0,0.1684,0.0436,-0.0004,-0.0736,0.4347,-0.0127,0.8
1297,4699,0.7291,0.1584,0.1135,0.3429,0.4927,-0.0224,9.91,154.18,1.84,53324.0,0.0,0.1713,0.047,-0.0004,-0.0785,0.4681,-0.0127,0.8
1298,4699,0.7245,0.1578,0.1184,0.3474,0.4832,-0.0232,10.37,151.45,1.85,53112.0,0.0,0.1686,0.0502,-0.0004,-0.0799,0.5035,-0.0117,0.8
1299,4699,0.7196,0.1605,0.1212,0.3358,0.5055,-0.0232,9.03,132.39,1.85,53220.0,0.0,0.1697,0.0459,-0.0004,-0.0776,0.4653,-0.0125,0.8
1300,4699,0.718,0.1621,0.121,0.3573,0.4915,-0.0214,9.78,138.46,1.82,53994.0,0.0,0.1752,0.0494,-0.0005,-0.0793,0.4229,-0.0125,0.8
1301,4699,0.7189,0.1615,0.1204,0.3407,0.5093,-0.0197,9.75,157.75,1.83,53588.0,0.0,0.168,0.0482,-0.0003,-0.076,0.4583,-0.0116,0.8
1302,4699,0.7184,0.161,0.1213,0.3424,0.5017,-0.0236,10.5,152.72,1.84,53430.0,0.0,0.1733,0.048,-0.0004,-0.0773,0.5104,-0.0122,0.8
1303,4699,0.7186,0.1622,0.12,0.3257,0.4958,-0.0247,9.77,128.7,1.85,53084.0,0.0,0.168,0.0435,-0.0004,-0.0752,0.5287,-0.0119,0.8
1304,4699,0.7203,0.162,0.1183,0.3473,0.5013,-0.0217,10.28,141.51,1.84,53477.0,0.0,0.1758,0.0477,-0.0005,-0.079,0.4545,-0.0125,0.8
1305,4699,0.7204,0.1628,0.1174,0.3383,0.4935,-0.0223,10.08,147.14,1.85,53150.0,0.0,0.1678,0.0475,-0.0004,-0.076,0.4603,-0.0134,0.8
1306,4699,0.7149,0.1617,0.1239,0.3515,0.4648,-0.0251,9.29,164.89,1.85,53202.0,0.0,0.1623,0.0504,-0.0005,-0.0795,0.4819,-0.0127,0.8
1307,4699,0.7051,0.1646,0.1311,0.3369,0.4755,-0.0263,9.59,139.75,1.84,53388.0,0.0,0.1621,0.0496,-0.0005,-0.0748,0.4666,-0.0119,0.8
1308,4699,0.7016,0.1684,0.1307,0.3391,0.4826,-0.024,9.15,134.68,1.86,52836.0,0.0,0.1677,0.0494,-0.0004,-0.0763,0.4538,-0.0129,0.8
1309,4699,0.7053,0.1669,0.1283,0.3396,0.4853,-0.0214,10.19,172.41,1.85,53016.0,0.0,0.1611,0.0503,-0.0004,-0.0737,0.4345,-0.0116,0.8
1310,4699,0.7029,0.166,0.1317,0.3454,0.4878,-0.022,10.55,150.31,1.86,52970.0,0.0,0.1667,0.0499,-0.0005,-0.0776,0.4046,-0.0119,0.8
1311,4699,0.6998,0.1652,0.1357,0.3421,0.4768,-0.0209,9.64,141.03,1.85,53190.0,0.0,0.1632,0.0511,-0.0004,-0.0762,0.3954,-0.0112,0.8
1312,4699,0.6981,0.1647,0.138,0.3584,0.4799,-0.0216,10.7,164.48,1.84,53351.0,0.0,0.1692,0.0539,-0.0004,-0.0771,0.3853,-0.0111,0.8
1313,4699,0.6986,0.1595,0.1424,0.3506,0.4745,-0.0214,9.86,158.37,1.85,53174.0,0.0,0.1634,0.0526,-0.0004,-0.0772,0.4326,-0.0126,0.8
1314,4699,0.6958,0.1577,0.1469,0.3355,0.4777,-0.0232,9.42,129.63,1.84,53442.0,0.0,0.1626,0.0498,-0.0005,-0.0742,0.4437,-0.0117,0.8
1315,4699,0.6946,0.1601,0.1459,0.339,0.4973,-0.022,10.66,146.85,1.84,53477.0,0.0,0.1722,0.0481,-0.0004,-0.076,0.3877,-0.0111,0.8
1316,4699,0.6935,0.1621,0.1451,0.3523,0.4712,-0.0213,10.5,159.25,1.86,52964.0,0.0,0.1626,0.053,-0.0005,-0.0731,0.3885,-0.0112,0.8
1317,4699,0.6924,0.1582,0.1501,0.372,0.4671,-0.0206,10.45,157.37,1.84,53299.0,0.0,0.1663,0.0565,-0.0005,-0.0829,0.3881,-0.011,0.8
1318,4699,0.6889,0.1552,0.1564,0.353,0.4738,-0.0209,9.86,138.07,1.84,53422.0,0.0,0.1668,0.0538,-0.0004,-0.0738,0.4658,-0.0119,0.8
1319,4699,0.6817,0.1586,0.1603,0.3609,0.4435,-0.0235,10.06,177.35,1.85,53262.0,0.0,0.1554,0.0572,-0.0004,-0.0733,0.4512,-0.0112,0.8
1320,4699,0.6764,0.1599,0.1644,0.357,0.4811,-0.0201,10.84,161.9,1.82,54072.0,0.0,0.17,0.052,-0.0003,-0.0763,0.3609,-0.0119,0.8
1321,4699,0.6751,0.1579,0.1678,0.3739,0.4527,-0.0217,10.02,169.27,1.85,53256.0,0.0,0.1682,0.0569,-0.0004,-0.0824,0.3799,-0.0121,0.8
1322,4699,0.6706,0.1574,0.1727,0.3758,0.452,-0.0211,10.22,179.99,1.84,53360.0,0.0,0.1605,0.0601,-0.0004,-0.0771,0.3747,-0.0121,0.8
1323,4699,0.6671,0.1575,0.1759,0.364,0.4415,-0.0235,9.39,157.71,1.86,52826.0,0.0,0.1509,0.0582,-0.0004,-0.0781,0.4664,-0.0114,0.8
1324,4699,0.6672,0.1604,0.173,0.341,0.452,-0.0255,9.7,144.7,1.85,53260.0,0.0,0.1569,0.0534,-0.0004,-0.0711,0.4203,-0.0115,0.8
1325,4699,0.6637,0.1624,0.1746,0.3745,0.4379,-0.0221,9.56,164.04,1.86,52897.0,0.0,0.1584,0.0598,-0.0005,-0.0807,0.3981,-0.0121,0.8
1326,4699,0.6624,0.1592,0.1794,0.3715,0.4893,-0.0171,11.03,153.39,1.85,53279.0,0.0,0.1736,0.056,-0.0005,-0.0799,0.4963,-0.0126,0.8
1327,4699,0.664,0.1594,0.1776,0.3591,0.4395,-0.0243,10.18,160.33,1.85,53122.0,0.0,0.1576,0.0562,-0.0004,-0.0749,0.4664,-0.0119,0.8
1328,4699,0.6621,0.1583,0.1806,0.3568,0.4396,-0.0239,9.09,175.54,1.85,53013.0,0.0,0.1573,0.0565,-0.0004,-0.0756,0.4368,-0.0117,0.8
1329,4699,0.6563,0.1617,0.183,0.3639,0.4444,-0.0224,9.77,165.98,1.84,53296.0,0.0,0.1594,0.0564,-0.0004,-0.0726,0.4451,-0.011,0.8
1330,4699,0.6529,0.1642,0.1838,0.353,0.4476,-0.0251,9.4,149.24,1.84,53443.0,0.0,0.1535,0.0561,-0.0004,-0.0733,0.4647,-0.0113,0.8
1331,4699,0.6503,0.1668,0.1839,0.349,0.4783,-0.0198,10.12,141.74,1.84,53367.0,0.0,0.1615,0.0544,-0.0003,-0.071,0.4465,-0.0116,0.8
1332,4699,0.6558,0.1625,0.1827,0.3644,0.4783,-0.0194,9.39,167.23,1.85,53220.0,0.0,0.1737,0.0543,-0.0005,-0.0752,0.4187,-0.0127,0.8
1333,4699,0.6576,0.1624,0.181,0.351,0.466,-0.0229,10.26,170.09,1.86,52933.0,0.0,0.163,0.0543,-0.0004,-0.0761,0.4346,-0.0127,0.8
1334,4699,0.6598,0.1618,0.1793,0.361,0.4778,-0.019,9.8,144.62,1.85,52996.0,0.0,0.1638,0.0536,-0.0004,-0.0773,0.4782,-0.0114,0.8
1335,4699,0.662,0.1606,0.1779,0.3931,0.4529,-0.0193,10.96,168.19,1.85,53142.0,0.0,0.1701,0.0609,-0.0004,-0.0812,0.4889,-0.011,0.8
1336,4699,0.6647,0.1546,0.1813,0.3599,0.4539,-0.024,10.01,156.84,1.86,52905.0,0.0,0.1607,0.0549,-0.0004,-0.0735,0.4448,-0.011,0.8
1337,4699,0.6606,0.1561,0.184,0.3712,0.4406,-0.0245,9.48,155.71,1.84,53366.0,0.0,0.1617,0.0575,-0.0004,-0.0789,0.485,-0.012,0.8
1338,4699,0.6603,0.1579,0.1829,0.3639,0.4659,-0.0238,9.69,146.7,1.84,53502.0,0.0,0.1642,0.0543,-0.0004,-0.075,0.5228,-0.0102,0.8
1339,4699,0.6566,0.1604,0.1841,0.369,0.4211,-0.0249,10.14,162.2,1.86,52931.0,0.0,0.1518,0.0598,-0.0004,-0.0774,0.5077,-0.0119,0.8
1340,4699,0.6525,0.1638,0.1847,0.3661,0.4328,-0.0251,9.93,196.3,1.86,52975.0,0.0,0.1516,0.0589,-0.0004,-0.0718,0.4798,-0.0123,0.8
1341,4699,0.6462,0.1647,0.1894,0.376,0.4295,-0.023,9.53,155.78,1.86,52849.0,0.0,0.1582,0.0594,-0.0005,-0.0766,0.438,-0.0123,0.8
1342,4699,0.6462,0.1638,0.1901,0.3724,0.4585,-0.0228,9.72,148.1,1.85,53101.0,0.0,0.1719,0.0557,-0.0004,-0.0758,0.3676,-0.0122,0.8
1343,4699,0.6476,0.1628,0.1896,0.3775,0.4676,-0.0183,10.35,167.76,1.86,52877.0,0.0,0.1652,0.0593,-0.0004,-0.0742,0.4435,-0.0104,0.8
1344,4699,0.6486,0.1625,0.1889,0.374,0.4514,-0.0224,10.52,155.8,1.85,53041.0,0.0,0.1645,0.0574,-0.0004,-0.0799,0.4728,-0.0112,0.8
1345,4699,0.6463,0.1624,0.1913,0.3597,0.444,-0.024,9.62,154.94,1.85,53151.0,0.0,0.1591,0.0546,-0.0004,-0.0759,0.4582,-0.0122,0.8
1346,4699,0.6471,0.16,0.1931,0.3846,0.4483,-0.022,10.05,174.35,1.84,53373.0,0.0,0.1704,0.0577,-0.0004,-0.081,0.4277,-0.0127,0.8
1347,4699,0.648,0.1567,0.1955,0.3804,0.4534,-0.022,8.5,171.67,1.85,53089.0,0.0,0.1709,0.0565,-0.0004,-0.073,0.4565,-0.0123,0.8
1348,4699,0.6465,0.1583,0.1956,0.3672,0.4425,-0.0245,9.76,159.26,1.82,53960.0,0.0,0.1661,0.0556,-0.0004,-0.0737,0.43,-0.0123,0.8
1349,4699,0.6463,0.1586,0.1956,0.3805,0.4488,-0.0204,9.37,173.51,1.85,53152.0,0.0,0.1688,0.056,-0.0003,-0.0782,0.4503,-0.0112,0.8
1350,4699,0.6436,0.1587,0.1982,0.3659,0.456,-0.0239,9.94,147.36,1.83,53688.0,0.0,0.1726,0.0534,-0.0004,-0.0791,0.5157,-0.0116,0.8
1351,4699,0.6417,0.1621,0.1969,0.3874,0.4246,-0.0257,9.6,170.95,1.84,53406.0,0.0,0.1582,0.0592,-0.0003,-0.079,0.5025,-0.0114,0.8
1352,4699,0.6343,0.1642,0.2022,0.3876,0.4211,-0.0236,10.11,163.59,1.85,53046.0,0.0,0.161,0.0616,-0.0004,-0.0773,0.4682,-0.0113,0.8
1353,4699,0.6343,0.1648,0.2018,0.3559,0.4708,-0.0224,9.48,157.63,1.83,53580.0,0.0,0.1666,0.0531,-0.0003,-0.0727,0.4467,-0.0127,0.8
1354,4699,0.6344,0.1647,0.2016,0.3744,0.4486,-0.0219,9.48,150.76,1.85,53174.0,0.0,0.1671,0.0565,-0.0004,-0.0766,0.462,-0.0124,0.8
1355,4699,0.6354,0.1635,0.2018,0.4031,0.4316,-0.0205,11.41,201.91,1.85,53214.0,0.0,0.169,0.0643,-0.0004,-0.0811,0.4629,-0.0099,0.8
1356,4699,0.629,0.1631,0.2085,0.3815,0.4406,-0.0221,10.49,161.38,1.85,53139.0,0.0,0.1715,0.0583,-0.0005,-0.0791,0.524,-0.0116,0.8
1357,4699,0.6316,0.1636,0.2057,0.37,0.4604,-0.0213,10.8,156.85,1.85,53075.0,0.0,0.166,0.0561,-0.0005,-0.076,0.5041,-0.0121,0.8
1358,4699,0.6335,0.1615,0.2059,0.3864,0.4366,-0.0206,9.44,162.91,1.86,52986.0,0.0,0.1598,0.0597,-0.0005,-0.0775,0.4478,-0.0122,0.8
1359,4699,0.637,0.1597,0.2043,0.3725,0.4559,-0.023,9.7,153.87,1.86,52862.0,0.0,0.1691,0.0551,-0.0004,-0.0773,0.4082,-0.0118,0.8
1360,4699,0.6363,0.1603,0.2042,0.3663,0.4397,-0.0221,9.28,181.21,1.79,54882.0,0.0,0.1597,0.0564,-0.0003,-0.0679,0.4287,-0.0124,0.8
1361,4699,0.6328,0.1604,0.2076,0.3716,0.446,-0.0233,9.95,164.95,1.85,53052.0,0.0,0.1619,0.0576,-0.0004,-0.0746,0.4315,-0.012,0.8
1362,4699,0.6348,0.1613,0.2046,0.3658,0.4602,-0.0214,10.11,157.81,1.84,53500.0,0.0,0.166,0.055,-0.0004,-0.0741,0.4403,-0.0093,0.8
1363,4699,0.6335,0.1628,0.2043,0.3714,0.4393,-0.0244,9.9,160.77,1.85,53157.0,0.0,0.1593,0.0575,-0.0003,-0.0733,0.4145,-0.009,0.8
1364,4699,0.6369,0.1597,0.204,0.3904,0.4541,-0.0189,9.43,168.94,1.86,52724.0,0.0,0.1743,0.0595,-0.0004,-0.0815,0.4254,-0.012,0.8
1365,4699,0.6358,0.1578,0.2068,0.3893,0.443,-0.0218,9.0,171.75,1.87,52441.0,0.0,0.1679,0.0611,-0.0003,-0.0793,0.4619,-0.0112,0.8
1366,4699,0.6337,0.1566,0.2102,0.3778,0.4618,-0.0204,10.76,175.08,1.85,53096.0,0.0,0.171,0.058,-0.0004,-0.0801,0.4648,-0.0119,0.8
1367,4699,0.6345,0.1578,0.2081,0.3625,0.4402,-0.0261,8.99,158.44,1.85,53063.0,0.0,0.1608,0.0553,-0.0004,-0.0732,0.4329,-0.0125,0.8
1368,4699,0.6335,0.1602,0.2066,0.3781,0.4407,-0.0233,10.37,172.62,1.86,52992.0,0.0,0.1654,0.0565,-0.0003,-0.0759,0.4726,-0.0116,0.8
1369,4699,0.6363,0.1571,0.2072,0.3996,0.4298,-0.0204,10.78,165.68,1.85,53161.0,0.0,0.1688,0.0642,-0.0005,-0.0818,0.4068,-0.0116,0.8
1370,4699,0.6352,0.158,0.2074,0.376,0.4363,-0.023,9.11,161.14,1.86,52980.0,0.0,0.1607,0.0584,-0.0004,-0.0792,0.4635,-0.0124,0.8
1371,4699,0.6387,0.1574,0.2049,0.3786,0.4703,-0.0182,10.96,162.39,1.85,53272.0,0.0,0.1714,0.0584,-0.0004,-0.0777,0.4427,-0.012,0.8
1372,4699,0.6461,0.1522,0.2025,0.3896,0.4585,-0.0199,10.18,145.45,1.85,53142.0,0.0,0.1708,0.061,-0.0004,-0.0809,0.409,-0.0127,0.81
1373,4699,0.6524,0.1501,0.1986,0.3707,0.4491,-0.0203,9.17,176.37,1.84,53295.0,0.0,0.1595,0.0588,-0.0004,-0.0754,0.4465,-0.0125,0.81
1374,4699,0.6554,0.1505,0.1949,0.3693,0.4754,-0.0206,11.31,154.59,1.86,52793.0,0.0,0.1727,0.0558,-0.0005,-0.0734,0.494,-0.012,0.81
1375,4699,0.6633,0.1487,0.1886,0.3624,0.4752,-0.0205,9.25,140.97,1.85,53238.0,0.0,0.1714,0.054,-0.0004,-0.075,0.456,-0.0122,0.81
1376,4699,0.6611,0.1503,0.1892,0.3912,0.4465,-0.0189,9.87,160.09,1.86,52983.0,0.0,0.1688,0.0611,-0.0005,-0.0787,0.5333,-0.0124,0.81
1377,4699,0.6596,0.1504,0.1908,0.3742,0.4498,-0.0224,8.89,154.54,1.82,53931.0,0.0,0.1669,0.0573,-0.0004,-0.0757,0.5142,-0.0121,0.81
1378,4699,0.6557,0.1538,0.191,0.3432,0.4539,-0.0242,10.56,137.13,1.83,53633.0,0.0,0.1605,0.053,-0.0005,-0.0731,0.4154,-0.0127,0.81
1379,4699,0.6587,0.1539,0.1878,0.3708,0.4741,-0.0193,11.46,159.76,1.85,53270.0,0.0,0.174,0.0557,-0.0004,-0.0734,0.4014,-0.0127,0.81
1380,4699,0.663,0.1511,0.1865,0.3738,0.4625,-0.0187,10.19,182.53,1.85,53003.0,0.0,0.1639,0.0581,-0.0003,-0.0716,0.5014,-0.0121,0.81
1381,4699,0.661,0.1517,0.1879,0.3578,0.4529,-0.0232,9.18,154.05,1.84,53325.0,0.0,0.161,0.0552,-0.0007,-0.0716,0.4742,-0.0106,0.81
1382,4699,0.6543,0.1566,0.1896,0.3682,0.4445,-0.0228,9.95,142.55,1.87,52666.0,0.0,0.1641,0.0567,-0.0005,-0.0731,0.4063,-0.0124,0.81
1383,4699,0.656,0.1558,0.1884,0.3758,0.4675,-0.0191,10.41,158.44,1.85,53076.0,0.0,0.1743,0.0571,-0.0004,-0.0759,0.4542,-0.0125,0.81
1384,4699,0.6571,0.1551,0.1877,0.353,0.4711,-0.021,10.69,166.65,1.84,53476.0,0.0,0.1615,0.0561,-0.0005,-0.0707,0.4381,-0.0124,0.81
1385,4699,0.659,0.1518,0.1892,0.3702,0.4672,-0.0212,10.18,143.22,1.85,53117.0,0.0,0.1698,0.0569,-0.0005,-0.0761,0.5435,-0.0117,0.81
1386,4699,0.66,0.1545,0.1855,0.3578,0.4636,-0.0229,9.25,144.22,1.85,53219.0,0.0,0.1688,0.0528,-0.0004,-0.0756,0.4484,-0.0128,0.81
1387,4699,0.6591,0.1583,0.1827,0.3658,0.459,-0.0223,9.63,169.39,1.84,53286.0,0.0,0.1653,0.0575,-0.0005,-0.0728,0.4949,-0.0112,0.81
1388,4699,0.6534,0.1609,0.1857,0.3917,0.4241,-0.024,10.84,172.36,1.84,53331.0,0.0,0.1627,0.065,-0.0005,-0.0769,0.4406,-0.0111,0.81
1389,4699,0.646,0.1612,0.193,0.3685,0.4565,-0.0202,9.44,160.63,1.81,54240.0,0.0,0.1598,0.0597,-0.0004,-0.0717,0.4353,-0.0126,0.81
1390,4699,0.645,0.1603,0.1949,0.3826,0.4264,-0.0229,10.17,167.96,1.85,53268.0,0.0,0.1561,0.0659,-0.0007,-0.0734,0.4917,-0.0121,0.81
1391,4699,0.6388,0.1579,0.2035,0.3924,0.4381,-0.0204,9.41,168.08,1.84,53351.0,0.0,0.1668,0.0641,-0.0009,-0.0754,0.4073,-0.0121,0.81
1392,4699,0.6372,0.1596,0.2037,0.3769,0.45,-0.0232,9.98,161.11,1.85,53241.0,0.0,0.1686,0.0598,-0.0007,-0.0745,0.4662,-0.0114,0.81
1393,4699,0.6348,0.1622,0.2032,0.378,0.4084,-0.0261,9.22,200.63,1.85,53048.0,0.0,0.154,0.0629,-0.0006,-0.0769,0.4355,-0.0134,0.81
1394,4699,0.6278,0.1666,0.2061,0.3755,0.427,-0.0251,9.17,164.39,1.84,53281.0,0.0,0.162,0.0585,-0.0006,-0.0745,0.5145,-0.0114,0.81
1395,4699,0.6207,0.1716,0.2081,0.3792,0.436,-0.0242,10.28,174.81,1.85,53139.0,0.0,0.1607,0.0589,-0.0007,-0.0741,0.4887,-0.0126,0.81
1396,4699,0.6182,0.1723,0.2097,0.3953,0.4326,-0.0199,10.67,181.06,1.82,53925.0,0.0,0.1629,0.0643,-0.0005,-0.0768,0.4496,-0.0133,0.81
1397,4699,0.622,0.1705,0.2076,0.381,0.4368,-0.0242,9.69,174.28,1.84,53369.0,0.0,0.1704,0.0596,-0.0004,-0.076,0.4232,-0.0133,0.81
1398,4699,0.6214,0.1702,0.2086,0.4019,0.441,-0.0218,10.11,176.0,1.86,52907.0,0.0,0.1725,0.0635,-0.0006,-0.0774,0.4049,-0.0131,0.81
1399,4699,0.623,0.1684,0.2089,0.3743,0.4482,-0.0211,9.64,170.52,1.85,53257.0,0.0,0.1628,0.0615,-0.0005,-0.0769,0.5351,-0.012,0.81
1400,4699,0.6226,0.169,0.2086,0.3942,0.4266,-0.021,10.87,184.43,1.85,53178.0,0.0,0.1634,0.0648,-0.0007,-0.0783,0.3778,-0.0137,0.81
1401,4699,0.6225,0.1643,0.2135,0.3924,0.4318,-0.0208,8.95,170.12,1.84,53414.0,0.0,0.1629,0.0625,-0.0005,-0.0776,0.4374,-0.0128,0.82
1402,4699,0.6212,0.164,0.2153,0.3939,0.4248,-0.023,10.63,172.12,1.83,53594.0,0.0,0.1661,0.0627,-0.0006,-0.0785,0.4372,-0.0116,0.82
1403,4699,0.6188,0.167,0.2145,0.4013,0.4417,-0.0208,11.43,161.6,1.86,52925.0,0.0,0.18,0.0612,-0.0006,-0.0786,0.4928,-0.0132,0.82
1404,4699,0.627,0.1653,0.2079,0.3811,0.4446,-0.0223,9.82,175.64,1.84,53302.0,0.0,0.1684,0.0579,-0.0004,-0.077,0.4536,-0.0113,0.82
1405,4699,0.6284,0.1642,0.2077,0.3945,0.4333,-0.0221,11.13,201.17,1.86,52901.0,0.0,0.171,0.0604,-0.0005,-0.0802,0.4403,-0.0126,0.82
1406,4699,0.6281,0.1649,0.2073,0.3884,0.4356,-0.0231,9.65,196.21,1.85,53075.0,0.0,0.1671,0.0597,-0.0007,-0.0749,0.4539,-0.0128,0.82
1407,4699,0.6288,0.1622,0.2091,0.3985,0.4373,-0.0188,10.14,181.13,1.86,52948.0,0.0,0.1647,0.0636,-0.0005,-0.0781,0.4471,-0.012,0.82
1408,4699,0.6271,0.1611,0.2118,0.3673,0.452,-0.024,10.25,152.89,1.85,53222.0,0.0,0.1661,0.0572,-0.0007,-0.0725,0.3877,-0.0131,0.82
1409,4699,0.6285,0.1588,0.2127,0.38,0.4211,-0.0229,8.58,163.6,1.85,53126.0,0.0,0.1566,0.0611,-0.0007,-0.0734,0.4147,-0.0124,0.82
1410,4699,0.6283,0.1573,0.2144,0.402,0.4348,-0.0208,10.82,181.16,1.85,53203.0,0.0,0.1708,0.0629,-0.0006,-0.0769,0.3608,-0.012,0.82
1411,4699,0.628,0.1535,0.2185,0.3797,0.4308,-0.0224,8.76,161.99,1.84,53304.0,0.0,0.163,0.0596,-0.0006,-0.0756,0.4726,-0.0112,0.82
1412,4699,0.6249,0.1554,0.2197,0.3908,0.403,-0.028,10.01,170.93,1.85,53141.0,0.0,0.1607,0.0633,-0.0006,-0.0735,0.4528,-0.0123,0.82
1413,4699,0.6226,0.155,0.2227,0.3998,0.4066,-0.0238,9.68,185.27,1.85,53120.0,0.0,0.1627,0.0623,-0.0008,-0.0789,0.4729,-0.0111,0.82
1414,4699,0.6145,0.1585,0.2273,0.3973,0.4112,-0.0239,9.51,164.46,1.85,53134.0,0.0,0.1607,0.0631,-0.0006,-0.0755,0.4083,-0.0125,0.82
1415,4699,0.6073,0.1599,0.2333,0.4352,0.3971,-0.0209,10.06,184.23,1.84,53302.0,0.0,0.1698,0.0712,-0.0006,-0.0808,0.4824,-0.0116,0.82
1416,4699,0.6006,0.1582,0.2417,0.4193,0.3912,-0.0232,10.11,182.22,1.84,53318.0,0.0,0.168,0.0658,-0.0006,-0.0822,0.4458,-0.0126,0.82
1417,4699,0.5981,0.1574,0.245,0.3957,0.407,-0.0257,9.05,155.79,1.86,52950.0,0.0,0.1596,0.062,-0.0006,-0.078,0.4862,-0.0133,0.82
1418,4699,0.5946,0.161,0.2449,0.393,0.4095,-0.0246,9.84,160.69,1.85,53168.0,0.0,0.1675,0.0598,-0.0006,-0.076,0.4317,-0.0138,0.82
1419,4699,0.5934,0.1621,0.2453,0.4063,0.3986,-0.0254,8.77,177.87,1.84,53348.0,0.0,0.162,0.0641,-0.0005,-0.078,0.466,-0.0114,0.82
1420,4699,0.5928,0.1631,0.2449,0.3945,0.4252,-0.023,10.3,170.1,1.85,53131.0,0.0,0.173,0.0586,-0.0006,-0.0787,0.426,-0.013,0.82
1421,4699,0.5971,0.1626,0.2411,0.4028,0.4107,-0.025,9.5,165.52,1.78,55314.0,0.0,0.1702,0.0618,-0.0005,-0.0774,0.4612,-0.0136,0.82
1422,4699,0.5957,0.1625,0.2425,0.4217,0.3882,-0.0229,8.76,169.71,1.86,52813.0,0.0,0.1627,0.0671,-0.0006,-0.0832,0.3964,-0.0118,0.82
1423,4699,0.5873,0.1648,0.2486,0.4193,0.3901,-0.0249,9.69,157.37,1.85,53157.0,0.0,0.1629,0.067,-0.0004,-0.0848,0.4505,-0.0119,0.82
1424,4699,0.585,0.1657,0.2501,0.4276,0.4044,-0.0211,10.08,181.59,1.84,53352.0,0.0,0.1653,0.0679,-0.0006,-0.082,0.4235,-0.0141,0.82
1425,4699,0.5827,0.1653,0.253,0.4142,0.3853,-0.0263,8.56,161.59,1.84,53287.0,0.0,0.1679,0.0621,-0.0005,-0.0823,0.4158,-0.0123,0.82
1426,4699,0.5823,0.1672,0.2514,0.4307,0.3924,-0.0213,9.46,176.29,1.84,53387.0,0.0,0.163,0.0701,-0.0006,-0.0808,0.3777,-0.0122,0.82
1427,4699,0.5786,0.1685,0.2543,0.4035,0.3875,-0.0254,8.91,198.83,1.86,52972.0,0.0,0.1606,0.0597,-0.0004,-0.0774,0.4125,-0.0117,0.82
1428,4699,0.5732,0.1677,0.2608,0.4545,0.3806,-0.0199,10.23,179.89,1.84,53395.0,0.0,0.1736,0.0698,-0.0005,-0.0841,0.3928,-0.0134,0.82
1429,4699,0.5657,0.1665,0.2695,0.4367,0.377,-0.0242,9.59,178.53,1.85,53043.0,0.0,0.1638,0.0665,-0.0006,-0.0818,0.3908,-0.013,0.82
1430,4699,0.5648,0.1625,0.2743,0.4426,0.4089,-0.0174,10.52,170.88,1.85,53266.0,0.0,0.1745,0.068,-0.0006,-0.0855,0.3775,-0.0129,0.82
1431,4699,0.5669,0.16,0.2746,0.4479,0.3885,-0.0184,9.5,192.72,1.85,53255.0,0.0,0.1696,0.0701,-0.0006,-0.0836,0.4178,-0.0131,0.82
1432,4699,0.5667,0.155,0.2797,0.4307,0.3771,-0.0221,9.62,156.94,1.85,53266.0,0.0,0.1623,0.0669,-0.0005,-0.08,0.426,-0.0128,0.82
1433,4699,0.561,0.1569,0.2833,0.4318,0.3606,-0.0252,9.43,174.35,1.85,53102.0,0.0,0.1627,0.0648,-0.0006,-0.0799,0.4277,-0.0133,0.82
1434,4699,0.5578,0.157,0.2862,0.4381,0.3856,-0.0206,9.19,212.38,1.84,53421.0,0.0,0.1688,0.066,-0.0007,-0.083,0.3776,-0.0117,0.82
1435,4699,0.5557,0.1568,0.2884,0.4521,0.3678,-0.0206,9.37,186.32,1.84,53434.0,0.0,0.1673,0.0706,-0.0006,-0.0797,0.4152,-0.0136,0.82
1436,4699,0.5515,0.1575,0.2917,0.4227,0.4067,-0.019,9.96,179.12,1.85,53131.0,0.0,0.168,0.0632,-0.0005,-0.0799,0.5369,-0.0113,0.82
1437,4699,0.5535,0.1553,0.2919,0.4349,0.404,-0.0221,10.39,198.74,1.85,53062.0,0.0,0.1796,0.0605,-0.0004,-0.0802,0.4888,-0.0115,0.82
1438,4699,0.5524,0.1555,0.2928,0.4413,0.3672,-0.0236,10.04,169.8,1.84,53334.0,0.0,0.169,0.064,-0.0006,-0.0816,0.4253,-0.0111,0.82
1439,4699,0.5525,0.1529,0.2954,0.4458,0.388,-0.021,10.16,180.42,1.86,52904.0,0.0,0.1718,0.0661,-0.0007,-0.0812,0.482,-0.0122,0.82
1440,4699,0.5471,0.1585,0.295,0.4264,0.3672,-0.0256,10.02,196.86,1.85,53165.0,0.0,0.1538,0.065,-0.0004,-0.0773,0.4188,-0.0124,0.82
1441,4699,0.5419,0.1624,0.2959,0.4425,0.3698,-0.0244,9.71,171.24,1.85,53007.0,0.0,0.1729,0.0644,-0.0005,-0.0791,0.4016,-0.0139,0.82
1442,4699,0.5372,0.1626,0.3002,0.4448,0.3636,-0.0241,8.49,189.82,1.85,53219.0,0.0,0.1658,0.067,-0.0005,-0.081,0.3743,-0.0141,0.82
1443,4699,0.5383,0.1624,0.2993,0.423,0.4096,-0.0212,9.76,183.43,1.85,53092.0,0.0,0.1752,0.062,-0.0006,-0.0756,0.4519,-0.0122,0.82
1444,4699,0.5418,0.1583,0.2998,0.4391,0.3814,-0.0225,9.51,169.16,1.85,53045.0,0.0,0.1714,0.0646,-0.0006,-0.08,0.3519,-0.0133,0.82
1445,4699,0.5442,0.1604,0.2955,0.4159,0.3928,-0.0254,9.44,169.73,1.85,53050.0,0.0,0.1667,0.0637,-0.0005,-0.0753,0.4348,-0.0115,0.82
1446,4699,0.5388,0.1632,0.2983,0.479,0.3645,-0.0198,9.87,188.72,1.85,53023.0,0.0,0.1732,0.0741,-0.0007,-0.0852,0.4066,-0.0133,0.82
1447,4699,0.5415,0.1594,0.2995,0.4667,0.4083,-0.0163,10.66,201.06,1.86,52796.0,0.0,0.1787,0.073,-0.0006,-0.0835,0.4258,-0.0128,0.82
1448,4699,0.5436,0.1557,0.3012,0.4712,0.3675,-0.0185,10.19,212.86,1.85,53002.0,0.0,0.1749,0.0735,-0.001,-0.0879,0.3932,-0.0131,0.82
1449,4699,0.5382,0.1557,0.3068,0.4622,0.3696,-0.0225,9.85,210.87,1.84,53304.0,0.0,0.1649,0.0764,-0.001,-0.0846,0.4341,-0.0125,0.82
1450,4699,0.5397,0.1585,0.3026,0.4556,0.4165,-0.0168,10.97,201.95,1.85,53138.0,0.0,0.1906,0.0673,-0.0007,-0.0822,0.4412,-0.0133,0.82
1451,4699,0.5441,0.1549,0.3017,0.4636,0.3845,-0.0187,9.84,174.5,1.85,53125.0,0.0,0.1797,0.0709,-0.0007,-0.0852,0.4711,-0.0131,0.82
1452,4699,0.5402,0.1541,0.3067,0.4525,0.3571,-0.0227,9.66,190.51,1.85,53058.0,0.0,0.1676,0.0743,-0.0007,-0.0797,0.4855,-0.0116,0.82
1453,4699,0.5392,0.1541,0.3076,0.4505,0.365,-0.0231,8.97,176.36,1.85,53032.0,0.0,0.1611,0.0754,-0.0007,-0.0796,0.4348,-0.0121,0.82
1454,4699,0.536,0.1535,0.3113,0.4691,0.3744,-0.0205,9.89,191.38,1.85,53052.0,0.0,0.1836,0.0714,-0.0007,-0.0826,0.4537,-0.0124,0.82
1455,4699,0.5344,0.1549,0.3112,0.4381,0.3959,-0.0222,9.82,189.98,1.85,53131.0,0.0,0.1757,0.0675,-0.0007,-0.0785,0.4534,-0.0134,0.82
1456,4699,0.5386,0.1536,0.3083,0.4523,0.3941,-0.019,9.98,198.86,1.86,52974.0,0.0,0.1789,0.0689,-0.0006,-0.0786,0.4565,-0.0114,0.82
1457,4699,0.5427,0.1525,0.3053,0.4456,0.3881,-0.0226,10.04,198.01,1.86,52934.0,0.0,0.178,0.0691,-0.0007,-0.0811,0.432,-0.0127,0.82
1458,4699,0.5427,0.1517,0.3059,0.4527,0.3987,-0.0194,10.44,182.06,1.84,53422.0,0.0,0.1862,0.068,-0.0007,-0.0823,0.4449,-0.0118,0.82
1459,4699,0.5476,0.1462,0.3065,0.4449,0.4002,-0.0203,10.61,177.28,1.87,52656.0,0.0,0.1747,0.0704,-0.0005,-0.0802,0.4407,-0.0132,0.82
1460,4699,0.5518,0.1418,0.3068,0.4534,0.3843,-0.0204,9.43,176.98,1.86,52892.0,0.0,0.1711,0.0735,-0.0005,-0.0843,0.4977,-0.0114,0.82
1461,4699,0.5571,0.1426,0.3008,0.4256,0.4133,-0.02,10.34,189.67,1.85,53052.0,0.0,0.1816,0.0646,-0.0007,-0.0785,0.4921,-0.0132,0.82
1462,4699,0.5568,0.1445,0.299,0.4398,0.3958,-0.022,10.09,190.04,1.86,52800.0,0.0,0.1732,0.0697,-0.0004,-0.0787,0.5096,-0.0115,0.82
1463,4699,0.5584,0.1465,0.2954,0.4446,0.3897,-0.0211,10.19,194.45,1.86,52806.0,0.0,0.1733,0.0697,-0.0008,-0.0805,0.4512,-0.0107,0.82
1464,4699,0.5585,0.1487,0.2931,0.456,0.3848,-0.0206,10.53,186.69,1.86,52969.0,0.0,0.1781,0.0689,-0.0007,-0.0827,0.4117,-0.0129,0.82
1465,4699,0.5626,0.1481,0.2896,0.4181,0.4068,-0.0224,8.98,163.3,1.84,53414.0,0.0,0.1734,0.0622,-0.0005,-0.0751,0.4851,-0.0117,0.82
1466,4699,0.5575,0.1528,0.29,0.4504,0.3633,-0.0229,9.78,189.62,1.86,52856.0,0.0,0.1626,0.0725,-0.0006,-0.0763,0.3854,-0.0132,0.82
1467,4699,0.5558,0.1546,0.2899,0.4297,0.3689,-0.0231,9.95,164.83,1.86,52991.0,0.0,0.1685,0.0649,-0.0006,-0.0757,0.4066,-0.0129,0.82
1468,4699,0.5566,0.1546,0.2896,0.464,0.3818,-0.0188,10.23,182.57,1.86,52937.0,0.0,0.1783,0.0715,-0.0006,-0.0813,0.4244,-0.0113,0.82
1469,4699,0.5588,0.1551,0.2865,0.4492,0.377,-0.0235,10.69,193.88,1.85,53075.0,0.0,0.1794,0.0683,-0.0006,-0.0794,0.4498,-0.0119,0.82
1470,4699,0.5596,0.1542,0.2865,0.4638,0.3814,-0.0209,9.17,194.75,1.85,53036.0,0.0,0.1801,0.073,-0.0006,-0.0793,0.4535,-0.0132,0.82
1471,4699,0.5567,0.1564,0.2873,0.4477,0.3917,-0.0217,10.55,198.86,1.84,53394.0,0.0,0.183,0.0661,-0.0006,-0.0805,0.4946,-0.0132,0.82
1472,4699,0.5543,0.1576,0.2888,0.4608,0.3715,-0.0235,10.4,203.41,1.86,52857.0,0.0,0.1716,0.0741,-0.0005,-0.0792,0.4788,-0.0117,0.82
1473,4699,0.5527,0.1581,0.2898,0.4331,0.4204,-0.0207,10.07,191.98,1.86,52950.0,0.0,0.1835,0.065,-0.0005,-0.0799,0.4227,-0.0117,0.82
1474,4699,0.5551,0.1566,0.2888,0.48,0.3747,-0.0189,10.06,181.43,1.85,53003.0,0.0,0.1784,0.0739,-0.0006,-0.0845,0.4415,-0.0112,0.82
1475,4699,0.555,0.1572,0.2882,0.4282,0.3834,-0.023,9.86,164.45,1.86,52960.0,0.0,0.1719,0.0632,-0.0005,-0.0754,0.4464,-0.0127,0.82
1476,4699,0.5488,0.1584,0.2932,0.4599,0.3653,-0.0251,9.82,196.91,1.85,53224.0,0.0,0.1726,0.0719,-0.0007,-0.0827,0.5283,-0.0132,0.82
1477,4699,0.5442,0.162,0.2943,0.445,0.3577,-0.026,9.95,210.12,1.86,52712.0,0.0,0.1709,0.067,-0.0006,-0.0789,0.427,-0.0135,0.82
1478,4699,0.5447,0.1604,0.2956,0.4288,0.4087,-0.0185,9.17,200.14,1.84,53431.0,0.0,0.1704,0.0666,-0.0006,-0.0753,0.3936,-0.0124,0.82
1479,4699,0.547,0.1562,0.2975,0.4771,0.3756,-0.0183,9.87,205.7,1.86,52755.0,0.0,0.1788,0.0728,-0.0006,-0.087,0.468,-0.0124,0.82
1480,4699,0.5456,0.1526,0.3026,0.4633,0.3692,-0.0227,10.99,192.72,1.85,53118.0,0.0,0.1782,0.0703,-0.0006,-0.0832,0.4555,-0.011,0.82
1481,4699,0.5472,0.1537,0.2996,0.451,0.3959,-0.0217,10.2,196.53,1.84,53378.0,0.0,0.1776,0.0671,-0.0005,-0.0853,0.4106,-0.0117,0.82
1482,4699,0.5499,0.1524,0.2981,0.4715,0.3884,-0.0167,10.68,191.42,1.86,52859.0,0.0,0.1808,0.0716,-0.0005,-0.0777,0.4021,-0.0121,0.82
1483,4699,0.5494,0.1511,0.2998,0.4441,0.3964,-0.0221,10.9,158.52,1.85,53096.0,0.0,0.1766,0.069,-0.0005,-0.0785,0.3959,-0.0124,0.82
1484,4699,0.5496,0.1501,0.3005,0.4412,0.3764,-0.0233,10.38,185.04,1.85,53011.0,0.0,0.1749,0.0678,-0.0006,-0.0787,0.4996,-0.0121,0.82
1485,4699,0.545,0.1537,0.3016,0.4542,0.3673,-0.0229,9.65,190.47,1.86,52970.0,0.0,0.1712,0.0699,-0.0007,-0.0772,0.414,-0.012,0.82
1486,4699,0.5428,0.1535,0.3041,0.4853,0.3419,-0.0235,9.99,195.09,1.85,53270.0,0.0,0.1775,0.0735,-0.0006,-0.0826,0.4012,-0.0115,0.82
1487,4699,0.5423,0.1499,0.3081,0.493,0.3784,-0.0153,9.85,189.28,1.86,52892.0,0.0,0.1803,0.0762,-0.0006,-0.0841,0.4564,-0.0135,0.82
1488,4699,0.5388,0.1473,0.3142,0.4616,0.3866,-0.0199,9.36,197.76,1.85,53189.0,0.0,0.1835,0.0686,-0.0005,-0.0807,0.4525,-0.0121,0.82
1489,4699,0.534,0.1518,0.3144,0.4659,0.345,-0.0248,10.11,190.43,1.86,52922.0,0.0,0.1672,0.0738,-0.0005,-0.0783,0.4634,-0.0122,0.82
1490,4699,0.5327,0.1551,0.3128,0.4707,0.3759,-0.0201,9.55,199.12,1.85,53014.0,0.0,0.1758,0.0744,-0.0006,-0.08,0.4818,-0.0114,0.82
1491,4699,0.5338,0.1538,0.3132,0.4574,0.3893,-0.0217,10.01,188.1,1.85,53242.0,0.0,0.1798,0.0701,-0.0005,-0.0823,0.4447,-0.0124,0.82
1492,4699,0.5412,0.1532,0.3066,0.4825,0.3603,-0.0202,10.5,209.67,1.84,53293.0,0.0,0.1891,0.0738,-0.0006,-0.0826,0.4322,-0.0116,0.82
1493,4699,0.5369,0.1517,0.3125,0.4738,0.3674,-0.0199,9.94,201.31,1.86,52790.0,0.0,0.1807,0.0723,-0.0005,-0.0789,0.4957,-0.0114,0.82
1494,4699,0.535,0.151,0.3153,0.4827,0.359,-0.0227,10.79,202.84,1.85,53056.0,0.0,0.1882,0.0737,-0.0006,-0.0814,0.5491,-0.0125,0.82
1495,4699,0.5346,0.153,0.3136,0.4637,0.3879,-0.0222,10.68,184.36,1.85,53197.0,0.0,0.1878,0.0706,-0.0005,-0.0752,0.5623,-0.0113,0.82
1496,4699,0.5278,0.1594,0.3139,0.4485,0.3696,-0.0258,10.78,190.1,1.86,52940.0,0.0,0.1697,0.0716,-0.0006,-0.0758,0.4605,-0.0112,0.82
1497,4699,0.527,0.1622,0.3119,0.4598,0.3894,-0.0225,11.25,195.24,1.87,52644.0,0.0,0.1757,0.0708,-0.0006,-0.0811,0.4732,-0.0102,0.82
1498,4699,0.5324,0.1615,0.3073,0.4487,0.4118,-0.0185,10.46,194.94,1.86,52792.0,0.0,0.1814,0.0694,-0.0005,-0.0743,0.5251,-0.0125,0.82
1499,4699,0.5336,0.1573,0.3103,0.4721,0.3786,-0.0206,12.03,194.95,1.85,53022.0,0.0,0.1863,0.0717,-0.0006,-0.0779,0.4513,-0.0119,0.82
1500,4699,0.5405,0.1548,0.3059,0.4492,0.4123,-0.0203,11.17,206.32,1.85,52996.0,0.0,0.1868,0.0653,-0.0005,-0.0784,0.5293,-0.0117,0.82
1501,4699,0.5464,0.1543,0.3004,0.4592,0.3937,-0.0217,9.94,192.92,1.85,53230.0,0.0,0.1883,0.0673,-0.0004,-0.0779,0.5389,-0.0118,0.82
1502,4699,0.5497,0.1566,0.2947,0.4677,0.381,-0.0238,10.16,195.1,1.85,53156.0,0.0,0.1902,0.0715,-0.0006,-0.0788,0.5111,-0.0129,0.82
1503,4699,0.551,0.1546,0.2954,0.458,0.3951,-0.0189,10.75,207.88,1.86,52925.0,0.0,0.183,0.0696,-0.0007,-0.0784,0.4765,-0.0115,0.82
1504,4699,0.5547,0.1531,0.2931,0.458,0.3804,-0.023,10.62,203.55,1.82,53946.0,0.0,0.1831,0.0708,-0.0005,-0.0749,0.5736,-0.0107,0.82
1505,4699,0.5514,0.1569,0.2923,0.4546,0.3641,-0.0253,9.66,198.29,1.85,53056.0,0.0,0.1771,0.0695,-0.0005,-0.0774,0.5621,-0.0122,0.82
1506,4699,0.5456,0.1602,0.2949,0.4868,0.3615,-0.0211,10.19,191.96,1.84,53341.0,0.0,0.1882,0.0737,-0.0004,-0.0768,0.4773,-0.0125,0.82
1507,4699,0.5454,0.1585,0.2966,0.4365,0.3863,-0.0227,9.7,182.85,1.85,53203.0,0.0,0.1745,0.0667,-0.0004,-0.0703,0.4697,-0.0128,0.82
1508,4699,0.5483,0.1587,0.2935,0.4642,0.3735,-0.0203,8.81,180.74,1.85,53238.0,0.0,0.173,0.0728,-0.0006,-0.0727,0.4949,-0.0125,0.82
1509,4699,0.5529,0.1565,0.2913,0.4583,0.4017,-0.0197,10.55,179.76,1.85,53262.0,0.0,0.1948,0.0642,-0.0004,-0.0727,0.5236,-0.0128,0.82
1510,4699,0.5535,0.1574,0.2898,0.4671,0.3609,-0.0225,10.25,201.6,1.85,53254.0,0.0,0.1793,0.0705,-0.0006,-0.0757,0.5404,-0.0117,0.82
1511,4699,0.5502,0.1543,0.2962,0.4551,0.345,-0.0265,9.04,166.6,1.87,52624.0,0.0,0.1659,0.0719,-0.0005,-0.0725,0.5881,-0.0135,0.82
1512,4699,0.5483,0.1554,0.2969,0.4734,0.391,-0.0185,11.0,175.32,1.84,53475.0,0.0,0.1942,0.0685,-0.0005,-0.0752,0.4793,-0.0137,0.82
1513,4699,0.546,0.1532,0.3013,0.4832,0.377,-0.0204,11.1,200.77,1.84,53327.0,0.0,0.1915,0.071,-0.0006,-0.0776,0.5263,-0.0126,0.82
1514,4699,0.5463,0.1541,0.3001,0.4598,0.3931,-0.0193,10.78,198.79,1.84,53385.0,0.0,0.1813,0.0713,-0.0005,-0.0749,0.5147,-0.0131,0.82
1515,4699,0.5479,0.1537,0.2991,0.4599,0.401,-0.0188,9.58,180.13,1.86,52906.0,0.0,0.1821,0.0688,-0.0005,-0.0751,0.5691,-0.0125,0.83
1516,4699,0.5489,0.1532,0.2985,0.4571,0.4002,-0.0203,10.29,204.63,1.83,53621.0,0.0,0.187,0.0678,-0.0005,-0.0744,0.4923,-0.0137,0.83
1517,4699,0.5486,0.1532,0.2987,0.4457,0.3834,-0.0221,9.87,182.34,1.85,53079.0,0.0,0.1733,0.0689,-0.0005,-0.0702,0.518,-0.0116,0.83
1518,4699,0.5499,0.1534,0.2972,0.4246,0.4097,-0.021,9.65,194.43,1.86,52940.0,0.0,0.1759,0.0663,-0.0005,-0.0712,0.45,-0.0134,0.82
1519,4699,0.5542,0.153,0.2936,0.4029,0.4275,-0.022,9.38,167.65,1.85,53179.0,0.0,0.1771,0.0605,-0.0004,-0.0676,0.519,-0.0134,0.82
1520,4699,0.5548,0.1538,0.2922,0.4478,0.3901,-0.0207,10.04,188.55,1.87,52671.0,0.0,0.1811,0.0689,-0.0005,-0.0716,0.5408,-0.0135,0.83
1521,4699,0.5575,0.1528,0.2905,0.4532,0.4035,-0.0207,10.13,162.68,1.86,52876.0,0.0,0.1892,0.0662,-0.0005,-0.0736,0.511,-0.0118,0.83
1522,4699,0.5603,0.1501,0.2904,0.4288,0.4086,-0.02,10.79,183.26,1.85,53026.0,0.0,0.1761,0.0675,-0.0005,-0.0728,0.4764,-0.0132,0.83
1523,4699,0.5608,0.1495,0.2904,0.4401,0.3915,-0.0228,9.65,180.48,1.85,53226.0,0.0,0.1871,0.0635,-0.0005,-0.0691,0.4864,-0.0131,0.83
1524,4699,0.5621,0.1481,0.2905,0.4316,0.4083,-0.0221,10.32,156.69,1.85,53163.0,0.0,0.1856,0.064,-0.0005,-0.0719,0.4694,-0.0132,0.83
1525,4699,0.561,0.147,0.2927,0.4528,0.3878,-0.0185,10.66,183.32,1.86,52785.0,0.0,0.1821,0.0695,-0.0006,-0.0716,0.518,-0.0102,0.83
1526,4699,0.5611,0.1442,0.2954,0.4657,0.4036,-0.0173,10.26,178.83,1.86,52784.0,0.0,0.1887,0.0718,-0.0004,-0.0754,0.4492,-0.0136,0.83
1527,4699,0.5661,0.1393,0.2952,0.4763,0.3931,-0.0174,11.13,207.62,1.84,53417.0,0.0,0.1878,0.0733,-0.0005,-0.0778,0.4535,-0.0137,0.83
1528,4699,0.5661,0.1404,0.294,0.4318,0.3969,-0.0235,10.66,192.92,1.85,53179.0,0.0,0.1858,0.065,-0.0006,-0.0706,0.5445,-0.0124,0.83
1529,4699,0.5706,0.1409,0.2889,0.4601,0.4103,-0.018,10.88,194.2,1.84,53464.0,0.0,0.1877,0.0718,-0.0004,-0.0761,0.4596,-0.0128,0.83
1530,4699,0.5717,0.1402,0.2883,0.4833,0.3764,-0.0198,10.72,193.82,1.86,52932.0,0.0,0.196,0.0702,-0.0005,-0.0762,0.5459,-0.0132,0.83
1531,4699,0.5668,0.1435,0.2899,0.4771,0.3633,-0.0232,10.84,217.82,1.81,54219.0,0.0,0.1968,0.0669,-0.0005,-0.0779,0.4083,-0.0128,0.83
1532,4699,0.562,0.1434,0.2951,0.4834,0.3733,-0.0191,9.39,190.24,1.84,53322.0,0.0,0.182,0.0775,-0.0006,-0.0808,0.4238,-0.0122,0.83
1533,4699,0.5594,0.1428,0.2982,0.4599,0.4011,-0.021,10.22,186.36,1.84,53319.0,0.0,0.1882,0.0688,-0.0005,-0.0755,0.5226,-0.0114,0.83
1534,4699,0.5621,0.1425,0.2959,0.4576,0.387,-0.021,8.98,189.13,1.85,53091.0,0.0,0.1819,0.0717,-0.0005,-0.0749,0.5728,-0.0116,0.83
1535,4699,0.5631,0.1435,0.2938,0.4481,0.3974,-0.0213,10.03,188.32,1.84,53327.0,0.0,0.1828,0.0685,-0.0004,-0.0746,0.5921,-0.0119,0.83
1536,4699,0.5625,0.1468,0.2909,0.4364,0.3677,-0.0279,10.42,202.18,1.85,53020.0,0.0,0.1715,0.0659,-0.0004,-0.0716,0.5694,-0.0129,0.83
1537,4699,0.5588,0.1492,0.2922,0.4473,0.377,-0.0223,9.78,184.16,1.85,53226.0,0.0,0.1747,0.0719,-0.0004,-0.0736,0.5103,-0.0135,0.83
1538,4699,0.5615,0.1475,0.2914,0.455,0.4059,-0.0194,10.79,194.96,1.85,53032.0,0.0,0.1849,0.068,-0.0004,-0.0771,0.4766,-0.0126,0.83
1539,4699,0.564,0.1462,0.2903,0.4294,0.4056,-0.0214,10.75,191.12,1.86,52972.0,0.0,0.175,0.0653,-0.0005,-0.0724,0.4741,-0.0125,0.83
1540,4699,0.5631,0.1476,0.2898,0.4387,0.4058,-0.0225,9.83,186.36,1.86,52850.0,0.0,0.1828,0.0645,-0.0004,-0.0721,0.5531,-0.0118,0.82
1541,4699,0.5625,0.1496,0.2885,0.4471,0.397,-0.0207,9.68,170.28,1.85,53062.0,0.0,0.1766,0.0683,-0.0005,-0.0738,0.5748,-0.0125,0.82
1542,4699,0.5609,0.15,0.2896,0.4578,0.3798,-0.0225,10.0,189.4,1.84,53295.0,0.0,0.1713,0.0729,-0.0006,-0.0754,0.528,-0.013,0.82
1543,4699,0.5589,0.1514,0.2901,0.4404,0.4066,-0.0198,10.6,170.39,1.85,53024.0,0.0,0.1764,0.0704,-0.0005,-0.0736,0.5584,-0.0122,0.82
1544,4699,0.5629,0.1505,0.2868,0.4439,0.4129,-0.0187,11.47,195.99,1.84,53507.0,0.0,0.1837,0.0684,-0.0006,-0.0733,0.5213,-0.0119,0.82
1545,4699,0.5658,0.1489,0.2855,0.4439,0.3965,-0.0199,9.76,179.1,1.86,52824.0,0.0,0.174,0.0686,-0.0004,-0.0737,0.5684,-0.0125,0.82
1546,4699,0.5678,0.1473,0.2852,0.4317,0.4252,-0.0201,10.18,166.29,1.85,52995.0,0.0,0.1817,0.0663,-0.0004,-0.0707,0.5488,-0.0136,0.82
1547,4699,0.5719,0.1474,0.2811,0.4508,0.4084,-0.018,9.34,176.1,1.86,52931.0,0.0,0.1828,0.0695,-0.0007,-0.0738,0.5041,-0.0128,0.82
1548,4699,0.5755,0.1442,0.2808,0.4461,0.3889,-0.0196,9.1,189.57,1.86,52906.0,0.0,0.176,0.0688,-0.0005,-0.0724,0.5593,-0.0127,0.82
1549,4699,0.5721,0.1434,0.2849,0.4369,0.4266,-0.0198,10.74,170.73,1.86,52977.0,0.0,0.1839,0.0674,-0.0005,-0.0731,0.5886,-0.0115,0.82
1550,4699,0.5768,0.1416,0.282,0.456,0.4047,-0.0199,10.55,175.22,1.85,53212.0,0.0,0.1822,0.0715,-0.0005,-0.0738,0.5698,-0.0111,0.82
1551,4699,0.5809,0.1385,0.281,0.4377,0.4375,-0.0176,10.04,187.47,1.86,52912.0,0.0,0.1824,0.0681,-0.0008,-0.0739,0.6207,-0.012,0.82
1552,4699,0.5813,0.1384,0.2807,0.4589,0.3962,-0.0212,10.38,188.76,1.86,52976.0,0.0,0.1887,0.0688,-0.0007,-0.0758,0.5549,-0.0125,0.82
1553,4699,0.5833,0.1388,0.2784,0.441,0.4237,-0.0193,10.81,172.89,1.86,52767.0,0.0,0.1849,0.067,-0.0005,-0.0712,0.5666,-0.012,0.82
1554,4699,0.5876,0.1384,0.2744,0.4419,0.4294,-0.0175,11.84,186.99,1.85,53032.0,0.0,0.1865,0.0661,-0.0006,-0.0736,0.5366,-0.013,0.82
1555,4699,0.5934,0.1406,0.2665,0.4025,0.4486,-0.0203,10.25,169.36,1.86,52955.0,0.0,0.1818,0.0612,-0.0005,-0.068,0.6569,-0.0117,0.82
1556,4699,0.5953,0.1432,0.2621,0.4313,0.4316,-0.0206,9.94,180.62,1.86,52880.0,0.0,0.1872,0.0648,-0.0005,-0.0727,0.6151,-0.0117,0.83
1557,4699,0.5946,0.1452,0.2608,0.4496,0.3947,-0.0226,8.56,168.11,1.86,52787.0,0.0,0.1794,0.0698,-0.0005,-0.0741,0.5562,-0.0127,0.83
1558,4699,0.5932,0.1445,0.2629,0.454,0.433,-0.0148,10.39,181.58,1.83,53602.0,0.0,0.1943,0.0698,-0.0006,-0.0754,0.6778,-0.0126,0.83
1559,4699,0.5952,0.1421,0.2632,0.4258,0.4287,-0.0203,10.79,197.1,1.85,53086.0,0.0,0.1908,0.0627,-0.0005,-0.0693,0.6364,-0.0136,0.83
1560,4699,0.5956,0.146,0.259,0.4353,0.4179,-0.0218,9.77,177.98,1.85,53225.0,0.0,0.1795,0.0681,-0.0007,-0.0732,0.6109,-0.0138,0.83
1561,4699,0.5983,0.1487,0.2538,0.4307,0.4302,-0.0198,11.07,185.77,1.86,52729.0,0.0,0.1828,0.0644,-0.0004,-0.0703,0.5257,-0.0139,0.83
1562,4699,0.5995,0.1468,0.2544,0.4303,0.4299,-0.0191,10.37,203.88,1.84,53349.0,0.0,0.1848,0.0682,-0.0006,-0.0734,0.5635,-0.0118,0.83
1563,4699,0.5992,0.1435,0.258,0.437,0.4028,-0.0204,9.83,188.99,1.87,52625.0,0.0,0.175,0.0713,-0.0006,-0.0752,0.5534,-0.0136,0.83
1564,4699,0.5992,0.1442,0.2575,0.4369,0.4087,-0.0222,9.28,188.58,1.85,53154.0,0.0,0.1777,0.0714,-0.0006,-0.0759,0.5237,-0.013,0.83
1565,4699,0.5995,0.1454,0.2558,0.4395,0.4202,-0.0208,9.97,207.45,1.84,53554.0,0.0,0.1861,0.0676,-0.0005,-0.0763,0.4876,-0.0118,0.83
1566,4699,0.5993,0.1449,0.2568,0.467,0.4001,-0.0193,10.52,192.61,1.86,52896.0,0.0,0.1843,0.074,-0.0006,-0.0768,0.5599,-0.0124,0.83
1567,4699,0.601,0.1467,0.2533,0.4342,0.4143,-0.0237,10.24,185.48,1.83,53608.0,0.0,0.1781,0.0692,-0.0006,-0.0775,0.5515,-0.0129,0.83
1568,4699,0.6031,0.1464,0.2515,0.4646,0.4198,-0.0186,9.71,186.74,1.86,52865.0,0.0,0.1883,0.0731,-0.0005,-0.079,0.5551,-0.0112,0.83
1569,4699,0.6051,0.145,0.2513,0.4719,0.4159,-0.0175,10.93,204.09,1.84,53313.0,0.0,0.1903,0.0743,-0.0005,-0.0787,0.5481,-0.0118,0.83
1570,4699,0.5976,0.146,0.2578,0.4537,0.3581,-0.025,9.11,174.35,1.85,53125.0,0.0,0.1681,0.0746,-0.0005,-0.0771,0.5063,-0.0118,0.83
1571,4699,0.5884,0.1479,0.2651,0.4756,0.3866,-0.02,11.31,203.26,1.86,52947.0,0.0,0.1802,0.075,-0.0006,-0.079,0.5264,-0.0126,0.83
1572,4699,0.5902,0.1446,0.2666,0.4625,0.4297,-0.0178,9.41,198.68,1.85,53006.0,0.0,0.1905,0.0722,-0.0006,-0.0755,0.5014,-0.0129,0.83
1573,4699,0.5917,0.1433,0.2664,0.4699,0.4053,-0.0168,10.46,211.25,1.86,52989.0,0.0,0.1804,0.0758,-0.0005,-0.0781,0.4954,-0.0126,0.83
1574,4699,0.5871,0.139,0.2754,0.5121,0.389,-0.0137,11.31,212.44,1.85,53001.0,0.0,0.1936,0.0775,-0.0005,-0.0804,0.4607,-0.0123,0.83
1575,4699,0.5829,0.1341,0.2847,0.4833,0.3884,-0.0189,10.15,188.33,1.85,53218.0,0.0,0.1899,0.0729,-0.0005,-0.0782,0.5951,-0.0122,0.83
1576,4699,0.5794,0.1345,0.2878,0.4624,0.416,-0.0187,11.06,176.36,1.84,53341.0,0.0,0.1901,0.0686,-0.0005,-0.0767,0.438,-0.013,0.83
1577,4699,0.579,0.1343,0.2885,0.4875,0.4031,-0.0158,10.58,200.1,1.85,53270.0,0.0,0.1938,0.0746,-0.0005,-0.0775,0.4886,-0.0134,0.83
1578,4699,0.5821,0.1315,0.2881,0.4524,0.406,-0.0191,10.08,186.56,1.84,53302.0,0.0,0.1804,0.069,-0.0005,-0.0763,0.4859,-0.0117,0.83
1579,4699,0.5838,0.1274,0.2903,0.4723,0.4084,-0.0175,8.49,165.75,1.85,53106.0,0.0,0.1869,0.0721,-0.0005,-0.0757,0.5295,-0.0127,0.83
1580,4699,0.5853,0.127,0.2892,0.467,0.4079,-0.0186,10.36,194.39,1.87,52706.0,0.0,0.1931,0.0678,-0.0004,-0.0759,0.5327,-0.0122,0.83
1581,4699,0.5877,0.1275,0.2863,0.4427,0.4235,-0.0198,10.13,190.07,1.85,53134.0,0.0,0.185,0.0659,-0.0006,-0.0751,0.5996,-0.0129,0.83
1582,4699,0.5911,0.1263,0.284,0.4666,0.413,-0.0172,9.93,187.84,1.86,52756.0,0.0,0.1821,0.0752,-0.0005,-0.0787,0.5582,-0.0137,0.83
1583,4699,0.5946,0.1276,0.2788,0.4344,0.455,-0.0179,9.69,163.71,1.87,52662.0,0.0,0.1929,0.0652,-0.0004,-0.0737,0.5959,-0.0128,0.83
1584,4699,0.6019,0.1288,0.2702,0.4669,0.4321,-0.0172,11.72,193.01,1.85,52995.0,0.0,0.199,0.0686,-0.0006,-0.0798,0.5344,-0.0129,0.83
1585,4699,0.6054,0.1278,0.2676,0.4446,0.4421,-0.0194,10.17,181.28,1.86,52831.0,0.0,0.1941,0.0635,-0.0005,-0.0746,0.5813,-0.0126,0.83
1586,4699,0.61,0.1274,0.2634,0.4564,0.4361,-0.0165,10.12,177.81,1.86,52766.0,0.0,0.1938,0.0663,-0.0006,-0.0745,0.5784,-0.0134,0.83
1587,4699,0.6142,0.1266,0.26,0.4379,0.4256,-0.0226,9.83,184.27,1.86,52883.0,0.0,0.1924,0.0646,-0.0005,-0.0726,0.6116,-0.014,0.83
1588,4699,0.6129,0.1317,0.2561,0.4371,0.4385,-0.017,10.29,183.69,1.85,53135.0,0.0,0.1871,0.0658,-0.0005,-0.0737,0.6115,-0.0134,0.83
1589,4699,0.6124,0.1347,0.2537,0.44,0.4153,-0.024,10.18,195.49,1.85,53196.0,0.0,0.1871,0.0657,-0.0005,-0.0773,0.5011,-0.0133,0.83
1590,4699,0.6151,0.1379,0.248,0.4536,0.4523,-0.0171,10.89,181.13,1.84,53318.0,0.0,0.2035,0.0669,-0.0005,-0.0785,0.5416,-0.0122,0.83
1591,4699,0.6133,0.1401,0.2474,0.4359,0.4232,-0.0197,10.67,193.4,1.86,52784.0,0.0,0.1862,0.065,-0.0005,-0.0732,0.5753,-0.0115,0.83
1592,4699,0.6127,0.1413,0.2467,0.4422,0.431,-0.0188,10.33,205.29,1.86,52862.0,0.0,0.1916,0.0639,-0.0005,-0.0741,0.5485,-0.012,0.83
1593,4699,0.6115,0.1407,0.2488,0.4418,0.4278,-0.0191,9.98,178.22,1.85,53066.0,0.0,0.1928,0.0655,-0.0005,-0.0731,0.587,-0.0125,0.83
1594,4699,0.6085,0.1401,0.2528,0.48,0.417,-0.0165,11.73,209.02,1.86,52882.0,0.0,0.2015,0.0706,-0.0006,-0.0801,0.5012,-0.0135,0.83
1595,4699,0.6094,0.1352,0.2568,0.4761,0.437,-0.0152,9.88,166.53,1.86,52861.0,0.0,0.1986,0.0718,-0.0005,-0.0789,0.595,-0.0128,0.83
1596,4699,0.6087,0.1354,0.2572,0.44,0.4283,-0.0205,11.54,181.22,1.81,54447.0,0.0,0.1915,0.0648,-0.0006,-0.0721,0.5071,-0.0126,0.83
1597,4699,0.6081,0.1331,0.2601,0.4776,0.4217,-0.0153,10.53,194.77,1.85,53014.0,0.0,0.2027,0.0706,-0.0005,-0.0789,0.5984,-0.0113,0.83
1598,4699,0.6053,0.1334,0.2624,0.4505,0.4152,-0.0184,10.36,173.66,1.87,52483.0,0.0,0.1845,0.07,-0.0005,-0.0737,0.5003,-0.0131,0.83
1599,4699,0.6002,0.1352,0.2656,0.4739,0.4002,-0.0194,10.94,191.75,1.86,52966.0,0.0,0.1941,0.07,-0.0005,-0.0747,0.5026,-0.0129,0.83
1600,4699,0.5966,0.1347,0.2697,0.4881,0.4021,-0.015,10.88,194.41,1.86,52976.0,0.0,0.1933,0.0761,-0.0009,-0.0823,0.4847,-0.0135,0.83
1601,4699,0.5937,0.1351,0.2724,0.4646,0.4259,-0.0178,11.52,197.71,1.86,52805.0,0.0,0.1939,0.0712,-0.0004,-0.076,0.5129,-0.0125,0.83
1602,4699,0.5963,0.1319,0.2729,0.4662,0.4351,-0.0151,10.37,188.76,1.86,52911.0,0.0,0.1917,0.0711,-0.0005,-0.0765,0.5999,-0.0134,0.83
1603,4699,0.5995,0.1289,0.2729,0.4514,0.4379,-0.0168,10.5,184.0,1.87,52584.0,0.0,0.1885,0.0697,-0.0006,-0.0774,0.5503,-0.0119,0.83
1604,4699,0.6024,0.1285,0.2705,0.4739,0.4132,-0.0193,11.72,199.62,1.86,52921.0,0.0,0.1901,0.071,-0.0005,-0.0776,0.5534,-0.0122,0.83
1605,4699,0.6062,0.1275,0.2674,0.4414,0.4321,-0.018,9.84,182.04,1.87,52496.0,0.0,0.187,0.0675,-0.0005,-0.0767,0.5292,-0.0122,0.83
1606,4699,0.6118,0.1269,0.2627,0.4489,0.4476,-0.0152,10.25,185.07,1.86,52953.0,0.0,0.1957,0.0691,-0.0006,-0.0784,0.5136,-0.0131,0.83
1607,4699,0.6174,0.1221,0.262,0.4701,0.4264,-0.0149,10.94,210.59,1.86,52778.0,0.0,0.1962,0.0703,-0.0004,-0.0776,0.541,-0.0131,0.83
1608,4699,0.6174,0.1213,0.2628,0.4519,0.4205,-0.0179,10.75,182.3,1.87,52669.0,0.0,0.1851,0.0686,-0.0007,-0.0765,0.4845,-0.0127,0.83
1609,4699,0.617,0.1206,0.2636,0.4774,0.4358,-0.0132,11.68,194.89,1.86,52768.0,0.0,0.2023,0.0707,-0.0006,-0.0774,0.496,-0.0137,0.83
1610,4699,0.6174,0.1188,0.2648,0.4671,0.4162,-0.0183,11.1,198.58,1.86,52789.0,0.0,0.1883,0.069,-0.0004,-0.0748,0.5408,-0.0123,0.83
1611,4699,0.6156,0.1188,0.2667,0.4773,0.4336,-0.0157,11.23,186.7,1.86,52945.0,0.0,0.1974,0.0724,-0.0006,-0.081,0.4953,-0.0121,0.83
1612,4699,0.6234,0.1176,0.2602,0.4276,0.4771,-0.0149,10.81,154.75,1.86,52819.0,0.0,0.1919,0.0637,-0.0004,-0.0732,0.5825,-0.0135,0.84
1613,4699,0.6335,0.1178,0.25,0.4736,0.4409,-0.0157,12.03,210.2,1.86,52944.0,0.0,0.2011,0.071,-0.0006,-0.081,0.5584,-0.013,0.84
1614,4699,0.6333,0.1186,0.2491,0.4673,0.4485,-0.0144,11.02,193.77,1.86,52794.0,0.0,0.204,0.0678,-0.0006,-0.0745,0.6151,-0.0116,0.84
1615,4699,0.6402,0.1173,0.2435,0.4515,0.477,-0.0145,12.11,197.92,1.87,52603.0,0.0,0.2067,0.066,-0.0005,-0.0761,0.5614,-0.0142,0.84
1616,4699,0.6494,0.1145,0.2367,0.4449,0.4771,-0.0137,11.31,194.85,1.86,52939.0,0.0,0.2032,0.0656,-0.0006,-0.0775,0.5581,-0.0124,0.84
1617,4699,0.6462,0.1185,0.236,0.4398,0.4348,-0.0178,11.61,177.29,1.86,52720.0,0.0,0.1897,0.0669,-0.0006,-0.0733,0.515,-0.0138,0.84
1618,4699,0.645,0.1196,0.2363,0.4474,0.4673,-0.0167,10.91,183.5,1.86,52742.0,0.0,0.2042,0.0656,-0.0005,-0.0735,0.6,-0.0136,0.84
1619,4699,0.6471,0.1207,0.2329,0.4457,0.464,-0.0162,11.65,178.64,1.87,52634.0,0.0,0.1969,0.065,-0.0005,-0.0719,0.5276,-0.0125,0.84
1620,4699,0.6528,0.1191,0.2286,0.4236,0.4637,-0.0169,9.98,164.28,1.85,53016.0,0.0,0.1895,0.0662,-0.0005,-0.073,0.5098,-0.012,0.84
1621,4699,0.6536,0.1195,0.2273,0.4277,0.4548,-0.0184,10.22,179.49,1.87,52628.0,0.0,0.1874,0.0662,-0.0005,-0.0713,0.5543,-0.0133,0.84
1622,4699,0.6548,0.1233,0.2223,0.4224,0.4572,-0.0188,11.2,176.76,1.86,52767.0,0.0,0.1864,0.0639,-0.0006,-0.0743,0.4807,-0.0142,0.84
1623,4699,0.6544,0.1229,0.2229,0.4487,0.4531,-0.0146,12.1,179.27,1.87,52681.0,0.0,0.193,0.0689,-0.0004,-0.0732,0.4864,-0.0141,0.84
1624,4699,0.6511,0.1238,0.2253,0.4424,0.4591,-0.0149,11.62,187.1,1.86,52889.0,0.0,0.1946,0.0654,-0.0005,-0.0746,0.457,-0.0138,0.84
1625,4699,0.6517,0.1234,0.2254,0.4224,0.458,-0.0174,11.8,176.97,1.85,53039.0,0.0,0.1886,0.0655,-0.0006,-0.0732,0.4331,-0.0134,0.84
1626,4699,0.6527,0.1215,0.2264,0.4568,0.4545,-0.0142,11.42,204.65,1.86,52789.0,0.0,0.1986,0.0707,-0.0006,-0.076,0.4865,-0.0131,0.84
1627,4699,0.6507,0.1191,0.231,0.4373,0.4504,-0.0153,10.8,194.13,1.86,52842.0,0.0,0.1874,0.0692,-0.0006,-0.0728,0.4277,-0.0124,0.84
1628,4699,0.6515,0.1178,0.2314,0.4424,0.4612,-0.0146,11.34,190.78,1.87,52642.0,0.0,0.1991,0.0669,-0.0006,-0.0776,0.4242,-0.014,0.84
1629,4699,0.6545,0.116,0.2303,0.4829,0.4252,-0.0122,11.58,190.94,1.85,53031.0,0.0,0.192,0.0779,-0.0006,-0.0808,0.4263,-0.0132,0.84
1630,4699,0.6516,0.1128,0.2365,0.4531,0.4365,-0.0154,10.78,162.72,1.86,52774.0,0.0,0.1944,0.0697,-0.0008,-0.0775,0.4571,-0.0131,0.84
1631,4699,0.6456,0.1142,0.2412,0.4528,0.4239,-0.0162,11.52,179.38,1.87,52457.0,0.0,0.1859,0.0708,-0.0005,-0.0756,0.4254,-0.013,0.84
1632,4699,0.6438,0.1123,0.2451,0.444,0.4464,-0.0157,10.82,175.49,1.86,52912.0,0.0,0.1908,0.0683,-0.0005,-0.0744,0.4723,-0.0121,0.84
1633,4699,0.644,0.1124,0.2448,0.4592,0.433,-0.0155,11.31,206.11,1.87,52637.0,0.0,0.1989,0.0679,-0.0007,-0.0759,0.4513,-0.0121,0.84
1634,4699,0.6475,0.1096,0.2441,0.4615,0.4189,-0.0173,9.76,169.43,1.87,52655.0,0.0,0.198,0.0684,-0.0006,-0.074,0.4394,-0.0129,0.84
1635,4699,0.6423,0.111,0.2479,0.4545,0.4321,-0.015,10.75,192.92,1.87,52491.0,0.0,0.1899,0.0721,-0.0007,-0.0778,0.4119,-0.0134,0.84
1636,4699,0.6404,0.1099,0.251,0.4676,0.4491,-0.0137,11.35,188.8,1.86,52728.0,0.0,0.2002,0.0707,-0.0005,-0.0785,0.4763,-0.0132,0.84
1637,4699,0.638,0.111,0.252,0.4385,0.4648,-0.0153,11.48,185.69,1.87,52459.0,0.0,0.2024,0.0654,-0.0006,-0.0757,0.4555,-0.0122,0.84
1638,4699,0.6361,0.1111,0.2537,0.4714,0.4448,-0.0133,11.66,192.75,1.87,52650.0,0.0,0.2043,0.0711,-0.0006,-0.078,0.4298,-0.0138,0.84
1639,4699,0.6409,0.1102,0.2498,0.4517,0.4612,-0.0148,11.53,210.19,1.86,52909.0,0.0,0.2039,0.0656,-0.0006,-0.0766,0.5071,-0.0145,0.84
1640,4699,0.6417,0.1096,0.2494,0.4693,0.462,-0.0155,11.53,180.65,1.87,52484.0,0.0,0.2056,0.0682,-0.0005,-0.0777,0.4958,-0.0126,0.84
1641,4699,0.6428,0.1097,0.2483,0.467,0.4232,-0.0167,11.27,202.69,1.87,52689.0,0.0,0.1916,0.0728,-0.0009,-0.0754,0.5083,-0.0134,0.84
1642,4699,0.6394,0.1117,0.2497,0.4406,0.4627,-0.0157,11.23,181.87,1.86,52922.0,0.0,0.1962,0.0659,-0.0006,-0.0722,0.5109,-0.0142,0.84
1643,4699,0.6398,0.112,0.2487,0.4333,0.4648,-0.0157,10.55,164.98,1.87,52577.0,0.0,0.1989,0.064,-0.0006,-0.0704,0.5039,-0.0136,0.84
1644,4699,0.6486,0.1105,0.2415,0.4172,0.4654,-0.0163,10.75,192.44,1.86,52818.0,0.0,0.1892,0.0637,-0.0006,-0.0688,0.5214,-0.0128,0.84
1645,4699,0.654,0.1103,0.2364,0.4299,0.4664,-0.015,10.82,198.74,1.86,52791.0,0.0,0.2026,0.0628,-0.0005,-0.0755,0.5033,-0.0124,0.84
1646,4699,0.6519,0.111,0.2378,0.4792,0.4257,-0.0162,11.34,194.55,1.86,52978.0,0.0,0.2007,0.0742,-0.0006,-0.075,0.4973,-0.0125,0.84
1647,4699,0.6526,0.1089,0.2391,0.4354,0.4764,-0.0144,11.34,206.46,1.86,52722.0,0.0,0.1995,0.0655,-0.0005,-0.0744,0.4358,-0.0124,0.84
1648,4699,0.6571,0.1055,0.2382,0.4449,0.4684,-0.0126,11.31,188.87,1.86,52828.0,0.0,0.1979,0.0675,-0.0005,-0.0765,0.4218,-0.0133,0.84
1649,4699,0.6605,0.1033,0.2366,0.4325,0.4756,-0.0151,10.34,152.96,1.85,53173.0,0.0,0.1952,0.0656,-0.0005,-0.0712,0.4743,-0.0133,0.84
1650,4699,0.6638,0.1039,0.2329,0.4527,0.4712,-0.0141,10.66,182.88,1.87,52595.0,0.0,0.1973,0.0696,-0.0006,-0.0756,0.4946,-0.0122,0.84
1651,4699,0.6627,0.1061,0.2317,0.4381,0.4785,-0.0152,11.0,173.64,1.86,52878.0,0.0,0.2025,0.0643,-0.0005,-0.0716,0.5118,-0.0097,0.84
1652,4699,0.661,0.109,0.2305,0.4444,0.4645,-0.0161,11.32,186.85,1.86,52884.0,0.0,0.1961,0.0697,-0.0006,-0.0769,0.5333,-0.009,0.84
1653,4699,0.6608,0.1093,0.2304,0.4079,0.4786,-0.0179,10.57,167.67,1.87,52613.0,0.0,0.1961,0.0586,-0.0005,-0.0706,0.4766,-0.0122,0.84
1654,4699,0.6671,0.1102,0.223,0.4483,0.4838,-0.0131,11.05,175.11,1.85,52999.0,0.0,0.2037,0.0675,-0.0007,-0.078,0.452,-0.0124,0.84
1655,4699,0.6714,0.1092,0.2195,0.4358,0.488,-0.0143,12.44,193.48,1.88,52322.0,0.0,0.1982,0.0679,-0.0005,-0.0741,0.5065,-0.0128,0.84
1656,4699,0.6716,0.1103,0.2183,0.4479,0.4571,-0.017,11.1,173.33,1.85,53052.0,0.0,0.2037,0.0678,-0.0006,-0.079,0.5363,-0.0123,0.84
1657,4699,0.674,0.113,0.2132,0.4228,0.4786,-0.0166,11.14,181.5,1.87,52554.0,0.0,0.1952,0.0663,-0.0007,-0.0735,0.4986,-0.0129,0.84
1658,4699,0.6767,0.1137,0.21,0.4406,0.4779,-0.0164,11.87,197.12,1.87,52620.0,0.0,0.2011,0.0665,-0.0007,-0.0755,0.5524,-0.0124,0.85
1659,4699,0.6751,0.1123,0.2133,0.4578,0.4383,-0.016,10.04,179.23,1.86,52760.0,0.0,0.1944,0.0712,-0.0007,-0.0764,0.5596,-0.0145,0.85
1660,4699,0.6703,0.1135,0.2171,0.3999,0.479,-0.0178,10.6,160.69,1.86,52849.0,0.0,0.1848,0.0614,-0.0007,-0.068,0.4983,-0.014,0.85
1661,4699,0.6737,0.1136,0.2137,0.4602,0.4615,-0.0128,11.45,196.56,1.87,52678.0,0.0,0.2034,0.0703,-0.0007,-0.0784,0.4853,-0.013,0.85
1662,4699,0.6718,0.1152,0.2139,0.4332,0.4519,-0.0163,11.93,188.93,1.86,52764.0,0.0,0.1915,0.0665,-0.0006,-0.0732,0.5045,-0.0133,0.85
1663,4699,0.675,0.1153,0.2107,0.4306,0.4784,-0.0143,10.8,186.36,1.84,53386.0,0.0,0.1944,0.0664,-0.0006,-0.0734,0.4774,-0.0138,0.85
1664,4699,0.6727,0.1152,0.2131,0.4447,0.471,-0.0125,11.3,174.49,1.86,52928.0,0.0,0.1956,0.0708,-0.0007,-0.0758,0.4718,-0.0143,0.85
1665,4699,0.6766,0.1105,0.2139,0.4238,0.4839,-0.0144,11.76,192.87,1.85,53081.0,0.0,0.2001,0.0634,-0.0007,-0.0768,0.4967,-0.0125,0.85
1666,4699,0.6757,0.1112,0.2142,0.4346,0.4654,-0.0168,12.44,185.52,1.86,52932.0,0.0,0.2014,0.0647,-0.0007,-0.0728,0.4662,-0.0137,0.85
1667,4699,0.6771,0.1112,0.213,0.4304,0.4659,-0.0162,10.87,172.01,1.86,52943.0,0.0,0.1953,0.0654,-0.0008,-0.0729,0.4831,-0.0135,0.85
1668,4699,0.672,0.1161,0.2133,0.4614,0.4374,-0.0169,11.58,197.32,1.86,52966.0,0.0,0.1915,0.0732,-0.0007,-0.0779,0.4701,-0.012,0.85
1669,4699,0.6721,0.1158,0.2136,0.4372,0.4824,-0.0158,10.7,168.18,1.87,52692.0,0.0,0.1978,0.0659,-0.0007,-0.0758,0.4591,-0.0134,0.85
1670,4699,0.668,0.115,0.2185,0.4491,0.4286,-0.0161,11.09,179.5,1.87,52644.0,0.0,0.1976,0.0671,-0.0006,-0.0739,0.4389,-0.0139,0.85
1671,4699,0.6666,0.1119,0.2228,0.4612,0.454,-0.0137,11.26,173.06,1.85,53055.0,0.0,0.2002,0.0719,-0.0007,-0.0776,0.4858,-0.0126,0.85
1672,4699,0.6688,0.1057,0.2267,0.4668,0.4606,-0.0123,10.71,184.18,1.85,53148.0,0.0,0.1942,0.074,-0.0007,-0.0783,0.4507,-0.0135,0.85
1673,4699,0.6655,0.1029,0.2324,0.4722,0.4436,-0.0158,11.35,209.51,1.87,52485.0,0.0,0.2083,0.0685,-0.0006,-0.0792,0.4484,-0.0141,0.84
1674,4699,0.6588,0.1063,0.2355,0.4734,0.4273,-0.0162,10.61,194.89,1.86,52789.0,0.0,0.1951,0.0744,-0.0008,-0.0804,0.4695,-0.014,0.84
1675,4699,0.6544,0.106,0.2403,0.4831,0.4477,-0.0119,11.87,204.65,1.86,52876.0,0.0,0.2004,0.0767,-0.001,-0.0816,0.4531,-0.0129,0.84
1676,4699,0.6496,0.1064,0.2447,0.4456,0.438,-0.0172,10.85,190.49,1.84,53359.0,0.0,0.1842,0.0717,-0.0008,-0.0763,0.5268,-0.0132,0.84
1677,4699,0.6444,0.1099,0.2464,0.4444,0.4293,-0.0187,10.95,180.73,1.87,52681.0,0.0,0.1853,0.0693,-0.0007,-0.0781,0.4754,-0.0139,0.84
1678,4699,0.6373,0.1118,0.2514,0.4659,0.4413,-0.0156,12.43,194.88,1.87,52703.0,0.0,0.2064,0.069,-0.0006,-0.0789,0.4052,-0.0143,0.84
1679,4699,0.6375,0.1107,0.2523,0.4541,0.4545,-0.014,10.74,188.88,1.86,52845.0,0.0,0.2016,0.0677,-0.0006,-0.0782,0.4687,-0.013,0.84
1680,4699,0.6372,0.1103,0.253,0.4656,0.4395,-0.0159,10.93,208.97,1.86,52810.0,0.0,0.1963,0.0709,-0.0009,-0.0792,0.4523,-0.0126,0.84
1681,4699,0.6378,0.1087,0.254,0.455,0.4387,-0.0145,11.2,189.31,1.85,53065.0,0.0,0.1889,0.0724,-0.0007,-0.0773,0.4735,-0.0136,0.84
1682,4699,0.6345,0.1097,0.2563,0.4402,0.4303,-0.0175,10.43,178.83,1.86,52902.0,0.0,0.1766,0.0709,-0.0008,-0.0763,0.4342,-0.0138,0.84
1683,4699,0.6332,0.1088,0.2582,0.4519,0.4406,-0.0153,9.73,176.48,1.88,52373.0,0.0,0.2003,0.0664,-0.0009,-0.0749,0.5406,-0.0087,0.84
1684,4699,0.6312,0.113,0.2559,0.4304,0.4428,-0.0186,11.05,176.91,1.86,52718.0,0.0,0.1836,0.0661,-0.0007,-0.0752,0.4782,-0.0092,0.84
1685,4699,0.6268,0.115,0.2582,0.4685,0.4198,-0.0157,11.09,195.31,1.87,52619.0,0.0,0.1847,0.0771,-0.0011,-0.0787,0.4728,-0.0131,0.84
1686,4699,0.6296,0.116,0.2543,0.4306,0.4805,-0.0146,11.3,184.36,1.85,53162.0,0.0,0.2057,0.0635,-0.0008,-0.0776,0.4588,-0.0134,0.85
1687,4699,0.6329,0.1142,0.2528,0.4644,0.4367,-0.0147,11.17,203.18,1.86,52758.0,0.0,0.1937,0.0715,-0.0007,-0.0773,0.4132,-0.0135,0.85
1688,4699,0.6359,0.1111,0.253,0.447,0.4459,-0.0171,11.87,199.43,1.86,52981.0,0.0,0.1871,0.0698,-0.0009,-0.0759,0.4532,-0.0132,0.85
1689,4699,0.6383,0.1087,0.253,0.4786,0.4448,-0.0114,12.27,186.82,1.86,52799.0,0.0,0.2024,0.0733,-0.0008,-0.0805,0.4079,-0.0135,0.85
1690,4699,0.6437,0.1065,0.2499,0.4558,0.4646,-0.0141,11.6,169.91,1.87,52669.0,0.0,0.2017,0.068,-0.0006,-0.0794,0.4208,-0.013,0.85
1691,4699,0.6489,0.1047,0.2465,0.4771,0.4768,-0.0103,11.96,195.77,1.85,53063.0,0.0,0.2172,0.0705,-0.0007,-0.0816,0.417,-0.0118,0.85
1692,4699,0.6586,0.1002,0.2417,0.4824,0.4694,-0.0101,11.39,183.25,1.85,53117.0,0.0,0.2076,0.073,-0.001,-0.0818,0.4382,-0.0123,0.85
1693,4699,0.6659,0.0961,0.2387,0.4627,0.4725,-0.0114,12.02,191.88,1.86,52766.0,0.0,0.2013,0.0709,-0.0006,-0.0762,0.4774,-0.0132,0.85
1694,4699,0.6626,0.0966,0.2418,0.4633,0.4159,-0.0191,10.93,196.62,1.87,52674.0,0.0,0.2012,0.068,-0.0006,-0.0791,0.4818,-0.0135,0.85
1695,4699,0.6569,0.102,0.2419,0.4436,0.4593,-0.0157,10.97,177.63,1.86,52862.0,0.0,0.1941,0.068,-0.0008,-0.075,0.444,-0.0124,0.85
1696,4699,0.656,0.104,0.2408,0.4572,0.4378,-0.0144,11.36,173.02,1.87,52633.0,0.0,0.1866,0.0738,-0.0007,-0.0793,0.4606,-0.013,0.85
1697,4699,0.6552,0.1048,0.2408,0.4303,0.465,-0.0138,10.21,173.07,1.86,52859.0,0.0,0.1871,0.0673,-0.0009,-0.0743,0.5055,-0.0131,0.85
1698,4699,0.6598,0.1052,0.236,0.4243,0.4867,-0.0153,11.07,168.33,1.87,52551.0,0.0,0.1994,0.064,-0.0008,-0.0753,0.479,-0.0141,0.85
1699,4699,0.6647,0.1044,0.232,0.4528,0.4551,-0.0141,10.88,189.71,1.87,52677.0,0.0,0.2029,0.068,-0.0007,-0.0788,0.4607,-0.012,0.85
1700,4699,0.6624,0.1039,0.2348,0.418,0.4783,-0.0126,11.47,191.22,1.86,52938.0,0.0,0.1861,0.0652,-0.0008,-0.0731,0.4158,-0.013,0.85
1701,4699,0.6651,0.1021,0.2336,0.4393,0.4678,-0.0123,10.86,165.74,1.84,53452.0,0.0,0.1876,0.0691,-0.0008,-0.0746,0.3804,-0.0138,0.85
1702,4699,0.6687,0.0976,0.2344,0.4611,0.4709,-0.0103,10.99,179.27,1.85,53241.0,0.0,0.2059,0.0678,-0.0007,-0.0799,0.4044,-0.0122,0.85
1703,4699,0.6701,0.0954,0.2352,0.4506,0.4672,-0.0128,11.31,211.41,1.87,52660.0,0.0,0.1967,0.0687,-0.0008,-0.0757,0.4941,-0.0122,0.85
1704,4699,0.6709,0.0952,0.2348,0.4407,0.463,-0.0156,10.62,181.18,1.86,52842.0,0.0,0.2005,0.0656,-0.0007,-0.0758,0.433,-0.0135,0.85
1705,4699,0.6681,0.0954,0.2378,0.4594,0.4635,-0.0117,11.5,181.89,1.84,53459.0,0.0,0.1995,0.0711,-0.0006,-0.08,0.4472,-0.0138,0.85
1706,4699,0.6699,0.0934,0.2382,0.4535,0.4523,-0.0151,9.97,182.57,1.86,52710.0,0.0,0.2007,0.0679,-0.0008,-0.0794,0.4306,-0.0132,0.85
1707,4699,0.6689,0.0944,0.2381,0.4494,0.452,-0.015,10.32,167.9,1.85,53070.0,0.0,0.194,0.0693,-0.0007,-0.0766,0.493,-0.0117,0.85
1708,4699,0.6628,0.0966,0.2416,0.4784,0.4428,-0.013,11.04,195.96,1.86,52966.0,0.0,0.2008,0.0753,-0.0007,-0.0812,0.4273,-0.0117,0.85
1709,4699,0.6578,0.0976,0.2454,0.4494,0.4498,-0.0154,11.55,208.18,1.87,52686.0,0.0,0.1911,0.0701,-0.0007,-0.0762,0.4104,-0.0116,0.85
1710,4699,0.6571,0.0936,0.2498,0.4587,0.4785,-0.0118,11.14,183.9,1.86,52782.0,0.0,0.2034,0.071,-0.0007,-0.0787,0.51,-0.0104,0.85
1711,4699,0.6584,0.0915,0.2505,0.4525,0.466,-0.0143,10.91,173.06,1.86,52910.0,0.0,0.2044,0.0681,-0.0008,-0.081,0.4991,-0.0128,0.85
1712,4699,0.6633,0.0927,0.2442,0.4561,0.4674,-0.0141,10.38,180.61,1.86,52814.0,0.0,0.1955,0.0706,-0.001,-0.0789,0.5278,-0.013,0.85
1713,4699,0.6648,0.0951,0.2404,0.4487,0.4591,-0.0147,11.7,173.89,1.79,54822.0,0.0,0.1919,0.0716,-0.001,-0.0813,0.4895,-0.0135,0.85
1714,4699,0.6586,0.099,0.2426,0.4473,0.4362,-0.0171,11.43,184.47,1.88,52376.0,0.0,0.194,0.0692,-0.0008,-0.0774,0.4132,-0.0127,0.85
1715,4699,0.6583,0.1011,0.2408,0.4254,0.4717,-0.0156,10.3,167.19,1.87,52522.0,0.0,0.1896,0.0662,-0.0007,-0.0738,0.4692,-0.0091,0.85
1716,4699,0.6604,0.1015,0.2384,0.4529,0.4641,-0.0157,11.3,194.49,1.87,52623.0,0.0,0.1944,0.0699,-0.0007,-0.0797,0.4706,-0.0131,0.85
1717,4699,0.6633,0.1029,0.2339,0.4435,0.4629,-0.0171,9.4,162.0,1.87,52581.0,0.0,0.1928,0.0701,-0.0007,-0.0817,0.441,-0.0137,0.85
1718,4699,0.6653,0.1056,0.2291,0.4537,0.4453,-0.016,11.03,195.73,1.85,53167.0,0.0,0.1923,0.0707,-0.0011,-0.0807,0.457,-0.0125,0.85
1719,4699,0.6598,0.1082,0.232,0.4696,0.4103,-0.017,10.72,199.88,1.87,52443.0,0.0,0.1826,0.0762,-0.001,-0.0793,0.4135,-0.0119,0.85
1720,4699,0.6554,0.1072,0.2375,0.4766,0.4512,-0.012,11.77,184.29,1.86,52738.0,0.0,0.2049,0.0727,-0.0009,-0.0838,0.4771,-0.013,0.85
1721,4699,0.6562,0.1052,0.2386,0.4674,0.4241,-0.0151,9.98,185.56,1.86,52920.0,0.0,0.1904,0.0738,-0.0008,-0.0797,0.4306,-0.0122,0.85
1722,4699,0.6493,0.1061,0.2446,0.4631,0.4146,-0.018,10.76,192.9,1.85,53003.0,0.0,0.1882,0.0753,-0.0008,-0.0835,0.4215,-0.0133,0.85
1723,4699,0.6449,0.1087,0.2464,0.4722,0.4575,-0.0121,11.54,196.73,1.85,53264.0,0.0,0.2015,0.0713,-0.0006,-0.0825,0.4353,-0.0123,0.85
1724,4699,0.644,0.1067,0.2495,0.4696,0.4402,-0.0128,10.43,181.49,1.86,52757.0,0.0,0.1913,0.0735,-0.0007,-0.0806,0.3556,-0.0131,0.85
1725,4699,0.639,0.1061,0.2551,0.4874,0.4399,-0.0127,11.5,179.53,1.85,53034.0,0.0,0.2005,0.0745,-0.0006,-0.0797,0.4991,-0.0123,0.85
1726,4699,0.632,0.1076,0.2606,0.4804,0.4059,-0.016,10.02,194.92,1.87,52655.0,0.0,0.1936,0.073,-0.0007,-0.0823,0.4364,-0.0133,0.85
1727,4699,0.6233,0.111,0.2659,0.5009,0.4147,-0.0134,11.51,225.94,1.86,52946.0,0.0,0.2017,0.0773,-0.0008,-0.0842,0.4366,-0.0136,0.85
1728,4699,0.6201,0.111,0.2693,0.4677,0.4112,-0.016,9.12,156.95,1.86,52789.0,0.0,0.177,0.0765,-0.0008,-0.0787,0.4638,-0.0121,0.85
1729,4699,0.619,0.1094,0.2725,0.4881,0.4233,-0.0144,10.99,190.79,1.81,54247.0,0.0,0.1967,0.0719,-0.0008,-0.0816,0.4611,-0.0133,0.85
1730,4699,0.6217,0.1073,0.2722,0.4372,0.4575,-0.016,10.5,187.6,1.86,52740.0,0.0,0.1925,0.0644,-0.0008,-0.0747,0.4702,-0.0132,0.85
1731,4699,0.622,0.1066,0.2724,0.4781,0.4172,-0.0158,10.11,186.82,1.87,52590.0,0.0,0.1928,0.0736,-0.0008,-0.081,0.4437,-0.0127,0.85
1732,4699,0.6146,0.1095,0.2769,0.4871,0.4041,-0.0164,10.77,201.29,1.86,52808.0,0.0,0.1916,0.0771,-0.0009,-0.0822,0.4033,-0.0132,0.85
1733,4699,0.6089,0.1083,0.2837,0.4838,0.3995,-0.0152,10.72,194.1,1.87,52591.0,0.0,0.1864,0.0785,-0.0007,-0.081,0.4087,-0.0119,0.85
1734,4699,0.6095,0.1076,0.2841,0.486,0.4444,-0.0125,10.83,196.39,1.83,53635.0,0.0,0.2113,0.0708,-0.0009,-0.0859,0.4196,-0.0128,0.85
1735,4699,0.6094,0.104,0.2875,0.5014,0.4128,-0.0137,11.57,199.46,1.86,52856.0,0.0,0.2044,0.0753,-0.0007,-0.0856,0.4209,-0.0128,0.85
1736,4699,0.6084,0.1019,0.2904,0.4879,0.449,-0.0109,10.65,180.94,1.86,52829.0,0.0,0.2063,0.0731,-0.0008,-0.0841,0.4771,-0.014,0.85
1737,4699,0.6133,0.0978,0.2897,0.4617,0.4277,-0.0159,10.22,189.45,1.87,52463.0,0.0,0.1919,0.0702,-0.0008,-0.0768,0.425,-0.0122,0.85
1738,4699,0.6114,0.0996,0.2897,0.4448,0.4444,-0.0158,10.7,194.77,1.85,53103.0,0.0,0.1884,0.0698,-0.0007,-0.0788,0.4026,-0.014,0.85
1739,4699,0.6117,0.1006,0.2882,0.484,0.4424,-0.0121,10.78,184.28,1.86,52878.0,0.0,0.2012,0.0734,-0.0009,-0.0821,0.4297,-0.0121,0.85
1740,4699,0.612,0.1019,0.2865,0.4669,0.4372,-0.014,11.36,203.39,1.87,52596.0,0.0,0.1954,0.0716,-0.0008,-0.0788,0.4516,-0.0123,0.85
1741,4699,0.6132,0.1022,0.2849,0.4731,0.4348,-0.0147,10.64,202.42,1.86,52738.0,0.0,0.1953,0.0718,-0.0007,-0.0787,0.435,-0.0133,0.85
1742,4699,0.6117,0.1023,0.2862,0.4598,0.4277,-0.0156,10.96,181.68,1.85,53240.0,0.0,0.1873,0.0713,-0.0007,-0.0751,0.417,-0.0141,0.85
1743,4699,0.6151,0.0985,0.2867,0.4968,0.4276,-0.0115,10.74,200.05,1.86,52861.0,0.0,0.1972,0.0785,-0.0007,-0.0836,0.452,-0.0122,0.86
1744,4699,0.6162,0.0967,0.2873,0.4963,0.4369,-0.0112,12.0,209.13,1.86,52769.0,0.0,0.1991,0.0765,-0.0008,-0.0831,0.4363,-0.0126,0.86
1745,4699,0.6146,0.096,0.2894,0.4704,0.4143,-0.0171,10.55,189.64,1.85,53240.0,0.0,0.188,0.0713,-0.0007,-0.0761,0.4176,-0.0128,0.86
1746,4699,0.6132,0.1001,0.2867,0.4588,0.4371,-0.0136,10.8,195.82,1.86,52912.0,0.0,0.1878,0.0743,-0.0007,-0.0754,0.421,-0.0136,0.86
1747,4699,0.6144,0.102,0.2836,0.4651,0.4331,-0.0163,10.65,192.37,1.86,52942.0,0.0,0.2009,0.0673,-0.0006,-0.077,0.4072,-0.0111,0.86
1748,4699,0.623,0.1008,0.2762,0.4603,0.4702,-0.0101,11.14,187.88,1.87,52645.0,0.0,0.1958,0.0701,-0.0008,-0.0791,0.4048,-0.0141,0.86
1749,4699,0.6287,0.097,0.2743,0.4644,0.4338,-0.013,10.39,183.02,1.84,53376.0,0.0,0.1914,0.0734,-0.0008,-0.0811,0.4986,-0.0129,0.86
1750,4699,0.629,0.0975,0.2735,0.457,0.4443,-0.0142,11.41,189.86,1.85,53018.0,0.0,0.1966,0.0697,-0.0007,-0.0803,0.4414,-0.0131,0.86
1751,4699,0.6298,0.0979,0.2723,0.4682,0.4244,-0.0136,11.93,209.73,1.86,52731.0,0.0,0.194,0.0717,-0.0006,-0.0753,0.4255,-0.0139,0.86
1752,4699,0.6286,0.0991,0.2723,0.4637,0.4072,-0.0181,10.63,197.11,1.86,52894.0,0.0,0.1901,0.0718,-0.0006,-0.0769,0.4513,-0.013,0.86
1753,4699,0.629,0.1006,0.2705,0.445,0.4583,-0.0134,10.35,167.2,1.87,52549.0,0.0,0.1986,0.066,-0.0007,-0.0738,0.4757,-0.0138,0.86
1754,4699,0.629,0.104,0.2672,0.4488,0.4246,-0.0172,10.89,197.62,1.86,52712.0,0.0,0.1897,0.0665,-0.0006,-0.0747,0.5498,-0.0114,0.86
1755,4699,0.6272,0.1048,0.2683,0.48,0.4352,-0.014,11.08,215.75,1.85,53085.0,0.0,0.2034,0.0713,-0.0007,-0.0809,0.485,-0.0131,0.86
1756,4699,0.6222,0.1071,0.271,0.5074,0.4188,-0.0136,12.17,224.76,1.85,53005.0,0.0,0.202,0.0787,-0.0007,-0.0859,0.3727,-0.0146,0.86
1757,4699,0.6264,0.1014,0.2727,0.49,0.4642,-0.0081,12.44,217.3,1.86,52917.0,0.0,0.2077,0.0767,-0.001,-0.0821,0.3873,-0.0131,0.86
1758,4699,0.6311,0.0983,0.2715,0.4808,0.458,-0.0089,10.89,192.97,1.86,52759.0,0.0,0.2042,0.0738,-0.0006,-0.0812,0.3625,-0.0135,0.86
1759,4699,0.6333,0.0942,0.2734,0.4877,0.4163,-0.0139,10.13,184.28,1.86,52878.0,0.0,0.1981,0.0742,-0.0007,-0.0845,0.4228,-0.0104,0.85
1760,4699,0.6308,0.0936,0.2765,0.4777,0.4223,-0.0145,11.12,184.5,1.86,52752.0,0.0,0.193,0.0738,-0.0007,-0.0804,0.416,-0.0128,0.85
1761,4699,0.6281,0.0939,0.2788,0.4568,0.4533,-0.0131,10.71,186.08,1.86,52955.0,0.0,0.1944,0.0679,-0.0007,-0.079,0.4456,-0.0123,0.85
1762,4699,0.6289,0.0947,0.277,0.4645,0.4409,-0.0136,11.35,201.12,1.84,53465.0,0.0,0.1972,0.0711,-0.0008,-0.0808,0.5128,-0.0127,0.86
1763,4699,0.624,0.095,0.2815,0.4993,0.4144,-0.0139,10.75,204.09,1.85,53017.0,0.0,0.1969,0.0773,-0.0007,-0.0832,0.4564,-0.0129,0.86
1764,4699,0.6235,0.0952,0.2818,0.4985,0.4207,-0.0126,11.48,188.7,1.86,52795.0,0.0,0.2005,0.0762,-0.0008,-0.085,0.4508,-0.0131,0.86
1765,4699,0.6214,0.0976,0.2817,0.461,0.4338,-0.0148,11.03,186.39,1.86,52808.0,0.0,0.1905,0.0702,-0.0006,-0.0777,0.438,-0.0123,0.86
1766,4699,0.6221,0.0995,0.2789,0.4566,0.4512,-0.0148,11.91,208.49,1.86,52918.0,0.0,0.2035,0.0655,-0.0007,-0.0776,0.4481,-0.0132,0.86
1767,4699,0.6246,0.1007,0.2753,0.4706,0.413,-0.0154,10.91,196.06,1.87,52469.0,0.0,0.186,0.0726,-0.0007,-0.0786,0.4478,-0.0122,0.86
1768,4699,0.6217,0.0982,0.2806,0.4874,0.408,-0.0134,10.78,191.18,1.86,52784.0,0.0,0.1988,0.0722,-0.0008,-0.0795,0.4288,-0.0127,0.86
1769,4699,0.6185,0.0956,0.2865,0.495,0.4106,-0.0132,10.52,207.18,1.86,52883.0,0.0,0.1951,0.0764,-0.0007,-0.083,0.4689,-0.0117,0.86
1770,4699,0.6124,0.098,0.2906,0.4905,0.3924,-0.0175,10.97,210.59,1.86,52882.0,0.0,0.2038,0.0698,-0.0006,-0.0826,0.4757,-0.0118,0.86
1771,4699,0.6076,0.0998,0.2935,0.4636,0.3891,-0.0221,9.35,184.57,1.86,52975.0,0.0,0.1898,0.068,-0.0006,-0.0758,0.4871,-0.0112,0.86
1772,4699,0.6055,0.1047,0.2908,0.4936,0.4453,-0.0122,12.31,210.07,1.87,52705.0,0.0,0.2149,0.0701,-0.0007,-0.0835,0.4181,-0.0131,0.86
1773,4699,0.6067,0.104,0.2904,0.4776,0.441,-0.012,11.48,204.3,1.84,53309.0,0.0,0.202,0.0709,-0.0007,-0.0758,0.4366,-0.0135,0.86
1774,4699,0.6042,0.1025,0.2945,0.4939,0.4203,-0.0125,11.55,208.28,1.78,55182.0,0.0,0.1991,0.0734,-0.0006,-0.0787,0.4012,-0.0132,0.86
1775,4699,0.6025,0.1005,0.298,0.4936,0.4217,-0.0119,11.81,226.27,1.87,52572.0,0.0,0.2017,0.0747,-0.0008,-0.0792,0.4289,-0.0123,0.86
1776,4699,0.6033,0.0997,0.2979,0.4782,0.4297,-0.014,11.1,213.33,1.86,52837.0,0.0,0.2009,0.0726,-0.0007,-0.0781,0.4832,-0.0118,0.86
1777,4699,0.6006,0.101,0.2989,0.5274,0.3963,-0.0133,10.48,214.4,1.86,52717.0,0.0,0.2107,0.0775,-0.0008,-0.087,0.4221,-0.012,0.86
1778,4699,0.5956,0.1025,0.3024,0.4851,0.3955,-0.019,11.63,196.2,1.85,53145.0,0.0,0.1968,0.0719,-0.0007,-0.0784,0.5356,-0.0122,0.86
1779,4699,0.5947,0.1037,0.3019,0.4884,0.4138,-0.0156,10.42,196.83,1.87,52652.0,0.0,0.197,0.0724,-0.0007,-0.0813,0.475,-0.0133,0.86
1780,4699,0.5971,0.1032,0.3003,0.484,0.4267,-0.0135,11.0,185.97,1.86,52883.0,0.0,0.1968,0.0732,-0.0008,-0.0794,0.4514,-0.0119,0.86
1781,4699,0.5968,0.1023,0.3016,0.51,0.4399,-0.0109,11.23,208.88,1.86,52952.0,0.0,0.2053,0.0769,-0.0006,-0.084,0.5025,-0.0129,0.86
1782,4699,0.6019,0.0981,0.3007,0.496,0.4366,-0.0116,11.6,194.46,1.86,52791.0,0.0,0.2142,0.071,-0.0007,-0.0797,0.5281,-0.0143,0.86
1783,4699,0.6079,0.0961,0.2969,0.473,0.4203,-0.0151,9.63,194.26,1.86,52726.0,0.0,0.2,0.0699,-0.0008,-0.0747,0.4812,-0.0141,0.86
1784,4699,0.6042,0.1008,0.2959,0.4886,0.4104,-0.0152,10.42,185.9,1.86,52840.0,0.0,0.204,0.0708,-0.0007,-0.08,0.486,-0.0126,0.86
1785,4699,0.6088,0.0991,0.2929,0.4693,0.4493,-0.0112,11.32,185.06,1.84,53560.0,0.0,0.1919,0.0721,-0.0008,-0.0762,0.4784,-0.0126,0.86
1786,4699,0.6094,0.0995,0.292,0.4855,0.4178,-0.0141,11.29,202.68,1.87,52623.0,0.0,0.1962,0.0754,-0.0008,-0.0794,0.4315,-0.0128,0.86
1787,4699,0.6104,0.0979,0.2927,0.4527,0.4473,-0.0137,10.52,189.19,1.83,53736.0,0.0,0.2006,0.0652,-0.0006,-0.0734,0.458,-0.0122,0.86
1788,4699,0.607,0.0994,0.2944,0.4636,0.4381,-0.0161,10.92,194.96,1.86,52878.0,0.0,0.2095,0.0648,-0.0007,-0.0793,0.5022,-0.0121,0.86
1789,4699,0.6145,0.1013,0.2849,0.4489,0.465,-0.0133,11.12,170.86,1.86,52960.0,0.0,0.2002,0.0633,-0.0005,-0.0738,0.4776,-0.0115,0.86
1790,4699,0.6224,0.1029,0.2753,0.4469,0.4478,-0.0146,11.24,175.49,1.85,53142.0,0.0,0.2001,0.0652,-0.0007,-0.0746,0.4502,-0.0122,0.86
1791,4699,0.6265,0.1042,0.2698,0.4654,0.4539,-0.0147,11.24,188.87,1.88,52384.0,0.0,0.2081,0.0668,-0.0006,-0.0796,0.5378,-0.0124,0.86
1792,4699,0.63,0.1059,0.2645,0.4662,0.4482,-0.016,10.92,186.03,1.85,53245.0,0.0,0.212,0.0647,-0.0006,-0.0813,0.4431,-0.0133,0.86
1793,4699,0.6306,0.107,0.2629,0.471,0.4347,-0.0138,10.92,190.44,1.85,53017.0,0.0,0.1996,0.0712,-0.0007,-0.078,0.4374,-0.0144,0.86
1794,4699,0.6361,0.1069,0.2574,0.4727,0.4464,-0.0136,10.52,183.34,1.86,52790.0,0.0,0.204,0.0694,-0.0006,-0.0797,0.4221,-0.0119,0.86
1795,4699,0.6391,0.1049,0.2565,0.4779,0.4463,-0.0133,11.13,201.44,1.87,52456.0,0.0,0.207,0.071,-0.0007,-0.0835,0.4796,-0.0124,0.86
1796,4699,0.6345,0.1057,0.2602,0.4539,0.4372,-0.0166,11.08,165.74,1.85,53006.0,0.0,0.1929,0.0697,-0.0006,-0.0771,0.4402,-0.0124,0.86
1797,4699,0.632,0.1047,0.2638,0.4811,0.4472,-0.011,12.0,172.27,1.86,52949.0,0.0,0.2125,0.0719,-0.0007,-0.0797,0.4502,-0.0133,0.86
1798,4699,0.6303,0.103,0.2672,0.4975,0.4343,-0.0114,11.69,204.8,1.86,52808.0,0.0,0.2138,0.0758,-0.0008,-0.085,0.4758,-0.012,0.86
1799,4699,0.6301,0.1024,0.2678,0.4867,0.4326,-0.0127,11.84,210.34,1.88,52404.0,0.0,0.2058,0.0736,-0.0006,-0.0824,0.4561,-0.013,0.86
1800,4699,0.6277,0.1029,0.2697,0.4589,0.4402,-0.0142,10.93,188.23,1.86,52979.0,0.0,0.1999,0.0704,-0.0007,-0.0796,0.4027,-0.0103,0.86
1801,4699,0.6295,0.1031,0.2676,0.4398,0.4493,-0.0174,9.11,154.27,1.85,53261.0,0.0,0.2003,0.0656,-0.0008,-0.0749,0.5475,-0.0132,0.86
1802,4699,0.6333,0.1038,0.2632,0.4559,0.4586,-0.0134,11.1,186.47,1.87,52674.0,0.0,0.2053,0.069,-0.0008,-0.0764,0.4684,-0.0128,0.86
1803,4699,0.633,0.1045,0.2628,0.4531,0.4347,-0.0166,10.31,161.51,1.83,53745.0,0.0,0.2004,0.0673,-0.0008,-0.078,0.4939,-0.0138,0.86
1804,4699,0.6288,0.1052,0.2662,0.4729,0.4338,-0.0128,11.36,212.38,1.85,53021.0,0.0,0.2013,0.0751,-0.0008,-0.0798,0.4009,-0.0133,0.86
1805,4699,0.624,0.1043,0.2719,0.4895,0.4197,-0.0136,11.15,221.18,1.86,52837.0,0.0,0.1968,0.0787,-0.0009,-0.0828,0.4703,-0.0125,0.86
1806,4699,0.6202,0.1056,0.2745,0.4668,0.45,-0.0144,11.41,192.67,1.87,52578.0,0.0,0.2103,0.0694,-0.001,-0.0807,0.4339,-0.0131,0.86
1807,4699,0.6247,0.1016,0.2742,0.4514,0.481,-0.0105,11.66,185.13,1.86,52866.0,0.0,0.2124,0.064,-0.0007,-0.0777,0.4491,-0.0125,0.86
1808,4699,0.6335,0.095,0.272,0.4903,0.4458,-0.0108,11.04,185.16,1.86,52815.0,0.0,0.2124,0.0758,-0.0008,-0.0841,0.4345,-0.0123,0.86
1809,4699,0.6333,0.0942,0.2727,0.4673,0.4339,-0.015,10.96,175.17,1.86,52796.0,0.0,0.2044,0.0676,-0.0007,-0.0793,0.4359,-0.0135,0.86
1810,4699,0.6335,0.0952,0.2716,0.4622,0.4406,-0.0146,11.82,205.12,1.87,52543.0,0.0,0.2019,0.0702,-0.0008,-0.0804,0.4329,-0.0138,0.86
1811,4699,0.6332,0.0943,0.2728,0.4722,0.4403,-0.0129,10.68,180.62,1.86,52911.0,0.0,0.2011,0.0744,-0.0008,-0.0804,0.4319,-0.014,0.86
1812,4699,0.6306,0.0954,0.2743,0.4587,0.4383,-0.0137,11.57,172.64,1.85,53092.0,0.0,0.1998,0.071,-0.0007,-0.0783,0.4286,-0.0136,0.86
1813,4699,0.6322,0.0989,0.2692,0.463,0.4595,-0.0133,11.52,205.84,1.86,52717.0,0.0,0.2108,0.0676,-0.0007,-0.0781,0.506,-0.0127,0.86
1814,4699,0.634,0.1007,0.2658,0.4631,0.4326,-0.0159,11.93,190.41,1.85,53113.0,0.0,0.2005,0.0701,-0.0007,-0.0787,0.4597,-0.013,0.86
1815,4699,0.6358,0.1006,0.2639,0.4823,0.4367,-0.0147,11.2,197.17,1.88,52385.0,0.0,0.2118,0.0705,-0.0009,-0.0801,0.441,-0.0127,0.86
1816,4699,0.6376,0.1001,0.2623,0.458,0.4516,-0.0136,10.82,184.09,1.87,52659.0,0.0,0.2029,0.0705,-0.0007,-0.0759,0.4771,-0.013,0.86
1817,4699,0.635,0.0977,0.2673,0.4927,0.4376,-0.0119,11.98,200.26,1.86,52874.0,0.0,0.2115,0.0748,-0.0009,-0.0817,0.4604,-0.013,0.86
1818,4699,0.6352,0.0979,0.2669,0.4669,0.4202,-0.0168,10.23,189.19,1.86,52944.0,0.0,0.1976,0.0715,-0.0007,-0.078,0.4081,-0.0121,0.86
1819,4699,0.6346,0.0988,0.2668,0.4758,0.4459,-0.0137,11.32,186.09,1.87,52585.0,0.0,0.209,0.0711,-0.0007,-0.082,0.4395,-0.0138,0.86
1820,4699,0.6401,0.0988,0.2614,0.4888,0.4393,-0.0137,11.73,204.11,1.86,52902.0,0.0,0.2206,0.0697,-0.001,-0.0824,0.4775,-0.0135,0.86
1821,4699,0.64,0.1005,0.2597,0.4752,0.4215,-0.0148,10.52,219.13,1.86,52770.0,0.0,0.2047,0.0734,-0.0007,-0.0774,0.4757,-0.0131,0.86
1822,4699,0.6323,0.1017,0.2662,0.4687,0.4215,-0.0159,11.18,191.74,1.86,52844.0,0.0,0.1992,0.0709,-0.0007,-0.0778,0.5796,-0.0124,0.86
1823,4699,0.6343,0.0991,0.2669,0.4716,0.4414,-0.0121,11.22,181.84,1.85,53096.0,0.0,0.2006,0.0722,-0.001,-0.0757,0.4777,-0.0129,0.86
1824,4699,0.6372,0.0962,0.2668,0.4531,0.4523,-0.0146,11.09,196.64,1.86,52895.0,0.0,0.207,0.0659,-0.001,-0.0717,0.5023,-0.0136,0.86
1825,4699,0.6402,0.097,0.2631,0.4543,0.4563,-0.0138,10.92,192.38,1.87,52611.0,0.0,0.1962,0.0714,-0.0007,-0.0753,0.4677,-0.0139,0.87
1826,4699,0.6391,0.0948,0.2664,0.4832,0.4607,-0.0098,12.43,185.31,1.85,53025.0,0.0,0.217,0.0717,-0.0007,-0.0818,0.472,-0.0127,0.87
1827,4699,0.6435,0.0938,0.263,0.4518,0.4526,-0.0149,10.89,175.0,1.87,52561.0,0.0,0.1997,0.0701,-0.0008,-0.0761,0.504,-0.0136,0.87
1828,4699,0.6417,0.0947,0.2638,0.4769,0.4346,-0.0128,10.18,201.13,1.87,52434.0,0.0,0.2081,0.0713,-0.0007,-0.0786,0.4325,-0.0121,0.87
1829,4699,0.6407,0.0932,0.2664,0.4735,0.4576,-0.0119,11.63,183.03,1.88,52170.0,0.0,0.2183,0.0674,-0.0006,-0.0787,0.517,-0.0125,0.87
1830,4699,0.6449,0.0895,0.2662,0.4447,0.4617,-0.0134,10.41,162.13,1.86,52895.0,0.0,0.2019,0.069,-0.0008,-0.0753,0.5177,-0.0121,0.87
1831,4699,0.6468,0.0901,0.2638,0.4432,0.4475,-0.014,10.87,188.74,1.87,52664.0,0.0,0.1939,0.0688,-0.0007,-0.0721,0.4444,-0.0129,0.87
1832,4699,0.6483,0.0905,0.2617,0.4684,0.4471,-0.0128,12.29,190.03,1.87,52687.0,0.0,0.2054,0.0728,-0.0008,-0.0783,0.507,-0.0139,0.87
1833,4699,0.6458,0.0903,0.2641,0.4795,0.4465,-0.0131,11.83,184.66,1.87,52621.0,0.0,0.2101,0.0723,-0.001,-0.0818,0.4916,-0.0127,0.87
1834,4699,0.647,0.0883,0.2648,0.476,0.4385,-0.0137,10.92,194.14,1.87,52669.0,0.0,0.209,0.072,-0.0008,-0.0769,0.4176,-0.0107,0.87
1835,4699,0.6474,0.0886,0.2641,0.4755,0.4422,-0.0154,10.96,195.22,1.86,52741.0,0.0,0.2196,0.0681,-0.0008,-0.0783,0.4361,-0.0113,0.87
1836,4699,0.6475,0.0891,0.2637,0.4578,0.462,-0.0126,11.41,189.72,1.88,52405.0,0.0,0.2115,0.0688,-0.0011,-0.0772,0.5088,-0.0129,0.87
1837,4699,0.6472,0.089,0.2641,0.4741,0.4379,-0.0138,11.42,205.53,1.87,52674.0,0.0,0.2062,0.072,-0.0008,-0.0795,0.4152,-0.0133,0.87
1838,4699,0.646,0.09,0.2642,0.5222,0.412,-0.0107,10.59,214.67,1.88,52213.0,0.0,0.2101,0.0823,-0.0008,-0.085,0.5634,-0.0114,0.87
1839,4699,0.6403,0.0924,0.2676,0.4691,0.4443,-0.0146,11.74,198.34,1.86,52830.0,0.0,0.2112,0.0675,-0.0008,-0.0752,0.4173,-0.0131,0.87
1840,4699,0.6361,0.091,0.2732,0.5068,0.4484,-0.0115,12.27,185.48,1.86,52795.0,0.0,0.2284,0.0746,-0.0009,-0.0833,0.4558,-0.0132,0.87
1841,4699,0.6396,0.0902,0.2707,0.4862,0.4455,-0.0124,10.97,203.16,1.86,52723.0,0.0,0.2093,0.0731,-0.0008,-0.0789,0.5024,-0.0135,0.87
1842,4699,0.638,0.0885,0.2739,0.4972,0.4359,-0.0115,10.82,185.28,1.87,52478.0,0.0,0.2134,0.0746,-0.0008,-0.0788,0.4748,-0.0122,0.88
1843,4699,0.6372,0.0895,0.2734,0.4922,0.4312,-0.0127,11.66,200.42,1.83,53849.0,0.0,0.2073,0.076,-0.0009,-0.0788,0.4123,-0.0139,0.88
1844,4699,0.6361,0.0883,0.2756,0.4893,0.4392,-0.0119,10.39,183.73,1.86,52774.0,0.0,0.2093,0.0728,-0.0009,-0.077,0.4477,-0.0142,0.88
1845,4699,0.6331,0.0896,0.2773,0.4807,0.4312,-0.0134,11.68,197.65,1.85,53277.0,0.0,0.2013,0.0749,-0.0008,-0.0769,0.4158,-0.0137,0.88
1846,4699,0.6346,0.0904,0.275,0.4761,0.4397,-0.0162,11.03,205.74,1.86,52757.0,0.0,0.2081,0.0711,-0.0007,-0.0773,0.4728,-0.0127,0.88
1847,4699,0.628,0.0951,0.2769,0.4582,0.4378,-0.0156,10.48,184.02,1.88,52427.0,0.0,0.1996,0.0681,-0.001,-0.0726,0.4667,-0.0121,0.88
1848,4699,0.6277,0.0957,0.2767,0.4692,0.451,-0.0129,11.7,177.65,1.87,52700.0,0.0,0.2076,0.0692,-0.0007,-0.0756,0.4882,-0.0117,0.88
1849,4699,0.626,0.0992,0.2753,0.4623,0.4582,-0.0126,11.24,186.68,1.86,52912.0,0.0,0.2078,0.069,-0.0008,-0.0752,0.4782,-0.0119,0.88
1850,4699,0.6325,0.0962,0.2717,0.4715,0.4608,-0.0118,10.92,176.91,1.87,52462.0,0.0,0.2112,0.0691,-0.0008,-0.0756,0.4877,-0.0135,0.88
1851,4699,0.6359,0.0926,0.272,0.4624,0.4565,-0.0128,11.42,183.73,1.87,52674.0,0.0,0.2062,0.0679,-0.0008,-0.0734,0.481,-0.0134,0.88
1852,4699,0.6349,0.0922,0.2733,0.486,0.4289,-0.0129,10.56,190.53,1.87,52603.0,0.0,0.2037,0.0751,-0.0011,-0.0754,0.4846,-0.0133,0.88
1853,4699,0.6325,0.0955,0.2725,0.4455,0.4565,-0.0151,11.65,168.4,1.86,52951.0,0.0,0.2017,0.0669,-0.0008,-0.0707,0.5161,-0.0133,0.88
1854,4699,0.6383,0.0956,0.2667,0.4797,0.4676,-0.0113,12.33,207.51,1.87,52694.0,0.0,0.2178,0.0707,-0.001,-0.0805,0.4865,-0.0135,0.88
1855,4699,0.6395,0.0953,0.2657,0.456,0.4519,-0.0144,11.23,178.31,1.87,52525.0,0.0,0.2075,0.0678,-0.0009,-0.0773,0.4666,-0.0141,0.88
1856,4699,0.6363,0.0972,0.267,0.4701,0.4094,-0.0172,10.95,210.24,1.87,52474.0,0.0,0.1996,0.073,-0.001,-0.0744,0.5302,-0.0104,0.88
1857,4699,0.6329,0.1004,0.2669,0.4461,0.4347,-0.0167,10.97,183.73,1.88,52411.0,0.0,0.2011,0.0677,-0.001,-0.0727,0.5059,-0.0092,0.88
1858,4699,0.6323,0.1005,0.2675,0.4779,0.4497,-0.0116,10.96,201.84,1.87,52615.0,0.0,0.2092,0.0737,-0.0012,-0.0789,0.4753,-0.0134,0.88
1859,4699,0.6333,0.1005,0.2664,0.4629,0.4547,-0.0139,11.29,182.91,1.86,52774.0,0.0,0.2049,0.0714,-0.0009,-0.0806,0.4711,-0.0142,0.88
1860,4699,0.6399,0.0978,0.2627,0.4325,0.474,-0.0144,10.84,162.78,1.88,52309.0,0.0,0.2031,0.0641,-0.001,-0.0719,0.4039,-0.0143,0.88
1861,4699,0.6462,0.0981,0.2561,0.4635,0.4574,-0.0145,11.31,187.34,1.85,53075.0,0.0,0.2154,0.0676,-0.0009,-0.0754,0.4641,-0.0128,0.88
1862,4699,0.6496,0.0986,0.2523,0.4533,0.4628,-0.0148,11.54,196.03,1.87,52612.0,0.0,0.2087,0.0684,-0.0012,-0.0789,0.4568,-0.0142,0.88
1863,4699,0.6517,0.0967,0.2521,0.4826,0.4633,-0.0108,10.83,189.19,1.88,52358.0,0.0,0.2148,0.0744,-0.001,-0.075,0.4822,-0.0132,0.88
1864,4699,0.6545,0.0966,0.2494,0.4539,0.47,-0.0126,10.98,183.46,1.87,52682.0,0.0,0.2056,0.0704,-0.001,-0.0746,0.4722,-0.0142,0.88
1865,4699,0.657,0.097,0.2465,0.4546,0.4614,-0.0136,10.77,176.63,1.86,52779.0,0.0,0.2027,0.0712,-0.001,-0.0788,0.5242,-0.014,0.88
1866,4699,0.6597,0.0986,0.242,0.4293,0.4761,-0.0141,11.26,193.47,1.86,52806.0,0.0,0.1981,0.0679,-0.0008,-0.0729,0.4526,-0.0142,0.88
1867,4699,0.6639,0.0961,0.2402,0.4513,0.4604,-0.0131,10.74,189.48,1.87,52566.0,0.0,0.2076,0.0712,-0.0013,-0.0734,0.4546,-0.0144,0.88
1868,4699,0.6622,0.0952,0.2428,0.4551,0.4556,-0.0147,10.41,162.56,1.86,52891.0,0.0,0.2078,0.0697,-0.0008,-0.0749,0.5301,-0.0127,0.88
1869,4699,0.6626,0.0959,0.2418,0.4486,0.484,-0.0126,11.09,178.0,1.87,52705.0,0.0,0.2122,0.0689,-0.0008,-0.0759,0.5045,-0.0126,0.88
1870,4699,0.6648,0.0949,0.2408,0.4668,0.4603,-0.0128,11.36,186.97,1.87,52702.0,0.0,0.2117,0.0737,-0.0024,-0.08,0.4392,-0.0128,0.88
1871,4699,0.6649,0.0937,0.2419,0.4754,0.4547,-0.0118,11.47,197.74,1.86,52929.0,0.0,0.2172,0.0717,-0.0009,-0.0815,0.4569,-0.0113,0.88
1872,4699,0.6672,0.0922,0.2412,0.4584,0.4661,-0.0134,11.08,189.04,1.78,55182.0,0.0,0.2103,0.0702,-0.0012,-0.0747,0.5347,-0.0124,0.89
1873,4699,0.6664,0.0924,0.242,0.4822,0.4488,-0.013,12.04,216.1,1.86,52820.0,0.0,0.2097,0.0754,-0.001,-0.0831,0.4464,-0.0131,0.89
1874,4699,0.6645,0.0934,0.2429,0.4525,0.4726,-0.0128,11.49,181.44,1.88,52271.0,0.0,0.2062,0.0706,-0.0009,-0.0767,0.4378,-0.0141,0.89
1875,4699,0.6664,0.0935,0.241,0.4609,0.4614,-0.0139,11.34,171.38,1.86,52849.0,0.0,0.2146,0.0709,-0.0007,-0.0754,0.4622,-0.0134,0.88
1876,4699,0.6703,0.093,0.2374,0.458,0.4722,-0.0134,12.13,185.01,1.83,53643.0,0.0,0.211,0.0714,-0.001,-0.0761,0.4216,-0.014,0.89
1877,4699,0.6726,0.0896,0.2386,0.4703,0.438,-0.0129,10.63,175.6,1.85,53262.0,0.0,0.2061,0.0752,-0.001,-0.0763,0.4733,-0.008,0.89
1878,4699,0.674,0.0925,0.2342,0.4409,0.4942,-0.0141,11.84,179.45,1.87,52673.0,0.0,0.2124,0.0673,-0.0009,-0.0733,0.4206,-0.0076,0.89
1879,4699,0.6771,0.0919,0.2316,0.4723,0.49,-0.0107,11.38,172.22,1.87,52497.0,0.0,0.2178,0.0744,-0.0009,-0.0785,0.5235,-0.0126,0.88
1880,4699,0.6776,0.0935,0.2294,0.4861,0.4445,-0.0139,11.52,185.35,1.87,52691.0,0.0,0.2106,0.0768,-0.001,-0.0794,0.4099,-0.0137,0.88
1881,4699,0.6778,0.0925,0.2301,0.4705,0.4636,-0.0124,12.19,196.34,1.85,53220.0,0.0,0.2115,0.0736,-0.0009,-0.08,0.4427,-0.0102,0.89
1882,4699,0.6788,0.0927,0.229,0.4539,0.4803,-0.014,11.44,201.73,1.87,52432.0,0.0,0.216,0.0685,-0.0008,-0.0756,0.4607,-0.0089,0.89
1883,4699,0.6773,0.0927,0.2303,0.4867,0.472,-0.0096,11.8,201.34,1.86,52734.0,0.0,0.2162,0.0774,-0.0008,-0.0798,0.438,-0.0124,0.88
1884,4699,0.6742,0.0942,0.2323,0.4826,0.4534,-0.0131,12.67,205.46,1.87,52703.0,0.0,0.2127,0.0783,-0.0009,-0.084,0.4521,-0.0133,0.89
1885,4699,0.6745,0.0924,0.2338,0.4868,0.4713,-0.0096,11.18,186.51,1.87,52551.0,0.0,0.2099,0.0785,-0.0008,-0.0813,0.3868,-0.0145,0.89
1886,4699,0.6734,0.0933,0.234,0.469,0.459,-0.0143,11.89,208.66,1.86,52917.0,0.0,0.2034,0.0766,-0.0008,-0.0808,0.4749,-0.0124,0.88
1887,4699,0.6689,0.0945,0.2373,0.4907,0.4435,-0.014,11.46,203.42,1.87,52522.0,0.0,0.2073,0.0779,-0.0008,-0.0806,0.5104,-0.0115,0.88
1888,4699,0.664,0.096,0.2408,0.4769,0.4493,-0.0138,11.28,197.31,1.85,52996.0,0.0,0.2055,0.0748,-0.0009,-0.0813,0.4885,-0.0101,0.88
1889,4699,0.6577,0.1,0.2432,0.4739,0.4095,-0.019,9.51,201.32,1.87,52492.0,0.0,0.1978,0.0762,-0.0009,-0.0802,0.4643,-0.013,0.88
1890,4699,0.6496,0.1025,0.2487,0.4584,0.452,-0.0131,11.08,175.57,1.88,52291.0,0.0,0.1967,0.0749,-0.0008,-0.0778,0.4227,-0.0137,0.88
1891,4699,0.6475,0.1037,0.2495,0.4457,0.4622,-0.0134,11.59,187.97,1.87,52551.0,0.0,0.2001,0.0708,-0.0009,-0.0815,0.3618,-0.0135,0.88
1892,4699,0.6494,0.1003,0.2513,0.4516,0.4482,-0.0124,10.62,192.7,1.88,52379.0,0.0,0.1881,0.0752,-0.0009,-0.0777,0.4287,-0.0136,0.89
1893,4699,0.6502,0.0984,0.2525,0.436,0.4636,-0.0153,10.02,169.86,1.86,52816.0,0.0,0.1969,0.0684,-0.0008,-0.0751,0.4435,-0.0121,0.88
1894,4699,0.6445,0.0997,0.2571,0.4873,0.4096,-0.0164,10.63,201.98,1.87,52564.0,0.0,0.201,0.0802,-0.0009,-0.0858,0.4591,-0.0127,0.88
1895,4699,0.6409,0.0999,0.2603,0.4667,0.4577,-0.0112,11.18,192.42,1.86,52976.0,0.0,0.2071,0.0751,-0.0008,-0.083,0.4023,-0.0134,0.88
1896,4699,0.6364,0.0995,0.2649,0.4897,0.4324,-0.0121,11.92,213.29,1.84,53456.0,0.0,0.2029,0.0796,-0.0009,-0.0869,0.4577,-0.0134,0.88
1897,4699,0.633,0.0996,0.2685,0.4822,0.43,-0.0165,11.1,199.86,1.85,53027.0,0.0,0.1979,0.0798,-0.0008,-0.0822,0.4092,-0.0117,0.88
1898,4699,0.6284,0.0999,0.2726,0.4733,0.4447,-0.0131,11.75,184.67,1.87,52507.0,0.0,0.1994,0.0791,-0.0008,-0.079,0.4587,-0.0129,0.88
1899,4699,0.6287,0.0991,0.2731,0.4907,0.4389,-0.0114,11.32,213.95,1.87,52709.0,0.0,0.2015,0.0825,-0.0009,-0.0832,0.4386,-0.0122,0.88
1900,4699,0.6275,0.0987,0.2745,0.4788,0.4537,-0.0129,11.46,202.63,1.87,52474.0,0.0,0.2076,0.0781,-0.0009,-0.0816,0.4844,-0.013,0.88
1901,4699,0.632,0.0979,0.2706,0.4846,0.454,-0.0117,11.6,212.84,1.86,52877.0,0.0,0.214,0.0771,-0.001,-0.081,0.428,-0.0135,0.88
1902,4699,0.6369,0.093,0.2709,0.4798,0.4493,-0.0106,11.64,189.53,1.87,52523.0,0.0,0.2042,0.0798,-0.0009,-0.0822,0.4429,-0.0124,0.89
1903,4699,0.6387,0.0949,0.2669,0.4565,0.4562,-0.0148,11.63,190.73,1.87,52551.0,0.0,0.2037,0.0731,-0.0008,-0.0786,0.4924,-0.0119,0.89
1904,4699,0.6377,0.0955,0.2676,0.4637,0.439,-0.0132,10.8,199.44,1.87,52567.0,0.0,0.1982,0.0781,-0.0009,-0.078,0.4064,-0.0134,0.89
1905,4699,0.6366,0.0949,0.2692,0.4729,0.4315,-0.0133,10.88,202.09,1.81,54220.0,0.0,0.1978,0.079,-0.001,-0.0794,0.4265,-0.0134,0.89
1906,4699,0.634,0.0966,0.2702,0.4646,0.4546,-0.0124,11.14,192.81,1.88,52281.0,0.0,0.2068,0.0761,-0.0012,-0.0776,0.421,-0.0108,0.89
1907,4699,0.6329,0.0964,0.2717,0.467,0.4395,-0.0121,11.51,187.12,1.87,52580.0,0.0,0.199,0.0787,-0.0011,-0.0796,0.4179,-0.0119,0.89
1908,4699,0.6386,0.0925,0.2698,0.4603,0.4519,-0.0138,10.86,179.54,1.88,52390.0,0.0,0.1992,0.078,-0.0008,-0.078,0.4542,-0.0128,0.89
1909,4699,0.6389,0.0927,0.2688,0.4773,0.4448,-0.0124,12.11,192.82,1.86,52710.0,0.0,0.2078,0.0819,-0.0008,-0.0804,0.4279,-0.0134,0.89
1910,4699,0.6429,0.0932,0.2648,0.4499,0.4656,-0.0136,10.26,180.55,1.88,52416.0,0.0,0.2112,0.0719,-0.001,-0.0802,0.4338,-0.012,0.89
1911,4699,0.6472,0.0933,0.2604,0.4743,0.4452,-0.0119,11.0,179.7,1.88,52330.0,0.0,0.2065,0.0818,-0.0013,-0.0807,0.4462,-0.0116,0.89
1912,4699,0.6508,0.0915,0.2583,0.4499,0.4713,-0.0123,11.82,190.55,1.84,53514.0,0.0,0.2059,0.0739,-0.0009,-0.0758,0.4554,-0.0137,0.89
1913,4699,0.6554,0.0898,0.2556,0.4563,0.4588,-0.0132,10.89,187.63,1.86,52736.0,0.0,0.2077,0.0763,-0.001,-0.0773,0.4722,-0.0141,0.89
1914,4699,0.6538,0.0899,0.2573,0.4645,0.4596,-0.0114,12.03,191.05,1.82,54025.0,0.0,0.2043,0.0789,-0.001,-0.0784,0.4597,-0.0134,0.89
1915,4699,0.6549,0.0877,0.2583,0.4559,0.4519,-0.0137,10.54,182.46,1.87,52672.0,0.0,0.2011,0.0772,-0.0009,-0.076,0.488,-0.0137,0.89
1916,4699,0.6447,0.0928,0.2629,0.5194,0.4182,-0.0113,12.3,229.46,1.87,52694.0,0.0,0.2123,0.0903,-0.001,-0.0853,0.4203,-0.0137,0.89
1917,4699,0.6405,0.0931,0.2666,0.463,0.4593,-0.0126,11.05,192.5,1.87,52634.0,0.0,0.204,0.0776,-0.0009,-0.0783,0.5067,-0.0131,0.89
1918,4699,0.6422,0.0917,0.2665,0.4919,0.439,-0.0111,11.4,180.9,1.87,52688.0,0.0,0.2115,0.0834,-0.001,-0.0824,0.399,-0.0132,0.89
1919,4699,0.6446,0.0895,0.2661,0.4842,0.4608,-0.0105,11.85,205.99,1.84,53392.0,0.0,0.2202,0.0794,-0.0009,-0.0817,0.4205,-0.0137,0.89
1920,4699,0.6465,0.0866,0.2671,0.4567,0.4501,-0.0132,10.98,185.97,1.87,52446.0,0.0,0.1961,0.0793,-0.0009,-0.0765,0.4418,-0.0137,0.89
1921,4699,0.6478,0.0891,0.2633,0.4455,0.4704,-0.0125,11.99,191.18,1.79,54871.0,0.0,0.2044,0.0754,-0.0008,-0.0761,0.4956,-0.0124,0.89
1922,4699,0.6544,0.0876,0.2582,0.4506,0.4903,-0.0118,12.47,213.6,1.86,52931.0,0.0,0.2098,0.0739,-0.0008,-0.0767,0.5038,-0.0107,0.89
1923,4699,0.6545,0.0878,0.2581,0.4752,0.4465,-0.0138,11.76,187.29,1.88,52398.0,0.0,0.2068,0.0813,-0.0009,-0.0778,0.5173,-0.0125,0.89
1924,4699,0.6546,0.0897,0.2565,0.4468,0.4622,-0.0161,11.1,169.65,1.89,52082.0,0.0,0.2015,0.0747,-0.0008,-0.0734,0.5292,-0.0139,0.89
1925,4699,0.6548,0.0942,0.2518,0.4455,0.4701,-0.0144,11.09,173.23,1.86,52793.0,0.0,0.2097,0.0729,-0.0009,-0.0768,0.4791,-0.0138,0.89
1926,4699,0.6584,0.0963,0.2462,0.4563,0.449,-0.0153,11.53,190.22,1.86,52710.0,0.0,0.2069,0.0756,-0.0009,-0.0782,0.5105,-0.0125,0.89
1927,4699,0.6573,0.097,0.2465,0.454,0.4536,-0.0157,10.35,175.8,1.86,52759.0,0.0,0.2015,0.0759,-0.0008,-0.0777,0.5423,-0.0131,0.89
1928,4699,0.6577,0.0988,0.2442,0.4615,0.4599,-0.0154,11.53,192.75,1.87,52495.0,0.0,0.212,0.0765,-0.0009,-0.082,0.465,-0.0142,0.9
1929,4699,0.6574,0.0988,0.2447,0.4577,0.4543,-0.0143,10.43,175.51,1.86,52814.0,0.0,0.2046,0.0776,-0.001,-0.0773,0.4414,-0.0137,0.9
1930,4699,0.6567,0.0974,0.2469,0.466,0.4809,-0.0092,11.82,183.06,1.86,52791.0,0.0,0.2191,0.0763,-0.0009,-0.0776,0.4862,-0.0147,0.9
1931,4699,0.6606,0.0974,0.2432,0.4566,0.4775,-0.0127,11.92,188.08,1.86,52773.0,0.0,0.2094,0.0769,-0.001,-0.0802,0.4501,-0.0129,0.9
1932,4699,0.667,0.0947,0.2393,0.4541,0.4775,-0.0135,12.43,194.56,1.86,52756.0,0.0,0.2082,0.0746,-0.0009,-0.0763,0.4812,-0.0142,0.9
1933,4699,0.6698,0.0958,0.2356,0.4591,0.4545,-0.0167,11.91,187.6,1.87,52678.0,0.0,0.2124,0.0741,-0.0009,-0.0776,0.5647,-0.0129,0.9
1934,4699,0.6662,0.1015,0.2335,0.435,0.4789,-0.0155,11.23,167.0,1.86,52863.0,0.0,0.2023,0.073,-0.0008,-0.0755,0.529,-0.0137,0.9
1935,4699,0.6685,0.1029,0.2298,0.4502,0.4568,-0.0171,10.3,176.38,1.87,52636.0,0.0,0.1999,0.0758,-0.0008,-0.0753,0.4306,-0.0121,0.9
1936,4699,0.6705,0.1005,0.2303,0.4641,0.4748,-0.0116,11.33,206.43,1.79,54820.0,0.0,0.2052,0.0792,-0.0008,-0.0784,0.4926,-0.0129,0.9
1937,4699,0.6693,0.0986,0.2333,0.4405,0.4826,-0.0115,11.42,183.37,1.89,52004.0,0.0,0.2091,0.0732,-0.0007,-0.0723,0.4222,-0.0127,0.9
1938,4699,0.6666,0.0998,0.2346,0.4461,0.4527,-0.0154,11.43,169.56,1.87,52699.0,0.0,0.2033,0.0731,-0.0007,-0.0762,0.4359,-0.0131,0.9
1939,4699,0.6675,0.0988,0.2345,0.4586,0.4857,-0.0097,12.05,163.22,1.87,52471.0,0.0,0.2099,0.0769,-0.0008,-0.0783,0.4129,-0.0136,0.9
1940,4699,0.672,0.0964,0.2327,0.4511,0.4884,-0.0096,11.2,189.95,1.86,52785.0,0.0,0.2101,0.0751,-0.0007,-0.077,0.446,-0.0139,0.9
1941,4699,0.6665,0.0973,0.2372,0.4548,0.4665,-0.015,11.12,174.77,1.85,53105.0,0.0,0.2032,0.0775,-0.0009,-0.0778,0.5199,-0.0139,0.9
1942,4699,0.6623,0.1011,0.2376,0.4669,0.4462,-0.0155,11.83,188.32,1.88,52253.0,0.0,0.2168,0.0762,-0.0009,-0.0786,0.4814,-0.0124,0.9
1943,4699,0.6619,0.0987,0.2404,0.4786,0.4478,-0.0125,11.2,203.43,1.88,52327.0,0.0,0.2107,0.0819,-0.0009,-0.0792,0.427,-0.0124,0.9
1944,4699,0.6628,0.0992,0.2389,0.4554,0.4501,-0.0151,10.54,192.4,1.87,52580.0,0.0,0.2042,0.0759,-0.0009,-0.0746,0.4561,-0.0125,0.9
1945,4699,0.664,0.0972,0.2397,0.4493,0.4781,-0.0118,11.46,163.93,1.89,52060.0,0.0,0.2086,0.0735,-0.0009,-0.0757,0.4339,-0.008,0.9
1946,4699,0.665,0.0944,0.2414,0.4631,0.4634,-0.0114,11.53,181.8,1.87,52657.0,0.0,0.2057,0.0801,-0.0007,-0.0787,0.453,-0.0128,0.9
1947,4699,0.6626,0.0952,0.2426,0.4615,0.464,-0.0138,11.8,187.76,1.88,52331.0,0.0,0.2102,0.0762,-0.0008,-0.077,0.4249,-0.0129,0.9
1948,4699,0.6604,0.0906,0.2493,0.4839,0.4486,-0.0117,11.62,188.77,1.86,52869.0,0.0,0.2077,0.0818,-0.0008,-0.0778,0.5048,-0.0135,0.9
1949,4699,0.6587,0.0924,0.2494,0.445,0.4571,-0.0171,11.24,163.25,1.87,52449.0,0.0,0.2109,0.0729,-0.0008,-0.0744,0.4109,-0.0135,0.9
1950,4699,0.6591,0.0918,0.2496,0.4688,0.4631,-0.0126,10.86,183.57,1.86,52943.0,0.0,0.209,0.0767,-0.0008,-0.0792,0.4406,-0.0139,0.9
1951,4699,0.6584,0.0919,0.2502,0.4747,0.4466,-0.0124,10.9,187.3,1.87,52697.0,0.0,0.209,0.0807,-0.0009,-0.079,0.5006,-0.012,0.9
1952,4699,0.6598,0.0901,0.2508,0.4926,0.4409,-0.0103,11.39,184.83,1.82,53867.0,0.0,0.2066,0.0837,-0.0008,-0.084,0.3822,-0.0133,0.9
1953,4699,0.6633,0.0877,0.2497,0.4635,0.4752,-0.0095,11.76,170.88,1.86,52885.0,0.0,0.2161,0.0754,-0.0009,-0.0804,0.4339,-0.012,0.9
1954,4699,0.667,0.0876,0.2461,0.4685,0.4851,-0.0102,12.08,189.49,1.87,52430.0,0.0,0.2153,0.0758,-0.0009,-0.0809,0.4201,-0.0135,0.9
1955,4699,0.6651,0.0876,0.248,0.4631,0.4652,-0.0123,12.2,173.94,1.86,52747.0,0.0,0.2118,0.0758,-0.0009,-0.0792,0.4628,-0.0145,0.9
1956,4699,0.6692,0.0869,0.2447,0.44,0.4742,-0.0129,11.62,183.9,1.87,52697.0,0.0,0.2053,0.0698,-0.0008,-0.0749,0.4709,-0.0141,0.9
1957,4699,0.6697,0.086,0.245,0.4678,0.4605,-0.013,11.68,189.07,1.86,52825.0,0.0,0.2106,0.0763,-0.0009,-0.0813,0.4805,-0.0135,0.9
1958,4699,0.6653,0.0905,0.2449,0.4715,0.4647,-0.0127,12.33,208.39,1.88,52185.0,0.0,0.2116,0.0759,-0.0008,-0.0815,0.4941,-0.013,0.9
1959,4699,0.6621,0.094,0.2446,0.4836,0.4586,-0.0121,11.62,185.26,1.87,52484.0,0.0,0.2135,0.0781,-0.0009,-0.0827,0.3811,-0.0137,0.9
1960,4699,0.6645,0.0927,0.2434,0.4564,0.4827,-0.0106,11.82,189.42,1.86,52985.0,0.0,0.2085,0.0734,-0.0009,-0.0818,0.4564,-0.0138,0.9
1961,4699,0.6625,0.093,0.245,0.4735,0.4272,-0.0162,10.88,190.68,1.86,52918.0,0.0,0.2081,0.0774,-0.0009,-0.0812,0.474,-0.0113,0.91
1962,4699,0.6601,0.0955,0.2446,0.4474,0.4731,-0.0127,11.47,180.01,1.86,52860.0,0.0,0.2059,0.0701,-0.0008,-0.0754,0.4963,-0.0125,0.91
1963,4699,0.6604,0.0958,0.2442,0.4504,0.452,-0.0149,11.13,196.3,1.87,52585.0,0.0,0.2134,0.0692,-0.0008,-0.0801,0.4454,-0.0132,0.91
1964,4699,0.6572,0.0962,0.2469,0.4458,0.475,-0.013,11.47,186.15,1.87,52624.0,0.0,0.2045,0.0716,-0.0009,-0.0794,0.4397,-0.0142,0.91
1965,4699,0.6519,0.0969,0.2516,0.458,0.4318,-0.0149,11.27,209.64,1.88,52215.0,0.0,0.2046,0.0748,-0.0009,-0.0815,0.4258,-0.0142,0.91
1966,4699,0.6484,0.0968,0.2554,0.4596,0.4643,-0.0133,11.63,187.09,1.87,52704.0,0.0,0.2046,0.0754,-0.0008,-0.0803,0.4572,-0.0123,0.91
1967,4699,0.6509,0.0955,0.2541,0.4495,0.473,-0.0127,11.21,169.85,1.85,53130.0,0.0,0.2029,0.0716,-0.0008,-0.0781,0.3958,-0.0138,0.91
1968,4699,0.6535,0.0941,0.2527,0.4604,0.4571,-0.0119,10.7,167.28,1.87,52586.0,0.0,0.2067,0.075,-0.0008,-0.0818,0.4474,-0.012,0.91
1969,4699,0.6534,0.0952,0.2516,0.4536,0.4531,-0.0147,10.44,163.01,1.84,53558.0,0.0,0.2043,0.0746,-0.0008,-0.0783,0.4202,-0.0127,0.91
1970,4699,0.6547,0.0958,0.2498,0.4719,0.4422,-0.0131,11.08,205.44,1.87,52607.0,0.0,0.2059,0.0765,-0.0008,-0.0846,0.3431,-0.0133,0.91
1971,4699,0.6503,0.0957,0.2543,0.5074,0.4258,-0.0111,10.75,228.54,1.86,52800.0,0.0,0.2085,0.0849,-0.0009,-0.0871,0.3917,-0.0116,0.91
1972,4699,0.6443,0.0936,0.2622,0.4837,0.441,-0.0111,11.61,192.5,1.87,52599.0,0.0,0.2002,0.0828,-0.0009,-0.0845,0.3644,-0.0114,0.91
1973,4699,0.646,0.0922,0.2618,0.4414,0.4623,-0.0133,10.68,180.62,1.87,52642.0,0.0,0.1934,0.0744,-0.0009,-0.0784,0.3906,-0.0105,0.91
1974,4699,0.6497,0.0928,0.2575,0.4454,0.4804,-0.0145,11.48,183.76,1.87,52436.0,0.0,0.2066,0.0715,-0.0009,-0.081,0.4648,-0.012,0.91
1975,4699,0.6517,0.0942,0.2541,0.4649,0.4679,-0.0131,12.26,197.92,1.88,52407.0,0.0,0.2096,0.077,-0.001,-0.0808,0.4422,-0.0132,0.91
1976,4699,0.6487,0.0943,0.257,0.4803,0.4321,-0.0141,11.44,197.64,1.88,52348.0,0.0,0.2011,0.0807,-0.0009,-0.0824,0.4172,-0.0117,0.91
1977,4699,0.6536,0.0946,0.2518,0.4677,0.4655,-0.0123,11.84,180.39,1.88,52381.0,0.0,0.2137,0.0752,-0.0009,-0.0824,0.5159,-0.0085,0.91
1978,4699,0.6465,0.0968,0.2567,0.5017,0.4018,-0.0152,11.46,227.06,1.87,52473.0,0.0,0.2044,0.0852,-0.0008,-0.0867,0.4479,-0.0125,0.91
1979,4699,0.6403,0.0945,0.2652,0.4837,0.4544,-0.0112,10.92,182.99,1.87,52663.0,0.0,0.2074,0.0802,-0.0009,-0.0832,0.3447,-0.0132,0.9
1980,4699,0.6389,0.0906,0.2707,0.5031,0.4409,-0.011,11.27,215.81,1.86,52722.0,0.0,0.2105,0.0854,-0.0009,-0.0875,0.4913,-0.0117,0.91
1981,4699,0.6428,0.0886,0.2689,0.482,0.4516,-0.0124,11.65,209.74,1.87,52697.0,0.0,0.2115,0.0795,-0.0011,-0.0829,0.4174,-0.0125,0.91
1982,4699,0.6418,0.0892,0.2694,0.4732,0.4336,-0.0146,10.17,175.48,1.88,52211.0,0.0,0.2071,0.0761,-0.001,-0.0822,0.4442,-0.0126,0.9
1983,4699,0.639,0.0909,0.2706,0.4852,0.4544,-0.0112,11.68,171.42,1.86,52884.0,0.0,0.217,0.0803,-0.001,-0.083,0.4306,-0.0123,0.9
1984,4699,0.636,0.091,0.2733,0.4817,0.4315,-0.012,10.8,198.95,1.88,52219.0,0.0,0.2035,0.0815,-0.001,-0.0838,0.3596,-0.0134,0.9
1985,4699,0.6352,0.088,0.277,0.4763,0.465,-0.0112,11.04,186.32,1.88,52272.0,0.0,0.2083,0.0801,-0.0011,-0.0806,0.3987,-0.0106,0.91
1986,4699,0.641,0.0859,0.2733,0.4685,0.4684,-0.0093,10.61,178.06,1.88,52349.0,0.0,0.2062,0.0784,-0.0011,-0.0792,0.3798,-0.0086,0.91
1987,4699,0.6451,0.0846,0.2703,0.4923,0.439,-0.0111,11.51,203.14,1.88,52323.0,0.0,0.2119,0.0818,-0.0012,-0.0851,0.4259,-0.0124,0.91
1988,4699,0.6445,0.0884,0.2671,0.4648,0.4608,-0.0158,11.1,185.56,1.88,52343.0,0.0,0.2078,0.0768,-0.001,-0.0818,0.4922,-0.0108,0.91
1989,4699,0.6444,0.0924,0.2634,0.4892,0.4476,-0.0143,10.66,200.36,1.88,52163.0,0.0,0.2186,0.0807,-0.001,-0.0888,0.5472,-0.0087,0.91
1990,4699,0.6402,0.0955,0.2648,0.4794,0.449,-0.013,11.88,194.92,1.86,52740.0,0.0,0.2134,0.0791,-0.001,-0.0805,0.4611,-0.0129,0.91
1991,4699,0.6399,0.0934,0.2672,0.4837,0.4364,-0.0151,10.87,183.43,1.87,52456.0,0.0,0.2102,0.0811,-0.001,-0.087,0.418,-0.0121,0.91
1992,4699,0.6353,0.0981,0.2671,0.4841,0.436,-0.0129,11.42,204.81,1.87,52641.0,0.0,0.2056,0.0842,-0.0009,-0.0816,0.4219,-0.0113,0.91
1993,4699,0.6365,0.0974,0.2667,0.497,0.4435,-0.0117,11.05,191.56,1.87,52645.0,0.0,0.2184,0.0821,-0.001,-0.0868,0.4335,-0.0122,0.91
1994,4699,0.6402,0.0977,0.2631,0.4682,0.455,-0.0143,10.51,189.57,1.88,52425.0,0.0,0.2139,0.0772,-0.0009,-0.0809,0.4451,-0.013,0.91
1995,4699,0.6412,0.0974,0.2624,0.4811,0.453,-0.0129,11.18,191.65,1.88,52338.0,0.0,0.2129,0.0801,-0.001,-0.0851,0.4635,-0.0137,0.91
1996,4699,0.6435,0.0972,0.2603,0.4722,0.454,-0.0109,11.15,189.27,1.86,52717.0,0.0,0.2041,0.08,-0.0009,-0.0804,0.3829,-0.0126,0.91
1997,4699,0.6438,0.0961,0.2608,0.4828,0.4355,-0.013,11.35,194.13,1.87,52709.0,0.0,0.2046,0.0836,-0.0009,-0.0836,0.4208,-0.0104,0.91
1998,4699,0.6407,0.0964,0.2637,0.4479,0.4581,-0.015,10.6,176.05,1.89,52002.0,0.0,0.2016,0.078,-0.0009,-0.0754,0.4366,-0.008,0.91
1999,4699,0.6428,0.099,0.2589,0.4242,0.4768,-0.0158,11.56,172.74,1.87,52500.0,0.0,0.1936,0.0719,-0.001,-0.0747,0.3737,-0.013,0.91
2000,4699,0.6469,0.1002,0.2536,0.4572,0.4884,-0.0109,11.57,176.65,1.88,52337.0,0.0,0.21,0.0769,-0.0008,-0.08,0.4058,-0.0118,0.91
2001,4699,0.6485,0.0987,0.2538,0.4946,0.4527,-0.0099,11.44,193.97,1.85,53250.0,0.0,0.2152,0.0834,-0.0009,-0.0847,0.408,-0.0127,0.91
2002,4699,0.6508,0.0962,0.254,0.4565,0.4472,-0.0154,10.54,187.26,1.87,52475.0,0.0,0.2001,0.0776,-0.001,-0.0752,0.4617,-0.0119,0.91
2003,4699,0.6475,0.099,0.2545,0.4606,0.4811,-0.0116,11.46,176.25,1.88,52387.0,0.0,0.2131,0.0771,-0.0007,-0.0785,0.4019,-0.0128,0.91
2004,4699,0.6468,0.0965,0.2577,0.5035,0.4311,-0.0128,12.5,204.28,1.88,52181.0,0.0,0.2137,0.087,-0.001,-0.087,0.4738,-0.0133,0.91
2005,4699,0.6496,0.0946,0.2568,0.4733,0.4686,-0.0137,12.02,195.34,1.87,52456.0,0.0,0.2144,0.0785,-0.001,-0.0801,0.4885,-0.0124,0.91
2006,4699,0.6527,0.0941,0.254,0.4495,0.4483,-0.0149,11.01,182.21,1.87,52589.0,0.0,0.1973,0.078,-0.0009,-0.0743,0.4626,-0.0135,0.91
2007,4699,0.6561,0.0947,0.2499,0.4673,0.4662,-0.0129,11.1,199.99,1.88,52205.0,0.0,0.2095,0.0797,-0.001,-0.0804,0.4654,-0.0142,0.91
2008,4699,0.6556,0.0959,0.2493,0.4536,0.455,-0.0144,11.62,167.89,1.87,52485.0,0.0,0.2004,0.0797,-0.001,-0.0762,0.4386,-0.0135,0.91
2009,4699,0.6525,0.0968,0.2514,0.4653,0.4402,-0.0143,10.48,192.99,1.88,52315.0,0.0,0.2011,0.0813,-0.0011,-0.0806,0.4663,-0.0132,0.91
2010,4699,0.653,0.0943,0.2534,0.4681,0.4417,-0.0134,11.39,194.53,1.84,53516.0,0.0,0.1972,0.0825,-0.001,-0.0779,0.3833,-0.0142,0.91
2011,4699,0.6509,0.094,0.2558,0.4669,0.4385,-0.0148,8.88,187.24,1.88,52224.0,0.0,0.2012,0.0798,-0.001,-0.0761,0.4821,-0.0131,0.91
2012,4699,0.6515,0.0969,0.2524,0.4469,0.4975,-0.0109,10.81,171.36,1.75,56015.0,0.0,0.2105,0.0751,-0.001,-0.0757,0.4803,-0.0127,0.91
2013,4699,0.6546,0.099,0.2473,0.4707,0.4512,-0.0138,12.25,193.06,1.84,53523.0,0.0,0.2071,0.0798,-0.0011,-0.0816,0.3997,-0.0134,0.91
2014,4699,0.6601,0.0958,0.2453,0.4489,0.4822,-0.0114,11.07,190.51,1.87,52437.0,0.0,0.2123,0.0733,-0.001,-0.0787,0.4959,-0.0117,0.91
2015,4699,0.6605,0.0945,0.2462,0.4426,0.4675,-0.0135,11.55,182.13,1.88,52163.0,0.0,0.2013,0.0741,-0.001,-0.0756,0.4455,-0.0126,0.91
2016,4699,0.6551,0.097,0.249,0.4709,0.41,-0.0173,9.81,193.29,1.86,52862.0,0.0,0.1907,0.0819,-0.001,-0.0801,0.4527,-0.0124,0.91
2017,4699,0.645,0.1013,0.2545,0.4557,0.4356,-0.015,11.24,184.77,1.88,52380.0,0.0,0.1949,0.0792,-0.0009,-0.0771,0.365,-0.0128,0.91
2018,4699,0.6432,0.1027,0.2549,0.4542,0.4687,-0.013,11.56,183.6,1.87,52523.0,0.0,0.2054,0.0764,-0.001,-0.0751,0.4639,-0.0123,0.91
2019,4699,0.644,0.1022,0.2545,0.4704,0.4436,-0.014,10.88,190.34,1.88,52344.0,0.0,0.2008,0.0814,-0.0011,-0.0782,0.4524,-0.012,0.92
2020,4699,0.6429,0.1027,0.2549,0.4639,0.4291,-0.0163,10.97,185.04,1.86,52908.0,0.0,0.1942,0.0792,-0.0009,-0.0779,0.371,-0.0127,0.91
2021,4699,0.6413,0.1012,0.2579,0.4759,0.4243,-0.0122,10.85,174.72,1.87,52437.0,0.0,0.1982,0.0815,-0.001,-0.0788,0.3959,-0.0134,0.91
2022,4699,0.6377,0.0987,0.2641,0.4629,0.4559,-0.0115,11.39,171.89,1.85,53023.0,0.0,0.2031,0.0771,-0.0008,-0.0758,0.3758,-0.0133,0.92
2023,4699,0.6355,0.0953,0.2694,0.4998,0.4209,-0.0116,11.14,203.3,1.87,52454.0,0.0,0.2021,0.0857,-0.001,-0.0837,0.417,-0.0118,0.92
2024,4699,0.6312,0.0959,0.2731,0.4858,0.3988,-0.0163,10.59,205.64,1.87,52587.0,0.0,0.1983,0.0821,-0.0011,-0.0802,0.4148,-0.0122,0.92
2025,4699,0.6307,0.0979,0.2718,0.5089,0.4123,-0.0126,11.58,206.44,1.85,53147.0,0.0,0.2069,0.0849,-0.0008,-0.0828,0.4154,-0.0141,0.92
2026,4699,0.6262,0.0969,0.2774,0.492,0.4106,-0.0151,11.15,196.84,1.88,52422.0,0.0,0.2082,0.08,-0.0011,-0.0816,0.3738,-0.0135,0.92
2027,4699,0.6225,0.095,0.2831,0.512,0.4053,-0.013,10.54,217.52,1.79,54831.0,0.0,0.2061,0.0873,-0.0011,-0.0845,0.3969,-0.012,0.92
2028,4699,0.6182,0.0929,0.2893,0.4726,0.4307,-0.0132,11.03,200.02,1.88,52156.0,0.0,0.1985,0.0765,-0.0008,-0.0778,0.3858,-0.0127,0.92
2029,4699,0.6206,0.0929,0.2867,0.5064,0.4297,-0.0098,10.76,221.72,1.87,52605.0,0.0,0.2106,0.0831,-0.0012,-0.0808,0.4209,-0.0137,0.92
2030,4699,0.6188,0.0933,0.2881,0.4643,0.4505,-0.0142,11.01,194.14,1.88,52385.0,0.0,0.2028,0.0759,-0.001,-0.0795,0.5133,-0.0128,0.92
2031,4699,0.6195,0.0932,0.2874,0.476,0.4425,-0.0132,10.82,200.44,1.87,52540.0,0.0,0.2013,0.0792,-0.0009,-0.0817,0.501,-0.0117,0.92
2032,4699,0.6209,0.0975,0.2816,0.4825,0.4277,-0.015,12.52,212.31,1.86,52802.0,0.0,0.2076,0.0795,-0.0009,-0.0796,0.4301,-0.0123,0.92
2033,4699,0.6261,0.0955,0.2784,0.4942,0.4678,-0.0105,11.74,200.14,1.87,52435.0,0.0,0.2175,0.0793,-0.0009,-0.0852,0.4732,-0.013,0.92
2034,4699,0.6273,0.0953,0.2774,0.4711,0.4571,-0.0128,11.58,177.55,1.87,52565.0,0.0,0.2117,0.0766,-0.001,-0.0788,0.4299,-0.0131,0.92
2035,4699,0.6323,0.0907,0.277,0.4757,0.4623,-0.0112,11.74,177.32,1.87,52671.0,0.0,0.2106,0.0775,-0.0009,-0.08,0.5593,-0.0125,0.92
2036,4699,0.6369,0.0912,0.272,0.4582,0.4581,-0.0151,10.99,182.74,1.88,52370.0,0.0,0.2126,0.0732,-0.001,-0.0776,0.46,-0.0138,0.92
2037,4699,0.6372,0.0918,0.2711,0.4919,0.4521,-0.0101,12.25,214.75,1.88,52222.0,0.0,0.2179,0.081,-0.0011,-0.0831,0.4839,-0.0123,0.92
2038,4699,0.6393,0.0933,0.2677,0.4582,0.4545,-0.0159,12.18,196.61,1.87,52468.0,0.0,0.2061,0.0748,-0.001,-0.078,0.5106,-0.0123,0.92
2039,4699,0.6457,0.0945,0.2603,0.45,0.4631,-0.0158,10.78,195.01,1.87,52633.0,0.0,0.2068,0.0722,-0.001,-0.0782,0.4442,-0.0131,0.92
2040,4699,0.6512,0.0967,0.2526,0.4487,0.4897,-0.0124,11.36,176.94,1.87,52598.0,0.0,0.2152,0.0719,-0.001,-0.0778,0.4713,-0.012,0.92
2041,4699,0.6587,0.0963,0.2454,0.462,0.4641,-0.0109,11.08,210.65,1.88,52234.0,0.0,0.1999,0.0776,-0.0009,-0.0788,0.4383,-0.0128,0.92
2042,4699,0.6628,0.0973,0.2399,0.462,0.4921,-0.0112,11.9,179.68,1.87,52649.0,0.0,0.2237,0.0722,-0.0007,-0.0792,0.4459,-0.0134,0.92
2043,4699,0.6726,0.0937,0.2337,0.4501,0.4901,-0.0121,11.47,187.39,1.88,52348.0,0.0,0.2116,0.0726,-0.0008,-0.078,0.5027,-0.0132,0.92
2044,4699,0.6769,0.0918,0.2314,0.4381,0.486,-0.0138,11.43,179.6,1.86,52733.0,0.0,0.208,0.0701,-0.0009,-0.0783,0.5009,-0.0115,0.92
2045,4699,0.6805,0.0879,0.2321,0.4659,0.4935,-0.0099,12.04,173.19,1.87,52473.0,0.0,0.2169,0.0746,-0.0007,-0.0812,0.5215,-0.0124,0.93
2046,4699,0.679,0.09,0.2315,0.452,0.4699,-0.0147,11.67,176.0,1.87,52572.0,0.0,0.2088,0.0721,-0.0008,-0.08,0.5123,-0.0134,0.93
2047,4699,0.6824,0.0906,0.2274,0.425,0.4956,-0.0132,10.95,185.4,1.87,52566.0,0.0,0.2025,0.0678,-0.0009,-0.0739,0.5509,-0.0125,0.93
2048,4699,0.6819,0.0931,0.2255,0.4252,0.4728,-0.0151,10.76,155.47,1.88,52400.0,0.0,0.2001,0.0686,-0.001,-0.0734,0.4568,-0.0137,0.93
2049,4699,0.6844,0.0946,0.2215,0.4439,0.4751,-0.0135,11.45,183.84,1.87,52604.0,0.0,0.2103,0.0697,-0.0009,-0.0783,0.4577,-0.0141,0.93
2050,4699,0.6861,0.0931,0.221,0.4245,0.513,-0.0109,11.89,175.86,1.86,52868.0,0.0,0.2072,0.0675,-0.0009,-0.0755,0.5035,-0.0138,0.93
2051,4699,0.6909,0.0889,0.2204,0.4473,0.4991,-0.0109,12.45,179.03,1.88,52414.0,0.0,0.2157,0.0715,-0.0009,-0.0807,0.5185,-0.0138,0.93
2052,4699,0.6929,0.0875,0.2198,0.4409,0.4978,-0.0112,11.19,171.35,1.86,52813.0,0.0,0.2101,0.0709,-0.0011,-0.0752,0.5222,-0.0134,0.93
2053,4699,0.6934,0.0864,0.2204,0.4266,0.5082,-0.0115,11.14,176.25,1.81,54420.0,0.0,0.2026,0.0681,-0.0008,-0.0728,0.4953,-0.0138,0.93
2054,4699,0.6986,0.0849,0.2167,0.4288,0.4952,-0.0139,11.77,182.83,1.88,52238.0,0.0,0.2159,0.0652,-0.0008,-0.0738,0.3801,-0.0139,0.93
2055,4699,0.7033,0.0841,0.2129,0.4197,0.5163,-0.0118,11.61,169.28,1.87,52630.0,0.0,0.2079,0.0663,-0.0009,-0.077,0.5326,-0.011,0.93
2056,4699,0.7018,0.0875,0.211,0.4109,0.4886,-0.0133,11.34,165.26,1.86,52752.0,0.0,0.1942,0.0663,-0.0009,-0.0711,0.3951,-0.0132,0.93
2057,4699,0.7047,0.0877,0.2078,0.4166,0.5088,-0.0135,10.96,153.54,1.87,52671.0,0.0,0.2116,0.0646,-0.0009,-0.079,0.4446,-0.0139,0.93
2058,4699,0.7066,0.0903,0.2033,0.424,0.478,-0.0139,10.54,166.46,1.87,52684.0,0.0,0.2001,0.0685,-0.0009,-0.0743,0.4569,-0.0127,0.93
2059,4699,0.7068,0.0874,0.2062,0.4546,0.4718,-0.0113,11.1,180.29,1.87,52563.0,0.0,0.2114,0.0737,-0.0009,-0.0779,0.4996,-0.0124,0.93
2060,4699,0.7046,0.0902,0.2057,0.4123,0.4897,-0.0144,11.42,180.6,1.88,52416.0,0.0,0.1995,0.0654,-0.0008,-0.0736,0.4272,-0.0132,0.93
2061,4699,0.7046,0.0902,0.2054,0.4347,0.4926,-0.0129,11.3,167.65,1.87,52707.0,0.0,0.2041,0.071,-0.0009,-0.0783,0.4557,-0.0139,0.93
2062,4699,0.7047,0.0886,0.207,0.4376,0.4891,-0.011,12.0,175.15,1.87,52594.0,0.0,0.2037,0.0709,-0.0009,-0.076,0.4274,-0.0132,0.93
2063,4699,0.7036,0.0834,0.2135,0.4451,0.4745,-0.0123,11.25,164.16,1.87,52453.0,0.0,0.2024,0.0712,-0.0008,-0.0791,0.3961,-0.014,0.93
2064,4699,0.7032,0.0841,0.2134,0.4443,0.4792,-0.0139,10.8,164.14,1.86,52841.0,0.0,0.2044,0.0701,-0.0008,-0.0799,0.4401,-0.014,0.93
2065,4699,0.7024,0.0878,0.2107,0.4369,0.4806,-0.0125,11.57,167.61,1.8,54719.0,0.0,0.2038,0.0714,-0.0008,-0.0767,0.4805,-0.0123,0.93
2066,4699,0.6997,0.0889,0.2123,0.4543,0.4798,-0.0104,11.19,165.9,1.87,52679.0,0.0,0.2029,0.0744,-0.0009,-0.0806,0.4292,-0.01,0.93
2067,4699,0.6993,0.0889,0.2125,0.4365,0.4643,-0.0138,10.35,197.19,1.87,52456.0,0.0,0.195,0.0716,-0.0009,-0.077,0.4107,-0.0138,0.93
2068,4699,0.6939,0.088,0.219,0.4567,0.4603,-0.0125,11.32,184.8,1.83,53726.0,0.0,0.2045,0.0754,-0.0009,-0.0813,0.4701,-0.0126,0.93
2069,4699,0.6936,0.087,0.2199,0.4333,0.4946,-0.0134,11.13,186.5,1.87,52684.0,0.0,0.2062,0.0693,-0.0008,-0.0774,0.4565,-0.0123,0.93
2070,4699,0.6912,0.0894,0.2202,0.4518,0.4696,-0.0134,10.86,166.42,1.87,52463.0,0.0,0.2049,0.0742,-0.0009,-0.0814,0.4632,-0.013,0.93
2071,4699,0.6914,0.0882,0.2212,0.4467,0.4979,-0.0109,12.51,191.95,1.86,52914.0,0.0,0.2126,0.0711,-0.001,-0.0797,0.425,-0.014,0.94
2072,4699,0.6954,0.0878,0.2174,0.4224,0.5118,-0.0114,11.75,165.9,1.88,52348.0,0.0,0.2018,0.0673,-0.0009,-0.0783,0.4562,-0.0133,0.94
2073,4699,0.6953,0.0884,0.2166,0.4276,0.5026,-0.0117,11.23,159.73,1.86,52856.0,0.0,0.2069,0.0671,-0.0009,-0.0781,0.3945,-0.0136,0.94
2074,4699,0.7007,0.089,0.2105,0.4385,0.4806,-0.0118,11.0,161.71,1.88,52390.0,0.0,0.2061,0.0708,-0.001,-0.077,0.5022,-0.0128,0.94
2075,4699,0.6994,0.0898,0.2114,0.4438,0.4714,-0.0151,10.09,178.77,1.87,52642.0,0.0,0.2137,0.0694,-0.0011,-0.0824,0.511,-0.0136,0.94
2076,4699,0.6931,0.0944,0.2135,0.4235,0.4834,-0.0145,10.86,159.86,1.87,52677.0,0.0,0.201,0.0681,-0.0009,-0.0755,0.5218,-0.0143,0.94
2077,4699,0.6915,0.0968,0.2128,0.4538,0.4461,-0.0153,11.31,185.04,1.86,52738.0,0.0,0.1961,0.0755,-0.001,-0.0795,0.4501,-0.0138,0.94
2078,4699,0.6884,0.0967,0.2162,0.4417,0.4796,-0.0127,11.16,167.08,1.86,52736.0,0.0,0.2018,0.0713,-0.001,-0.0783,0.4416,-0.0142,0.94
2079,4699,0.6875,0.0963,0.2174,0.4268,0.4886,-0.0131,11.24,188.08,1.83,53718.0,0.0,0.2048,0.0684,-0.0009,-0.0789,0.4639,-0.0124,0.94
2080,4699,0.686,0.0978,0.2174,0.4244,0.4722,-0.0173,10.64,169.81,1.87,52688.0,0.0,0.1939,0.068,-0.0008,-0.0762,0.4285,-0.0127,0.94
2081,4699,0.6842,0.1006,0.2164,0.443,0.4799,-0.0127,10.49,171.22,1.87,52553.0,0.0,0.1997,0.0744,-0.0008,-0.0784,0.46,-0.0135,0.94
2082,4699,0.6859,0.0994,0.2158,0.4299,0.4938,-0.0134,11.33,181.37,1.87,52703.0,0.0,0.2105,0.0664,-0.0009,-0.0758,0.5076,-0.0128,0.94
2083,4699,0.6842,0.1011,0.2157,0.4237,0.4657,-0.0139,10.93,172.45,1.86,52940.0,0.0,0.1926,0.0709,-0.0009,-0.0748,0.4033,-0.0132,0.94
2084,4699,0.6874,0.1001,0.2133,0.4341,0.4948,-0.0119,11.82,176.96,1.87,52440.0,0.0,0.2067,0.0694,-0.001,-0.0768,0.4463,-0.0142,0.94
2085,4699,0.6886,0.099,0.2133,0.4434,0.4889,-0.0118,10.5,184.64,1.87,52684.0,0.0,0.2068,0.0725,-0.0009,-0.0774,0.361,-0.0144,0.94
2086,4699,0.6883,0.097,0.2152,0.4681,0.4797,-0.0116,11.7,184.1,1.86,52818.0,0.0,0.2236,0.0742,-0.0009,-0.0829,0.3923,-0.0123,0.94
2087,4699,0.6877,0.097,0.2158,0.4374,0.4666,-0.0157,11.57,182.98,1.87,52707.0,0.0,0.2015,0.0708,-0.0009,-0.078,0.4396,-0.0133,0.94
2088,4699,0.6858,0.0969,0.2176,0.4546,0.4727,-0.0105,10.84,192.05,1.86,52913.0,0.0,0.2074,0.0747,-0.001,-0.0815,0.3795,-0.0149,0.94
2089,4699,0.683,0.0949,0.2226,0.4588,0.4767,-0.0113,12.02,182.36,1.86,52802.0,0.0,0.2129,0.0736,-0.001,-0.0792,0.4454,-0.0117,0.94
2090,4699,0.6851,0.0929,0.2223,0.4391,0.4826,-0.0122,10.77,170.91,1.86,52726.0,0.0,0.2001,0.0716,-0.0009,-0.0763,0.4014,-0.0123,0.94
2091,4699,0.6863,0.092,0.2222,0.4487,0.4576,-0.0132,10.42,195.46,1.87,52570.0,0.0,0.1945,0.076,-0.0009,-0.0772,0.4229,-0.0109,0.94
2092,4699,0.686,0.0936,0.2211,0.4449,0.4911,-0.0097,11.85,205.42,1.87,52475.0,0.0,0.2039,0.0732,-0.0009,-0.0785,0.3993,-0.0133,0.94
2093,4699,0.6875,0.0928,0.2204,0.4479,0.4636,-0.0121,11.1,180.87,1.81,54204.0,0.0,0.1979,0.0756,-0.001,-0.0782,0.4505,-0.0125,0.94
2094,4699,0.6845,0.0948,0.2214,0.4489,0.4653,-0.0122,11.56,167.91,1.88,52376.0,0.0,0.1994,0.0741,-0.0009,-0.0738,0.3835,-0.0139,0.94
2095,4699,0.6823,0.092,0.2265,0.4339,0.4752,-0.012,10.88,162.94,1.86,52846.0,0.0,0.1949,0.0717,-0.0007,-0.074,0.4508,-0.0142,0.94
2096,4699,0.68,0.0931,0.2277,0.4395,0.4726,-0.014,10.82,183.23,1.86,52772.0,0.0,0.2011,0.0718,-0.0007,-0.0777,0.3999,-0.013,0.94
2097,4699,0.6829,0.0912,0.2266,0.448,0.485,-0.0102,11.0,162.54,1.86,52755.0,0.0,0.2042,0.0717,-0.001,-0.0791,0.4489,-0.013,0.94
2098,4699,0.679,0.092,0.2297,0.4458,0.4494,-0.0149,11.31,192.01,1.87,52559.0,0.0,0.1901,0.0772,-0.0009,-0.0788,0.4871,-0.0132,0.94
2099,4699,0.6788,0.0914,0.2302,0.4465,0.4833,-0.0122,10.28,188.0,1.88,52401.0,0.0,0.2013,0.0738,-0.0009,-0.0784,0.4834,-0.0136,0.94
2100,4699,0.6748,0.0905,0.235,0.4648,0.4516,-0.0109,11.23,191.08,1.87,52643.0,0.0,0.2018,0.0766,-0.001,-0.0815,0.4258,-0.0134,0.94
2101,4699,0.6717,0.0885,0.24,0.4275,0.4793,-0.0135,10.53,176.0,1.87,52538.0,0.0,0.1935,0.0703,-0.0009,-0.0774,0.3869,-0.0114,0.94
2102,4699,0.6708,0.089,0.2405,0.4526,0.4812,-0.0111,11.91,185.58,1.85,53093.0,0.0,0.2077,0.07,-0.0009,-0.0801,0.3736,-0.0144,0.94
2103,4699,0.6774,0.0858,0.2371,0.439,0.4727,-0.0151,10.24,168.24,1.87,52548.0,0.0,0.1967,0.0722,-0.0008,-0.078,0.4195,-0.0137,0.94
2104,4699,0.6777,0.0892,0.2332,0.4112,0.4851,-0.0145,11.1,187.67,1.78,55263.0,0.0,0.1905,0.0666,-0.0009,-0.0735,0.3981,-0.0129,0.94
2105,4699,0.674,0.0905,0.2357,0.4641,0.4668,-0.0108,11.17,172.98,1.88,52339.0,0.0,0.2055,0.0744,-0.0011,-0.0862,0.4864,-0.0119,0.94
2106,4699,0.6752,0.0917,0.2333,0.4281,0.4837,-0.0149,12.3,179.2,1.87,52633.0,0.0,0.2005,0.0674,-0.001,-0.0794,0.4479,-0.013,0.94
2107,4699,0.6807,0.0928,0.2268,0.4137,0.4813,-0.0152,10.63,168.04,1.87,52666.0,0.0,0.1933,0.0676,-0.001,-0.0771,0.543,-0.0139,0.94
2108,4699,0.6829,0.096,0.2214,0.423,0.4833,-0.0144,10.12,150.51,1.86,52751.0,0.0,0.1979,0.0684,-0.001,-0.0789,0.4963,-0.0131,0.94
2109,4699,0.6826,0.0963,0.2217,0.4524,0.472,-0.0128,11.37,199.78,1.86,52923.0,0.0,0.2005,0.0734,-0.001,-0.0826,0.4289,-0.0135,0.94
2110,4699,0.6839,0.0951,0.2214,0.4325,0.4607,-0.0162,10.65,171.97,1.87,52636.0,0.0,0.1962,0.0685,-0.0009,-0.0786,0.4604,-0.0106,0.94
2111,4699,0.6867,0.0975,0.2164,0.4354,0.4795,-0.0141,10.8,166.06,1.87,52585.0,0.0,0.2027,0.0689,-0.001,-0.0827,0.4451,-0.0117,0.94
2112,4699,0.6871,0.0977,0.2158,0.4211,0.4786,-0.0136,10.48,165.83,1.86,52752.0,0.0,0.1938,0.0683,-0.0007,-0.0776,0.483,-0.0122,0.95
2113,4699,0.687,0.0991,0.2146,0.4395,0.4824,-0.0131,11.27,183.65,1.87,52689.0,0.0,0.2007,0.0708,-0.0008,-0.0801,0.4715,-0.0133,0.95
2114,4699,0.6828,0.1008,0.2172,0.4231,0.4724,-0.0161,11.0,181.19,1.87,52627.0,0.0,0.1985,0.0686,-0.0009,-0.0779,0.3956,-0.0142,0.95
2115,4699,0.68,0.1006,0.2203,0.4375,0.4702,-0.014,11.15,162.41,1.87,52595.0,0.0,0.1997,0.0707,-0.0008,-0.0796,0.4707,-0.01,0.95
2116,4699,0.6772,0.1029,0.2206,0.4357,0.4744,-0.0138,11.62,164.84,1.88,52358.0,0.0,0.2061,0.0693,-0.0009,-0.0799,0.4264,-0.0092,0.95
2117,4699,0.6811,0.1011,0.2185,0.446,0.496,-0.0086,11.84,185.61,1.86,52821.0,0.0,0.2081,0.0725,-0.001,-0.0812,0.378,-0.0131,0.94
2118,4699,0.6836,0.099,0.2178,0.4264,0.5141,-0.0102,12.17,175.2,1.86,52721.0,0.0,0.2063,0.0668,-0.0008,-0.0774,0.4401,-0.0138,0.94
2119,4699,0.6899,0.096,0.2144,0.4086,0.505,-0.0138,10.08,151.82,1.8,54543.0,0.0,0.1939,0.065,-0.0009,-0.0773,0.4663,-0.0122,0.94
2120,4699,0.6934,0.0965,0.21,0.4152,0.4989,-0.0139,11.48,162.25,1.86,52808.0,0.0,0.202,0.0655,-0.0008,-0.0759,0.4721,-0.0121,0.94
2121,4699,0.6947,0.0957,0.2096,0.4469,0.4573,-0.0144,11.44,188.19,1.87,52582.0,0.0,0.1941,0.0743,-0.0009,-0.0812,0.4537,-0.0119,0.95
2122,4699,0.6938,0.0948,0.2114,0.4223,0.4972,-0.0123,11.31,174.88,1.87,52535.0,0.0,0.1998,0.0676,-0.0008,-0.0768,0.4333,-0.0136,0.95
2123,4699,0.6957,0.0917,0.2126,0.4218,0.4905,-0.0128,11.61,191.96,1.85,53268.0,0.0,0.203,0.0672,-0.0008,-0.078,0.4868,-0.0119,0.95
2124,4699,0.6947,0.0911,0.2142,0.4255,0.4904,-0.0151,10.81,157.49,1.87,52548.0,0.0,0.2041,0.0669,-0.0007,-0.0789,0.4432,-0.0131,0.95
2125,4699,0.6984,0.0922,0.2095,0.4399,0.4793,-0.0134,11.28,190.52,1.87,52704.0,0.0,0.2037,0.0707,-0.0008,-0.0794,0.4486,-0.0133,0.95
2126,4699,0.6976,0.0917,0.2109,0.4482,0.4784,-0.0132,10.99,186.66,1.86,52780.0,0.0,0.2029,0.0727,-0.0008,-0.0811,0.4388,-0.0138,0.95
2127,4699,0.7015,0.0932,0.2055,0.4401,0.5034,-0.0122,10.91,160.1,1.87,52518.0,0.0,0.2087,0.0693,-0.0008,-0.0796,0.4132,-0.0132,0.95
2128,4699,0.6992,0.0954,0.2056,0.44,0.4779,-0.0136,11.1,176.3,1.86,52850.0,0.0,0.1978,0.0729,-0.0009,-0.0793,0.3989,-0.0141,0.95
2129,4699,0.7015,0.0934,0.2053,0.4712,0.4908,-0.0107,11.05,170.11,1.88,52383.0,0.0,0.218,0.0752,-0.0009,-0.0849,0.4233,-0.0131,0.95
2130,4699,0.7016,0.0925,0.2061,0.4332,0.49,-0.0152,10.93,165.67,1.87,52553.0,0.0,0.2034,0.0686,-0.0007,-0.0798,0.4468,-0.0122,0.95
2131,4699,0.7081,0.0906,0.2017,0.4385,0.5075,-0.0094,11.68,169.02,1.85,53023.0,0.0,0.2071,0.0711,-0.0009,-0.081,0.4087,-0.013,0.95
2132,4699,0.7097,0.0897,0.201,0.4323,0.491,-0.014,11.82,175.1,1.86,52922.0,0.0,0.204,0.0697,-0.0008,-0.0786,0.4246,-0.0128,0.95
2133,4699,0.7112,0.091,0.1981,0.4513,0.4834,-0.0127,11.78,188.28,1.86,52772.0,0.0,0.2023,0.0749,-0.0009,-0.0833,0.3824,-0.0134,0.95
2134,4699,0.7101,0.0906,0.1996,0.4341,0.491,-0.0122,11.25,183.36,1.87,52636.0,0.0,0.2005,0.0707,-0.0008,-0.0807,0.3558,-0.0125,0.95
2135,4699,0.7067,0.0895,0.2043,0.455,0.4797,-0.0103,10.9,170.48,1.79,54928.0,0.0,0.1969,0.0781,-0.0009,-0.0828,0.35,-0.0122,0.94
2136,4699,0.7069,0.0878,0.2057,0.4452,0.4997,-0.0127,11.66,191.86,1.86,52788.0,0.0,0.213,0.0698,-0.0009,-0.0823,0.3963,-0.0125,0.94
2137,4699,0.7122,0.0852,0.2031,0.4331,0.5268,-0.0081,12.07,174.33,1.87,52613.0,0.0,0.2124,0.0693,-0.0008,-0.0799,0.3422,-0.0129,0.94
2138,4699,0.7138,0.0841,0.2026,0.4414,0.4899,-0.012,11.69,175.29,1.86,52753.0,0.0,0.1978,0.0738,-0.0009,-0.0806,0.4193,-0.0117,0.95
2139,4699,0.7139,0.0826,0.2041,0.4407,0.482,-0.0123,10.36,168.32,1.88,52344.0,0.0,0.2,0.0735,-0.001,-0.0794,0.4171,-0.0138,0.94
2140,4699,0.706,0.0873,0.2077,0.4415,0.4669,-0.0145,10.8,195.55,1.86,52805.0,0.0,0.2028,0.071,-0.0009,-0.0819,0.3755,-0.0123,0.94
2141,4699,0.706,0.0895,0.2055,0.4253,0.4988,-0.0126,11.81,158.66,1.86,52767.0,0.0,0.206,0.0664,-0.0009,-0.079,0.3994,-0.0128,0.95
2142,4699,0.7067,0.0884,0.2059,0.437,0.484,-0.0117,11.19,181.86,1.86,52792.0,0.0,0.1951,0.0725,-0.0009,-0.0793,0.4365,-0.0122,0.95
2143,4699,0.7048,0.0879,0.208,0.4387,0.4827,-0.0135,10.87,172.52,1.87,52625.0,0.0,0.2086,0.0687,-0.0009,-0.0813,0.4377,-0.0134,0.95
2144,4699,0.705,0.087,0.2088,0.4375,0.5104,-0.01,12.05,187.48,1.84,53519.0,0.0,0.2081,0.0698,-0.0009,-0.0825,0.3595,-0.0115,0.95
2145,4699,0.7084,0.0829,0.2093,0.4359,0.4892,-0.0119,11.03,176.43,1.88,52402.0,0.0,0.1984,0.073,-0.001,-0.0802,0.4088,-0.0124,0.95
2146,4699,0.7115,0.0807,0.2082,0.4268,0.5017,-0.0117,10.42,172.59,1.85,53177.0,0.0,0.1994,0.0695,-0.0007,-0.0774,0.434,-0.0135,0.95
2147,4699,0.7129,0.0836,0.204,0.438,0.4796,-0.0133,11.57,209.9,1.86,52799.0,0.0,0.1977,0.0728,-0.0008,-0.0822,0.3771,-0.0139,0.95
2148,4699,0.7133,0.0813,0.2059,0.4489,0.5079,-0.0086,11.61,177.81,1.82,54085.0,0.0,0.215,0.0717,-0.0009,-0.0842,0.4158,-0.0124,0.95
2149,4699,0.7076,0.0822,0.2104,0.4596,0.4532,-0.0137,10.74,193.75,1.87,52510.0,0.0,0.2029,0.0756,-0.0008,-0.0822,0.3963,-0.0128,0.95
2150,4699,0.7036,0.0856,0.2108,0.4246,0.4959,-0.0133,12.0,190.92,1.85,53135.0,0.0,0.2066,0.0678,-0.001,-0.0771,0.4488,-0.0124,0.95
2151,4699,0.7031,0.0861,0.2108,0.4403,0.4946,-0.0117,10.89,160.5,1.87,52696.0,0.0,0.2,0.0737,-0.0011,-0.0794,0.4588,-0.0128,0.95
2152,4699,0.7034,0.0897,0.2068,0.4345,0.4822,-0.0152,11.59,179.39,1.87,52708.0,0.0,0.2045,0.0709,-0.0009,-0.0812,0.4064,-0.0125,0.95
2153,4699,0.7034,0.0925,0.2041,0.4369,0.487,-0.0134,10.87,184.04,1.86,52899.0,0.0,0.1947,0.0737,-0.0006,-0.0803,0.3658,-0.0123,0.95
2154,4699,0.7055,0.0921,0.2026,0.4114,0.5136,-0.0106,12.66,193.0,1.87,52706.0,0.0,0.1956,0.0691,-0.0007,-0.0745,0.3449,-0.0145,0.95
2155,4699,0.7118,0.0881,0.2004,0.4312,0.5125,-0.0117,11.69,167.98,1.85,53075.0,0.0,0.2112,0.0675,-0.0009,-0.0802,0.4119,-0.0132,0.95
2156,4699,0.7153,0.0871,0.1978,0.4338,0.4924,-0.0101,12.03,175.0,1.87,52663.0,0.0,0.1926,0.0745,-0.0008,-0.0779,0.3909,-0.014,0.95
2157,4699,0.7176,0.0844,0.1983,0.4296,0.4857,-0.0113,11.48,184.3,1.87,52541.0,0.0,0.1972,0.0698,-0.0008,-0.0762,0.3754,-0.0137,0.95
2158,4699,0.7142,0.0849,0.2011,0.4287,0.4955,-0.011,11.51,174.73,1.86,52853.0,0.0,0.1932,0.0719,-0.0009,-0.0787,0.3884,-0.0136,0.95
2159,4699,0.7157,0.0848,0.2003,0.4414,0.4971,-0.0099,12.01,178.44,1.86,52875.0,0.0,0.1972,0.0738,-0.0007,-0.078,0.4215,-0.012,0.95
2160,4699,0.712,0.0845,0.2047,0.4459,0.4654,-0.0152,9.87,189.45,1.87,52639.0,0.0,0.1933,0.0753,-0.0009,-0.0795,0.4281,-0.0132,0.95
2161,4699,0.7056,0.0862,0.2094,0.451,0.4488,-0.0141,10.07,190.56,1.87,52703.0,0.0,0.1936,0.0757,-0.001,-0.0782,0.4523,-0.0142,0.95
2162,4699,0.7027,0.0872,0.2112,0.4288,0.4759,-0.0134,11.17,179.41,1.87,52657.0,0.0,0.1922,0.0713,-0.0009,-0.0767,0.4448,-0.0136,0.95
2163,4699,0.7012,0.087,0.213,0.4305,0.4871,-0.0119,10.79,186.95,1.88,52422.0,0.0,0.1944,0.0716,-0.001,-0.0754,0.4456,-0.014,0.95
2164,4699,0.702,0.0849,0.2143,0.4217,0.4975,-0.0128,10.69,175.07,1.88,52394.0,0.0,0.1963,0.0687,-0.0009,-0.0771,0.4833,-0.0143,0.95
2165,4699,0.7037,0.0885,0.209,0.4142,0.5074,-0.0138,10.97,176.0,1.87,52482.0,0.0,0.2026,0.0659,-0.0008,-0.073,0.4846,-0.0128,0.95
2166,4699,0.7022,0.0901,0.2088,0.4348,0.4974,-0.0128,11.62,176.68,1.87,52594.0,0.0,0.2024,0.071,-0.0008,-0.0784,0.406,-0.0116,0.95
2167,4699,0.6998,0.088,0.2132,0.4332,0.479,-0.013,9.51,165.08,1.87,52618.0,0.0,0.1916,0.0734,-0.0008,-0.0769,0.3895,-0.0129,0.95
2168,4699,0.703,0.0872,0.2109,0.4506,0.4886,-0.0111,11.2,196.03,1.87,52529.0,0.0,0.2089,0.0748,-0.0009,-0.0804,0.3935,-0.0134,0.95
2169,4699,0.7025,0.0869,0.2115,0.4118,0.5081,-0.013,11.53,158.38,1.88,52253.0,0.0,0.2005,0.0658,-0.0008,-0.0725,0.3935,-0.0126,0.95
2170,4699,0.7052,0.0848,0.211,0.4257,0.5203,-0.0096,12.27,179.18,1.87,52673.0,0.0,0.2045,0.0691,-0.0009,-0.0762,0.4124,-0.0134,0.95
2171,4699,0.7056,0.0826,0.2133,0.4526,0.4672,-0.011,10.44,177.84,1.84,53289.0,0.0,0.1862,0.0811,-0.0008,-0.0768,0.399,-0.0126,0.95
2172,4699,0.7035,0.0812,0.2168,0.4214,0.5156,-0.0109,11.33,173.31,1.87,52500.0,0.0,0.2049,0.0672,-0.0009,-0.0733,0.4651,-0.0125,0.95
2173,4699,0.7038,0.0807,0.2169,0.4462,0.4946,-0.0117,11.77,180.83,1.86,52832.0,0.0,0.2097,0.0723,-0.001,-0.0755,0.396,-0.0119,0.95
2174,4699,0.7053,0.0811,0.2146,0.4425,0.4815,-0.0115,11.85,170.64,1.87,52613.0,0.0,0.1904,0.0758,-0.0007,-0.0757,0.3929,-0.0134,0.95
2175,4699,0.7047,0.083,0.2135,0.428,0.4771,-0.0162,10.38,168.42,1.87,52577.0,0.0,0.1965,0.07,-0.001,-0.0764,0.4425,-0.0123,0.95
2176,4699,0.7048,0.0862,0.2099,0.4252,0.5065,-0.0127,11.71,172.22,1.86,52738.0,0.0,0.2092,0.0658,-0.0008,-0.0732,0.3606,-0.0118,0.95
2177,4699,0.7084,0.0871,0.2054,0.4391,0.4798,-0.0105,11.04,193.48,1.88,52265.0,0.0,0.1994,0.0719,-0.0008,-0.0739,0.3637,-0.0133,0.95
2178,4699,0.7086,0.0875,0.2047,0.4389,0.4847,-0.0114,11.12,185.45,1.87,52510.0,0.0,0.1968,0.0726,-0.0009,-0.0773,0.3297,-0.0141,0.95
2179,4699,0.7056,0.0876,0.2076,0.4529,0.4788,-0.0095,11.71,146.45,1.86,52715.0,0.0,0.2016,0.0746,-0.0008,-0.075,0.4161,-0.0145,0.95
2180,4699,0.705,0.0874,0.2084,0.4423,0.4822,-0.0139,11.29,179.96,1.87,52631.0,0.0,0.2037,0.0702,-0.001,-0.0781,0.4624,-0.0102,0.95
2181,4699,0.6983,0.0891,0.2133,0.4684,0.4626,-0.0114,11.49,189.14,1.88,52198.0,0.0,0.2117,0.0751,-0.0009,-0.0803,0.3981,-0.0088,0.95
2182,4699,0.6907,0.0895,0.2204,0.4646,0.4641,-0.0105,11.76,184.28,1.87,52585.0,0.0,0.2057,0.0749,-0.0009,-0.0785,0.4385,-0.0133,0.95
2183,4699,0.6873,0.0894,0.224,0.446,0.4873,-0.0121,12.35,175.59,1.85,53041.0,0.0,0.2052,0.0715,-0.0009,-0.0753,0.4253,-0.0133,0.95
2184,4699,0.6833,0.0906,0.227,0.4382,0.4737,-0.0126,10.78,183.62,1.87,52649.0,0.0,0.2017,0.0707,-0.0008,-0.0738,0.4124,-0.0125,0.95
2185,4699,0.6825,0.091,0.2275,0.4383,0.4942,-0.0115,10.97,158.12,1.87,52687.0,0.0,0.2082,0.0691,-0.0009,-0.0745,0.4229,-0.0136,0.95
2186,4699,0.6857,0.0907,0.2242,0.4398,0.4958,-0.012,11.38,168.67,1.86,52822.0,0.0,0.2099,0.0686,-0.0009,-0.0767,0.4181,-0.0144,0.95
2187,4699,0.6899,0.089,0.2216,0.4371,0.4793,-0.0138,11.03,178.75,1.87,52506.0,0.0,0.2047,0.0688,-0.001,-0.0754,0.373,-0.0145,0.95
2188,4699,0.6877,0.0888,0.2239,0.44,0.4906,-0.0104,11.52,168.57,1.8,54602.0,0.0,0.2074,0.0695,-0.0008,-0.0727,0.4415,-0.0126,0.95
2189,4699,0.6889,0.0917,0.2196,0.4355,0.493,-0.0132,11.69,173.53,1.87,52534.0,0.0,0.2108,0.0692,-0.0009,-0.0758,0.4204,-0.0138,0.95
2190,4699,0.69,0.0898,0.2204,0.4293,0.4796,-0.0119,11.22,169.97,1.86,52862.0,0.0,0.2023,0.0682,-0.0009,-0.0723,0.3655,-0.0128,0.95
2191,4699,0.6932,0.0866,0.2204,0.4368,0.4989,-0.0107,11.46,156.22,1.88,52416.0,0.0,0.2105,0.0672,-0.0009,-0.0747,0.4271,-0.0133,0.95
2192,4699,0.6962,0.0862,0.2176,0.4319,0.4776,-0.0149,10.74,180.64,1.85,53083.0,0.0,0.2053,0.0678,-0.0008,-0.0731,0.3879,-0.0133,0.95
2193,4699,0.6948,0.0874,0.2178,0.437,0.5252,-0.0087,11.55,168.86,1.87,52440.0,0.0,0.2185,0.0667,-0.001,-0.0765,0.396,-0.0136,0.95
2194,4699,0.7051,0.0853,0.2096,0.4352,0.508,-0.0121,11.97,200.38,1.87,52563.0,0.0,0.2114,0.0668,-0.0009,-0.0738,0.4172,-0.0144,0.95
2195,4699,0.7081,0.0835,0.2084,0.455,0.4853,-0.0116,11.01,178.13,1.85,53025.0,0.0,0.2136,0.0722,-0.0011,-0.0778,0.4424,-0.0109,0.95
2196,4699,0.7069,0.0845,0.2088,0.4445,0.4988,-0.0111,12.47,176.23,1.87,52685.0,0.0,0.2012,0.0726,-0.0012,-0.0751,0.3542,-0.0137,0.95
2197,4699,0.7082,0.0839,0.2082,0.4348,0.5005,-0.012,11.61,177.6,1.88,52301.0,0.0,0.2061,0.068,-0.001,-0.0735,0.4198,-0.0132,0.95
2198,4699,0.7119,0.0835,0.2049,0.4706,0.4726,-0.0129,11.06,170.92,1.89,52129.0,0.0,0.2187,0.0739,-0.0011,-0.0789,0.4787,-0.0135,0.95
2199,4699,0.7109,0.0861,0.2032,0.4367,0.4759,-0.0162,11.78,166.87,1.87,52444.0,0.0,0.206,0.0684,-0.0009,-0.0729,0.3938,-0.0129,0.95
2200,4699,0.7076,0.0884,0.2041,0.4651,0.4715,-0.0106,12.23,213.56,1.87,52582.0,0.0,0.2014,0.0782,-0.001,-0.0782,0.3715,-0.0135,0.95
2201,4699,0.7019,0.0897,0.2087,0.4491,0.4934,-0.0131,11.7,187.35,1.86,52747.0,0.0,0.2064,0.0731,-0.0008,-0.0765,0.4071,-0.0139,0.95
2202,4699,0.7024,0.0891,0.2088,0.442,0.4797,-0.0154,11.44,186.68,1.86,52734.0,0.0,0.2069,0.0694,-0.0008,-0.0752,0.4018,-0.0139,0.95
2203,4699,0.6988,0.0885,0.213,0.4781,0.4505,-0.0133,11.33,189.35,1.87,52600.0,0.0,0.2143,0.0776,-0.0011,-0.0803,0.4175,-0.0126,0.95
2204,4699,0.6942,0.0896,0.2162,0.4686,0.4827,-0.011,11.59,186.52,1.81,54338.0,0.0,0.2166,0.0758,-0.0011,-0.0754,0.4512,-0.013,0.95
2205,4699,0.6884,0.0907,0.2208,0.4596,0.4642,-0.0141,10.68,167.82,1.87,52660.0,0.0,0.2066,0.0729,-0.001,-0.0758,0.404,-0.0132,0.95
2206,4699,0.6881,0.0936,0.2183,0.4528,0.4694,-0.0141,11.24,183.65,1.88,52234.0,0.0,0.2014,0.075,-0.0011,-0.0755,0.4285,-0.0135,0.95
2207,4699,0.689,0.0939,0.2171,0.4449,0.5042,-0.011,12.05,185.13,1.86,52938.0,0.0,0.2029,0.0734,-0.001,-0.0732,0.4108,-0.0141,0.95
2208,4699,0.6929,0.0943,0.2129,0.4516,0.4884,-0.0109,11.97,185.81,1.86,52743.0,0.0,0.212,0.0706,-0.0009,-0.0755,0.4126,-0.0134,0.95
2209,4699,0.6923,0.0926,0.2157,0.4518,0.4743,-0.0124,11.08,180.56,1.87,52552.0,0.0,0.2042,0.0735,-0.0011,-0.0734,0.4067,-0.0133,0.95
2210,4699,0.693,0.0906,0.2171,0.4341,0.5018,-0.0107,12.06,190.67,1.87,52576.0,0.0,0.2046,0.0707,-0.0011,-0.0735,0.4435,-0.014,0.95
2211,4699,0.6918,0.0893,0.2195,0.4453,0.4634,-0.0149,10.62,178.97,1.86,52762.0,0.0,0.1963,0.0728,-0.0012,-0.0741,0.3547,-0.0132,0.95
2212,4699,0.6912,0.0872,0.2218,0.4405,0.4846,-0.01,10.64,197.06,1.87,52577.0,0.0,0.1991,0.0721,-0.001,-0.0712,0.3932,-0.0131,0.95
2213,4699,0.6907,0.0862,0.2233,0.4465,0.4895,-0.0094,11.69,174.6,1.89,52084.0,0.0,0.2048,0.0731,-0.0011,-0.074,0.3953,-0.0146,0.95
2214,4699,0.692,0.0862,0.2221,0.4256,0.4906,-0.0135,11.72,188.49,1.87,52535.0,0.0,0.1997,0.0685,-0.001,-0.074,0.372,-0.0126,0.95
2215,4699,0.6945,0.0859,0.2198,0.444,0.4715,-0.0125,10.55,178.82,1.89,52122.0,0.0,0.1988,0.0729,-0.0012,-0.072,0.4464,-0.0113,0.95
2216,4699,0.69,0.0883,0.2218,0.4405,0.4614,-0.0155,11.69,181.31,1.88,52299.0,0.0,0.1978,0.0718,-0.001,-0.0731,0.4363,-0.0128,0.95
2217,4699,0.6916,0.0877,0.2207,0.4326,0.505,-0.0104,11.55,188.28,1.87,52578.0,0.0,0.2021,0.0704,-0.001,-0.0711,0.4213,-0.0139,0.95
2218,4699,0.6925,0.0865,0.221,0.4619,0.4705,-0.0115,10.73,184.39,1.87,52668.0,0.0,0.2013,0.0773,-0.0011,-0.0765,0.4078,-0.0144,0.95
2219,4699,0.6936,0.0859,0.2207,0.4445,0.4905,-0.0114,11.84,184.28,1.87,52623.0,0.0,0.2041,0.0731,-0.001,-0.0737,0.4589,-0.0108,0.96
2220,4699,0.6938,0.0873,0.2192,0.4438,0.4738,-0.015,11.93,189.94,1.88,52401.0,0.0,0.2029,0.0722,-0.001,-0.0755,0.3992,-0.0123,0.96
2221,4699,0.6921,0.0878,0.2205,0.4612,0.4677,-0.0131,11.14,186.14,1.87,52474.0,0.0,0.2116,0.0734,-0.001,-0.0769,0.4166,-0.014,0.96
2222,4699,0.6895,0.0869,0.2242,0.4487,0.4673,-0.0122,11.08,170.19,1.87,52540.0,0.0,0.1991,0.0741,-0.0012,-0.0716,0.4505,-0.0123,0.96
2223,4699,0.6881,0.0877,0.2249,0.441,0.4745,-0.0118,11.98,186.93,1.89,52146.0,0.0,0.1949,0.0729,-0.0011,-0.0719,0.3915,-0.0121,0.96
2224,4699,0.6931,0.0842,0.2234,0.459,0.4791,-0.0114,11.67,184.41,1.86,52968.0,0.0,0.2033,0.0773,-0.0011,-0.078,0.3815,-0.0138,0.96
2225,4699,0.6959,0.0845,0.2204,0.4357,0.487,-0.0147,10.46,168.79,1.87,52579.0,0.0,0.2042,0.069,-0.0011,-0.0729,0.4224,-0.0135,0.96
2226,4699,0.6953,0.0864,0.2191,0.4516,0.4811,-0.0123,10.29,170.97,1.87,52623.0,0.0,0.2041,0.0734,-0.0012,-0.0783,0.384,-0.0139,0.96
2227,4699,0.6978,0.0858,0.2172,0.4467,0.4956,-0.0123,10.34,178.45,1.87,52695.0,0.0,0.2159,0.0693,-0.001,-0.0734,0.4014,-0.0119,0.96
2228,4699,0.7008,0.0841,0.2161,0.4598,0.4781,-0.0097,11.41,185.32,1.86,52776.0,0.0,0.2091,0.0746,-0.0012,-0.0721,0.3738,-0.0129,0.95
2229,4699,0.7038,0.0811,0.216,0.457,0.5116,-0.0078,12.24,181.97,1.87,52456.0,0.0,0.2203,0.0719,-0.001,-0.0714,0.4378,-0.0118,0.95
2230,4699,0.7049,0.0804,0.2158,0.468,0.4804,-0.0114,10.22,180.18,1.86,52768.0,0.0,0.2151,0.0751,-0.0012,-0.0749,0.4514,-0.0134,0.95
2231,4699,0.703,0.0824,0.2159,0.4502,0.4891,-0.0127,12.04,188.28,1.87,52519.0,0.0,0.21,0.0707,-0.0012,-0.073,0.4243,-0.0133,0.95
2232,4699,0.7019,0.0837,0.2154,0.4789,0.487,-0.0109,11.87,203.34,1.87,52437.0,0.0,0.2189,0.0759,-0.001,-0.0786,0.4092,-0.0141,0.95
2233,4699,0.7001,0.0838,0.2169,0.4347,0.4883,-0.0136,10.71,176.54,1.88,52426.0,0.0,0.2,0.0708,-0.001,-0.07,0.4449,-0.012,0.95
2234,4699,0.6952,0.0881,0.2174,0.4648,0.4489,-0.0144,12.07,203.52,1.88,52225.0,0.0,0.1987,0.0779,-0.0011,-0.0762,0.3548,-0.0125,0.95
2235,4699,0.6924,0.0854,0.223,0.4713,0.4677,-0.0117,10.72,186.55,1.88,52365.0,0.0,0.2071,0.0779,-0.0012,-0.0751,0.4053,-0.0126,0.95
2236,4699,0.6874,0.087,0.2261,0.4617,0.4853,-0.0113,11.6,172.46,1.87,52582.0,0.0,0.2182,0.0718,-0.0012,-0.0751,0.3699,-0.014,0.96
2237,4699,0.6843,0.0869,0.2293,0.4658,0.4686,-0.0135,11.8,203.11,1.88,52339.0,0.0,0.2094,0.0757,-0.0011,-0.0749,0.4254,-0.0111,0.96
2238,4699,0.6795,0.0892,0.2318,0.4392,0.479,-0.0129,11.53,177.54,1.87,52672.0,0.0,0.1992,0.0726,-0.001,-0.0701,0.4281,-0.0138,0.96
2239,4699,0.6768,0.0932,0.2305,0.4439,0.4792,-0.0138,10.46,174.16,1.87,52539.0,0.0,0.2086,0.0698,-0.001,-0.0724,0.4124,-0.0113,0.96
2240,4699,0.6749,0.0954,0.2298,0.4529,0.464,-0.0125,10.58,163.13,1.87,52458.0,0.0,0.1994,0.0727,-0.0011,-0.0723,0.3572,-0.0127,0.96
2241,4699,0.6763,0.0936,0.2301,0.4641,0.4418,-0.0154,10.79,185.45,1.86,52760.0,0.0,0.1969,0.0772,-0.0009,-0.0748,0.3983,-0.0137,0.96
2242,4699,0.6757,0.0949,0.2294,0.4531,0.4857,-0.0142,10.19,184.41,1.88,52382.0,0.0,0.2047,0.0722,-0.0009,-0.0752,0.3903,-0.0117,0.96
2243,4699,0.6771,0.0946,0.2284,0.4625,0.4703,-0.0114,11.81,179.6,1.87,52516.0,0.0,0.207,0.0731,-0.001,-0.0714,0.4233,-0.0122,0.96
2244,4699,0.6753,0.0943,0.2306,0.4722,0.449,-0.0123,10.81,196.46,1.85,53071.0,0.0,0.2062,0.0779,-0.001,-0.078,0.4038,-0.0128,0.96
2245,4699,0.6712,0.0936,0.2355,0.4984,0.4551,-0.0103,11.16,199.48,1.87,52615.0,0.0,0.2115,0.0796,-0.001,-0.0775,0.4149,-0.0126,0.96
2246,4699,0.6727,0.0885,0.239,0.476,0.4775,-0.0089,11.94,183.86,1.87,52686.0,0.0,0.2094,0.076,-0.0011,-0.0774,0.3858,-0.0132,0.96
2247,4699,0.6732,0.086,0.2411,0.4861,0.4496,-0.0116,10.6,182.87,1.86,52924.0,0.0,0.2145,0.0751,-0.0012,-0.0774,0.3739,-0.0126,0.96
2248,4699,0.6724,0.0862,0.2419,0.4593,0.4755,-0.0122,12.3,182.6,1.88,52276.0,0.0,0.2057,0.0723,-0.0011,-0.0754,0.4019,-0.0138,0.96
2249,4699,0.6745,0.088,0.2379,0.4578,0.466,-0.0141,11.12,192.3,1.86,52816.0,0.0,0.215,0.0671,-0.0008,-0.0745,0.4002,-0.0134,0.96
2250,4699,0.6739,0.0867,0.24,0.5009,0.46,-0.0082,12.25,204.06,1.87,52557.0,0.0,0.2195,0.0775,-0.0011,-0.0779,0.3541,-0.0139,0.96
2251,4699,0.673,0.0843,0.2437,0.4613,0.4518,-0.0131,10.22,179.75,1.84,53398.0,0.0,0.2033,0.0722,-0.0009,-0.0718,0.3834,-0.0108,0.96
2252,4699,0.6671,0.0861,0.248,0.4587,0.467,-0.0125,11.02,174.05,1.88,52205.0,0.0,0.1954,0.0748,-0.001,-0.0732,0.4631,-0.0124,0.96
2253,4699,0.6646,0.083,0.2536,0.4832,0.4451,-0.0113,11.53,197.65,1.88,52343.0,0.0,0.2146,0.0746,-0.0009,-0.0776,0.3838,-0.013,0.96
2254,4699,0.6662,0.0826,0.2524,0.4743,0.4718,-0.0115,10.76,196.0,1.88,52377.0,0.0,0.2155,0.0724,-0.0008,-0.0758,0.4063,-0.0095,0.96
2255,4699,0.6689,0.0835,0.2488,0.4524,0.4742,-0.0133,11.01,173.1,1.87,52659.0,0.0,0.2098,0.069,-0.001,-0.0696,0.4626,-0.0129,0.96
2256,4699,0.6724,0.0835,0.2449,0.4567,0.4794,-0.0116,10.61,180.29,1.87,52466.0,0.0,0.21,0.0696,-0.0008,-0.0708,0.4114,-0.0133,0.96
2257,4699,0.6756,0.0848,0.2405,0.4701,0.476,-0.0105,11.2,189.73,1.84,53365.0,0.0,0.2104,0.0743,-0.0007,-0.0734,0.3945,-0.01,0.96
2258,4699,0.6763,0.0855,0.2394,0.4655,0.4614,-0.0125,11.29,190.79,1.89,52101.0,0.0,0.2082,0.0722,-0.0009,-0.0721,0.4327,-0.0113,0.96
2259,4699,0.6778,0.0858,0.2374,0.4556,0.4632,-0.0142,11.14,189.49,1.87,52697.0,0.0,0.1922,0.0747,-0.0012,-0.0772,0.3648,-0.0131,0.96
2260,4699,0.6777,0.0839,0.2396,0.4663,0.4677,-0.0109,11.31,182.64,1.87,52534.0,0.0,0.2124,0.0726,-0.0009,-0.0775,0.4327,-0.0126,0.96
2261,4699,0.6748,0.0848,0.2415,0.4644,0.4663,-0.0114,11.85,173.23,1.87,52502.0,0.0,0.2084,0.0723,-0.0008,-0.0711,0.3947,-0.0109,0.96
2262,4699,0.6774,0.0857,0.2378,0.4325,0.493,-0.0104,11.78,184.78,1.87,52667.0,0.0,0.2008,0.0676,-0.0008,-0.0686,0.3976,-0.0129,0.96
2263,4699,0.682,0.0869,0.2321,0.4372,0.5043,-0.0133,11.81,189.46,1.86,52947.0,0.0,0.2147,0.0644,-0.0007,-0.0678,0.3694,-0.0134,0.96
2264,4699,0.6898,0.0873,0.2237,0.4537,0.4923,-0.0108,10.72,155.09,1.88,52335.0,0.0,0.2048,0.0719,-0.0009,-0.0721,0.4169,-0.0136,0.96
2265,4699,0.6943,0.0889,0.2174,0.4295,0.5133,-0.0115,11.66,196.76,1.86,52788.0,0.0,0.2041,0.0662,-0.0007,-0.0713,0.4361,-0.0119,0.96
2266,4699,0.6924,0.0894,0.2188,0.463,0.4513,-0.0137,9.88,163.78,1.87,52438.0,0.0,0.2048,0.0721,-0.0008,-0.072,0.4075,-0.0135,0.96
2267,4699,0.6918,0.0878,0.2212,0.4837,0.4765,-0.0107,11.21,203.33,1.87,52684.0,0.0,0.2177,0.0734,-0.0009,-0.0762,0.4212,-0.0125,0.96
2268,4699,0.6878,0.0901,0.2228,0.477,0.4512,-0.0137,11.59,193.8,1.87,52624.0,0.0,0.2084,0.0765,-0.0009,-0.0748,0.4343,-0.0121,0.96
2269,4699,0.6843,0.0912,0.2251,0.4581,0.4707,-0.0118,11.63,200.37,1.87,52561.0,0.0,0.2095,0.0686,-0.0008,-0.0739,0.3842,-0.0139,0.96
2270,4699,0.6837,0.0893,0.2275,0.4737,0.4689,-0.0099,11.21,194.61,1.87,52674.0,0.0,0.2042,0.0758,-0.0007,-0.074,0.4639,-0.0118,0.96
2271,4699,0.681,0.0887,0.2308,0.4488,0.4731,-0.0129,11.04,190.26,1.78,55094.0,0.0,0.2047,0.0694,-0.0009,-0.0699,0.4004,-0.0127,0.96
2272,4699,0.6815,0.0857,0.2331,0.4743,0.4822,-0.0105,11.38,177.52,1.88,52261.0,0.0,0.2176,0.0714,-0.0008,-0.0743,0.3639,-0.0138,0.96
2273,4699,0.6852,0.0831,0.2322,0.4486,0.5059,-0.0101,12.08,180.64,1.88,52337.0,0.0,0.2122,0.0694,-0.0008,-0.0719,0.4353,-0.0134,0.96
2274,4699,0.6914,0.0815,0.2276,0.4541,0.4914,-0.0111,11.5,211.62,1.86,52797.0,0.0,0.214,0.0703,-0.0009,-0.0702,0.4981,-0.0131,0.96
2275,4699,0.689,0.0837,0.2278,0.4677,0.4663,-0.0137,12.47,190.95,1.88,52411.0,0.0,0.2169,0.0716,-0.0008,-0.0719,0.4621,-0.0136,0.96
2276,4699,0.6927,0.083,0.225,0.4611,0.4714,-0.0125,12.16,215.26,1.87,52509.0,0.0,0.2095,0.0717,-0.0008,-0.0747,0.5236,-0.0107,0.96
2277,4699,0.6903,0.0843,0.2261,0.4783,0.4806,-0.0123,11.56,185.45,1.88,52278.0,0.0,0.2155,0.074,-0.0009,-0.0752,0.3859,-0.0095,0.96
2278,4699,0.6905,0.0827,0.2273,0.4626,0.4805,-0.0115,11.2,176.73,1.86,52851.0,0.0,0.2131,0.0719,-0.0009,-0.0737,0.3952,-0.0135,0.96
2279,4699,0.6926,0.0826,0.2253,0.4523,0.4958,-0.0109,11.36,167.62,1.88,52286.0,0.0,0.2138,0.0706,-0.0008,-0.0745,0.5311,-0.0138,0.96
2280,4699,0.6904,0.0877,0.2222,0.4394,0.4748,-0.0164,10.39,186.38,1.87,52677.0,0.0,0.2079,0.0685,-0.001,-0.0726,0.4771,-0.0132,0.96
2281,4699,0.6908,0.0919,0.2175,0.4535,0.464,-0.0146,11.81,199.99,1.88,52343.0,0.0,0.205,0.0718,-0.0009,-0.0737,0.4494,-0.0138,0.96
2282,4699,0.6858,0.0942,0.22,0.4522,0.462,-0.0153,10.97,193.57,1.87,52617.0,0.0,0.2162,0.0681,-0.001,-0.0722,0.4115,-0.0119,0.96
2283,4699,0.6853,0.0957,0.2193,0.455,0.4774,-0.0136,10.61,178.53,1.87,52495.0,0.0,0.2165,0.069,-0.0008,-0.0756,0.4528,-0.0121,0.96
2284,4699,0.6829,0.0967,0.2207,0.4484,0.453,-0.0157,10.4,200.79,1.87,52436.0,0.0,0.1957,0.0721,-0.0008,-0.0703,0.3567,-0.0134,0.96
2285,4699,0.6807,0.0971,0.223,0.4595,0.4842,-0.0108,11.37,177.5,1.86,52782.0,0.0,0.2159,0.0703,-0.0008,-0.0755,0.3914,-0.0141,0.96
2286,4699,0.6814,0.0953,0.2243,0.4614,0.4726,-0.0101,12.12,212.4,1.85,53234.0,0.0,0.2055,0.0737,-0.0008,-0.0726,0.3763,-0.0121,0.96
2287,4699,0.6791,0.0924,0.2294,0.4606,0.4807,-0.0111,10.78,186.5,1.88,52312.0,0.0,0.2179,0.0706,-0.0008,-0.0701,0.4589,-0.0124,0.96
2288,4699,0.6748,0.0954,0.2303,0.4704,0.439,-0.0138,11.47,201.78,1.87,52478.0,0.0,0.2106,0.0719,-0.0008,-0.0762,0.4451,-0.0133,0.96
2289,4699,0.6652,0.0981,0.2371,0.4524,0.4395,-0.0173,11.26,198.61,1.86,52876.0,0.0,0.1972,0.0702,-0.001,-0.071,0.4456,-0.0128,0.96
2290,4699,0.661,0.0982,0.241,0.4663,0.4671,-0.0098,11.02,191.71,1.88,52326.0,0.0,0.2113,0.0712,-0.0008,-0.0744,0.3798,-0.0139,0.96
2291,4699,0.6585,0.0947,0.2471,0.4806,0.4564,-0.0095,10.31,180.86,1.87,52640.0,0.0,0.2197,0.0711,-0.0009,-0.0762,0.3347,-0.0137,0.96
2292,4699,0.6528,0.0958,0.252,0.49,0.4387,-0.0125,11.35,208.59,1.89,52115.0,0.0,0.2164,0.0733,-0.0012,-0.0794,0.3688,-0.0126,0.96
2293,4699,0.6465,0.0969,0.2574,0.4934,0.4374,-0.0115,11.37,187.33,1.82,54031.0,0.0,0.2049,0.078,-0.001,-0.0773,0.4249,-0.0118,0.96
2294,4699,0.6465,0.0967,0.2575,0.4726,0.4444,-0.0113,11.18,179.92,1.84,53440.0,0.0,0.2012,0.0744,-0.0009,-0.0741,0.364,-0.0127,0.96
2295,4699,0.6466,0.0936,0.2606,0.4829,0.4396,-0.0117,11.71,192.7,1.87,52549.0,0.0,0.2041,0.0765,-0.0008,-0.0761,0.3456,-0.0134,0.96
2296,4699,0.6483,0.0907,0.2617,0.4882,0.4626,-0.009,11.86,201.47,1.87,52690.0,0.0,0.2227,0.0712,-0.0011,-0.0765,0.3721,-0.0132,0.96
2297,4699,0.6486,0.0882,0.264,0.4929,0.4534,-0.0093,11.78,205.75,1.87,52436.0,0.0,0.214,0.0759,-0.001,-0.0781,0.4277,-0.0128,0.97
2298,4699,0.6442,0.0896,0.2671,0.4739,0.4314,-0.0171,10.82,213.1,1.86,52769.0,0.0,0.213,0.0704,-0.0009,-0.0742,0.4223,-0.0129,0.97
2299,4699,0.6418,0.0902,0.2688,0.4662,0.4409,-0.0128,11.44,174.0,1.87,52683.0,0.0,0.2004,0.074,-0.001,-0.0724,0.4404,-0.0121,0.96
2300,4699,0.6394,0.0899,0.2714,0.5107,0.3927,-0.0142,10.88,227.75,1.87,52518.0,0.0,0.209,0.08,-0.0009,-0.0813,0.3482,-0.0138,0.96
2301,4699,0.6376,0.0901,0.273,0.4765,0.4622,-0.0114,11.93,196.54,1.86,52782.0,0.0,0.2146,0.0736,-0.0009,-0.075,0.4042,-0.0142,0.97
2302,4699,0.6348,0.0898,0.276,0.48,0.4466,-0.0132,11.46,187.29,1.87,52672.0,0.0,0.2102,0.0733,-0.0008,-0.0784,0.3936,-0.0105,0.97
2303,4699,0.6374,0.0892,0.2737,0.4834,0.459,-0.0109,11.32,197.15,1.86,52797.0,0.0,0.2173,0.0707,-0.0008,-0.0809,0.3985,-0.0085,0.96
2304,4699,0.6354,0.0879,0.2772,0.505,0.4356,-0.0121,12.11,197.08,1.86,52934.0,0.0,0.224,0.0737,-0.0009,-0.0779,0.4294,-0.0113,0.96
2305,4699,0.6347,0.0866,0.2792,0.4849,0.4599,-0.0113,10.5,198.68,1.87,52697.0,0.0,0.2196,0.0706,-0.0009,-0.0774,0.4694,-0.0111,0.96
2306,4699,0.6328,0.0864,0.2812,0.4668,0.4385,-0.0151,10.58,196.6,1.87,52467.0,0.0,0.2077,0.0683,-0.0008,-0.0711,0.4189,-0.0125,0.96
2307,4699,0.632,0.0878,0.2804,0.4901,0.4466,-0.0119,10.81,188.57,1.87,52520.0,0.0,0.2105,0.0722,-0.0008,-0.0797,0.4085,-0.0126,0.96
2308,4699,0.6328,0.0874,0.28,0.517,0.4207,-0.0128,10.89,206.16,1.86,52809.0,0.0,0.2192,0.0776,-0.0008,-0.0836,0.4181,-0.0124,0.96
2309,4699,0.6291,0.088,0.2832,0.5082,0.4386,-0.0106,11.28,204.87,1.86,52913.0,0.0,0.2172,0.0749,-0.0009,-0.0809,0.3696,-0.013,0.96
2310,4699,0.6292,0.084,0.2871,0.5008,0.4215,-0.0128,10.7,189.41,1.87,52565.0,0.0,0.207,0.0759,-0.0008,-0.0772,0.3679,-0.0132,0.96
2311,4699,0.629,0.083,0.2885,0.467,0.4414,-0.0125,10.91,187.07,1.87,52703.0,0.0,0.2024,0.0698,-0.0008,-0.0743,0.3817,-0.0124,0.96
2312,4699,0.63,0.0836,0.2868,0.4888,0.4586,-0.0085,11.7,171.68,1.86,52723.0,0.0,0.2085,0.0735,-0.0009,-0.0768,0.4235,-0.0135,0.96
2313,4699,0.6357,0.0835,0.2813,0.4891,0.4193,-0.0155,10.63,206.9,1.86,52890.0,0.0,0.201,0.0744,-0.0009,-0.081,0.4402,-0.0133,0.96
2314,4699,0.6332,0.0846,0.2826,0.4903,0.4417,-0.0114,11.22,182.06,1.87,52521.0,0.0,0.2139,0.0737,-0.0009,-0.0815,0.4027,-0.0129,0.96
2315,4699,0.6355,0.0855,0.2795,0.5,0.4526,-0.0102,11.85,200.76,1.86,52731.0,0.0,0.2198,0.0759,-0.0009,-0.0836,0.4159,-0.0118,0.96
2316,4699,0.6362,0.0856,0.2786,0.4786,0.4534,-0.011,11.09,171.51,1.88,52232.0,0.0,0.2103,0.0723,-0.0008,-0.0769,0.3953,-0.0085,0.96
2317,4699,0.6367,0.0861,0.2777,0.4958,0.4517,-0.0108,11.47,191.91,1.84,53298.0,0.0,0.2146,0.0754,-0.0009,-0.0791,0.3337,-0.0135,0.96
2318,4699,0.6469,0.0808,0.2729,0.4541,0.4721,-0.0099,10.82,171.25,1.85,53017.0,0.0,0.203,0.0699,-0.0007,-0.0716,0.4318,-0.013,0.96
2319,4699,0.6469,0.0815,0.2723,0.5047,0.4143,-0.0137,11.92,204.98,1.86,52752.0,0.0,0.2058,0.0792,-0.0009,-0.0805,0.4053,-0.0117,0.96
2320,4699,0.6454,0.0806,0.2749,0.4836,0.4631,-0.0083,12.09,208.1,1.87,52630.0,0.0,0.2092,0.0757,-0.0008,-0.0791,0.3863,-0.0125,0.96
2321,4699,0.6463,0.0776,0.277,0.4953,0.4586,-0.0115,11.49,190.53,1.88,52265.0,0.0,0.2152,0.0772,-0.0009,-0.0812,0.4748,-0.0133,0.96
2322,4699,0.6533,0.0774,0.2706,0.4677,0.4607,-0.0114,11.19,207.52,1.84,53383.0,0.0,0.2112,0.0703,-0.0009,-0.0756,0.4192,-0.0138,0.97
2323,4699,0.6564,0.078,0.2671,0.4696,0.4356,-0.0149,9.65,176.8,1.88,52416.0,0.0,0.2024,0.0733,-0.0009,-0.0751,0.4337,-0.0133,0.97
2324,4699,0.6587,0.0795,0.2634,0.4689,0.4582,-0.0112,11.43,189.97,1.88,52337.0,0.0,0.2062,0.0723,-0.001,-0.0776,0.4436,-0.0123,0.97
2325,4699,0.6603,0.0808,0.2598,0.4519,0.4675,-0.0132,11.18,174.62,1.87,52532.0,0.0,0.2135,0.0666,-0.0009,-0.0721,0.4875,-0.0133,0.97
2326,4699,0.6603,0.0812,0.2593,0.4772,0.4374,-0.013,10.54,186.89,1.85,53253.0,0.0,0.2002,0.0751,-0.001,-0.0755,0.4304,-0.0125,0.97
2327,4699,0.6607,0.0801,0.26,0.4751,0.4714,-0.0109,11.61,200.76,1.88,52180.0,0.0,0.2122,0.073,-0.001,-0.0744,0.4144,-0.0134,0.97
2328,4699,0.6631,0.0816,0.2561,0.4648,0.473,-0.0115,11.76,202.61,1.87,52471.0,0.0,0.21,0.0708,-0.001,-0.075,0.3512,-0.0128,0.97
2329,4699,0.663,0.079,0.2589,0.5004,0.4415,-0.0097,10.54,198.91,1.86,52992.0,0.0,0.2118,0.0786,-0.0011,-0.0768,0.4077,-0.0124,0.96
2330,4699,0.6626,0.0783,0.2601,0.4762,0.4715,-0.0109,11.01,181.37,1.89,52144.0,0.0,0.2164,0.0723,-0.0008,-0.0742,0.4588,-0.0129,0.96
2331,4699,0.6603,0.0799,0.2607,0.4791,0.4491,-0.0143,11.65,207.37,1.87,52475.0,0.0,0.2103,0.075,-0.0011,-0.0741,0.4302,-0.013,0.96
2332,4699,0.6565,0.082,0.2623,0.4751,0.4393,-0.0133,11.39,219.34,1.88,52296.0,0.0,0.2067,0.0745,-0.0009,-0.0732,0.4061,-0.013,0.96
2333,4699,0.6545,0.0821,0.2642,0.4845,0.4626,-0.0111,11.1,182.74,1.88,52181.0,0.0,0.2224,0.0709,-0.001,-0.0709,0.4808,-0.0138,0.96
2334,4699,0.6514,0.0852,0.2642,0.4783,0.4422,-0.0152,11.1,210.93,1.88,52419.0,0.0,0.2005,0.0769,-0.0009,-0.075,0.4553,-0.0126,0.96
2335,4699,0.6495,0.0874,0.2642,0.4872,0.4497,-0.0119,11.72,166.05,1.86,52812.0,0.0,0.2177,0.0737,-0.0009,-0.0766,0.4621,-0.0139,0.97
2336,4699,0.6485,0.0905,0.2622,0.4803,0.4494,-0.0128,11.29,199.57,1.87,52651.0,0.0,0.2089,0.0734,-0.0009,-0.0792,0.4681,-0.0138,0.96
2337,4699,0.6453,0.0925,0.2635,0.4551,0.4431,-0.016,10.64,178.67,1.88,52198.0,0.0,0.2068,0.069,-0.0008,-0.0716,0.4682,-0.0143,0.97
2338,4699,0.6445,0.0952,0.2617,0.4537,0.4475,-0.0152,11.31,180.51,1.86,52986.0,0.0,0.2019,0.0696,-0.0008,-0.0684,0.4652,-0.0138,0.97
2339,4699,0.6458,0.0941,0.2613,0.5036,0.4332,-0.012,10.64,224.51,1.87,52699.0,0.0,0.2187,0.0776,-0.0008,-0.0756,0.3975,-0.0136,0.97
2340,4699,0.6424,0.0916,0.267,0.4812,0.4506,-0.0118,11.15,190.41,1.86,52775.0,0.0,0.2077,0.0756,-0.001,-0.074,0.4231,-0.0134,0.97
2341,4699,0.6402,0.0895,0.2711,0.5049,0.4519,-0.0073,11.67,207.53,1.88,52421.0,0.0,0.2155,0.08,-0.001,-0.0768,0.3923,-0.0127,0.96
2342,4699,0.6378,0.0881,0.2747,0.495,0.4364,-0.0133,11.16,185.9,1.86,52790.0,0.0,0.2146,0.0739,-0.0011,-0.0786,0.4692,-0.0129,0.96
2343,4699,0.6377,0.0897,0.2731,0.4484,0.4601,-0.0142,11.59,183.04,1.87,52629.0,0.0,0.2115,0.067,-0.001,-0.0711,0.4166,-0.0118,0.96
2344,4699,0.6389,0.0923,0.2696,0.4716,0.4655,-0.0125,10.91,188.4,1.87,52641.0,0.0,0.2119,0.0725,-0.001,-0.0745,0.4666,-0.011,0.96
2345,4699,0.6425,0.092,0.2663,0.4696,0.4296,-0.0153,10.75,191.17,1.88,52202.0,0.0,0.1997,0.0749,-0.001,-0.0733,0.4581,-0.011,0.96
2346,4699,0.6485,0.0929,0.2592,0.4527,0.4698,-0.0123,10.56,208.28,1.88,52416.0,0.0,0.2081,0.0682,-0.0008,-0.0706,0.4405,-0.0139,0.96
2347,4699,0.6526,0.0925,0.2554,0.4858,0.4617,-0.0112,11.42,189.62,1.88,52277.0,0.0,0.2232,0.0727,-0.0011,-0.0747,0.4376,-0.0131,0.97
2348,4699,0.6537,0.0904,0.2561,0.4565,0.4603,-0.0123,10.77,178.81,1.88,52336.0,0.0,0.2039,0.0696,-0.0009,-0.0723,0.4245,-0.0135,0.97
2349,4699,0.6488,0.0907,0.2607,0.4919,0.4362,-0.0122,10.97,192.05,1.88,52398.0,0.0,0.2116,0.0769,-0.001,-0.0731,0.4566,-0.014,0.97
2350,4699,0.6463,0.0932,0.2607,0.4791,0.4379,-0.0144,11.24,184.95,1.89,52131.0,0.0,0.2071,0.0737,-0.0009,-0.074,0.4578,-0.0107,0.96
2351,4699,0.6423,0.0924,0.2656,0.4759,0.4237,-0.0132,11.48,202.99,1.88,52253.0,0.0,0.2054,0.0744,-0.001,-0.0723,0.3176,-0.0125,0.96
2352,4699,0.6369,0.0925,0.2709,0.4857,0.4384,-0.0132,10.77,193.58,1.88,52282.0,0.0,0.2064,0.0754,-0.0009,-0.074,0.375,-0.0116,0.96
2353,4699,0.6343,0.0924,0.2736,0.4969,0.4593,-0.0094,11.24,198.68,1.88,52320.0,0.0,0.2223,0.0753,-0.001,-0.076,0.3785,-0.0129,0.96
2354,4699,0.6304,0.0934,0.2767,0.4866,0.4394,-0.0139,11.71,201.19,1.87,52467.0,0.0,0.2062,0.0775,-0.001,-0.0758,0.3954,-0.0136,0.96
2355,4699,0.6302,0.0914,0.2786,0.4884,0.4396,-0.0112,11.06,186.25,1.9,51776.0,0.0,0.2174,0.0719,-0.0009,-0.075,0.4664,-0.0138,0.97
2356,4699,0.6343,0.0907,0.2752,0.4648,0.462,-0.0127,11.24,188.95,1.88,52420.0,0.0,0.2139,0.0674,-0.001,-0.073,0.4039,-0.0143,0.97
2357,4699,0.6378,0.0898,0.2727,0.4839,0.4464,-0.0123,11.36,199.21,1.88,52192.0,0.0,0.2174,0.0728,-0.0011,-0.0768,0.3531,-0.0135,0.97
2358,4699,0.6413,0.0876,0.2713,0.4858,0.4683,-0.0084,11.61,195.17,1.86,52845.0,0.0,0.2158,0.0737,-0.0008,-0.0773,0.4375,-0.0123,0.97
2359,4699,0.6436,0.0861,0.2703,0.4769,0.4404,-0.0134,10.76,191.77,1.88,52302.0,0.0,0.2111,0.0722,-0.0008,-0.0759,0.3651,-0.0125,0.97
2360,4699,0.6461,0.0871,0.2667,0.4759,0.4596,-0.0127,11.94,207.39,1.86,52742.0,0.0,0.2166,0.0713,-0.001,-0.0735,0.4093,-0.0137,0.97
2361,4699,0.6501,0.0852,0.2647,0.4837,0.4624,-0.0116,11.12,183.84,1.88,52405.0,0.0,0.2189,0.0734,-0.001,-0.0793,0.4448,-0.0127,0.97
2362,4699,0.6502,0.0849,0.265,0.4881,0.4458,-0.0107,11.31,188.99,1.9,51658.0,0.0,0.2071,0.0746,-0.0009,-0.0806,0.475,-0.0129,0.97
2363,4699,0.6452,0.089,0.2658,0.4654,0.445,-0.0153,10.39,175.86,1.94,50660.0,0.0,0.204,0.0711,-0.0008,-0.0763,0.4371,-0.0129,0.97
2364,4699,0.6446,0.092,0.2634,0.4733,0.469,-0.0117,10.21,175.41,1.91,51570.0,0.0,0.2215,0.0691,-0.0008,-0.0703,0.4859,-0.0131,0.97
2365,4699,0.6454,0.0938,0.2609,0.47,0.4702,-0.0123,11.73,182.33,1.89,52060.0,0.0,0.2154,0.0706,-0.0007,-0.0712,0.4676,-0.0135,0.97
2366,4699,0.6466,0.092,0.2617,0.4662,0.462,-0.0119,11.91,192.28,1.88,52329.0,0.0,0.2077,0.0704,-0.0008,-0.0724,0.3602,-0.0142,0.97
2367,4699,0.6519,0.0906,0.2583,0.4632,0.4813,-0.0116,10.75,170.18,1.88,52308.0,0.0,0.217,0.0705,-0.001,-0.0732,0.4819,-0.0118,0.97
2368,4699,0.6558,0.0926,0.2523,0.4694,0.4789,-0.0128,10.99,172.21,1.89,51905.0,0.0,0.2112,0.0722,-0.001,-0.0744,0.4512,-0.0124,0.97
2369,4699,0.6591,0.0933,0.2485,0.4718,0.4703,-0.0114,11.84,182.64,1.88,52402.0,0.0,0.2158,0.0696,-0.0007,-0.0736,0.3662,-0.0133,0.97
2370,4699,0.6596,0.0921,0.2495,0.4763,0.4456,-0.0141,10.98,195.49,1.89,51922.0,0.0,0.218,0.0713,-0.0008,-0.073,0.3702,-0.0121,0.97
2371,4699,0.6573,0.0912,0.2528,0.4584,0.4754,-0.0115,11.48,178.81,1.93,51048.0,0.0,0.2112,0.0699,-0.0008,-0.0722,0.4348,-0.0126,0.97
2372,4699,0.6576,0.0901,0.2536,0.4741,0.4522,-0.0118,11.67,208.47,1.89,52099.0,0.0,0.2104,0.0746,-0.0008,-0.0747,0.4061,-0.0104,0.97
2373,4699,0.6538,0.0907,0.2568,0.4891,0.4412,-0.0121,12.11,204.6,1.87,52471.0,0.0,0.2141,0.0746,-0.001,-0.0769,0.4288,-0.013,0.97
2374,4699,0.6523,0.089,0.2601,0.4576,0.4916,-0.0099,11.82,199.08,1.86,52813.0,0.0,0.2132,0.0703,-0.0009,-0.073,0.4377,-0.0126,0.97
2375,4699,0.6557,0.0858,0.2599,0.4933,0.4592,-0.0098,11.18,184.89,1.88,52402.0,0.0,0.2204,0.0737,-0.001,-0.0769,0.3936,-0.0124,0.97
2376,4699,0.6579,0.0846,0.2588,0.4771,0.475,-0.0111,11.7,201.51,1.86,52735.0,0.0,0.2161,0.071,-0.0008,-0.0744,0.4235,-0.0125,0.97
2377,4699,0.6612,0.0817,0.2584,0.4948,0.4649,-0.0091,11.05,175.89,1.87,52611.0,0.0,0.2253,0.0732,-0.0008,-0.077,0.5106,-0.0133,0.97
2378,4699,0.6599,0.0804,0.2607,0.4943,0.4449,-0.0121,11.35,185.25,1.88,52209.0,0.0,0.2275,0.0737,-0.001,-0.0758,0.4464,-0.0128,0.97
2379,4699,0.6588,0.0819,0.2603,0.4761,0.4692,-0.014,11.44,186.6,1.87,52495.0,0.0,0.2148,0.0742,-0.0009,-0.0765,0.4756,-0.013,0.97
2380,4699,0.6617,0.081,0.2578,0.461,0.4853,-0.0106,11.44,181.74,1.87,52438.0,0.0,0.2164,0.0682,-0.0008,-0.0745,0.468,-0.0136,0.97
2381,4699,0.6633,0.0814,0.2556,0.4643,0.4629,-0.0127,11.38,187.91,1.87,52667.0,0.0,0.2083,0.0705,-0.0009,-0.0704,0.4891,-0.0126,0.97
2382,4699,0.6603,0.0821,0.2578,0.4694,0.4304,-0.0151,10.4,196.97,1.88,52185.0,0.0,0.2101,0.0712,-0.001,-0.0719,0.3948,-0.0138,0.97
2383,4699,0.6569,0.0856,0.2578,0.4676,0.4363,-0.014,11.15,208.86,1.88,52197.0,0.0,0.2053,0.0704,-0.0009,-0.0708,0.3637,-0.0115,0.97
2384,4699,0.6564,0.0843,0.2593,0.4696,0.4888,-0.0098,11.62,167.35,1.87,52472.0,0.0,0.2199,0.0704,-0.0009,-0.075,0.4636,-0.0131,0.97
2385,4699,0.6583,0.0846,0.257,0.4611,0.4557,-0.0133,11.04,169.49,1.88,52337.0,0.0,0.2059,0.0708,-0.001,-0.0721,0.3789,-0.0124,0.97
2386,4699,0.6572,0.0857,0.257,0.4591,0.4721,-0.0117,12.33,190.24,1.87,52515.0,0.0,0.2096,0.0716,-0.0009,-0.0717,0.4771,-0.0127,0.97
2387,4699,0.6557,0.0891,0.2552,0.4723,0.4557,-0.0128,11.77,184.78,1.88,52245.0,0.0,0.2083,0.0726,-0.0011,-0.0737,0.3889,-0.0124,0.97
2388,4699,0.6589,0.0888,0.2524,0.4769,0.4748,-0.0096,11.71,202.72,1.88,52344.0,0.0,0.2196,0.0733,-0.0011,-0.0765,0.3454,-0.013,0.97
2389,4699,0.6605,0.0849,0.2546,0.4724,0.4647,-0.0102,11.43,203.07,1.9,51868.0,0.0,0.2076,0.0745,-0.0009,-0.0705,0.4618,-0.0123,0.97
2390,4699,0.6605,0.0833,0.2562,0.4733,0.4608,-0.0121,11.02,172.26,1.87,52623.0,0.0,0.2101,0.072,-0.0011,-0.0741,0.4488,-0.0129,0.97
2391,4699,0.6562,0.087,0.2568,0.4989,0.4196,-0.0144,10.99,188.28,1.86,52749.0,0.0,0.2076,0.0778,-0.0009,-0.0748,0.4439,-0.0124,0.97
2392,4699,0.6502,0.0875,0.2623,0.4772,0.4463,-0.0135,11.54,200.98,1.89,51959.0,0.0,0.2154,0.0718,-0.0015,-0.0724,0.4044,-0.0113,0.97
2393,4699,0.6522,0.0861,0.2617,0.4839,0.4562,-0.0105,11.3,207.23,1.88,52226.0,0.0,0.2189,0.0732,-0.0011,-0.0752,0.3871,-0.0129,0.97
2394,4699,0.6538,0.085,0.2612,0.4902,0.422,-0.0138,11.43,223.47,1.89,52039.0,0.0,0.2153,0.0743,-0.0011,-0.0769,0.3958,-0.0135,0.97
2395,4699,0.6483,0.0836,0.2681,0.4814,0.4435,-0.0126,10.97,201.59,1.8,54479.0,0.0,0.2213,0.0709,-0.0011,-0.0692,0.4388,-0.0129,0.97
2396,4699,0.641,0.084,0.275,0.4946,0.4511,-0.0122,10.83,186.99,1.88,52212.0,0.0,0.2209,0.0766,-0.001,-0.0744,0.4931,-0.0138,0.98
2397,4699,0.6367,0.0862,0.2771,0.4967,0.4011,-0.0171,10.15,181.02,1.88,52428.0,0.0,0.2169,0.0758,-0.0011,-0.0732,0.4104,-0.013,0.97
2398,4699,0.6399,0.0868,0.2733,0.467,0.4763,-0.01,11.91,179.56,1.88,52196.0,0.0,0.216,0.0719,-0.001,-0.0708,0.3919,-0.0138,0.97
2399,4699,0.6422,0.0849,0.2729,0.5015,0.4392,-0.0101,12.14,201.66,1.88,52386.0,0.0,0.222,0.0768,-0.001,-0.0752,0.4142,-0.0133,0.97
2400,4699,0.6397,0.0841,0.2762,0.4945,0.4371,-0.0128,11.65,199.72,1.87,52506.0,0.0,0.2134,0.0761,-0.001,-0.0765,0.4626,-0.0143,0.97
2401,4699,0.6387,0.0834,0.2779,0.4776,0.459,-0.0114,11.0,174.78,1.84,53457.0,0.0,0.2109,0.0747,-0.0011,-0.0746,0.5023,-0.0106,0.97
2402,4699,0.6342,0.0839,0.2819,0.4698,0.4287,-0.0143,10.91,186.29,1.89,52120.0,0.0,0.1938,0.0761,-0.001,-0.0715,0.4504,-0.012,0.98
2403,4699,0.636,0.0839,0.2801,0.4753,0.4447,-0.0129,11.01,182.01,1.87,52507.0,0.0,0.2051,0.0761,-0.0013,-0.0703,0.4138,-0.0127,0.97
2404,4699,0.6363,0.0842,0.2797,0.4912,0.4565,-0.0095,11.77,194.55,1.97,49886.0,0.0,0.2224,0.0763,-0.0012,-0.0759,0.4567,-0.0125,0.98
2405,4699,0.6409,0.0812,0.2784,0.4696,0.4678,-0.0122,11.5,195.74,1.96,50278.0,0.0,0.2086,0.0744,-0.0011,-0.0721,0.411,-0.0125,0.98
2406,4699,0.6401,0.083,0.2774,0.4813,0.444,-0.0126,10.77,190.71,1.94,50717.0,0.0,0.2175,0.0721,-0.001,-0.0746,0.4813,-0.0137,0.98
2407,4699,0.6368,0.0841,0.2795,0.4676,0.4513,-0.0118,11.1,182.53,1.93,50922.0,0.0,0.2106,0.0729,-0.0012,-0.0736,0.4568,-0.0135,0.98
2408,4699,0.6368,0.0849,0.2787,0.4877,0.4401,-0.0119,10.41,188.25,1.95,50388.0,0.0,0.2081,0.0768,-0.001,-0.0773,0.4596,-0.0128,0.98
2409,4699,0.633,0.0861,0.2811,0.4825,0.4362,-0.0153,11.85,190.96,1.95,50473.0,0.0,0.2142,0.0736,-0.0013,-0.0753,0.4445,-0.0125,0.98
2410,4699,0.6319,0.0863,0.2821,0.4711,0.4484,-0.0135,10.59,177.67,1.9,51608.0,0.0,0.2154,0.071,-0.0016,-0.071,0.4939,-0.0128,0.98
2411,4699,0.632,0.0885,0.2797,0.4954,0.4346,-0.0138,11.31,179.3,1.95,50327.0,0.0,0.2169,0.075,-0.0012,-0.0781,0.4832,-0.0128,0.98
2412,4699,0.6351,0.0882,0.2772,0.5012,0.4351,-0.0121,11.27,214.63,1.93,50807.0,0.0,0.222,0.0757,-0.0011,-0.0778,0.3974,-0.013,0.98
2413,4699,0.6314,0.0891,0.28,0.4648,0.451,-0.0141,10.5,177.65,1.96,50224.0,0.0,0.2107,0.0717,-0.0011,-0.0702,0.474,-0.0133,0.98
2414,4699,0.6302,0.0916,0.2787,0.4571,0.449,-0.0155,11.02,181.72,1.95,50350.0,0.0,0.2028,0.0718,-0.0011,-0.0689,0.45,-0.0127,0.98
2415,4699,0.6309,0.094,0.2759,0.4935,0.4341,-0.0128,11.04,180.81,1.97,50027.0,0.0,0.2247,0.0715,-0.0012,-0.0729,0.5163,-0.0134,0.98
2416,4699,0.6359,0.092,0.2731,0.4732,0.4526,-0.014,10.57,190.07,1.96,50226.0,0.0,0.2156,0.0712,-0.001,-0.0739,0.583,-0.0113,0.98
2417,4699,0.6423,0.0925,0.2661,0.4557,0.4561,-0.015,10.1,178.96,1.98,49682.0,0.0,0.2069,0.0685,-0.0011,-0.0702,0.4225,-0.0121,0.98
2418,4699,0.648,0.0914,0.2616,0.4427,0.4838,-0.0146,10.21,180.94,1.96,50156.0,0.0,0.2114,0.0668,-0.001,-0.0713,0.5315,-0.0132,0.98
2419,4699,0.6488,0.0923,0.2596,0.4916,0.4305,-0.0127,11.14,185.76,1.97,49866.0,0.0,0.2152,0.0751,-0.0011,-0.076,0.4075,-0.0124,0.98
2420,4699,0.649,0.0941,0.2575,0.453,0.4609,-0.0148,10.57,181.31,1.93,50993.0,0.0,0.2112,0.0686,-0.0011,-0.0689,0.4916,-0.0089,0.98
2421,4699,0.6494,0.097,0.2543,0.488,0.4431,-0.0132,11.88,198.3,1.96,50122.0,0.0,0.2149,0.0731,-0.001,-0.074,0.4499,-0.0132,0.98
2422,4699,0.6509,0.0955,0.2544,0.4794,0.4685,-0.0117,11.33,196.63,2.1,46793.0,0.0,0.2251,0.071,-0.0013,-0.0693,0.4382,-0.0137,0.98
2423,4699,0.6537,0.0936,0.2535,0.4471,0.4723,-0.0135,11.96,185.85,2.16,45587.0,0.0,0.2109,0.0662,-0.001,-0.0662,0.4724,-0.0129,0.98
2424,4699,0.6589,0.0954,0.2464,0.4589,0.4757,-0.0115,12.31,182.06,2.05,48005.0,0.0,0.2134,0.0701,-0.0012,-0.067,0.3909,-0.0139,0.98
2425,4699,0.6668,0.094,0.2398,0.4786,0.4762,-0.01,11.1,188.53,2.12,46397.0,0.0,0.2242,0.0705,-0.0012,-0.0719,0.4222,-0.0132,0.98
2426,4699,0.6675,0.0934,0.2396,0.4661,0.4506,-0.0125,11.16,193.06,1.95,50372.0,0.0,0.211,0.0721,-0.0012,-0.0697,0.5108,-0.0135,0.98
2427,4699,0.6653,0.0931,0.2418,0.4729,0.4366,-0.0147,10.84,186.03,1.95,50518.0,0.0,0.2026,0.0748,-0.0011,-0.0718,0.4317,-0.0132,0.98
2428,4699,0.6644,0.0935,0.2423,0.4606,0.4855,-0.0095,10.65,192.78,1.97,50026.0,0.0,0.2146,0.0698,-0.001,-0.071,0.4111,-0.0146,0.98
2429,4699,0.6671,0.0904,0.2428,0.4593,0.4755,-0.0104,11.12,202.09,2.05,47890.0,0.0,0.2187,0.0692,-0.0011,-0.0725,0.4207,-0.0123,0.98
2430,4699,0.6684,0.089,0.2429,0.4824,0.4645,-0.0114,11.13,205.76,1.92,51158.0,0.0,0.2253,0.0723,-0.0011,-0.0731,0.4287,-0.0123,0.98
2431,4699,0.6688,0.0872,0.2443,0.4742,0.4566,-0.0123,11.07,185.61,1.88,52275.0,0.0,0.2173,0.0709,-0.0014,-0.0692,0.4459,-0.0121,0.98
2432,4699,0.667,0.0874,0.2459,0.4711,0.4741,-0.0104,11.77,190.72,2.25,43772.0,0.0,0.2178,0.0717,-0.0012,-0.0687,0.3928,-0.0125,0.98
2433,4699,0.6697,0.0839,0.2468,0.5075,0.4274,-0.0099,11.16,204.36,2.74,35851.0,0.0,0.2226,0.0767,-0.0013,-0.0734,0.4251,-0.0124,0.98
2434,4699,0.6628,0.0849,0.253,0.4831,0.4308,-0.0143,10.22,185.86,3.18,30873.0,0.0,0.216,0.0712,-0.0013,-0.0688,0.4089,-0.0131,0.98
2435,4699,0.6592,0.0848,0.2567,0.4817,0.475,-0.0106,10.84,187.25,3.1,31669.0,0.0,0.2222,0.0726,-0.0011,-0.0721,0.43,-0.0118,0.98
2436,4699,0.6561,0.0836,0.2607,0.4845,0.433,-0.0132,11.53,207.27,3.96,24822.0,0.0,0.208,0.0763,-0.0011,-0.069,0.4491,-0.0123,0.98
2437,4699,0.6549,0.0838,0.2615,0.4945,0.4603,-0.0108,11.82,206.0,3.37,29156.0,0.0,0.2264,0.0732,-0.0012,-0.0689,0.4304,-0.0141,0.98
2438,4699,0.651,0.0839,0.2653,0.4896,0.438,-0.0131,10.97,197.6,3.36,29283.0,0.0,0.2103,0.0778,-0.0013,-0.0722,0.3734,-0.0143,0.98
2439,4699,0.6496,0.0807,0.2701,0.5019,0.4447,-0.0091,10.89,182.14,3.62,27191.0,0.0,0.219,0.0768,-0.0012,-0.0733,0.4483,-0.013,0.98
